keyword,ISO_YEAR,ISO_WEEK,trend_value,date,INF_ALL,ILI_ACTIVITY
bol u grlu,2013,1,59.0,2012-12-31,,
bol u grlu,2013,2,0.0,2013-01-07,3.0,3.0
bol u grlu,2013,3,39.0,2013-01-14,16.0,3.0
bol u grlu,2013,4,0.0,2013-01-21,14.0,3.0
bol u grlu,2013,5,62.0,2013-01-28,23.0,5.0
bol u grlu,2013,6,37.0,2013-02-04,30.0,6.0
bol u grlu,2013,7,37.0,2013-02-11,66.0,6.0
bol u grlu,2013,8,70.0,2013-02-18,41.0,6.0
bol u grlu,2013,9,46.0,2013-02-25,29.0,6.0
bol u grlu,2013,10,41.0,2013-03-04,25.0,6.0
bol u grlu,2013,11,0.0,2013-03-11,10.0,5.0
bol u grlu,2013,12,0.0,2013-03-18,7.0,5.0
bol u grlu,2013,13,43.0,2013-03-25,3.0,1.0
bol u grlu,2013,14,47.0,2013-04-01,3.0,3.0
bol u grlu,2013,15,0.0,2013-04-08,1.0,3.0
bol u grlu,2013,16,0.0,2013-04-15,3.0,3.0
bol u grlu,2013,17,45.0,2013-04-22,,2.0
bol u grlu,2013,18,41.0,2013-04-29,,2.0
bol u grlu,2013,19,0.0,2013-05-06,,2.0
bol u grlu,2013,20,42.0,2013-05-13,,2.0
bol u grlu,2013,21,0.0,2013-05-20,,
bol u grlu,2013,22,45.0,2013-05-27,,
bol u grlu,2013,23,46.0,2013-06-03,,
bol u grlu,2013,24,0.0,2013-06-10,,
bol u grlu,2013,25,0.0,2013-06-17,,
bol u grlu,2013,26,0.0,2013-06-24,,
bol u grlu,2013,27,0.0,2013-07-01,,
bol u grlu,2013,28,0.0,2013-07-08,,
bol u grlu,2013,29,67.0,2013-07-15,,
bol u grlu,2013,30,0.0,2013-07-22,,
bol u grlu,2013,31,0.0,2013-07-29,,
bol u grlu,2013,32,0.0,2013-08-05,,
bol u grlu,2013,33,0.0,2013-08-12,,
bol u grlu,2013,34,0.0,2013-08-19,,
bol u grlu,2013,35,50.0,2013-08-26,,
bol u grlu,2013,36,0.0,2013-09-02,,
bol u grlu,2013,37,46.0,2013-09-09,,
bol u grlu,2013,38,38.0,2013-09-16,,
bol u grlu,2013,39,0.0,2013-09-23,,
bol u grlu,2013,40,63.0,2013-09-30,,
bol u grlu,2013,41,57.0,2013-10-07,,1.0
bol u grlu,2013,42,44.0,2013-10-14,,1.0
bol u grlu,2013,43,44.0,2013-10-21,,1.0
bol u grlu,2013,44,39.0,2013-10-28,,1.0
bol u grlu,2013,45,37.0,2013-11-04,,1.0
bol u grlu,2013,46,51.0,2013-11-11,,1.0
bol u grlu,2013,47,77.0,2013-11-18,,1.0
bol u grlu,2013,48,0.0,2013-11-25,,1.0
bol u grlu,2013,49,54.0,2013-12-02,,1.0
bol u grlu,2013,50,47.0,2013-12-09,,1.0
bol u grlu,2013,51,55.0,2013-12-16,,1.0
bol u grlu,2013,52,37.0,2013-12-23,,1.0
bol u grlu,2014,1,48.0,2013-12-30,,1.0
bol u grlu,2014,2,51.0,2014-01-06,1.0,1.0
bol u grlu,2014,3,53.0,2014-01-13,2.0,1.0
bol u grlu,2014,4,30.0,2014-01-20,3.0,1.0
bol u grlu,2014,5,49.0,2014-01-27,2.0,1.0
bol u grlu,2014,6,50.0,2014-02-03,3.0,1.0
bol u grlu,2014,7,36.0,2014-02-10,20.0,1.0
bol u grlu,2014,8,60.0,2014-02-17,6.0,1.0
bol u grlu,2014,9,76.0,2014-02-24,15.0,1.0
bol u grlu,2014,10,48.0,2014-03-03,12.0,1.0
bol u grlu,2014,11,52.0,2014-03-10,15.0,1.0
bol u grlu,2014,12,48.0,2014-03-17,16.0,1.0
bol u grlu,2014,13,73.0,2014-03-24,20.0,1.0
bol u grlu,2014,14,52.0,2014-03-31,9.0,1.0
bol u grlu,2014,15,45.0,2014-04-07,5.0,1.0
bol u grlu,2014,16,60.0,2014-04-14,3.0,1.0
bol u grlu,2014,17,48.0,2014-04-21,1.0,1.0
bol u grlu,2014,18,0.0,2014-04-28,,1.0
bol u grlu,2014,19,43.0,2014-05-05,1.0,1.0
bol u grlu,2014,20,66.0,2014-05-12,,1.0
bol u grlu,2014,21,64.0,2014-05-19,,
bol u grlu,2014,22,45.0,2014-05-26,,
bol u grlu,2014,23,63.0,2014-06-02,,
bol u grlu,2014,24,51.0,2014-06-09,,
bol u grlu,2014,25,41.0,2014-06-16,,
bol u grlu,2014,26,58.0,2014-06-23,,
bol u grlu,2014,27,0.0,2014-06-30,,
bol u grlu,2014,28,40.0,2014-07-07,,
bol u grlu,2014,29,58.0,2014-07-14,,
bol u grlu,2014,30,0.0,2014-07-21,,
bol u grlu,2014,31,40.0,2014-07-28,,
bol u grlu,2014,32,55.0,2014-08-04,,
bol u grlu,2014,33,53.0,2014-08-11,,
bol u grlu,2014,34,46.0,2014-08-18,,
bol u grlu,2014,35,68.0,2014-08-25,,
bol u grlu,2014,36,94.0,2014-09-01,,
bol u grlu,2014,37,60.0,2014-09-08,,
bol u grlu,2014,38,69.0,2014-09-15,,
bol u grlu,2014,39,36.0,2014-09-22,1.0,1.0
bol u grlu,2014,40,62.0,2014-09-29,1.0,1.0
bol u grlu,2014,41,84.0,2014-10-06,,1.0
bol u grlu,2014,42,50.0,2014-10-13,,1.0
bol u grlu,2014,43,45.0,2014-10-20,,1.0
bol u grlu,2014,44,75.0,2014-10-27,,1.0
bol u grlu,2014,45,71.0,2014-11-03,,1.0
bol u grlu,2014,46,52.0,2014-11-10,,1.0
bol u grlu,2014,47,54.0,2014-11-17,,1.0
bol u grlu,2014,48,88.0,2014-11-24,,1.0
bol u grlu,2014,49,50.0,2014-12-01,,1.0
bol u grlu,2014,50,69.0,2014-12-08,,1.0
bol u grlu,2014,51,57.0,2014-12-15,,1.0
bol u grlu,2014,52,85.0,2014-12-22,,1.0
bol u grlu,2015,1,84.0,2014-12-29,,1.0
bol u grlu,2015,2,79.0,2015-01-05,,1.0
bol u grlu,2015,3,65.0,2015-01-12,2.0,1.0
bol u grlu,2015,4,69.0,2015-01-19,11.0,1.0
bol u grlu,2015,5,53.0,2015-01-26,22.0,1.0
bol u grlu,2015,6,65.0,2015-02-02,26.0,1.0
bol u grlu,2015,7,80.0,2015-02-09,51.0,1.0
bol u grlu,2015,8,67.0,2015-02-16,28.0,1.0
bol u grlu,2015,9,71.0,2015-02-23,67.0,1.0
bol u grlu,2015,10,89.0,2015-03-02,40.0,1.0
bol u grlu,2015,11,85.0,2015-03-09,58.0,1.0
bol u grlu,2015,12,73.0,2015-03-16,38.0,1.0
bol u grlu,2015,13,99.0,2015-03-23,30.0,1.0
bol u grlu,2015,14,67.0,2015-03-30,23.0,1.0
bol u grlu,2015,15,77.0,2015-04-06,13.0,1.0
bol u grlu,2015,16,58.0,2015-04-13,11.0,1.0
bol u grlu,2015,17,64.0,2015-04-20,5.0,1.0
bol u grlu,2015,18,59.0,2015-04-27,2.0,1.0
bol u grlu,2015,19,47.0,2015-05-04,1.0,1.0
bol u grlu,2015,20,63.0,2015-05-11,,1.0
bol u grlu,2015,21,45.0,2015-05-18,,
bol u grlu,2015,22,93.0,2015-05-25,,
bol u grlu,2015,23,91.0,2015-06-01,,
bol u grlu,2015,24,63.0,2015-06-08,,
bol u grlu,2015,25,48.0,2015-06-15,,
bol u grlu,2015,26,50.0,2015-06-22,,
bol u grlu,2015,27,39.0,2015-06-29,,
bol u grlu,2015,28,61.0,2015-07-06,,
bol u grlu,2015,29,44.0,2015-07-13,,
bol u grlu,2015,30,40.0,2015-07-20,,
bol u grlu,2015,31,72.0,2015-07-27,,
bol u grlu,2015,32,85.0,2015-08-03,,
bol u grlu,2015,33,0.0,2015-08-10,,
bol u grlu,2015,34,72.0,2015-08-17,,
bol u grlu,2015,35,58.0,2015-08-24,,
bol u grlu,2015,36,51.0,2015-08-31,,
bol u grlu,2015,37,0.0,2015-09-07,,
bol u grlu,2015,38,47.0,2015-09-14,,
bol u grlu,2015,39,69.0,2015-09-21,,
bol u grlu,2015,40,82.0,2015-09-28,,
bol u grlu,2015,41,60.0,2015-10-05,,
bol u grlu,2015,42,69.0,2015-10-12,,
bol u grlu,2015,43,70.0,2015-10-19,,
bol u grlu,2015,44,75.0,2015-10-26,,
bol u grlu,2015,45,66.0,2015-11-02,,1.0
bol u grlu,2015,46,42.0,2015-11-09,,1.0
bol u grlu,2015,47,82.0,2015-11-16,,1.0
bol u grlu,2015,48,73.0,2015-11-23,,1.0
bol u grlu,2015,49,88.0,2015-11-30,,1.0
bol u grlu,2015,50,76.0,2015-12-07,,1.0
bol u grlu,2015,51,90.0,2015-12-14,,1.0
bol u grlu,2015,52,100.0,2015-12-21,,1.0
bol u grlu,2015,53,69.5581227436823,2015-12-28,,1.0
bol u grlu,2016,1,83.94945848375451,2016-01-04,3.0,1.0
bol u grlu,2016,2,61.163176895306854,2016-01-11,6.0,1.0
bol u grlu,2016,3,65.96028880866426,2016-01-18,16.0,1.0
bol u grlu,2016,4,88.74657039711191,2016-01-25,14.0,1.0
bol u grlu,2016,5,56.36606498194946,2016-02-01,26.0,1.0
bol u grlu,2016,6,83.94945848375451,2016-02-08,36.0,1.0
bol u grlu,2016,7,100.7393501805054,2016-02-15,14.0,1.0
bol u grlu,2016,8,85.14873646209386,2016-02-22,33.0,1.0
bol u grlu,2016,9,97.14151624548737,2016-02-29,44.0,1.0
bol u grlu,2016,10,86.3480144404332,2016-03-07,50.0,1.0
bol u grlu,2016,11,97.14151624548737,2016-03-14,35.0,1.0
bol u grlu,2016,12,95.942238267148,2016-03-21,54.0,1.0
bol u grlu,2016,13,57.5653429602888,2016-03-28,57.0,1.0
bol u grlu,2016,14,0.0,2016-04-04,39.0,1.0
bol u grlu,2016,15,87.54729241877256,2016-04-11,26.0,1.0
bol u grlu,2016,16,89.94584837545126,2016-04-18,2.0,1.0
bol u grlu,2016,17,70.75740072202166,2016-04-25,2.0,1.0
bol u grlu,2016,18,85.14873646209386,2016-05-02,4.0,1.0
bol u grlu,2016,19,61.163176895306854,2016-05-09,,1.0
bol u grlu,2016,20,79.15234657039711,2016-05-16,,1.0
bol u grlu,2016,21,45.57256317689531,2016-05-23,,
bol u grlu,2016,22,61.163176895306854,2016-05-30,,
bol u grlu,2016,23,68.35884476534295,2016-06-06,,
bol u grlu,2016,24,0.0,2016-06-13,,
bol u grlu,2016,25,68.35884476534295,2016-06-20,,
bol u grlu,2016,26,64.7610108303249,2016-06-27,,
bol u grlu,2016,27,40.7754512635379,2016-07-04,,
bol u grlu,2016,28,74.3552346570397,2016-07-11,,
bol u grlu,2016,29,47.97111913357401,2016-07-18,,
bol u grlu,2016,30,65.96028880866426,2016-07-25,,
bol u grlu,2016,31,59.96389891696751,2016-08-01,,
bol u grlu,2016,32,0.0,2016-08-08,,
bol u grlu,2016,33,63.56173285198555,2016-08-15,,
bol u grlu,2016,34,55.166787003610104,2016-08-22,,
bol u grlu,2016,35,73.15595667870036,2016-08-29,,
bol u grlu,2016,36,56.36606498194946,2016-09-05,,
bol u grlu,2016,37,79.15234657039711,2016-09-12,,
bol u grlu,2016,38,89.94584837545126,2016-09-19,,
bol u grlu,2016,39,100.7393501805054,2016-09-26,,
bol u grlu,2016,40,73.15595667870036,2016-10-03,,
bol u grlu,2016,41,85.14873646209386,2016-10-10,,1.0
bol u grlu,2016,42,119.92779783393502,2016-10-17,,1.0
bol u grlu,2016,43,80.35162454873645,2016-10-24,,1.0
bol u grlu,2016,44,97.14151624548737,2016-10-31,,1.0
bol u grlu,2016,45,98.3407942238267,2016-11-07,,1.0
bol u grlu,2016,46,88.74657039711191,2016-11-14,,1.0
bol u grlu,2016,47,82.75018050541516,2016-11-21,,1.0
bol u grlu,2016,48,86.3480144404332,2016-11-28,,1.0
bol u grlu,2016,49,99.54007220216606,2016-12-05,9.0,1.0
bol u grlu,2016,50,89.94584837545126,2016-12-12,84.0,1.0
bol u grlu,2016,51,107.93501805054152,2016-12-19,109.0,1.0
bol u grlu,2016,52,97.14151624548737,2016-12-26,162.0,1.0
bol u grlu,2017,1,87.54729241877256,2017-01-02,77.0,1.0
bol u grlu,2017,2,71.95667870036101,2017-01-09,,1.0
bol u grlu,2017,3,83.94945848375451,2017-01-16,,1.0
bol u grlu,2017,4,89.94584837545126,2017-01-23,,1.0
bol u grlu,2017,5,91.14512635379062,2017-01-30,,1.0
bol u grlu,2017,6,92.34440433212995,2017-02-06,,1.0
bol u grlu,2017,7,68.35884476534295,2017-02-13,5.0,1.0
bol u grlu,2017,8,92.34440433212995,2017-02-20,11.0,1.0
bol u grlu,2017,9,86.3480144404332,2017-02-27,4.0,1.0
bol u grlu,2017,10,104.33718411552346,2017-03-06,2.0,1.0
bol u grlu,2017,11,81.5509025270758,2017-03-13,,1.0
bol u grlu,2017,12,103.13790613718412,2017-03-20,,1.0
bol u grlu,2017,13,92.34440433212995,2017-03-27,,1.0
bol u grlu,2017,14,115.1306859205776,2017-04-03,,1.0
bol u grlu,2017,15,71.95667870036101,2017-04-10,,1.0
bol u grlu,2017,16,85.14873646209386,2017-04-17,,1.0
bol u grlu,2017,17,103.13790613718412,2017-04-24,,1.0
bol u grlu,2017,18,75.55451263537906,2017-05-01,,1.0
bol u grlu,2017,19,75.55451263537906,2017-05-08,,1.0
bol u grlu,2017,20,79.15234657039711,2017-05-15,,1.0
bol u grlu,2017,21,44.373285198555955,2017-05-22,,
bol u grlu,2017,22,65.96028880866426,2017-05-29,,
bol u grlu,2017,23,50.369675090252706,2017-06-05,,
bol u grlu,2017,24,65.96028880866426,2017-06-12,,
bol u grlu,2017,25,70.75740072202166,2017-06-19,,
bol u grlu,2017,26,0.0,2017-06-26,,
bol u grlu,2017,27,59.96389891696751,2017-07-03,,
bol u grlu,2017,28,52.768231046931405,2017-07-10,,
bol u grlu,2017,29,45.57256317689531,2017-07-17,,
bol u grlu,2017,30,40.7754512635379,2017-07-24,,
bol u grlu,2017,31,67.15956678700361,2017-07-31,,
bol u grlu,2017,32,70.75740072202166,2017-08-07,,
bol u grlu,2017,33,80.35162454873645,2017-08-14,,
bol u grlu,2017,34,75.55451263537906,2017-08-21,,
bol u grlu,2017,35,82.75018050541516,2017-08-28,,
bol u grlu,2017,36,81.5509025270758,2017-09-04,,
bol u grlu,2017,37,64.7610108303249,2017-09-11,,
bol u grlu,2017,38,104.33718411552346,2017-09-18,,
bol u grlu,2017,39,80.35162454873645,2017-09-25,,
bol u grlu,2017,40,80.35162454873645,2017-10-02,,1.0
bol u grlu,2017,41,107.93501805054152,2017-10-09,,1.0
bol u grlu,2017,42,69.5581227436823,2017-10-16,,1.0
bol u grlu,2017,43,0.0,2017-10-23,,1.0
bol u grlu,2017,44,89.94584837545126,2017-10-30,,2.0
bol u grlu,2017,45,82.75018050541516,2017-11-06,,2.0
bol u grlu,2017,46,41.974729241877256,2017-11-13,,3.0
bol u grlu,2017,47,74.3552346570397,2017-11-20,,3.0
bol u grlu,2017,48,58.764620938628155,2017-11-27,,3.0
bol u grlu,2017,49,98.3407942238267,2017-12-04,,3.0
bol u grlu,2017,50,82.75018050541516,2017-12-11,6.0,3.0
bol u grlu,2017,51,105.5364620938628,2017-12-18,19.0,3.0
bol u grlu,2017,52,98.3407942238267,2017-12-25,26.0,3.0
bol u grlu,2018,1,112.73212996389891,2018-01-01,22.0,3.0
bol u grlu,2018,2,112.73212996389891,2018-01-08,37.0,3.0
bol u grlu,2018,3,86.3480144404332,2018-01-15,88.0,3.0
bol u grlu,2018,4,105.5364620938628,2018-01-22,103.0,4.0
bol u grlu,2018,5,116.32996389891696,2018-01-29,124.0,5.0
bol u grlu,2018,6,92.34440433212995,2018-02-05,121.0,5.0
bol u grlu,2018,7,91.14512635379062,2018-02-12,66.0,5.0
bol u grlu,2018,8,93.54368231046932,2018-02-19,77.0,4.0
bol u grlu,2018,9,95.942238267148,2018-02-26,59.0,4.0
bol u grlu,2018,10,107.93501805054152,2018-03-05,29.0,4.0
bol u grlu,2018,11,87.54729241877256,2018-03-12,20.0,4.0
bol u grlu,2018,12,104.33718411552346,2018-03-19,14.0,3.0
bol u grlu,2018,13,86.3480144404332,2018-03-26,30.0,3.0
bol u grlu,2018,14,69.5581227436823,2018-04-02,21.0,3.0
bol u grlu,2018,15,57.5653429602888,2018-04-09,16.0,3.0
bol u grlu,2018,16,76.75379061371841,2018-04-16,1.0,3.0
bol u grlu,2018,17,73.15595667870036,2018-04-23,,2.0
bol u grlu,2018,18,67.15956678700361,2018-04-30,,2.0
bol u grlu,2018,19,64.7610108303249,2018-05-07,,1.0
bol u grlu,2018,20,81.5509025270758,2018-05-14,,1.0
bol u grlu,2018,21,106.73574007220216,2018-05-21,,1.0
bol u grlu,2018,22,69.5581227436823,2018-05-28,,1.0
bol u grlu,2018,23,59.96389891696751,2018-06-04,,1.0
bol u grlu,2018,24,69.5581227436823,2018-06-11,,1.0
bol u grlu,2018,25,81.5509025270758,2018-06-18,,1.0
bol u grlu,2018,26,62.36245487364621,2018-06-25,,1.0
bol u grlu,2018,27,59.7793946126076,2018-07-02,,1.0
bol u grlu,2018,28,70.17581106697413,2018-07-09,,1.0
bol u grlu,2018,29,77.97312340774904,2018-07-16,,1.0
bol u grlu,2018,30,67.57670695338251,2018-07-23,,1.0
bol u grlu,2018,31,80.57222752134068,2018-07-30,,1.0
bol u grlu,2018,32,85.77043574852395,2018-08-06,,1.0
bol u grlu,2018,33,72.77491518056577,2018-08-13,,1.0
bol u grlu,2018,34,72.77491518056577,2018-08-20,,1.0
bol u grlu,2018,35,70.17581106697413,2018-08-27,,1.0
bol u grlu,2018,36,90.96864397570722,2018-09-03,,1.0
bol u grlu,2018,37,77.97312340774904,2018-09-10,,1.0
bol u grlu,2018,38,75.3740192941574,2018-09-17,,1.0
bol u grlu,2018,39,83.17133163493232,2018-09-24,,1.0
bol u grlu,2018,40,88.36953986211559,2018-10-01,,1.0
bol u grlu,2018,41,77.97312340774904,2018-10-08,,1.0
bol u grlu,2018,42,80.57222752134068,2018-10-15,,1.0
bol u grlu,2018,43,98.76595631648212,2018-10-22,,1.0
bol u grlu,2018,44,85.77043574852395,2018-10-29,,1.0
bol u grlu,2018,45,96.1668522028905,2018-11-05,,1.0
bol u grlu,2018,46,90.96864397570722,2018-11-12,,1.0
bol u grlu,2018,47,90.96864397570722,2018-11-19,,1.0
bol u grlu,2018,48,90.96864397570722,2018-11-26,,1.0
bol u grlu,2018,49,106.56326865725704,2018-12-03,,1.0
bol u grlu,2018,50,98.76595631648212,2018-12-10,,1.0
bol u grlu,2018,51,116.95968511162356,2018-12-17,,1.0
bol u grlu,2018,52,145.54983036113154,2018-12-24,3.0,1.0
bol u grlu,2019,1,114.36058099803192,2018-12-31,11.0,2.0
bol u grlu,2019,2,96.1668522028905,2019-01-07,16.0,2.0
bol u grlu,2019,3,114.36058099803192,2019-01-14,42.0,2.0
bol u grlu,2019,4,101.36506043007375,2019-01-21,99.0,2.0
bol u grlu,2019,5,145.54983036113154,2019-01-28,273.0,4.0
bol u grlu,2019,6,109.16237277084866,2019-02-04,388.0,4.0
bol u grlu,2019,7,80.57222752134068,2019-02-11,309.0,4.0
bol u grlu,2019,8,70.17581106697413,2019-02-18,307.0,4.0
bol u grlu,2019,9,90.96864397570722,2019-02-25,138.0,3.0
bol u grlu,2019,10,85.77043574852395,2019-03-04,100.0,3.0
bol u grlu,2019,11,83.17133163493232,2019-03-11,50.0,3.0
bol u grlu,2019,12,72.77491518056577,2019-03-18,25.0,2.0
bol u grlu,2019,13,93.56774808929886,2019-03-25,40.0,2.0
bol u grlu,2019,14,80.57222752134068,2019-04-01,17.0,2.0
bol u grlu,2019,15,85.77043574852395,2019-04-08,14.0,2.0
bol u grlu,2019,16,101.36506043007375,2019-04-15,5.0,2.0
bol u grlu,2019,17,122.15789333880684,2019-04-22,9.0,2.0
bol u grlu,2019,18,59.7793946126076,2019-04-29,,2.0
bol u grlu,2019,19,103.9641645436654,2019-05-06,,2.0
bol u grlu,2019,20,85.77043574852395,2019-05-13,,2.0
bol u grlu,2019,21,116.95968511162356,2019-05-20,,1.0
bol u grlu,2019,22,101.36506043007375,2019-05-27,,1.0
bol u grlu,2019,23,88.36953986211559,2019-06-03,,1.0
bol u grlu,2019,24,75.3740192941574,2019-06-10,,1.0
bol u grlu,2019,25,49.38297815824106,2019-06-17,,1.0
bol u grlu,2019,26,59.7793946126076,2019-06-24,,1.0
bol u grlu,2019,27,36.387457590282885,2019-07-01,,1.0
bol u grlu,2019,28,51.982082271832695,2019-07-08,,1.0
bol u grlu,2019,29,75.3740192941574,2019-07-15,,1.0
bol u grlu,2019,30,67.57670695338251,2019-07-22,,1.0
bol u grlu,2019,31,62.37849872619924,2019-07-29,,1.0
bol u grlu,2019,32,44.184769931057794,2019-08-05,,1.0
bol u grlu,2019,33,85.77043574852395,2019-08-12,,1.0
bol u grlu,2019,34,80.57222752134068,2019-08-19,,1.0
bol u grlu,2019,35,51.982082271832695,2019-08-26,,1.0
bol u grlu,2019,36,90.96864397570722,2019-09-02,,1.0
bol u grlu,2019,37,98.76595631648212,2019-09-09,,1.0
bol u grlu,2019,38,109.16237277084866,2019-09-16,,1.0
bol u grlu,2019,39,119.5587892252152,2019-09-23,,1.0
bol u grlu,2019,40,88.36953986211559,2019-09-30,,1.0
bol u grlu,2019,41,88.36953986211559,2019-10-07,,1.0
bol u grlu,2019,42,90.96864397570722,2019-10-14,,1.0
bol u grlu,2019,43,80.57222752134068,2019-10-21,,1.0
bol u grlu,2019,44,57.18029049901597,2019-10-28,,1.0
bol u grlu,2019,45,80.57222752134068,2019-11-04,,1.0
bol u grlu,2019,46,70.17581106697413,2019-11-11,,1.0
bol u grlu,2019,47,111.7614768844403,2019-11-18,,1.0
bol u grlu,2019,48,72.77491518056577,2019-11-25,,1.0
bol u grlu,2019,49,88.36953986211559,2019-12-02,6.0,2.0
bol u grlu,2019,50,90.96864397570722,2019-12-09,9.0,2.0
bol u grlu,2019,51,70.17581106697413,2019-12-16,10.0,3.0
bol u grlu,2019,52,106.56326865725704,2019-12-23,8.0,3.0
bol u grlu,2020,1,80.57222752134068,2019-12-30,10.0,3.0
bol u grlu,2020,2,106.56326865725704,2020-01-06,24.0,3.0
bol u grlu,2020,3,106.56326865725704,2020-01-13,60.0,3.0
bol u grlu,2020,4,135.15341390676502,2020-01-20,179.0,3.0
bol u grlu,2020,5,137.75251802035666,2020-01-27,235.0,3.0
bol u grlu,2020,6,111.7614768844403,2020-02-03,290.0,5.0
bol u grlu,2020,7,111.7614768844403,2020-02-10,191.0,5.0
bol u grlu,2020,8,106.56326865725704,2020-02-17,83.0,4.0
bol u grlu,2020,9,106.56326865725704,2020-02-24,93.0,3.0
bol u grlu,2020,10,155.94624681549809,2020-03-02,34.0,3.0
bol u grlu,2020,11,259.9104113591635,2020-03-09,37.0,3.0
bol u grlu,2020,12,213.12653731451405,2020-03-16,6.0,2.0
bol u grlu,2020,13,179.3381838378228,2020-03-23,,2.0
bol u grlu,2020,14,153.34714270190645,2020-03-30,,1.0
bol u grlu,2020,15,111.7614768844403,2020-04-06,,1.0
bol u grlu,2020,16,72.77491518056577,2020-04-13,,1.0
bol u grlu,2020,17,59.7793946126076,2020-04-20,,1.0
bol u grlu,2020,18,59.7793946126076,2020-04-27,,1.0
bol u grlu,2020,19,54.58118638542433,2020-05-04,,1.0
bol u grlu,2020,20,75.3740192941574,2020-05-11,,1.0
bol u grlu,2020,21,41.58566581746616,2020-05-18,,1.0
bol u grlu,2020,22,54.58118638542433,2020-05-25,,1.0
bol u grlu,2020,23,67.57670695338251,2020-06-01,,1.0
bol u grlu,2020,24,85.77043574852395,2020-06-08,,1.0
bol u grlu,2020,25,106.56326865725704,2020-06-15,,1.0
bol u grlu,2020,26,187.13549617859772,2020-06-22,,1.0
bol u grlu,2020,27,168.94176738345627,2020-06-29,,1.0
bol u grlu,2020,28,150.7480385883148,2020-07-06,,1.0
bol u grlu,2020,29,122.15789333880684,2020-07-13,,1.0
bol u grlu,2020,30,96.1668522028905,2020-07-20,,1.0
bol u grlu,2020,31,90.96864397570722,2020-07-27,,1.0
bol u grlu,2020,32,83.17133163493232,2020-08-03,,1.0
bol u grlu,2020,33,85.77043574852395,2020-08-10,,1.0
bol u grlu,2020,34,80.57222752134068,2020-08-17,,1.0
bol u grlu,2020,35,88.36953986211559,2020-08-24,,1.0
bol u grlu,2020,36,132.5543097931734,2020-08-31,,1.0
bol u grlu,2020,37,101.36506043007375,2020-09-07,,1.0
bol u grlu,2020,38,129.95520567958175,2020-09-14,,1.0
bol u grlu,2020,39,77.97312340774904,2020-09-21,,1.0
bol u grlu,2020,40,88.36953986211559,2020-09-28,,1.0
bol u grlu,2020,41,109.16237277084866,2020-10-05,,1.0
bol u grlu,2020,42,103.9641645436654,2020-10-12,,1.0
bol u grlu,2020,43,106.56326865725704,2020-10-19,,1.0
bol u grlu,2020,44,101.36506043007375,2020-10-26,,2.0
bol u grlu,2020,45,124.75699745239848,2020-11-02,,2.0
bol u grlu,2020,46,145.54983036113154,2020-11-09,,2.0
bol u grlu,2020,47,140.35162213394827,2020-11-16,,2.0
bol u grlu,2020,48,90.96864397570722,2020-11-23,,1.0
bol u grlu,2020,49,80.57222752134068,2020-11-30,,1.0
bol u grlu,2020,50,88.36953986211559,2020-12-07,,1.0
bol u grlu,2020,51,111.7614768844403,2020-12-14,,1.0
bol u grlu,2020,52,83.17133163493232,2020-12-21,,1.0
bol u grlu,2020,53,83.77950614931694,2020-12-28,,1.0
bol u grlu,2021,1,72.45795126427412,2021-01-04,,1.0
bol u grlu,2021,2,58.87208540222272,2021-01-11,,1.0
bol u grlu,2021,3,81.51519517230838,2021-01-18,,1.0
bol u grlu,2021,4,86.04381712632551,2021-01-25,,1.0
bol u grlu,2021,5,106.4226159194026,2021-02-01,,1.0
bol u grlu,2021,6,97.36537201136834,2021-02-08,,1.0
bol u grlu,2021,7,133.5943476435054,2021-02-15,,1.0
bol u grlu,2021,8,92.8367500573512,2021-02-22,,1.0
bol u grlu,2021,9,108.68692689641117,2021-03-01,,1.0
bol u grlu,2021,10,104.15830494239404,2021-03-08,,
bol u grlu,2021,11,113.2155488504283,2021-03-15,,
bol u grlu,2021,12,108.68692689641117,2021-03-22,,
bol u grlu,2021,13,81.51519517230838,2021-03-29,,
bol u grlu,2021,14,56.60777442521415,2021-04-05,,
bol u grlu,2021,15,76.98657321829124,2021-04-12,,
bol u grlu,2021,16,113.2155488504283,2021-04-19,,
bol u grlu,2021,17,79.25088419529982,2021-04-26,,
bol u grlu,2021,18,81.51519517230838,2021-05-03,,
bol u grlu,2021,19,47.55053051717989,2021-05-10,,
bol u grlu,2021,20,88.30812810333408,2021-05-17,,
bol u grlu,2021,21,97.36537201136834,2021-05-24,,
bol u grlu,2021,22,92.8367500573512,2021-05-31,,
bol u grlu,2021,23,88.30812810333408,2021-06-07,,
bol u grlu,2021,24,95.10106103435976,2021-06-14,,
bol u grlu,2021,25,72.45795126427412,2021-06-21,,
bol u grlu,2021,26,99.62968298837691,2021-06-28,,
bol u grlu,2021,27,88.30812810333408,2021-07-05,,
bol u grlu,2021,28,95.10106103435976,2021-07-12,,
bol u grlu,2021,29,58.87208540222272,2021-07-19,,
bol u grlu,2021,30,81.51519517230838,2021-07-26,,
bol u grlu,2021,31,74.72226224128268,2021-08-02,,
bol u grlu,2021,32,106.4226159194026,2021-08-09,,
bol u grlu,2021,33,104.15830494239404,2021-08-16,,
bol u grlu,2021,34,90.57243908034263,2021-08-23,,
bol u grlu,2021,35,165.29470132162533,2021-08-30,,
bol u grlu,2021,36,176.61625620666817,2021-09-06,,
bol u grlu,2021,37,133.5943476435054,2021-09-13,,
bol u grlu,2021,38,133.5943476435054,2021-09-20,,
bol u grlu,2021,39,79.25088419529982,2021-09-27,,
bol u grlu,2021,40,131.33003666649682,2021-10-04,,1.0
bol u grlu,2021,41,185.6735001147024,2021-10-11,,1.0
bol u grlu,2021,42,156.23745741359107,2021-10-18,,1.0
bol u grlu,2021,43,117.74417080444545,2021-10-25,,1.0
bol u grlu,2021,44,135.85865862051398,2021-11-01,,1.0
bol u grlu,2021,45,92.8367500573512,2021-11-08,,1.0
bol u grlu,2021,46,95.10106103435976,2021-11-15,,1.0
bol u grlu,2021,47,104.15830494239404,2021-11-22,,1.0
bol u grlu,2021,48,122.27279275846256,2021-11-29,,1.0
bol u grlu,2021,49,101.89399396538548,2021-12-06,,1.0
bol u grlu,2021,50,126.8014147124797,2021-12-13,1.0,1.0
bol u grlu,2021,51,138.12296959752254,2021-12-20,1.0,1.0
bol u grlu,2021,52,226.4310977008566,2021-12-27,12.0,1.0
bol u grlu,2022,1,153.97314643658248,2022-01-03,21.0,1.0
bol u grlu,2022,2,140.3872805745311,2022-01-10,16.0,1.0
bol u grlu,2022,3,144.91590252854823,2022-01-17,19.0,1.0
bol u grlu,2022,4,131.33003666649682,2022-01-24,7.0,1.0
bol u grlu,2022,5,124.53710373547112,2022-01-31,4.0,1.0
bol u grlu,2022,6,101.89399396538548,2022-02-07,31.0,1.0
bol u grlu,2022,7,88.30812810333408,2022-02-14,25.0,1.0
bol u grlu,2022,8,79.25088419529982,2022-02-21,12.0,1.0
bol u grlu,2022,9,83.77950614931694,2022-02-28,3.0,1.0
bol u grlu,2022,10,115.47985982743688,2022-03-07,34.0,1.0
bol u grlu,2022,11,124.53710373547112,2022-03-14,77.0,1.0
bol u grlu,2022,12,122.27279275846256,2022-03-21,77.0,1.0
bol u grlu,2022,13,99.62968298837691,2022-03-28,66.0,1.0
bol u grlu,2022,14,95.10106103435976,2022-04-04,43.0,1.0
bol u grlu,2022,15,104.15830494239404,2022-04-11,32.0,1.0
bol u grlu,2022,16,120.008481781454,2022-04-18,17.0,1.0
bol u grlu,2022,17,117.74417080444545,2022-04-25,8.0,1.0
bol u grlu,2022,18,104.15830494239404,2022-05-02,4.0,1.0
bol u grlu,2022,19,101.89399396538548,2022-05-09,3.0,1.0
bol u grlu,2022,20,76.98657321829124,2022-05-16,4.0,1.0
bol u grlu,2022,21,83.77950614931694,2022-05-23,3.0,1.0
bol u grlu,2022,22,81.51519517230838,2022-05-30,,1.0
bol u grlu,2022,23,81.51519517230838,2022-06-06,,1.0
bol u grlu,2022,24,106.4226159194026,2022-06-13,,1.0
bol u grlu,2022,25,65.66501833324841,2022-06-20,,1.0
bol u grlu,2022,26,79.25088419529982,2022-06-27,,
bol u grlu,2022,27,70.19364028726555,2022-07-04,,1.0
bol u grlu,2022,28,79.25088419529982,2022-07-11,,1.0
bol u grlu,2022,29,95.10106103435976,2022-07-18,,1.0
bol u grlu,2022,30,110.95123787341974,2022-07-25,,1.0
bol u grlu,2022,31,81.51519517230838,2022-08-01,,1.0
bol u grlu,2022,32,97.36537201136834,2022-08-08,,1.0
bol u grlu,2022,33,90.57243908034263,2022-08-15,,
bol u grlu,2022,34,76.98657321829124,2022-08-22,,
bol u grlu,2022,35,72.45795126427412,2022-08-29,,
bol u grlu,2022,36,76.98657321829124,2022-09-05,,
bol u grlu,2022,37,106.4226159194026,2022-09-12,,
bol u grlu,2022,38,95.10106103435976,2022-09-19,,
bol u grlu,2022,39,113.2155488504283,2022-09-26,,
bol u grlu,2022,40,113.2155488504283,2022-10-03,,1.0
bol u grlu,2022,41,126.8014147124797,2022-10-10,,1.0
bol u grlu,2022,42,126.8014147124797,2022-10-17,,1.0
bol u grlu,2022,43,95.10106103435976,2022-10-24,,1.0
bol u grlu,2022,44,90.57243908034263,2022-10-31,,1.0
bol u grlu,2022,45,99.62968298837691,2022-11-07,1.0,1.0
bol u grlu,2022,46,104.15830494239404,2022-11-14,,1.0
bol u grlu,2022,47,88.30812810333408,2022-11-21,,1.0
bol u grlu,2022,48,117.74417080444545,2022-11-28,2.0,1.0
bol u grlu,2022,49,95.10106103435976,2022-12-05,5.0,1.0
bol u grlu,2022,50,106.4226159194026,2022-12-12,26.0,1.0
bol u grlu,2022,51,113.2155488504283,2022-12-19,36.0,1.0
bol u grlu,2022,52,133.5943476435054,2022-12-26,31.0,1.0
bol u grlu,2023,1,133.5943476435054,2023-01-02,24.0,1.0
bol u grlu,2023,2,135.85865862051398,2023-01-09,78.0,1.0
bol u grlu,2023,3,126.8014147124797,2023-01-16,72.0,1.0
bol u grlu,2023,4,115.47985982743688,2023-01-23,58.0,1.0
bol u grlu,2023,5,86.04381712632551,2023-01-30,75.0,1.0
bol u grlu,2023,6,142.65159155153967,2023-02-06,91.0,1.0
bol u grlu,2023,7,110.95123787341974,2023-02-13,70.0,1.0
bol u grlu,2023,8,131.33003666649682,2023-02-20,85.0,1.0
bol u grlu,2023,9,113.2155488504283,2023-02-27,33.0,1.0
bol u grlu,2023,10,81.51519517230838,2023-03-06,32.0,1.0
bol u grlu,2023,11,99.62968298837691,2023-03-13,26.0,1.0
bol u grlu,2023,12,79.25088419529982,2023-03-20,25.0,1.0
bol u grlu,2023,13,92.8367500573512,2023-03-27,10.0,1.0
bol u grlu,2023,14,108.68692689641117,2023-04-03,12.0,1.0
bol u grlu,2023,15,86.04381712632551,2023-04-10,3.0,1.0
bol u grlu,2023,16,65.66501833324841,2023-04-17,1.0,1.0
bol u grlu,2023,17,81.51519517230838,2023-04-24,1.0,1.0
bol u grlu,2023,18,63.40070735623985,2023-05-01,,1.0
bol u grlu,2023,19,81.51519517230838,2023-05-08,,1.0
bol u grlu,2023,20,90.57243908034263,2023-05-15,,1.0
bol u grlu,2023,21,99.62968298837691,2023-05-22,,1.0
bol u grlu,2023,22,83.77950614931694,2023-05-29,,1.0
bol u grlu,2023,23,86.04381712632551,2023-06-05,,1.0
bol u grlu,2023,24,72.45795126427412,2023-06-12,,1.0
bol u grlu,2023,25,54.34346344820558,2023-06-19,,1.0
bol u grlu,2023,26,88.30812810333408,2023-06-26,,
bol u grlu,2023,27,82.82585465792023,2023-07-03,,
bol u grlu,2023,28,71.40159884303469,2023-07-10,,1.0
bol u grlu,2023,29,61.40537500500983,2023-07-17,,1.0
bol u grlu,2023,30,79.96979070419884,2023-07-24,,1.0
bol u grlu,2023,31,57.12127907442775,2023-07-31,,1.0
bol u grlu,2023,32,77.11372675047745,2023-08-07,,1.0
bol u grlu,2023,33,0.0,2023-08-14,,1.0
bol u grlu,2023,34,45.6970232595422,2023-08-21,,1.0
bol u grlu,2023,35,68.5455348893133,2023-08-28,,1.0
bol u grlu,2023,36,95.67814244966648,2023-09-04,,1.0
bol u grlu,2023,37,62.833406981870525,2023-09-11,,1.0
bol u grlu,2023,38,79.96979070419884,2023-09-18,,1.0
bol u grlu,2023,39,79.96979070419884,2023-09-25,,1.0
bol u grlu,2023,40,105.67436628769134,2023-10-02,,1.0
bol u grlu,2023,41,92.82207849594508,2023-10-09,,1.0
bol u grlu,2023,42,79.96979070419884,2023-10-16,,1.0
bol u grlu,2023,43,77.11372675047745,2023-10-23,,1.0
bol u grlu,2023,44,92.82207849594508,2023-10-30,,1.0
bol u grlu,2023,45,99.96223838024856,2023-11-06,1.0,1.0
bol u grlu,2023,46,84.25388663478093,2023-11-13,,1.0
bol u grlu,2023,47,88.53798256536301,2023-11-20,1.0,1.0
bol u grlu,2023,48,79.96979070419884,2023-11-27,1.0,1.0
bol u grlu,2023,49,95.67814244966648,2023-12-04,3.0,1.0
bol u grlu,2023,50,112.8145261719948,2023-12-11,7.0,1.0
bol u grlu,2023,51,109.9584622182734,2023-12-18,7.0,1.0
bol u grlu,2023,52,115.6705901257162,2023-12-25,21.0,1.0
bol u grlu,2024,1,94.2501104728058,2024-01-01,10.0,1.0
bol u grlu,2024,2,102.81830233396995,2024-01-08,21.0,1.0
bol u grlu,2024,3,99.96223838024856,2024-01-15,46.0,1.0
bol u grlu,2024,4,84.25388663478093,2024-01-22,93.0,1.0
bol u grlu,2024,5,74.25766279675608,2024-01-29,130.0,1.0
bol u grlu,2024,6,87.10995058850231,2024-02-05,119.0,1.0
bol u grlu,2024,7,67.11750291245261,2024-02-12,48.0,1.0
bol u grlu,2024,8,44.268991282681505,2024-02-19,82.0,1.0
bol u grlu,2024,9,55.69324709756705,2024-02-26,32.0,1.0
bol u grlu,2024,10,98.53420640338788,2024-03-04,22.0,1.0
bol u grlu,2024,11,85.68191861164162,2024-03-11,4.0,1.0
bol u grlu,2024,12,79.96979070419884,2024-03-18,1.0,1.0
bol u grlu,2024,13,72.82963081989539,2024-03-25,,1.0
bol u grlu,2024,14,89.9660145422237,2024-04-01,3.0,1.0
bol u grlu,2024,15,69.973566866174,2024-04-08,2.0,1.0
bol u grlu,2024,16,88.53798256536301,2024-04-15,,1.0
bol u grlu,2024,17,79.96979070419884,2024-04-22,1.0,1.0
bol u grlu,2024,18,59.977343028149136,2024-04-29,,1.0
bol u grlu,2024,19,58.54931105128844,2024-05-06,1.0,1.0
bol u grlu,2024,20,38.55686337523873,2024-05-13,,1.0
bol u grlu,2024,21,54.26521512070636,2024-05-20,,1.0
bol u grlu,2024,22,55.69324709756705,2024-05-27,,1.0
bol u grlu,2024,23,58.54931105128844,2024-06-03,,1.0
bol u grlu,2024,24,57.12127907442775,2024-06-10,,1.0
bol u grlu,2024,25,59.977343028149136,2024-06-17,,1.0
bol u grlu,2024,26,35.700799421517345,2024-06-24,,1.0
bol u grlu,2024,27,67.11750291245261,2024-07-01,,1.0
bol u grlu,2024,28,75.68569477361677,2024-07-08,,1.0
bol u grlu,2024,29,82.82585465792023,2024-07-15,,1.0
bol u grlu,2024,30,75.68569477361677,2024-07-22,,1.0
bol u grlu,2024,31,61.40537500500983,2024-07-29,,1.0
bol u grlu,2024,32,55.69324709756705,2024-08-05,,1.0
bol u grlu,2024,33,54.26521512070636,2024-08-12,,1.0
bol u grlu,2024,34,49.98111919012428,2024-08-19,,1.0
bol u grlu,2024,35,62.833406981870525,2024-08-26,,1.0
bol u grlu,2024,36,68.5455348893133,2024-09-02,,1.0
bol u grlu,2024,37,49.98111919012428,2024-09-09,,1.0
bol u grlu,2024,38,59.977343028149136,2024-09-16,,1.0
bol u grlu,2024,39,79.96979070419884,2024-09-23,,1.0
bol u grlu,2024,40,58.54931105128844,2024-09-30,,1.0
bol u grlu,2024,41,55.69324709756705,2024-10-07,1.0,1.0
bol u grlu,2024,42,95.67814244966648,2024-10-14,,1.0
bol u grlu,2024,43,69.973566866174,2024-10-21,,1.0
bol u grlu,2024,44,82.82585465792023,2024-10-28,,1.0
bol u grlu,2024,45,65.68947093559191,2024-11-04,,1.0
bol u grlu,2024,46,57.12127907442775,2024-11-11,,1.0
bol u grlu,2024,47,77.11372675047745,2024-11-18,,1.0
bol u grlu,2024,48,61.40537500500983,2024-11-25,,1.0
bol u grlu,2024,49,82.82585465792023,2024-12-02,2.0,1.0
bol u grlu,2024,50,44.268991282681505,2024-12-09,13.0,1.0
bol u grlu,2024,51,84.25388663478093,2024-12-16,3.0,1.0
bol u grlu,2024,52,85.68191861164162,2024-12-23,27.0,1.0
bol u grlu,2025,1,71.40159884303469,2024-12-30,6.0,1.0
bol u grlu,2025,2,97.10617442652718,2025-01-06,15.0,1.0
bol u grlu,2025,3,68.5455348893133,2025-01-13,36.0,1.0
bol u grlu,2025,4,99.96223838024856,2025-01-20,77.0,1.0
bol u grlu,2025,5,75.68569477361677,2025-01-27,71.0,1.0
bol u grlu,2025,6,65.68947093559191,2025-02-03,36.0,1.0
bol u grlu,2025,7,74.25766279675608,2025-02-10,45.0,1.0
bol u grlu,2025,8,82.82585465792023,2025-02-17,43.0,1.0
bol u grlu,2025,9,95.67814244966648,2025-02-24,54.0,1.0
bol u grlu,2025,10,71.40159884303469,2025-03-03,63.0,1.0
bol u grlu,2025,11,68.5455348893133,2025-03-10,19.0,1.0
bol u grlu,2025,12,52.83718314384567,2025-03-17,18.0,1.0
bol u grlu,2025,13,41.41292732896011,2025-03-24,8.0,1.0
bol u grlu,2025,14,54.26521512070636,2025-03-31,2.0,1.0
bol u grlu,2025,15,61.40537500500983,2025-04-07,2.0,1.0
bol u grlu,2025,16,52.83718314384567,2025-04-14,,1.0
bol u grlu,2025,17,54.26521512070636,2025-04-21,,1.0
bol u grlu,2025,18,52.83718314384567,2025-04-28,2.0,1.0
bol u grlu,2025,19,57.12127907442775,2025-05-05,,1.0
bol u grlu,2025,20,52.83718314384567,2025-05-12,,1.0
bol u grlu,2025,21,48.55308721326359,2025-05-19,,1.0
bol u grlu,2025,22,65.68947093559191,2025-05-26,,1.0
bol u grlu,2025,23,38.55686337523873,2025-06-02,,1.0
bol u grlu,2025,24,54.26521512070636,2025-06-09,,1.0
bol u grlu,2025,25,54.26521512070636,2025-06-16,,1.0
bol u grlu,2025,26,0.0,2025-06-23,,1.0
bol u grlu,2025,27,44.268991282681505,2025-06-30,,
bol u grlu,2025,28,52.83718314384567,2025-07-07,,1.0
bol u grlu,2025,29,0.0,2025-07-14,,1.0
bol u grlu,2025,30,41.41292732896011,2025-07-21,,1.0
bol u grlu,2025,31,0.0,2025-07-28,,1.0
bol u grlu,2025,32,0.0,2025-08-04,,1.0
bol u grlu,2025,33,0.0,2025-08-11,,1.0
bol u grlu,2025,34,0.0,2025-08-18,,1.0
bol u grlu,2025,35,0.0,2025-08-25,,1.0
bol u grlu,2025,36,45.6970232595422,2025-09-01,,1.0
bol u grlu,2025,37,47.12505523640289,2025-09-08,,1.0
bol u grlu,2025,38,61.40537500500983,2025-09-15,,1.0
bol u grlu,2025,39,38.55686337523873,2025-09-22,,1.0
bol u grlu,2025,40,49.98111919012428,2025-09-29,,1.0
bol u grlu,2025,41,51.40915116698498,2025-10-06,,1.0
bol u grlu,2025,42,0.0,2025-10-13,2.0,1.0
bol u grlu,2025,43,55.69324709756705,2025-10-20,3.0,1.0
bol u grlu,2025,44,58.54931105128844,2025-10-27,,1.0
bol u grlu,2025,45,55.69324709756705,2025-11-03,4.0,1.0
bol u grlu,2025,46,37.12883139837804,2025-11-10,2.0,1.0
bol u grlu,2025,47,68.5455348893133,2025-11-17,11.0,1.0
bol u grlu,2025,48,68.5455348893133,2025-11-24,14.0,1.0
bol u grlu,2025,49,58.54931105128844,2025-12-01,36.0,1.0
bol u grlu,2025,50,92.82207849594508,2025-12-08,55.0,1.0
bol u grlu,2025,51,72.82963081989539,2025-12-15,54.0,1.0
bol u grlu,2025,52,39.98489535209942,2025-12-22,45.0,1.0
bol u grlu,2026,1,55.91953327474192,2025-12-29,24.0,1.0
bol u grlu,2026,2,46.599611062284936,2026-01-05,8.0,1.0
bol u grlu,2026,3,45.66761884103923,2026-01-12,7.0,1.0
bol u grlu,2026,4,53.12355661100482,2026-01-19,15.0,1.0
bol u grlu,2026,5,37.27968884982795,2026-01-26,3.0,1.0
bol u grlu,2026,6,67.10343992969031,2026-02-02,4.0,1.0
bol u grlu,2026,7,46.599611062284936,2026-02-09,,1.0
bol u grlu,2026,8,53.12355661100482,2026-02-16,1.0,1.0
bol u grlu,2026,9,65.23945548719891,2026-02-23,2.0,1.0
bol u grlu,2026,10,49.39558772602203,2026-03-02,,1.0
bol u grlu,2026,11,58.715509938479016,2026-03-09,,1.0
bol u grlu,2026,12,70.8314088146731,2026-03-16,1.0,1.0
bol u grlu,2026,13,50.32757994726773,2026-03-23,,1.0
bol u grlu,2026,14,41.00765773481074,2026-03-30,,1.0
bol u grlu,2026,15,53.12355661100482,2026-04-06,,1.0
bol u grlu,2026,16,70.8314088146731,2026-04-13,,1.0
bol u grlu,2026,17,57.78351771723331,2026-04-20,,
bol u grlu,2026,18,0.0,2026-04-27,,1.0
bol u grlu,2026,19,49.39558772602203,2026-05-04,,1.0
bol u grlu,2026,20,0.0,2026-05-11,,1.0
bol u grlu,2026,21,61.51148660221612,2026-05-18,,1.0
bol u grlu,2026,22,0.0,2026-05-25,,1.0
bol u grlu,2026,23,50.32757994726773,2026-06-01,,1.0
bol u grlu,2026,24,55.91953327474192,2026-06-08,,1.0
bol u grlu,2026,25,48.46359550477633,2026-06-15,,1.0
bol u grlu,2026,26,41.00765773481074,2026-06-22,,1.0
bol u grlu,2026,27,60.57949438097042,2026-06-29,,1.0
bol u grlu,2026,28,0.0,2026-07-06,,1.0
bol u grlu,2026,29,43.803634398547835,2026-07-13,,1.0
bol u grlu,2026,30,40.07566551356504,2026-07-20,,
bol u grlu,2026,31,35.41570440733655,2026-07-27,,1.0
bol u misicima,2013,1,0.0,2012-12-31,,
bol u misicima,2013,2,0.0,2013-01-07,3.0,3.0
bol u misicima,2013,3,0.0,2013-01-14,16.0,3.0
bol u misicima,2013,4,0.0,2013-01-21,14.0,3.0
bol u misicima,2013,5,0.0,2013-01-28,23.0,5.0
bol u misicima,2013,6,0.0,2013-02-04,30.0,6.0
bol u misicima,2013,7,0.0,2013-02-11,66.0,6.0
bol u misicima,2013,8,0.0,2013-02-18,41.0,6.0
bol u misicima,2013,9,0.0,2013-02-25,29.0,6.0
bol u misicima,2013,10,0.0,2013-03-04,25.0,6.0
bol u misicima,2013,11,0.0,2013-03-11,10.0,5.0
bol u misicima,2013,12,0.0,2013-03-18,7.0,5.0
bol u misicima,2013,13,0.0,2013-03-25,3.0,1.0
bol u misicima,2013,14,0.0,2013-04-01,3.0,3.0
bol u misicima,2013,15,0.0,2013-04-08,1.0,3.0
bol u misicima,2013,16,0.0,2013-04-15,3.0,3.0
bol u misicima,2013,17,0.0,2013-04-22,,2.0
bol u misicima,2013,18,0.0,2013-04-29,,2.0
bol u misicima,2013,19,0.0,2013-05-06,,2.0
bol u misicima,2013,20,0.0,2013-05-13,,2.0
bol u misicima,2013,21,0.0,2013-05-20,,
bol u misicima,2013,22,0.0,2013-05-27,,
bol u misicima,2013,23,0.0,2013-06-03,,
bol u misicima,2013,24,0.0,2013-06-10,,
bol u misicima,2013,25,0.0,2013-06-17,,
bol u misicima,2013,26,0.0,2013-06-24,,
bol u misicima,2013,27,0.0,2013-07-01,,
bol u misicima,2013,28,0.0,2013-07-08,,
bol u misicima,2013,29,0.0,2013-07-15,,
bol u misicima,2013,30,0.0,2013-07-22,,
bol u misicima,2013,31,0.0,2013-07-29,,
bol u misicima,2013,32,0.0,2013-08-05,,
bol u misicima,2013,33,0.0,2013-08-12,,
bol u misicima,2013,34,0.0,2013-08-19,,
bol u misicima,2013,35,0.0,2013-08-26,,
bol u misicima,2013,36,0.0,2013-09-02,,
bol u misicima,2013,37,0.0,2013-09-09,,
bol u misicima,2013,38,0.0,2013-09-16,,
bol u misicima,2013,39,0.0,2013-09-23,,
bol u misicima,2013,40,0.0,2013-09-30,,
bol u misicima,2013,41,0.0,2013-10-07,,1.0
bol u misicima,2013,42,0.0,2013-10-14,,1.0
bol u misicima,2013,43,0.0,2013-10-21,,1.0
bol u misicima,2013,44,0.0,2013-10-28,,1.0
bol u misicima,2013,45,0.0,2013-11-04,,1.0
bol u misicima,2013,46,0.0,2013-11-11,,1.0
bol u misicima,2013,47,0.0,2013-11-18,,1.0
bol u misicima,2013,48,0.0,2013-11-25,,1.0
bol u misicima,2013,49,0.0,2013-12-02,,1.0
bol u misicima,2013,50,0.0,2013-12-09,,1.0
bol u misicima,2013,51,0.0,2013-12-16,,1.0
bol u misicima,2013,52,0.0,2013-12-23,,1.0
bol u misicima,2014,1,0.0,2013-12-30,,1.0
bol u misicima,2014,2,0.0,2014-01-06,1.0,1.0
bol u misicima,2014,3,0.0,2014-01-13,2.0,1.0
bol u misicima,2014,4,0.0,2014-01-20,3.0,1.0
bol u misicima,2014,5,0.0,2014-01-27,2.0,1.0
bol u misicima,2014,6,0.0,2014-02-03,3.0,1.0
bol u misicima,2014,7,0.0,2014-02-10,20.0,1.0
bol u misicima,2014,8,0.0,2014-02-17,6.0,1.0
bol u misicima,2014,9,0.0,2014-02-24,15.0,1.0
bol u misicima,2014,10,0.0,2014-03-03,12.0,1.0
bol u misicima,2014,11,0.0,2014-03-10,15.0,1.0
bol u misicima,2014,12,0.0,2014-03-17,16.0,1.0
bol u misicima,2014,13,0.0,2014-03-24,20.0,1.0
bol u misicima,2014,14,0.0,2014-03-31,9.0,1.0
bol u misicima,2014,15,0.0,2014-04-07,5.0,1.0
bol u misicima,2014,16,0.0,2014-04-14,3.0,1.0
bol u misicima,2014,17,0.0,2014-04-21,1.0,1.0
bol u misicima,2014,18,0.0,2014-04-28,,1.0
bol u misicima,2014,19,0.0,2014-05-05,1.0,1.0
bol u misicima,2014,20,0.0,2014-05-12,,1.0
bol u misicima,2014,21,0.0,2014-05-19,,
bol u misicima,2014,22,0.0,2014-05-26,,
bol u misicima,2014,23,0.0,2014-06-02,,
bol u misicima,2014,24,0.0,2014-06-09,,
bol u misicima,2014,25,0.0,2014-06-16,,
bol u misicima,2014,26,0.0,2014-06-23,,
bol u misicima,2014,27,0.0,2014-06-30,,
bol u misicima,2014,28,0.0,2014-07-07,,
bol u misicima,2014,29,0.0,2014-07-14,,
bol u misicima,2014,30,0.0,2014-07-21,,
bol u misicima,2014,31,0.0,2014-07-28,,
bol u misicima,2014,32,0.0,2014-08-04,,
bol u misicima,2014,33,0.0,2014-08-11,,
bol u misicima,2014,34,0.0,2014-08-18,,
bol u misicima,2014,35,0.0,2014-08-25,,
bol u misicima,2014,36,0.0,2014-09-01,,
bol u misicima,2014,37,0.0,2014-09-08,,
bol u misicima,2014,38,0.0,2014-09-15,,
bol u misicima,2014,39,0.0,2014-09-22,1.0,1.0
bol u misicima,2014,40,0.0,2014-09-29,1.0,1.0
bol u misicima,2014,41,0.0,2014-10-06,,1.0
bol u misicima,2014,42,0.0,2014-10-13,,1.0
bol u misicima,2014,43,0.0,2014-10-20,,1.0
bol u misicima,2014,44,0.0,2014-10-27,,1.0
bol u misicima,2014,45,0.0,2014-11-03,,1.0
bol u misicima,2014,46,0.0,2014-11-10,,1.0
bol u misicima,2014,47,0.0,2014-11-17,,1.0
bol u misicima,2014,48,0.0,2014-11-24,,1.0
bol u misicima,2014,49,0.0,2014-12-01,,1.0
bol u misicima,2014,50,0.0,2014-12-08,,1.0
bol u misicima,2014,51,0.0,2014-12-15,,1.0
bol u misicima,2014,52,0.0,2014-12-22,,1.0
bol u misicima,2015,1,0.0,2014-12-29,,1.0
bol u misicima,2015,2,0.0,2015-01-05,,1.0
bol u misicima,2015,3,0.0,2015-01-12,2.0,1.0
bol u misicima,2015,4,0.0,2015-01-19,11.0,1.0
bol u misicima,2015,5,0.0,2015-01-26,22.0,1.0
bol u misicima,2015,6,0.0,2015-02-02,26.0,1.0
bol u misicima,2015,7,0.0,2015-02-09,51.0,1.0
bol u misicima,2015,8,0.0,2015-02-16,28.0,1.0
bol u misicima,2015,9,0.0,2015-02-23,67.0,1.0
bol u misicima,2015,10,91.0,2015-03-02,40.0,1.0
bol u misicima,2015,11,0.0,2015-03-09,58.0,1.0
bol u misicima,2015,12,0.0,2015-03-16,38.0,1.0
bol u misicima,2015,13,0.0,2015-03-23,30.0,1.0
bol u misicima,2015,14,0.0,2015-03-30,23.0,1.0
bol u misicima,2015,15,0.0,2015-04-06,13.0,1.0
bol u misicima,2015,16,0.0,2015-04-13,11.0,1.0
bol u misicima,2015,17,0.0,2015-04-20,5.0,1.0
bol u misicima,2015,18,0.0,2015-04-27,2.0,1.0
bol u misicima,2015,19,0.0,2015-05-04,1.0,1.0
bol u misicima,2015,20,0.0,2015-05-11,,1.0
bol u misicima,2015,21,0.0,2015-05-18,,
bol u misicima,2015,22,0.0,2015-05-25,,
bol u misicima,2015,23,0.0,2015-06-01,,
bol u misicima,2015,24,0.0,2015-06-08,,
bol u misicima,2015,25,0.0,2015-06-15,,
bol u misicima,2015,26,0.0,2015-06-22,,
bol u misicima,2015,27,0.0,2015-06-29,,
bol u misicima,2015,28,0.0,2015-07-06,,
bol u misicima,2015,29,0.0,2015-07-13,,
bol u misicima,2015,30,0.0,2015-07-20,,
bol u misicima,2015,31,100.0,2015-07-27,,
bol u misicima,2015,32,0.0,2015-08-03,,
bol u misicima,2015,33,0.0,2015-08-10,,
bol u misicima,2015,34,0.0,2015-08-17,,
bol u misicima,2015,35,0.0,2015-08-24,,
bol u misicima,2015,36,0.0,2015-08-31,,
bol u misicima,2015,37,0.0,2015-09-07,,
bol u misicima,2015,38,0.0,2015-09-14,,
bol u misicima,2015,39,0.0,2015-09-21,,
bol u misicima,2015,40,0.0,2015-09-28,,
bol u misicima,2015,41,0.0,2015-10-05,,
bol u misicima,2015,42,0.0,2015-10-12,,
bol u misicima,2015,43,0.0,2015-10-19,,
bol u misicima,2015,44,0.0,2015-10-26,,
bol u misicima,2015,45,0.0,2015-11-02,,1.0
bol u misicima,2015,46,0.0,2015-11-09,,1.0
bol u misicima,2015,47,0.0,2015-11-16,,1.0
bol u misicima,2015,48,0.0,2015-11-23,,1.0
bol u misicima,2015,49,0.0,2015-11-30,,1.0
bol u misicima,2015,50,0.0,2015-12-07,,1.0
bol u misicima,2015,51,0.0,2015-12-14,,1.0
bol u misicima,2015,52,0.0,2015-12-21,,1.0
bol u misicima,2015,53,0.0,2015-12-28,,1.0
bol u misicima,2016,1,0.0,2016-01-04,3.0,1.0
bol u misicima,2016,2,0.0,2016-01-11,6.0,1.0
bol u misicima,2016,3,78.125,2016-01-18,16.0,1.0
bol u misicima,2016,4,79.6875,2016-01-25,14.0,1.0
bol u misicima,2016,5,0.0,2016-02-01,26.0,1.0
bol u misicima,2016,6,0.0,2016-02-08,36.0,1.0
bol u misicima,2016,7,0.0,2016-02-15,14.0,1.0
bol u misicima,2016,8,0.0,2016-02-22,33.0,1.0
bol u misicima,2016,9,0.0,2016-02-29,44.0,1.0
bol u misicima,2016,10,0.0,2016-03-07,50.0,1.0
bol u misicima,2016,11,0.0,2016-03-14,35.0,1.0
bol u misicima,2016,12,0.0,2016-03-21,54.0,1.0
bol u misicima,2016,13,0.0,2016-03-28,57.0,1.0
bol u misicima,2016,14,0.0,2016-04-04,39.0,1.0
bol u misicima,2016,15,0.0,2016-04-11,26.0,1.0
bol u misicima,2016,16,0.0,2016-04-18,2.0,1.0
bol u misicima,2016,17,0.0,2016-04-25,2.0,1.0
bol u misicima,2016,18,0.0,2016-05-02,4.0,1.0
bol u misicima,2016,19,0.0,2016-05-09,,1.0
bol u misicima,2016,20,0.0,2016-05-16,,1.0
bol u misicima,2016,21,0.0,2016-05-23,,
bol u misicima,2016,22,0.0,2016-05-30,,
bol u misicima,2016,23,0.0,2016-06-06,,
bol u misicima,2016,24,0.0,2016-06-13,,
bol u misicima,2016,25,0.0,2016-06-20,,
bol u misicima,2016,26,0.0,2016-06-27,,
bol u misicima,2016,27,0.0,2016-07-04,,
bol u misicima,2016,28,0.0,2016-07-11,,
bol u misicima,2016,29,0.0,2016-07-18,,
bol u misicima,2016,30,0.0,2016-07-25,,
bol u misicima,2016,31,0.0,2016-08-01,,
bol u misicima,2016,32,0.0,2016-08-08,,
bol u misicima,2016,33,0.0,2016-08-15,,
bol u misicima,2016,34,0.0,2016-08-22,,
bol u misicima,2016,35,0.0,2016-08-29,,
bol u misicima,2016,36,0.0,2016-09-05,,
bol u misicima,2016,37,0.0,2016-09-12,,
bol u misicima,2016,38,0.0,2016-09-19,,
bol u misicima,2016,39,0.0,2016-09-26,,
bol u misicima,2016,40,0.0,2016-10-03,,
bol u misicima,2016,41,0.0,2016-10-10,,1.0
bol u misicima,2016,42,0.0,2016-10-17,,1.0
bol u misicima,2016,43,0.0,2016-10-24,,1.0
bol u misicima,2016,44,0.0,2016-10-31,,1.0
bol u misicima,2016,45,0.0,2016-11-07,,1.0
bol u misicima,2016,46,123.4375,2016-11-14,,1.0
bol u misicima,2016,47,0.0,2016-11-21,,1.0
bol u misicima,2016,48,0.0,2016-11-28,,1.0
bol u misicima,2016,49,0.0,2016-12-05,9.0,1.0
bol u misicima,2016,50,0.0,2016-12-12,84.0,1.0
bol u misicima,2016,51,0.0,2016-12-19,109.0,1.0
bol u misicima,2016,52,0.0,2016-12-26,162.0,1.0
bol u misicima,2017,1,0.0,2017-01-02,77.0,1.0
bol u misicima,2017,2,0.0,2017-01-09,,1.0
bol u misicima,2017,3,0.0,2017-01-16,,1.0
bol u misicima,2017,4,81.25,2017-01-23,,1.0
bol u misicima,2017,5,0.0,2017-01-30,,1.0
bol u misicima,2017,6,0.0,2017-02-06,,1.0
bol u misicima,2017,7,104.6875,2017-02-13,5.0,1.0
bol u misicima,2017,8,0.0,2017-02-20,11.0,1.0
bol u misicima,2017,9,0.0,2017-02-27,4.0,1.0
bol u misicima,2017,10,0.0,2017-03-06,2.0,1.0
bol u misicima,2017,11,0.0,2017-03-13,,1.0
bol u misicima,2017,12,118.75,2017-03-20,,1.0
bol u misicima,2017,13,0.0,2017-03-27,,1.0
bol u misicima,2017,14,0.0,2017-04-03,,1.0
bol u misicima,2017,15,0.0,2017-04-10,,1.0
bol u misicima,2017,16,0.0,2017-04-17,,1.0
bol u misicima,2017,17,0.0,2017-04-24,,1.0
bol u misicima,2017,18,0.0,2017-05-01,,1.0
bol u misicima,2017,19,0.0,2017-05-08,,1.0
bol u misicima,2017,20,0.0,2017-05-15,,1.0
bol u misicima,2017,21,0.0,2017-05-22,,
bol u misicima,2017,22,0.0,2017-05-29,,
bol u misicima,2017,23,0.0,2017-06-05,,
bol u misicima,2017,24,0.0,2017-06-12,,
bol u misicima,2017,25,0.0,2017-06-19,,
bol u misicima,2017,26,0.0,2017-06-26,,
bol u misicima,2017,27,0.0,2017-07-03,,
bol u misicima,2017,28,0.0,2017-07-10,,
bol u misicima,2017,29,0.0,2017-07-17,,
bol u misicima,2017,30,0.0,2017-07-24,,
bol u misicima,2017,31,0.0,2017-07-31,,
bol u misicima,2017,32,0.0,2017-08-07,,
bol u misicima,2017,33,0.0,2017-08-14,,
bol u misicima,2017,34,0.0,2017-08-21,,
bol u misicima,2017,35,0.0,2017-08-28,,
bol u misicima,2017,36,0.0,2017-09-04,,
bol u misicima,2017,37,0.0,2017-09-11,,
bol u misicima,2017,38,0.0,2017-09-18,,
bol u misicima,2017,39,0.0,2017-09-25,,
bol u misicima,2017,40,0.0,2017-10-02,,1.0
bol u misicima,2017,41,0.0,2017-10-09,,1.0
bol u misicima,2017,42,0.0,2017-10-16,,1.0
bol u misicima,2017,43,0.0,2017-10-23,,1.0
bol u misicima,2017,44,96.875,2017-10-30,,2.0
bol u misicima,2017,45,0.0,2017-11-06,,2.0
bol u misicima,2017,46,0.0,2017-11-13,,3.0
bol u misicima,2017,47,0.0,2017-11-20,,3.0
bol u misicima,2017,48,0.0,2017-11-27,,3.0
bol u misicima,2017,49,0.0,2017-12-04,,3.0
bol u misicima,2017,50,0.0,2017-12-11,6.0,3.0
bol u misicima,2017,51,0.0,2017-12-18,19.0,3.0
bol u misicima,2017,52,0.0,2017-12-25,26.0,3.0
bol u misicima,2018,1,0.0,2018-01-01,22.0,3.0
bol u misicima,2018,2,0.0,2018-01-08,37.0,3.0
bol u misicima,2018,3,0.0,2018-01-15,88.0,3.0
bol u misicima,2018,4,82.8125,2018-01-22,103.0,4.0
bol u misicima,2018,5,117.1875,2018-01-29,124.0,5.0
bol u misicima,2018,6,0.0,2018-02-05,121.0,5.0
bol u misicima,2018,7,84.375,2018-02-12,66.0,5.0
bol u misicima,2018,8,0.0,2018-02-19,77.0,4.0
bol u misicima,2018,9,0.0,2018-02-26,59.0,4.0
bol u misicima,2018,10,0.0,2018-03-05,29.0,4.0
bol u misicima,2018,11,112.5,2018-03-12,20.0,4.0
bol u misicima,2018,12,0.0,2018-03-19,14.0,3.0
bol u misicima,2018,13,0.0,2018-03-26,30.0,3.0
bol u misicima,2018,14,0.0,2018-04-02,21.0,3.0
bol u misicima,2018,15,156.25,2018-04-09,16.0,3.0
bol u misicima,2018,16,0.0,2018-04-16,1.0,3.0
bol u misicima,2018,17,0.0,2018-04-23,,2.0
bol u misicima,2018,18,0.0,2018-04-30,,2.0
bol u misicima,2018,19,117.1875,2018-05-07,,1.0
bol u misicima,2018,20,0.0,2018-05-14,,1.0
bol u misicima,2018,21,0.0,2018-05-21,,1.0
bol u misicima,2018,22,0.0,2018-05-28,,1.0
bol u misicima,2018,23,0.0,2018-06-04,,1.0
bol u misicima,2018,24,0.0,2018-06-11,,1.0
bol u misicima,2018,25,0.0,2018-06-18,,1.0
bol u misicima,2018,26,0.0,2018-06-25,,1.0
bol u misicima,2018,27,0.0,2018-07-02,,1.0
bol u misicima,2018,28,0.0,2018-07-09,,1.0
bol u misicima,2018,29,0.0,2018-07-16,,1.0
bol u misicima,2018,30,0.0,2018-07-23,,1.0
bol u misicima,2018,31,0.0,2018-07-30,,1.0
bol u misicima,2018,32,95.75892857142856,2018-08-06,,1.0
bol u misicima,2018,33,0.0,2018-08-13,,1.0
bol u misicima,2018,34,0.0,2018-08-20,,1.0
bol u misicima,2018,35,0.0,2018-08-27,,1.0
bol u misicima,2018,36,0.0,2018-09-03,,1.0
bol u misicima,2018,37,151.89347290640393,2018-09-10,,1.0
bol u misicima,2018,38,0.0,2018-09-17,,1.0
bol u misicima,2018,39,0.0,2018-09-24,,1.0
bol u misicima,2018,40,0.0,2018-10-01,,1.0
bol u misicima,2018,41,90.80588054187191,2018-10-08,,1.0
bol u misicima,2018,42,0.0,2018-10-15,,1.0
bol u misicima,2018,43,0.0,2018-10-22,,1.0
bol u misicima,2018,44,0.0,2018-10-29,,1.0
bol u misicima,2018,45,0.0,2018-11-05,,1.0
bol u misicima,2018,46,0.0,2018-11-12,,1.0
bol u misicima,2018,47,0.0,2018-11-19,,1.0
bol u misicima,2018,48,0.0,2018-11-26,,1.0
bol u misicima,2018,49,0.0,2018-12-03,,1.0
bol u misicima,2018,50,0.0,2018-12-10,,1.0
bol u misicima,2018,51,0.0,2018-12-17,,1.0
bol u misicima,2018,52,0.0,2018-12-24,3.0,1.0
bol u misicima,2019,1,0.0,2018-12-31,11.0,2.0
bol u misicima,2019,2,0.0,2019-01-07,16.0,2.0
bol u misicima,2019,3,0.0,2019-01-14,42.0,2.0
bol u misicima,2019,4,122.17518472906404,2019-01-21,99.0,2.0
bol u misicima,2019,5,0.0,2019-01-28,273.0,4.0
bol u misicima,2019,6,0.0,2019-02-04,388.0,4.0
bol u misicima,2019,7,94.10791256157634,2019-02-11,309.0,4.0
bol u misicima,2019,8,0.0,2019-02-18,307.0,4.0
bol u misicima,2019,9,0.0,2019-02-25,138.0,3.0
bol u misicima,2019,10,90.80588054187191,2019-03-04,100.0,3.0
bol u misicima,2019,11,0.0,2019-03-11,50.0,3.0
bol u misicima,2019,12,0.0,2019-03-18,25.0,2.0
bol u misicima,2019,13,0.0,2019-03-25,40.0,2.0
bol u misicima,2019,14,0.0,2019-04-01,17.0,2.0
bol u misicima,2019,15,0.0,2019-04-08,14.0,2.0
bol u misicima,2019,16,0.0,2019-04-15,5.0,2.0
bol u misicima,2019,17,0.0,2019-04-22,9.0,2.0
bol u misicima,2019,18,0.0,2019-04-29,,2.0
bol u misicima,2019,19,0.0,2019-05-06,,2.0
bol u misicima,2019,20,0.0,2019-05-13,,2.0
bol u misicima,2019,21,0.0,2019-05-20,,1.0
bol u misicima,2019,22,0.0,2019-05-27,,1.0
bol u misicima,2019,23,0.0,2019-06-03,,1.0
bol u misicima,2019,24,0.0,2019-06-10,,1.0
bol u misicima,2019,25,0.0,2019-06-17,,1.0
bol u misicima,2019,26,0.0,2019-06-24,,1.0
bol u misicima,2019,27,0.0,2019-07-01,,1.0
bol u misicima,2019,28,0.0,2019-07-08,,1.0
bol u misicima,2019,29,0.0,2019-07-15,,1.0
bol u misicima,2019,30,0.0,2019-07-22,,1.0
bol u misicima,2019,31,0.0,2019-07-29,,1.0
bol u misicima,2019,32,0.0,2019-08-05,,1.0
bol u misicima,2019,33,0.0,2019-08-12,,1.0
bol u misicima,2019,34,0.0,2019-08-19,,1.0
bol u misicima,2019,35,0.0,2019-08-26,,1.0
bol u misicima,2019,36,0.0,2019-09-02,,1.0
bol u misicima,2019,37,0.0,2019-09-09,,1.0
bol u misicima,2019,38,0.0,2019-09-16,,1.0
bol u misicima,2019,39,0.0,2019-09-23,,1.0
bol u misicima,2019,40,0.0,2019-09-30,,1.0
bol u misicima,2019,41,0.0,2019-10-07,,1.0
bol u misicima,2019,42,0.0,2019-10-14,,1.0
bol u misicima,2019,43,0.0,2019-10-21,,1.0
bol u misicima,2019,44,0.0,2019-10-28,,1.0
bol u misicima,2019,45,0.0,2019-11-04,,1.0
bol u misicima,2019,46,0.0,2019-11-11,,1.0
bol u misicima,2019,47,0.0,2019-11-18,,1.0
bol u misicima,2019,48,0.0,2019-11-25,,1.0
bol u misicima,2019,49,0.0,2019-12-02,6.0,2.0
bol u misicima,2019,50,0.0,2019-12-09,9.0,2.0
bol u misicima,2019,51,0.0,2019-12-16,10.0,3.0
bol u misicima,2019,52,0.0,2019-12-23,8.0,3.0
bol u misicima,2020,1,82.55080049261083,2019-12-30,10.0,3.0
bol u misicima,2020,2,72.64470443349754,2020-01-06,24.0,3.0
bol u misicima,2020,3,0.0,2020-01-13,60.0,3.0
bol u misicima,2020,4,77.59775246305418,2020-01-20,179.0,3.0
bol u misicima,2020,5,90.80588054187191,2020-01-27,235.0,3.0
bol u misicima,2020,6,0.0,2020-02-03,290.0,5.0
bol u misicima,2020,7,0.0,2020-02-10,191.0,5.0
bol u misicima,2020,8,0.0,2020-02-17,83.0,4.0
bol u misicima,2020,9,0.0,2020-02-24,93.0,3.0
bol u misicima,2020,10,0.0,2020-03-02,34.0,3.0
bol u misicima,2020,11,74.29572044334975,2020-03-09,37.0,3.0
bol u misicima,2020,12,0.0,2020-03-16,6.0,2.0
bol u misicima,2020,13,75.94673645320196,2020-03-23,,2.0
bol u misicima,2020,14,108.96705665024628,2020-03-30,,1.0
bol u misicima,2020,15,0.0,2020-04-06,,1.0
bol u misicima,2020,16,0.0,2020-04-13,,1.0
bol u misicima,2020,17,0.0,2020-04-20,,1.0
bol u misicima,2020,18,0.0,2020-04-27,,1.0
bol u misicima,2020,19,97.40994458128078,2020-05-04,,1.0
bol u misicima,2020,20,0.0,2020-05-11,,1.0
bol u misicima,2020,21,0.0,2020-05-18,,1.0
bol u misicima,2020,22,69.3426724137931,2020-05-25,,1.0
bol u misicima,2020,23,0.0,2020-06-01,,1.0
bol u misicima,2020,24,0.0,2020-06-08,,1.0
bol u misicima,2020,25,95.75892857142856,2020-06-15,,1.0
bol u misicima,2020,26,0.0,2020-06-22,,1.0
bol u misicima,2020,27,125.47721674876848,2020-06-29,,1.0
bol u misicima,2020,28,0.0,2020-07-06,,1.0
bol u misicima,2020,29,102.36299261083744,2020-07-13,,1.0
bol u misicima,2020,30,0.0,2020-07-20,,1.0
bol u misicima,2020,31,0.0,2020-07-27,,1.0
bol u misicima,2020,32,0.0,2020-08-03,,1.0
bol u misicima,2020,33,165.1016009852217,2020-08-10,,1.0
bol u misicima,2020,34,0.0,2020-08-17,,1.0
bol u misicima,2020,35,0.0,2020-08-24,,1.0
bol u misicima,2020,36,0.0,2020-08-31,,1.0
bol u misicima,2020,37,0.0,2020-09-07,,1.0
bol u misicima,2020,38,0.0,2020-09-14,,1.0
bol u misicima,2020,39,0.0,2020-09-21,,1.0
bol u misicima,2020,40,0.0,2020-09-28,,1.0
bol u misicima,2020,41,0.0,2020-10-05,,1.0
bol u misicima,2020,42,0.0,2020-10-12,,1.0
bol u misicima,2020,43,0.0,2020-10-19,,1.0
bol u misicima,2020,44,0.0,2020-10-26,,2.0
bol u misicima,2020,45,0.0,2020-11-02,,2.0
bol u misicima,2020,46,0.0,2020-11-09,,2.0
bol u misicima,2020,47,95.75892857142856,2020-11-16,,2.0
bol u misicima,2020,48,95.75892857142856,2020-11-23,,1.0
bol u misicima,2020,49,122.17518472906404,2020-11-30,,1.0
bol u misicima,2020,50,0.0,2020-12-07,,1.0
bol u misicima,2020,51,74.29572044334975,2020-12-14,,1.0
bol u misicima,2020,52,0.0,2020-12-21,,1.0
bol u misicima,2020,53,89.15486453201969,2020-12-28,,1.0
bol u misicima,2021,1,75.94673645320195,2021-01-04,,1.0
bol u misicima,2021,2,0.0,2021-01-11,,1.0
bol u misicima,2021,3,74.29572044334974,2021-01-18,,1.0
bol u misicima,2021,4,0.0,2021-01-25,,1.0
bol u misicima,2021,5,70.99368842364531,2021-02-01,,1.0
bol u misicima,2021,6,108.96705665024628,2021-02-08,,1.0
bol u misicima,2021,7,0.0,2021-02-15,,1.0
bol u misicima,2021,8,0.0,2021-02-22,,1.0
bol u misicima,2021,9,102.36299261083742,2021-03-01,,1.0
bol u misicima,2021,10,66.04064039408865,2021-03-08,,
bol u misicima,2021,11,74.29572044334974,2021-03-15,,
bol u misicima,2021,12,0.0,2021-03-22,,
bol u misicima,2021,13,0.0,2021-03-29,,
bol u misicima,2021,14,0.0,2021-04-05,,
bol u misicima,2021,15,72.64470443349752,2021-04-12,,
bol u misicima,2021,16,0.0,2021-04-19,,
bol u misicima,2021,17,0.0,2021-04-26,,
bol u misicima,2021,18,0.0,2021-05-03,,
bol u misicima,2021,19,0.0,2021-05-10,,
bol u misicima,2021,20,0.0,2021-05-17,,
bol u misicima,2021,21,0.0,2021-05-24,,
bol u misicima,2021,22,0.0,2021-05-31,,
bol u misicima,2021,23,0.0,2021-06-07,,
bol u misicima,2021,24,0.0,2021-06-14,,
bol u misicima,2021,25,0.0,2021-06-21,,
bol u misicima,2021,26,0.0,2021-06-28,,
bol u misicima,2021,27,0.0,2021-07-05,,
bol u misicima,2021,28,0.0,2021-07-12,,
bol u misicima,2021,29,0.0,2021-07-19,,
bol u misicima,2021,30,0.0,2021-07-26,,
bol u misicima,2021,31,0.0,2021-08-02,,
bol u misicima,2021,32,0.0,2021-08-09,,
bol u misicima,2021,33,0.0,2021-08-16,,
bol u misicima,2021,34,0.0,2021-08-23,,
bol u misicima,2021,35,0.0,2021-08-30,,
bol u misicima,2021,36,0.0,2021-09-06,,
bol u misicima,2021,37,0.0,2021-09-13,,
bol u misicima,2021,38,0.0,2021-09-20,,
bol u misicima,2021,39,87.50384852216747,2021-09-27,,
bol u misicima,2021,40,0.0,2021-10-04,,1.0
bol u misicima,2021,41,0.0,2021-10-11,,1.0
bol u misicima,2021,42,0.0,2021-10-18,,1.0
bol u misicima,2021,43,0.0,2021-10-25,,1.0
bol u misicima,2021,44,0.0,2021-11-01,,1.0
bol u misicima,2021,45,0.0,2021-11-08,,1.0
bol u misicima,2021,46,0.0,2021-11-15,,1.0
bol u misicima,2021,47,0.0,2021-11-22,,1.0
bol u misicima,2021,48,0.0,2021-11-29,,1.0
bol u misicima,2021,49,0.0,2021-12-06,,1.0
bol u misicima,2021,50,0.0,2021-12-13,1.0,1.0
bol u misicima,2021,51,0.0,2021-12-20,1.0,1.0
bol u misicima,2021,52,0.0,2021-12-27,12.0,1.0
bol u misicima,2022,1,0.0,2022-01-03,21.0,1.0
bol u misicima,2022,2,0.0,2022-01-10,16.0,1.0
bol u misicima,2022,3,66.04064039408865,2022-01-17,19.0,1.0
bol u misicima,2022,4,112.26908866995072,2022-01-24,7.0,1.0
bol u misicima,2022,5,0.0,2022-01-31,4.0,1.0
bol u misicima,2022,6,87.50384852216747,2022-02-07,31.0,1.0
bol u misicima,2022,7,92.45689655172411,2022-02-14,25.0,1.0
bol u misicima,2022,8,62.73860837438422,2022-02-21,12.0,1.0
bol u misicima,2022,9,0.0,2022-02-28,3.0,1.0
bol u misicima,2022,10,57.78556034482757,2022-03-07,34.0,1.0
bol u misicima,2022,11,0.0,2022-03-14,77.0,1.0
bol u misicima,2022,12,75.94673645320195,2022-03-21,77.0,1.0
bol u misicima,2022,13,52.832512315270925,2022-03-28,66.0,1.0
bol u misicima,2022,14,0.0,2022-04-04,43.0,1.0
bol u misicima,2022,15,0.0,2022-04-11,32.0,1.0
bol u misicima,2022,16,0.0,2022-04-18,17.0,1.0
bol u misicima,2022,17,0.0,2022-04-25,8.0,1.0
bol u misicima,2022,18,0.0,2022-05-02,4.0,1.0
bol u misicima,2022,19,0.0,2022-05-09,3.0,1.0
bol u misicima,2022,20,0.0,2022-05-16,4.0,1.0
bol u misicima,2022,21,0.0,2022-05-23,3.0,1.0
bol u misicima,2022,22,0.0,2022-05-30,,1.0
bol u misicima,2022,23,0.0,2022-06-06,,1.0
bol u misicima,2022,24,0.0,2022-06-13,,1.0
bol u misicima,2022,25,0.0,2022-06-20,,1.0
bol u misicima,2022,26,0.0,2022-06-27,,
bol u misicima,2022,27,77.59775246305418,2022-07-04,,1.0
bol u misicima,2022,28,0.0,2022-07-11,,1.0
bol u misicima,2022,29,0.0,2022-07-18,,1.0
bol u misicima,2022,30,0.0,2022-07-25,,1.0
bol u misicima,2022,31,0.0,2022-08-01,,1.0
bol u misicima,2022,32,0.0,2022-08-08,,1.0
bol u misicima,2022,33,0.0,2022-08-15,,
bol u misicima,2022,34,107.31604064039406,2022-08-22,,
bol u misicima,2022,35,0.0,2022-08-29,,
bol u misicima,2022,36,0.0,2022-09-05,,
bol u misicima,2022,37,0.0,2022-09-12,,
bol u misicima,2022,38,0.0,2022-09-19,,
bol u misicima,2022,39,0.0,2022-09-26,,
bol u misicima,2022,40,0.0,2022-10-03,,1.0
bol u misicima,2022,41,0.0,2022-10-10,,1.0
bol u misicima,2022,42,62.73860837438422,2022-10-17,,1.0
bol u misicima,2022,43,0.0,2022-10-24,,1.0
bol u misicima,2022,44,0.0,2022-10-31,,1.0
bol u misicima,2022,45,0.0,2022-11-07,1.0,1.0
bol u misicima,2022,46,66.04064039408865,2022-11-14,,1.0
bol u misicima,2022,47,0.0,2022-11-21,,1.0
bol u misicima,2022,48,0.0,2022-11-28,2.0,1.0
bol u misicima,2022,49,0.0,2022-12-05,5.0,1.0
bol u misicima,2022,50,0.0,2022-12-12,26.0,1.0
bol u misicima,2022,51,0.0,2022-12-19,36.0,1.0
bol u misicima,2022,52,0.0,2022-12-26,31.0,1.0
bol u misicima,2023,1,61.08759236453201,2023-01-02,24.0,1.0
bol u misicima,2023,2,57.78556034482757,2023-01-09,78.0,1.0
bol u misicima,2023,3,0.0,2023-01-16,72.0,1.0
bol u misicima,2023,4,0.0,2023-01-23,58.0,1.0
bol u misicima,2023,5,75.94673645320195,2023-01-30,75.0,1.0
bol u misicima,2023,6,70.99368842364531,2023-02-06,91.0,1.0
bol u misicima,2023,7,67.69165640394087,2023-02-13,70.0,1.0
bol u misicima,2023,8,0.0,2023-02-20,85.0,1.0
bol u misicima,2023,9,67.69165640394087,2023-02-27,33.0,1.0
bol u misicima,2023,10,69.3426724137931,2023-03-06,32.0,1.0
bol u misicima,2023,11,0.0,2023-03-13,26.0,1.0
bol u misicima,2023,12,0.0,2023-03-20,25.0,1.0
bol u misicima,2023,13,67.69165640394087,2023-03-27,10.0,1.0
bol u misicima,2023,14,82.55080049261082,2023-04-03,12.0,1.0
bol u misicima,2023,15,0.0,2023-04-10,3.0,1.0
bol u misicima,2023,16,0.0,2023-04-17,1.0,1.0
bol u misicima,2023,17,0.0,2023-04-24,1.0,1.0
bol u misicima,2023,18,0.0,2023-05-01,,1.0
bol u misicima,2023,19,57.78556034482757,2023-05-08,,1.0
bol u misicima,2023,20,0.0,2023-05-15,,1.0
bol u misicima,2023,21,0.0,2023-05-22,,1.0
bol u misicima,2023,22,0.0,2023-05-29,,1.0
bol u misicima,2023,23,0.0,2023-06-05,,1.0
bol u misicima,2023,24,77.59775246305418,2023-06-12,,1.0
bol u misicima,2023,25,0.0,2023-06-19,,1.0
bol u misicima,2023,26,0.0,2023-06-26,,
bol u misicima,2023,27,0.0,2023-07-03,,
bol u misicima,2023,28,0.0,2023-07-10,,1.0
bol u misicima,2023,29,0.0,2023-07-17,,1.0
bol u misicima,2023,30,0.0,2023-07-24,,1.0
bol u misicima,2023,31,0.0,2023-07-31,,1.0
bol u misicima,2023,32,0.0,2023-08-07,,1.0
bol u misicima,2023,33,0.0,2023-08-14,,1.0
bol u misicima,2023,34,77.37505728032993,2023-08-21,,1.0
bol u misicima,2023,35,0.0,2023-08-28,,1.0
bol u misicima,2023,36,0.0,2023-09-04,,1.0
bol u misicima,2023,37,0.0,2023-09-11,,1.0
bol u misicima,2023,38,0.0,2023-09-18,,1.0
bol u misicima,2023,39,0.0,2023-09-25,,1.0
bol u misicima,2023,40,0.0,2023-10-02,,1.0
bol u misicima,2023,41,0.0,2023-10-09,,1.0
bol u misicima,2023,42,68.58243713483789,2023-10-16,,1.0
bol u misicima,2023,43,0.0,2023-10-23,,1.0
bol u misicima,2023,44,0.0,2023-10-30,,1.0
bol u misicima,2023,45,71.2202231784855,2023-11-06,1.0,1.0
bol u misicima,2023,46,0.0,2023-11-13,,1.0
bol u misicima,2023,47,68.58243713483789,2023-11-20,1.0,1.0
bol u misicima,2023,48,0.0,2023-11-27,1.0,1.0
bol u misicima,2023,49,0.0,2023-12-04,3.0,1.0
bol u misicima,2023,50,0.0,2023-12-11,7.0,1.0
bol u misicima,2023,51,0.0,2023-12-18,7.0,1.0
bol u misicima,2023,52,0.0,2023-12-25,21.0,1.0
bol u misicima,2024,1,0.0,2024-01-01,10.0,1.0
bol u misicima,2024,2,0.0,2024-01-08,21.0,1.0
bol u misicima,2024,3,0.0,2024-01-15,46.0,1.0
bol u misicima,2024,4,0.0,2024-01-22,93.0,1.0
bol u misicima,2024,5,0.0,2024-01-29,130.0,1.0
bol u misicima,2024,6,0.0,2024-02-05,119.0,1.0
bol u misicima,2024,7,0.0,2024-02-12,48.0,1.0
bol u misicima,2024,8,0.0,2024-02-19,82.0,1.0
bol u misicima,2024,9,0.0,2024-02-26,32.0,1.0
bol u misicima,2024,10,0.0,2024-03-04,22.0,1.0
bol u misicima,2024,11,0.0,2024-03-11,4.0,1.0
bol u misicima,2024,12,0.0,2024-03-18,1.0,1.0
bol u misicima,2024,13,0.0,2024-03-25,,1.0
bol u misicima,2024,14,0.0,2024-04-01,3.0,1.0
bol u misicima,2024,15,0.0,2024-04-08,2.0,1.0
bol u misicima,2024,16,0.0,2024-04-15,,1.0
bol u misicima,2024,17,0.0,2024-04-22,1.0,1.0
bol u misicima,2024,18,0.0,2024-04-29,,1.0
bol u misicima,2024,19,0.0,2024-05-06,1.0,1.0
bol u misicima,2024,20,0.0,2024-05-13,,1.0
bol u misicima,2024,21,0.0,2024-05-20,,1.0
bol u misicima,2024,22,0.0,2024-05-27,,1.0
bol u misicima,2024,23,0.0,2024-06-03,,1.0
bol u misicima,2024,24,0.0,2024-06-10,,1.0
bol u misicima,2024,25,0.0,2024-06-17,,1.0
bol u misicima,2024,26,0.0,2024-06-24,,1.0
bol u misicima,2024,27,0.0,2024-07-01,,1.0
bol u misicima,2024,28,0.0,2024-07-08,,1.0
bol u misicima,2024,29,0.0,2024-07-15,,1.0
bol u misicima,2024,30,0.0,2024-07-22,,1.0
bol u misicima,2024,31,0.0,2024-07-29,,1.0
bol u misicima,2024,32,0.0,2024-08-05,,1.0
bol u misicima,2024,33,0.0,2024-08-12,,1.0
bol u misicima,2024,34,0.0,2024-08-19,,1.0
bol u misicima,2024,35,0.0,2024-08-26,,1.0
bol u misicima,2024,36,0.0,2024-09-02,,1.0
bol u misicima,2024,37,0.0,2024-09-09,,1.0
bol u misicima,2024,38,0.0,2024-09-16,,1.0
bol u misicima,2024,39,0.0,2024-09-23,,1.0
bol u misicima,2024,40,0.0,2024-09-30,,1.0
bol u misicima,2024,41,0.0,2024-10-07,1.0,1.0
bol u misicima,2024,42,0.0,2024-10-14,,1.0
bol u misicima,2024,43,0.0,2024-10-21,,1.0
bol u misicima,2024,44,0.0,2024-10-28,,1.0
bol u misicima,2024,45,0.0,2024-11-04,,1.0
bol u misicima,2024,46,0.0,2024-11-11,,1.0
bol u misicima,2024,47,0.0,2024-11-18,,1.0
bol u misicima,2024,48,0.0,2024-11-25,,1.0
bol u misicima,2024,49,0.0,2024-12-02,2.0,1.0
bol u misicima,2024,50,0.0,2024-12-09,13.0,1.0
bol u misicima,2024,51,0.0,2024-12-16,3.0,1.0
bol u misicima,2024,52,0.0,2024-12-23,27.0,1.0
bol u misicima,2025,1,0.0,2024-12-30,6.0,1.0
bol u misicima,2025,2,0.0,2025-01-06,15.0,1.0
bol u misicima,2025,3,0.0,2025-01-13,36.0,1.0
bol u misicima,2025,4,0.0,2025-01-20,77.0,1.0
bol u misicima,2025,5,0.0,2025-01-27,71.0,1.0
bol u misicima,2025,6,0.0,2025-02-03,36.0,1.0
bol u misicima,2025,7,0.0,2025-02-10,45.0,1.0
bol u misicima,2025,8,0.0,2025-02-17,43.0,1.0
bol u misicima,2025,9,0.0,2025-02-24,54.0,1.0
bol u misicima,2025,10,87.92620145492037,2025-03-03,63.0,1.0
bol u misicima,2025,11,0.0,2025-03-10,19.0,1.0
bol u misicima,2025,12,0.0,2025-03-17,18.0,1.0
bol u misicima,2025,13,82.65062936762514,2025-03-24,8.0,1.0
bol u misicima,2025,14,0.0,2025-03-31,2.0,1.0
bol u misicima,2025,15,0.0,2025-04-07,2.0,1.0
bol u misicima,2025,16,0.0,2025-04-14,,1.0
bol u misicima,2025,17,0.0,2025-04-21,,1.0
bol u misicima,2025,18,0.0,2025-04-28,2.0,1.0
bol u misicima,2025,19,0.0,2025-05-05,,1.0
bol u misicima,2025,20,0.0,2025-05-12,,1.0
bol u misicima,2025,21,0.0,2025-05-19,,1.0
bol u misicima,2025,22,0.0,2025-05-26,,1.0
bol u misicima,2025,23,0.0,2025-06-02,,1.0
bol u misicima,2025,24,0.0,2025-06-09,,1.0
bol u misicima,2025,25,0.0,2025-06-16,,1.0
bol u misicima,2025,26,0.0,2025-06-23,,1.0
bol u misicima,2025,27,0.0,2025-06-30,,
bol u misicima,2025,28,0.0,2025-07-07,,1.0
bol u misicima,2025,29,0.0,2025-07-14,,1.0
bol u misicima,2025,30,0.0,2025-07-21,,1.0
bol u misicima,2025,31,0.0,2025-07-28,,1.0
bol u misicima,2025,32,0.0,2025-08-04,,1.0
bol u misicima,2025,33,0.0,2025-08-11,,1.0
bol u misicima,2025,34,0.0,2025-08-18,,1.0
bol u misicima,2025,35,0.0,2025-08-25,,1.0
bol u misicima,2025,36,0.0,2025-09-01,,1.0
bol u misicima,2025,37,0.0,2025-09-08,,1.0
bol u misicima,2025,38,0.0,2025-09-15,,1.0
bol u misicima,2025,39,0.0,2025-09-22,,1.0
bol u misicima,2025,40,0.0,2025-09-29,,1.0
bol u misicima,2025,41,0.0,2025-10-06,,1.0
bol u misicima,2025,42,0.0,2025-10-13,2.0,1.0
bol u misicima,2025,43,0.0,2025-10-20,3.0,1.0
bol u misicima,2025,44,0.0,2025-10-27,,1.0
bol u misicima,2025,45,0.0,2025-11-03,4.0,1.0
bol u misicima,2025,46,0.0,2025-11-10,2.0,1.0
bol u misicima,2025,47,0.0,2025-11-17,11.0,1.0
bol u misicima,2025,48,0.0,2025-11-24,14.0,1.0
bol u misicima,2025,49,0.0,2025-12-01,36.0,1.0
bol u misicima,2025,50,0.0,2025-12-08,55.0,1.0
bol u misicima,2025,51,0.0,2025-12-15,54.0,1.0
bol u misicima,2025,52,0.0,2025-12-22,45.0,1.0
bol u misicima,2026,1,0.0,2025-12-29,24.0,1.0
bol u misicima,2026,2,0.0,2026-01-05,8.0,1.0
bol u misicima,2026,3,0.0,2026-01-12,7.0,1.0
bol u misicima,2026,4,0.0,2026-01-19,15.0,1.0
bol u misicima,2026,5,0.0,2026-01-26,3.0,1.0
bol u misicima,2026,6,0.0,2026-02-02,4.0,1.0
bol u misicima,2026,7,0.0,2026-02-09,,1.0
bol u misicima,2026,8,0.0,2026-02-16,1.0,1.0
bol u misicima,2026,9,0.0,2026-02-23,2.0,1.0
bol u misicima,2026,10,0.0,2026-03-02,,1.0
bol u misicima,2026,11,0.0,2026-03-09,,1.0
bol u misicima,2026,12,0.0,2026-03-16,1.0,1.0
bol u misicima,2026,13,0.0,2026-03-23,,1.0
bol u misicima,2026,14,0.0,2026-03-30,,1.0
bol u misicima,2026,15,0.0,2026-04-06,,1.0
bol u misicima,2026,16,0.0,2026-04-13,,1.0
bol u misicima,2026,17,0.0,2026-04-20,,
bol u misicima,2026,18,0.0,2026-04-27,,1.0
bol u misicima,2026,19,0.0,2026-05-04,,1.0
bol u misicima,2026,20,0.0,2026-05-11,,1.0
bol u misicima,2026,21,0.0,2026-05-18,,1.0
bol u misicima,2026,22,0.0,2026-05-25,,1.0
bol u misicima,2026,23,0.0,2026-06-01,,1.0
bol u misicima,2026,24,0.0,2026-06-08,,1.0
bol u misicima,2026,25,0.0,2026-06-15,,1.0
bol u misicima,2026,26,0.0,2026-06-22,,1.0
bol u misicima,2026,27,0.0,2026-06-29,,1.0
bol u misicima,2026,28,0.0,2026-07-06,,1.0
bol u misicima,2026,29,0.0,2026-07-13,,1.0
bol u misicima,2026,30,100.0,2026-07-20,,
bol u misicima,2026,31,82.0,2026-07-27,,1.0
bronhitis,2013,1,63.0,2012-12-31,,
bronhitis,2013,2,58.0,2013-01-07,3.0,3.0
bronhitis,2013,3,53.0,2013-01-14,16.0,3.0
bronhitis,2013,4,56.0,2013-01-21,14.0,3.0
bronhitis,2013,5,58.0,2013-01-28,23.0,5.0
bronhitis,2013,6,60.0,2013-02-04,30.0,6.0
bronhitis,2013,7,63.0,2013-02-11,66.0,6.0
bronhitis,2013,8,42.0,2013-02-18,41.0,6.0
bronhitis,2013,9,72.0,2013-02-25,29.0,6.0
bronhitis,2013,10,47.0,2013-03-04,25.0,6.0
bronhitis,2013,11,63.0,2013-03-11,10.0,5.0
bronhitis,2013,12,44.0,2013-03-18,7.0,5.0
bronhitis,2013,13,46.0,2013-03-25,3.0,1.0
bronhitis,2013,14,50.0,2013-04-01,3.0,3.0
bronhitis,2013,15,33.0,2013-04-08,1.0,3.0
bronhitis,2013,16,37.0,2013-04-15,3.0,3.0
bronhitis,2013,17,48.0,2013-04-22,,2.0
bronhitis,2013,18,35.0,2013-04-29,,2.0
bronhitis,2013,19,0.0,2013-05-06,,2.0
bronhitis,2013,20,28.0,2013-05-13,,2.0
bronhitis,2013,21,36.0,2013-05-20,,
bronhitis,2013,22,34.0,2013-05-27,,
bronhitis,2013,23,35.0,2013-06-03,,
bronhitis,2013,24,32.0,2013-06-10,,
bronhitis,2013,25,0.0,2013-06-17,,
bronhitis,2013,26,0.0,2013-06-24,,
bronhitis,2013,27,31.0,2013-07-01,,
bronhitis,2013,28,33.0,2013-07-08,,
bronhitis,2013,29,0.0,2013-07-15,,
bronhitis,2013,30,0.0,2013-07-22,,
bronhitis,2013,31,0.0,2013-07-29,,
bronhitis,2013,32,0.0,2013-08-05,,
bronhitis,2013,33,0.0,2013-08-12,,
bronhitis,2013,34,35.0,2013-08-19,,
bronhitis,2013,35,33.0,2013-08-26,,
bronhitis,2013,36,28.0,2013-09-02,,
bronhitis,2013,37,37.0,2013-09-09,,
bronhitis,2013,38,67.0,2013-09-16,,
bronhitis,2013,39,43.0,2013-09-23,,
bronhitis,2013,40,61.0,2013-09-30,,
bronhitis,2013,41,68.0,2013-10-07,,1.0
bronhitis,2013,42,45.0,2013-10-14,,1.0
bronhitis,2013,43,39.0,2013-10-21,,1.0
bronhitis,2013,44,49.0,2013-10-28,,1.0
bronhitis,2013,45,47.0,2013-11-04,,1.0
bronhitis,2013,46,60.0,2013-11-11,,1.0
bronhitis,2013,47,64.0,2013-11-18,,1.0
bronhitis,2013,48,56.0,2013-11-25,,1.0
bronhitis,2013,49,62.0,2013-12-02,,1.0
bronhitis,2013,50,57.0,2013-12-09,,1.0
bronhitis,2013,51,45.0,2013-12-16,,1.0
bronhitis,2013,52,59.0,2013-12-23,,1.0
bronhitis,2014,1,64.0,2013-12-30,,1.0
bronhitis,2014,2,56.0,2014-01-06,1.0,1.0
bronhitis,2014,3,50.0,2014-01-13,2.0,1.0
bronhitis,2014,4,62.0,2014-01-20,3.0,1.0
bronhitis,2014,5,65.0,2014-01-27,2.0,1.0
bronhitis,2014,6,75.0,2014-02-03,3.0,1.0
bronhitis,2014,7,65.0,2014-02-10,20.0,1.0
bronhitis,2014,8,66.0,2014-02-17,6.0,1.0
bronhitis,2014,9,100.0,2014-02-24,15.0,1.0
bronhitis,2014,10,80.0,2014-03-03,12.0,1.0
bronhitis,2014,11,65.0,2014-03-10,15.0,1.0
bronhitis,2014,12,62.0,2014-03-17,16.0,1.0
bronhitis,2014,13,45.0,2014-03-24,20.0,1.0
bronhitis,2014,14,60.0,2014-03-31,9.0,1.0
bronhitis,2014,15,0.0,2014-04-07,5.0,1.0
bronhitis,2014,16,41.0,2014-04-14,3.0,1.0
bronhitis,2014,17,55.0,2014-04-21,1.0,1.0
bronhitis,2014,18,71.0,2014-04-28,,1.0
bronhitis,2014,19,33.0,2014-05-05,1.0,1.0
bronhitis,2014,20,47.0,2014-05-12,,1.0
bronhitis,2014,21,63.0,2014-05-19,,
bronhitis,2014,22,44.0,2014-05-26,,
bronhitis,2014,23,39.0,2014-06-02,,
bronhitis,2014,24,45.0,2014-06-09,,
bronhitis,2014,25,0.0,2014-06-16,,
bronhitis,2014,26,36.0,2014-06-23,,
bronhitis,2014,27,0.0,2014-06-30,,
bronhitis,2014,28,0.0,2014-07-07,,
bronhitis,2014,29,33.0,2014-07-14,,
bronhitis,2014,30,0.0,2014-07-21,,
bronhitis,2014,31,47.0,2014-07-28,,
bronhitis,2014,32,42.0,2014-08-04,,
bronhitis,2014,33,28.0,2014-08-11,,
bronhitis,2014,34,36.0,2014-08-18,,
bronhitis,2014,35,0.0,2014-08-25,,
bronhitis,2014,36,68.0,2014-09-01,,
bronhitis,2014,37,62.0,2014-09-08,,
bronhitis,2014,38,63.0,2014-09-15,,
bronhitis,2014,39,64.0,2014-09-22,1.0,1.0
bronhitis,2014,40,67.0,2014-09-29,1.0,1.0
bronhitis,2014,41,66.0,2014-10-06,,1.0
bronhitis,2014,42,86.0,2014-10-13,,1.0
bronhitis,2014,43,68.0,2014-10-20,,1.0
bronhitis,2014,44,89.0,2014-10-27,,1.0
bronhitis,2014,45,55.0,2014-11-03,,1.0
bronhitis,2014,46,71.0,2014-11-10,,1.0
bronhitis,2014,47,71.0,2014-11-17,,1.0
bronhitis,2014,48,78.0,2014-11-24,,1.0
bronhitis,2014,49,88.0,2014-12-01,,1.0
bronhitis,2014,50,83.0,2014-12-08,,1.0
bronhitis,2014,51,71.0,2014-12-15,,1.0
bronhitis,2014,52,74.0,2014-12-22,,1.0
bronhitis,2015,1,85.0,2014-12-29,,1.0
bronhitis,2015,2,76.0,2015-01-05,,1.0
bronhitis,2015,3,78.0,2015-01-12,2.0,1.0
bronhitis,2015,4,61.0,2015-01-19,11.0,1.0
bronhitis,2015,5,72.0,2015-01-26,22.0,1.0
bronhitis,2015,6,74.0,2015-02-02,26.0,1.0
bronhitis,2015,7,73.0,2015-02-09,51.0,1.0
bronhitis,2015,8,90.0,2015-02-16,28.0,1.0
bronhitis,2015,9,67.0,2015-02-23,67.0,1.0
bronhitis,2015,10,87.0,2015-03-02,40.0,1.0
bronhitis,2015,11,58.0,2015-03-09,58.0,1.0
bronhitis,2015,12,49.0,2015-03-16,38.0,1.0
bronhitis,2015,13,73.0,2015-03-23,30.0,1.0
bronhitis,2015,14,61.0,2015-03-30,23.0,1.0
bronhitis,2015,15,61.0,2015-04-06,13.0,1.0
bronhitis,2015,16,50.0,2015-04-13,11.0,1.0
bronhitis,2015,17,48.0,2015-04-20,5.0,1.0
bronhitis,2015,18,60.0,2015-04-27,2.0,1.0
bronhitis,2015,19,35.0,2015-05-04,1.0,1.0
bronhitis,2015,20,34.0,2015-05-11,,1.0
bronhitis,2015,21,52.0,2015-05-18,,
bronhitis,2015,22,54.0,2015-05-25,,
bronhitis,2015,23,53.0,2015-06-01,,
bronhitis,2015,24,29.0,2015-06-08,,
bronhitis,2015,25,50.0,2015-06-15,,
bronhitis,2015,26,42.0,2015-06-22,,
bronhitis,2015,27,32.0,2015-06-29,,
bronhitis,2015,28,40.0,2015-07-06,,
bronhitis,2015,29,0.0,2015-07-13,,
bronhitis,2015,30,31.0,2015-07-20,,
bronhitis,2015,31,25.0,2015-07-27,,
bronhitis,2015,32,37.0,2015-08-03,,
bronhitis,2015,33,0.0,2015-08-10,,
bronhitis,2015,34,47.0,2015-08-17,,
bronhitis,2015,35,0.0,2015-08-24,,
bronhitis,2015,36,39.0,2015-08-31,,
bronhitis,2015,37,46.0,2015-09-07,,
bronhitis,2015,38,40.0,2015-09-14,,
bronhitis,2015,39,59.0,2015-09-21,,
bronhitis,2015,40,76.0,2015-09-28,,
bronhitis,2015,41,70.0,2015-10-05,,
bronhitis,2015,42,88.0,2015-10-12,,
bronhitis,2015,43,95.0,2015-10-19,,
bronhitis,2015,44,56.0,2015-10-26,,
bronhitis,2015,45,59.0,2015-11-02,,1.0
bronhitis,2015,46,73.0,2015-11-09,,1.0
bronhitis,2015,47,54.0,2015-11-16,,1.0
bronhitis,2015,48,77.0,2015-11-23,,1.0
bronhitis,2015,49,72.0,2015-11-30,,1.0
bronhitis,2015,50,63.0,2015-12-07,,1.0
bronhitis,2015,51,71.0,2015-12-14,,1.0
bronhitis,2015,52,67.0,2015-12-21,,1.0
bronhitis,2015,53,107.59439707673567,2015-12-28,,1.0
bronhitis,2016,1,39.72716199756394,2016-01-04,3.0,1.0
bronhitis,2016,2,66.21193666260658,2016-01-11,6.0,1.0
bronhitis,2016,3,57.93544457978075,2016-01-18,16.0,1.0
bronhitis,2016,4,64.5566382460414,2016-01-25,14.0,1.0
bronhitis,2016,5,54.624847746650424,2016-02-01,26.0,1.0
bronhitis,2016,6,82.76492082825821,2016-02-08,36.0,1.0
bronhitis,2016,7,54.624847746650424,2016-02-15,14.0,1.0
bronhitis,2016,8,69.5225334957369,2016-02-22,33.0,1.0
bronhitis,2016,9,61.24604141291107,2016-02-29,44.0,1.0
bronhitis,2016,10,56.28014616321558,2016-03-07,50.0,1.0
bronhitis,2016,11,61.24604141291107,2016-03-14,35.0,1.0
bronhitis,2016,12,91.04141291108404,2016-03-21,54.0,1.0
bronhitis,2016,13,76.14372716199756,2016-03-28,57.0,1.0
bronhitis,2016,14,52.96954933008526,2016-04-04,39.0,1.0
bronhitis,2016,15,41.382460414129106,2016-04-11,26.0,1.0
bronhitis,2016,16,36.416565164433614,2016-04-18,2.0,1.0
bronhitis,2016,17,46.3483556638246,2016-04-25,2.0,1.0
bronhitis,2016,18,43.03775883069427,2016-05-02,4.0,1.0
bronhitis,2016,19,0.0,2016-05-09,,1.0
bronhitis,2016,20,36.416565164433614,2016-05-16,,1.0
bronhitis,2016,21,33.10596833130329,2016-05-23,,
bronhitis,2016,22,0.0,2016-05-30,,
bronhitis,2016,23,41.382460414129106,2016-06-06,,
bronhitis,2016,24,31.45066991473812,2016-06-13,,
bronhitis,2016,25,29.79537149817296,2016-06-20,,
bronhitis,2016,26,36.416565164433614,2016-06-27,,
bronhitis,2016,27,0.0,2016-07-04,,
bronhitis,2016,28,0.0,2016-07-11,,
bronhitis,2016,29,0.0,2016-07-18,,
bronhitis,2016,30,0.0,2016-07-25,,
bronhitis,2016,31,38.07186358099878,2016-08-01,,
bronhitis,2016,32,31.45066991473812,2016-08-08,,
bronhitis,2016,33,0.0,2016-08-15,,
bronhitis,2016,34,0.0,2016-08-22,,
bronhitis,2016,35,49.65895249695493,2016-08-29,,
bronhitis,2016,36,61.24604141291107,2016-09-05,,
bronhitis,2016,37,59.59074299634592,2016-09-12,,
bronhitis,2016,38,74.48842874543239,2016-09-19,,
bronhitis,2016,39,52.96954933008526,2016-09-26,,
bronhitis,2016,40,57.93544457978075,2016-10-03,,
bronhitis,2016,41,74.48842874543239,2016-10-10,,1.0
bronhitis,2016,42,52.96954933008526,2016-10-17,,1.0
bronhitis,2016,43,51.31425091352009,2016-10-24,,1.0
bronhitis,2016,44,67.86723507917173,2016-10-31,,1.0
bronhitis,2016,45,43.03775883069427,2016-11-07,,1.0
bronhitis,2016,46,66.21193666260658,2016-11-14,,1.0
bronhitis,2016,47,69.5225334957369,2016-11-21,,1.0
bronhitis,2016,48,69.5225334957369,2016-11-28,,1.0
bronhitis,2016,49,82.76492082825821,2016-12-05,9.0,1.0
bronhitis,2016,50,165.52984165651642,2016-12-12,84.0,1.0
bronhitis,2016,51,81.10962241169305,2016-12-19,109.0,1.0
bronhitis,2016,52,140.70036540803898,2016-12-26,162.0,1.0
bronhitis,2017,1,99.31790499390986,2017-01-02,77.0,1.0
bronhitis,2017,2,77.79902557856272,2017-01-09,,1.0
bronhitis,2017,3,79.45432399512788,2017-01-16,,1.0
bronhitis,2017,4,84.42021924482339,2017-01-23,,1.0
bronhitis,2017,5,44.69305724725944,2017-01-30,,1.0
bronhitis,2017,6,56.28014616321558,2017-02-06,,1.0
bronhitis,2017,7,74.48842874543239,2017-02-13,5.0,1.0
bronhitis,2017,8,57.93544457978075,2017-02-20,11.0,1.0
bronhitis,2017,9,76.14372716199756,2017-02-27,4.0,1.0
bronhitis,2017,10,74.48842874543239,2017-03-06,2.0,1.0
bronhitis,2017,11,81.10962241169305,2017-03-13,,1.0
bronhitis,2017,12,71.17783191230207,2017-03-20,,1.0
bronhitis,2017,13,97.66260657734468,2017-03-27,,1.0
bronhitis,2017,14,49.65895249695493,2017-04-03,,1.0
bronhitis,2017,15,39.72716199756394,2017-04-10,,1.0
bronhitis,2017,16,51.31425091352009,2017-04-17,,1.0
bronhitis,2017,17,41.382460414129106,2017-04-24,,1.0
bronhitis,2017,18,36.416565164433614,2017-05-01,,1.0
bronhitis,2017,19,57.93544457978075,2017-05-08,,1.0
bronhitis,2017,20,41.382460414129106,2017-05-15,,1.0
bronhitis,2017,21,57.93544457978075,2017-05-22,,
bronhitis,2017,22,46.3483556638246,2017-05-29,,
bronhitis,2017,23,46.3483556638246,2017-06-05,,
bronhitis,2017,24,41.382460414129106,2017-06-12,,
bronhitis,2017,25,34.76126674786845,2017-06-19,,
bronhitis,2017,26,48.003654080389765,2017-06-26,,
bronhitis,2017,27,0.0,2017-07-03,,
bronhitis,2017,28,0.0,2017-07-10,,
bronhitis,2017,29,0.0,2017-07-17,,
bronhitis,2017,30,0.0,2017-07-24,,
bronhitis,2017,31,0.0,2017-07-31,,
bronhitis,2017,32,0.0,2017-08-07,,
bronhitis,2017,33,0.0,2017-08-14,,
bronhitis,2017,34,28.14007308160779,2017-08-21,,
bronhitis,2017,35,0.0,2017-08-28,,
bronhitis,2017,36,49.65895249695493,2017-09-04,,
bronhitis,2017,37,28.14007308160779,2017-09-11,,
bronhitis,2017,38,57.93544457978075,2017-09-18,,
bronhitis,2017,39,59.59074299634592,2017-09-25,,
bronhitis,2017,40,54.624847746650424,2017-10-02,,1.0
bronhitis,2017,41,64.5566382460414,2017-10-09,,1.0
bronhitis,2017,42,54.624847746650424,2017-10-16,,1.0
bronhitis,2017,43,62.90133982947624,2017-10-23,,1.0
bronhitis,2017,44,64.5566382460414,2017-10-30,,2.0
bronhitis,2017,45,48.003654080389765,2017-11-06,,2.0
bronhitis,2017,46,51.31425091352009,2017-11-13,,3.0
bronhitis,2017,47,76.14372716199756,2017-11-20,,3.0
bronhitis,2017,48,59.59074299634592,2017-11-27,,3.0
bronhitis,2017,49,59.59074299634592,2017-12-04,,3.0
bronhitis,2017,50,64.5566382460414,2017-12-11,6.0,3.0
bronhitis,2017,51,72.83313032886723,2017-12-18,19.0,3.0
bronhitis,2017,52,59.59074299634592,2017-12-25,26.0,3.0
bronhitis,2018,1,97.66260657734468,2018-01-01,22.0,3.0
bronhitis,2018,2,89.38611449451888,2018-01-08,37.0,3.0
bronhitis,2018,3,104.28380024360536,2018-01-15,88.0,3.0
bronhitis,2018,4,107.59439707673567,2018-01-22,103.0,4.0
bronhitis,2018,5,135.73447015834347,2018-01-29,124.0,5.0
bronhitis,2018,6,79.45432399512788,2018-02-05,121.0,5.0
bronhitis,2018,7,87.7308160779537,2018-02-12,66.0,5.0
bronhitis,2018,8,74.48842874543239,2018-02-19,77.0,4.0
bronhitis,2018,9,69.5225334957369,2018-02-26,59.0,4.0
bronhitis,2018,10,76.14372716199756,2018-03-05,29.0,4.0
bronhitis,2018,11,66.21193666260658,2018-03-12,20.0,4.0
bronhitis,2018,12,84.42021924482339,2018-03-19,14.0,3.0
bronhitis,2018,13,46.3483556638246,2018-03-26,30.0,3.0
bronhitis,2018,14,41.382460414129106,2018-04-02,21.0,3.0
bronhitis,2018,15,64.5566382460414,2018-04-09,16.0,3.0
bronhitis,2018,16,57.93544457978075,2018-04-16,1.0,3.0
bronhitis,2018,17,41.382460414129106,2018-04-23,,2.0
bronhitis,2018,18,38.07186358099878,2018-04-30,,2.0
bronhitis,2018,19,38.07186358099878,2018-05-07,,1.0
bronhitis,2018,20,36.416565164433614,2018-05-14,,1.0
bronhitis,2018,21,41.382460414129106,2018-05-21,,1.0
bronhitis,2018,22,36.416565164433614,2018-05-28,,1.0
bronhitis,2018,23,0.0,2018-06-04,,1.0
bronhitis,2018,24,38.07186358099878,2018-06-11,,1.0
bronhitis,2018,25,0.0,2018-06-18,,1.0
bronhitis,2018,26,34.76126674786845,2018-06-25,,1.0
bronhitis,2018,27,32.695224307341704,2018-07-02,,1.0
bronhitis,2018,28,34.057525320147604,2018-07-09,,1.0
bronhitis,2018,29,28.60832126892399,2018-07-16,,1.0
bronhitis,2018,30,35.41982633295351,2018-07-23,,1.0
bronhitis,2018,31,39.50672937137122,2018-07-30,,1.0
bronhitis,2018,32,38.14442835856532,2018-08-06,,1.0
bronhitis,2018,33,49.04283646101256,2018-08-13,,1.0
bronhitis,2018,34,61.30354557626569,2018-08-20,,1.0
bronhitis,2018,35,70.83965266590702,2018-08-27,,1.0
bronhitis,2018,36,76.28885671713064,2018-09-03,,1.0
bronhitis,2018,37,44.95593342259484,2018-09-10,,1.0
bronhitis,2018,38,70.83965266590702,2018-09-17,,1.0
bronhitis,2018,39,57.21664253784798,2018-09-24,,1.0
bronhitis,2018,40,85.82496380677198,2018-10-01,,1.0
bronhitis,2018,41,74.92655570432474,2018-10-08,,1.0
bronhitis,2018,42,70.83965266590702,2018-10-15,,1.0
bronhitis,2018,43,59.94124456345979,2018-10-22,,1.0
bronhitis,2018,44,46.31823443540075,2018-10-29,,1.0
bronhitis,2018,45,66.75274962748931,2018-11-05,,1.0
bronhitis,2018,46,85.82496380677198,2018-11-12,,1.0
bronhitis,2018,47,64.0281476018775,2018-11-19,,1.0
bronhitis,2018,48,91.2741678579956,2018-11-26,,1.0
bronhitis,2018,49,119.88248912691958,2018-12-03,,1.0
bronhitis,2018,50,89.91186684518968,2018-12-10,,1.0
bronhitis,2018,51,96.7233719092192,2018-12-17,,1.0
bronhitis,2018,52,125.3316931781432,2018-12-24,3.0,1.0
bronhitis,2019,1,87.18726481957788,2018-12-31,11.0,2.0
bronhitis,2019,2,64.0281476018775,2019-01-07,16.0,2.0
bronhitis,2019,3,91.2741678579956,2019-01-14,42.0,2.0
bronhitis,2019,4,110.34638203727825,2019-01-21,99.0,2.0
bronhitis,2019,5,110.34638203727825,2019-01-28,273.0,4.0
bronhitis,2019,6,83.10036178116016,2019-02-04,388.0,4.0
bronhitis,2019,7,66.75274962748931,2019-02-11,309.0,4.0
bronhitis,2019,8,49.04283646101256,2019-02-18,307.0,4.0
bronhitis,2019,9,46.31823443540075,2019-02-25,138.0,3.0
bronhitis,2019,10,42.23133139698304,2019-03-04,100.0,3.0
bronhitis,2019,11,57.21664253784798,2019-03-11,50.0,3.0
bronhitis,2019,12,54.49204051223617,2019-03-18,25.0,2.0
bronhitis,2019,13,66.75274962748931,2019-03-25,40.0,2.0
bronhitis,2019,14,44.95593342259484,2019-04-01,17.0,2.0
bronhitis,2019,15,51.76743848662437,2019-04-08,14.0,2.0
bronhitis,2019,16,46.31823443540075,2019-04-15,5.0,2.0
bronhitis,2019,17,38.14442835856532,2019-04-22,9.0,2.0
bronhitis,2019,18,32.695224307341704,2019-04-29,,2.0
bronhitis,2019,19,44.95593342259484,2019-05-06,,2.0
bronhitis,2019,20,54.49204051223617,2019-05-13,,2.0
bronhitis,2019,21,39.50672937137122,2019-05-20,,1.0
bronhitis,2019,22,53.12973949943027,2019-05-27,,1.0
bronhitis,2019,23,36.78212734575942,2019-06-03,,1.0
bronhitis,2019,24,34.057525320147604,2019-06-10,,1.0
bronhitis,2019,25,35.41982633295351,2019-06-17,,1.0
bronhitis,2019,26,50.405137473818456,2019-06-24,,1.0
bronhitis,2019,27,27.246020256118086,2019-07-01,,1.0
bronhitis,2019,28,36.78212734575942,2019-07-08,,1.0
bronhitis,2019,29,39.50672937137122,2019-07-15,,1.0
bronhitis,2019,30,0.0,2019-07-22,,1.0
bronhitis,2019,31,0.0,2019-07-29,,1.0
bronhitis,2019,32,27.246020256118086,2019-08-05,,1.0
bronhitis,2019,33,46.31823443540075,2019-08-12,,1.0
bronhitis,2019,34,32.695224307341704,2019-08-19,,1.0
bronhitis,2019,35,0.0,2019-08-26,,1.0
bronhitis,2019,36,34.057525320147604,2019-09-02,,1.0
bronhitis,2019,37,38.14442835856532,2019-09-09,,1.0
bronhitis,2019,38,47.680535448206655,2019-09-16,,1.0
bronhitis,2019,39,64.0281476018775,2019-09-23,,1.0
bronhitis,2019,40,54.49204051223617,2019-09-30,,1.0
bronhitis,2019,41,39.50672937137122,2019-10-07,,1.0
bronhitis,2019,42,72.20195367871293,2019-10-14,,1.0
bronhitis,2019,43,74.92655570432474,2019-10-21,,1.0
bronhitis,2019,44,76.28885671713064,2019-10-28,,1.0
bronhitis,2019,45,70.83965266590702,2019-11-04,,1.0
bronhitis,2019,46,50.405137473818456,2019-11-11,,1.0
bronhitis,2019,47,49.04283646101256,2019-11-18,,1.0
bronhitis,2019,48,81.73806076835426,2019-11-25,,1.0
bronhitis,2019,49,69.47735165310112,2019-12-02,6.0,2.0
bronhitis,2019,50,77.65115772993654,2019-12-09,9.0,2.0
bronhitis,2019,51,84.46266279396608,2019-12-16,10.0,3.0
bronhitis,2019,52,70.83965266590702,2019-12-23,8.0,3.0
bronhitis,2020,1,81.73806076835426,2019-12-30,10.0,3.0
bronhitis,2020,2,103.53487697324871,2020-01-06,24.0,3.0
bronhitis,2020,3,92.6364688708015,2020-01-13,60.0,3.0
bronhitis,2020,4,121.24479013972548,2020-01-20,179.0,3.0
bronhitis,2020,5,99.447973934831,2020-01-27,235.0,3.0
bronhitis,2020,6,104.89717798605464,2020-02-03,290.0,5.0
bronhitis,2020,7,39.50672937137122,2020-02-10,191.0,5.0
bronhitis,2020,8,57.21664253784798,2020-02-17,83.0,4.0
bronhitis,2020,9,61.30354557626569,2020-02-24,93.0,3.0
bronhitis,2020,10,64.0281476018775,2020-03-02,34.0,3.0
bronhitis,2020,11,65.39044861468341,2020-03-09,37.0,3.0
bronhitis,2020,12,85.82496380677198,2020-03-16,6.0,2.0
bronhitis,2020,13,51.76743848662437,2020-03-23,,2.0
bronhitis,2020,14,59.94124456345979,2020-03-30,,1.0
bronhitis,2020,15,59.94124456345979,2020-04-06,,1.0
bronhitis,2020,16,39.50672937137122,2020-04-13,,1.0
bronhitis,2020,17,19.07221417928266,2020-04-20,,1.0
bronhitis,2020,18,20.434515192088565,2020-04-27,,1.0
bronhitis,2020,19,25.883719243312186,2020-05-04,,1.0
bronhitis,2020,20,20.434515192088565,2020-05-11,,1.0
bronhitis,2020,21,0.0,2020-05-18,,1.0
bronhitis,2020,22,20.434515192088565,2020-05-25,,1.0
bronhitis,2020,23,0.0,2020-06-01,,1.0
bronhitis,2020,24,0.0,2020-06-08,,1.0
bronhitis,2020,25,24.52141823050628,2020-06-15,,1.0
bronhitis,2020,26,47.680535448206655,2020-06-22,,1.0
bronhitis,2020,27,39.50672937137122,2020-06-29,,1.0
bronhitis,2020,28,36.78212734575942,2020-07-06,,1.0
bronhitis,2020,29,34.057525320147604,2020-07-13,,1.0
bronhitis,2020,30,40.86903038417713,2020-07-20,,1.0
bronhitis,2020,31,25.883719243312186,2020-07-27,,1.0
bronhitis,2020,32,0.0,2020-08-03,,1.0
bronhitis,2020,33,23.159117217700373,2020-08-10,,1.0
bronhitis,2020,34,24.52141823050628,2020-08-17,,1.0
bronhitis,2020,35,0.0,2020-08-24,,1.0
bronhitis,2020,36,29.970622281729895,2020-08-31,,1.0
bronhitis,2020,37,28.60832126892399,2020-09-07,,1.0
bronhitis,2020,38,25.883719243312186,2020-09-14,,1.0
bronhitis,2020,39,31.3329232945358,2020-09-21,,1.0
bronhitis,2020,40,28.60832126892399,2020-09-28,,1.0
bronhitis,2020,41,40.86903038417713,2020-10-05,,1.0
bronhitis,2020,42,40.86903038417713,2020-10-12,,1.0
bronhitis,2020,43,46.31823443540075,2020-10-19,,1.0
bronhitis,2020,44,46.31823443540075,2020-10-26,,2.0
bronhitis,2020,45,55.854341525042074,2020-11-02,,2.0
bronhitis,2020,46,65.39044861468341,2020-11-09,,2.0
bronhitis,2020,47,73.56425469151884,2020-11-16,,2.0
bronhitis,2020,48,62.6658465890716,2020-11-23,,1.0
bronhitis,2020,49,76.28885671713064,2020-11-30,,1.0
bronhitis,2020,50,51.76743848662437,2020-12-07,,1.0
bronhitis,2020,51,53.12973949943027,2020-12-14,,1.0
bronhitis,2020,52,50.405137473818456,2020-12-21,,1.0
bronhitis,2020,53,25.92731287572197,2020-12-28,,1.0
bronhitis,2021,1,58.57652168218667,2021-01-04,,1.0
bronhitis,2021,2,42.25191727895432,2021-01-11,,1.0
bronhitis,2021,3,0.0,2021-01-18,,1.0
bronhitis,2021,4,35.53002134821159,2021-01-25,,1.0
bronhitis,2021,5,41.29164643170536,2021-02-01,,1.0
bronhitis,2021,6,59.53679252943564,2021-02-08,,1.0
bronhitis,2021,7,45.13272982070121,2021-02-15,,1.0
bronhitis,2021,8,40.3313755844564,2021-02-22,,1.0
bronhitis,2021,9,29.76839626471782,2021-03-01,,1.0
bronhitis,2021,10,62.41760507118252,2021-03-08,,
bronhitis,2021,11,43.21218812620328,2021-03-15,,
bronhitis,2021,12,41.29164643170536,2021-03-22,,
bronhitis,2021,13,34.56975050096263,2021-03-29,,
bronhitis,2021,14,28.808125417468855,2021-04-05,,
bronhitis,2021,15,53.77516744594186,2021-04-12,,
bronhitis,2021,16,29.76839626471782,2021-04-19,,
bronhitis,2021,17,27.847854570219894,2021-04-26,,
bronhitis,2021,18,46.09300066795016,2021-05-03,,
bronhitis,2021,19,31.68893795921574,2021-05-10,,
bronhitis,2021,20,29.76839626471782,2021-05-17,,
bronhitis,2021,21,37.45056304270951,2021-05-24,,
bronhitis,2021,22,33.60947965371366,2021-05-31,,
bronhitis,2021,23,22.08622948672612,2021-06-07,,
bronhitis,2021,24,24.967042028473006,2021-06-14,,
bronhitis,2021,25,27.847854570219894,2021-06-21,,
bronhitis,2021,26,35.53002134821159,2021-06-28,,
bronhitis,2021,27,35.53002134821159,2021-07-05,,
bronhitis,2021,28,38.410833889958475,2021-07-12,,
bronhitis,2021,29,40.3313755844564,2021-07-19,,
bronhitis,2021,30,26.88758372297093,2021-07-26,,
bronhitis,2021,31,37.45056304270951,2021-08-02,,
bronhitis,2021,32,40.3313755844564,2021-08-09,,
bronhitis,2021,33,46.09300066795016,2021-08-16,,
bronhitis,2021,34,39.37110473720743,2021-08-23,,
bronhitis,2021,35,56.655979987688745,2021-08-30,,
bronhitis,2021,36,85.4641054051576,2021-09-06,,
bronhitis,2021,37,44.17245897345224,2021-09-13,,
bronhitis,2021,38,66.25868846017836,2021-09-20,,
bronhitis,2021,39,78.74220947441486,2021-09-27,,
bronhitis,2021,40,56.655979987688745,2021-10-04,,1.0
bronhitis,2021,41,93.14627218314928,2021-10-11,,1.0
bronhitis,2021,42,86.42437625240656,2021-10-18,,1.0
bronhitis,2021,43,72.9805843909211,2021-10-25,,1.0
bronhitis,2021,44,50.89435490419498,2021-11-01,,1.0
bronhitis,2021,45,50.89435490419498,2021-11-08,,1.0
bronhitis,2021,46,59.53679252943564,2021-11-15,,1.0
bronhitis,2021,47,49.93408405694601,2021-11-22,,1.0
bronhitis,2021,48,49.93408405694601,2021-11-29,,1.0
bronhitis,2021,49,81.62302201616176,2021-12-06,,1.0
bronhitis,2021,50,62.41760507118252,2021-12-13,1.0,1.0
bronhitis,2021,51,81.62302201616176,2021-12-20,1.0,1.0
bronhitis,2021,52,65.2984176129294,2021-12-27,12.0,1.0
bronhitis,2022,1,84.50383455790865,2022-01-03,21.0,1.0
bronhitis,2022,2,66.25868846017836,2022-01-10,16.0,1.0
bronhitis,2022,3,55.69570914043979,2022-01-17,19.0,1.0
bronhitis,2022,4,62.41760507118252,2022-01-24,7.0,1.0
bronhitis,2022,5,54.735438293190825,2022-01-31,4.0,1.0
bronhitis,2022,6,44.17245897345224,2022-02-07,31.0,1.0
bronhitis,2022,7,47.05327151519913,2022-02-14,25.0,1.0
bronhitis,2022,8,51.85462575144394,2022-02-21,12.0,1.0
bronhitis,2022,9,49.93408405694601,2022-02-28,3.0,1.0
bronhitis,2022,10,63.37787591843148,2022-03-07,34.0,1.0
bronhitis,2022,11,67.21895930742733,2022-03-14,77.0,1.0
bronhitis,2022,12,76.82166777991695,2022-03-21,77.0,1.0
bronhitis,2022,13,59.53679252943564,2022-03-28,66.0,1.0
bronhitis,2022,14,29.76839626471782,2022-04-04,43.0,1.0
bronhitis,2022,15,48.973813209697056,2022-04-11,32.0,1.0
bronhitis,2022,16,44.17245897345224,2022-04-18,17.0,1.0
bronhitis,2022,17,44.17245897345224,2022-04-25,8.0,1.0
bronhitis,2022,18,42.25191727895432,2022-05-02,4.0,1.0
bronhitis,2022,19,31.68893795921574,2022-05-09,3.0,1.0
bronhitis,2022,20,43.21218812620328,2022-05-16,4.0,1.0
bronhitis,2022,21,46.09300066795016,2022-05-23,3.0,1.0
bronhitis,2022,22,32.6492088064647,2022-05-30,,1.0
bronhitis,2022,23,45.13272982070121,2022-06-06,,1.0
bronhitis,2022,24,37.45056304270951,2022-06-13,,1.0
bronhitis,2022,25,0.0,2022-06-20,,1.0
bronhitis,2022,26,42.25191727895432,2022-06-27,,
bronhitis,2022,27,31.68893795921574,2022-07-04,,1.0
bronhitis,2022,28,0.0,2022-07-11,,1.0
bronhitis,2022,29,30.72866711196678,2022-07-18,,1.0
bronhitis,2022,30,0.0,2022-07-25,,1.0
bronhitis,2022,31,29.76839626471782,2022-08-01,,1.0
bronhitis,2022,32,23.04650033397508,2022-08-08,,1.0
bronhitis,2022,33,41.29164643170536,2022-08-15,,
bronhitis,2022,34,23.04650033397508,2022-08-22,,
bronhitis,2022,35,22.08622948672612,2022-08-29,,
bronhitis,2022,36,32.6492088064647,2022-09-05,,
bronhitis,2022,37,46.09300066795016,2022-09-12,,
bronhitis,2022,38,63.37787591843148,2022-09-19,,
bronhitis,2022,39,58.57652168218667,2022-09-26,,
bronhitis,2022,40,69.13950100192525,2022-10-03,,1.0
bronhitis,2022,41,71.06004269642318,2022-10-10,,1.0
bronhitis,2022,42,66.25868846017836,2022-10-17,,1.0
bronhitis,2022,43,88.34491794690449,2022-10-24,,1.0
bronhitis,2022,44,67.21895930742733,2022-10-31,,1.0
bronhitis,2022,45,69.13950100192525,2022-11-07,1.0,1.0
bronhitis,2022,46,78.74220947441486,2022-11-14,,1.0
bronhitis,2022,47,96.02708472489618,2022-11-21,,1.0
bronhitis,2022,48,77.78193862716591,2022-11-28,2.0,1.0
bronhitis,2022,49,64.33814676568045,2022-12-05,5.0,1.0
bronhitis,2022,50,54.735438293190825,2022-12-12,26.0,1.0
bronhitis,2022,51,66.25868846017836,2022-12-19,36.0,1.0
bronhitis,2022,52,82.58329286341072,2022-12-26,31.0,1.0
bronhitis,2023,1,71.06004269642318,2023-01-02,24.0,1.0
bronhitis,2023,2,72.9805843909211,2023-01-09,78.0,1.0
bronhitis,2023,3,51.85462575144394,2023-01-16,72.0,1.0
bronhitis,2023,4,72.02031354367213,2023-01-23,58.0,1.0
bronhitis,2023,5,67.21895930742733,2023-01-30,75.0,1.0
bronhitis,2023,6,82.58329286341072,2023-02-06,91.0,1.0
bronhitis,2023,7,57.61625083493771,2023-02-13,70.0,1.0
bronhitis,2023,8,68.17923015467629,2023-02-20,85.0,1.0
bronhitis,2023,9,63.37787591843148,2023-02-27,33.0,1.0
bronhitis,2023,10,64.33814676568045,2023-03-06,32.0,1.0
bronhitis,2023,11,37.45056304270951,2023-03-13,26.0,1.0
bronhitis,2023,12,48.01354236244809,2023-03-20,25.0,1.0
bronhitis,2023,13,49.93408405694601,2023-03-27,10.0,1.0
bronhitis,2023,14,48.01354236244809,2023-04-03,12.0,1.0
bronhitis,2023,15,44.17245897345224,2023-04-10,3.0,1.0
bronhitis,2023,16,50.89435490419498,2023-04-17,1.0,1.0
bronhitis,2023,17,31.68893795921574,2023-04-24,1.0,1.0
bronhitis,2023,18,34.56975050096263,2023-05-01,,1.0
bronhitis,2023,19,35.53002134821159,2023-05-08,,1.0
bronhitis,2023,20,31.68893795921574,2023-05-15,,1.0
bronhitis,2023,21,41.29164643170536,2023-05-22,,1.0
bronhitis,2023,22,36.49029219546055,2023-05-29,,1.0
bronhitis,2023,23,34.56975050096263,2023-06-05,,1.0
bronhitis,2023,24,38.410833889958475,2023-06-12,,1.0
bronhitis,2023,25,31.68893795921574,2023-06-19,,1.0
bronhitis,2023,26,31.68893795921574,2023-06-26,,
bronhitis,2023,27,29.92368169912425,2023-07-03,,
bronhitis,2023,28,0.0,2023-07-10,,1.0
bronhitis,2023,29,27.35879469634217,2023-07-17,,1.0
bronhitis,2023,30,25.648870027820784,2023-07-24,,1.0
bronhitis,2023,31,29.06871936486355,2023-07-31,,1.0
bronhitis,2023,32,41.89315437877395,2023-08-07,,1.0
bronhitis,2023,33,28.213757030602864,2023-08-14,,1.0
bronhitis,2023,34,37.61834270747048,2023-08-21,,1.0
bronhitis,2023,35,30.77864403338494,2023-08-28,,1.0
bronhitis,2023,36,24.79390769356009,2023-09-04,,1.0
bronhitis,2023,37,53.00766472416295,2023-09-11,,1.0
bronhitis,2023,38,31.633606367645633,2023-09-18,,1.0
bronhitis,2023,39,35.0534557046884,2023-09-25,,1.0
bronhitis,2023,40,55.57255172694503,2023-10-02,,1.0
bronhitis,2023,41,48.73285305285949,2023-10-09,,1.0
bronhitis,2023,42,50.44277772138088,2023-10-16,,1.0
bronhitis,2023,43,49.58781538712018,2023-10-23,,1.0
bronhitis,2023,44,32.488568701906324,2023-10-30,,1.0
bronhitis,2023,45,47.0229283843381,2023-11-06,1.0,1.0
bronhitis,2023,46,56.42751406120573,2023-11-13,,1.0
bronhitis,2023,47,73.52676074641958,2023-11-20,1.0,1.0
bronhitis,2023,48,82.9313464232872,2023-11-27,1.0,1.0
bronhitis,2023,49,85.49623342606928,2023-12-04,3.0,1.0
bronhitis,2023,50,58.9924010639878,2023-12-11,7.0,1.0
bronhitis,2023,51,68.39698674085543,2023-12-18,7.0,1.0
bronhitis,2023,52,76.94661008346235,2023-12-25,21.0,1.0
bronhitis,2024,1,61.55728806676988,2024-01-01,10.0,1.0
bronhitis,2024,2,71.81683607789819,2024-01-08,21.0,1.0
bronhitis,2024,3,80.36645942050512,2024-01-15,46.0,1.0
bronhitis,2024,4,66.68706207233404,2024-01-22,93.0,1.0
bronhitis,2024,5,72.67179841215889,2024-01-29,130.0,1.0
bronhitis,2024,6,53.86262705842365,2024-02-05,119.0,1.0
bronhitis,2024,7,38.47330504173117,2024-02-12,48.0,1.0
bronhitis,2024,8,47.8778907185988,2024-02-19,82.0,1.0
bronhitis,2024,9,42.74811671303464,2024-02-26,32.0,1.0
bronhitis,2024,10,41.89315437877395,2024-03-04,22.0,1.0
bronhitis,2024,11,0.0,2024-03-11,4.0,1.0
bronhitis,2024,12,52.15270238990226,2024-03-18,1.0,1.0
bronhitis,2024,13,29.06871936486355,2024-03-25,,1.0
bronhitis,2024,14,21.37405835651732,2024-04-01,3.0,1.0
bronhitis,2024,15,30.77864403338494,2024-04-08,2.0,1.0
bronhitis,2024,16,51.29774005564157,2024-04-15,,1.0
bronhitis,2024,17,33.34353103616702,2024-04-22,1.0,1.0
bronhitis,2024,18,0.0,2024-04-29,,1.0
bronhitis,2024,19,34.19849337042771,2024-05-06,1.0,1.0
bronhitis,2024,20,28.213757030602864,2024-05-13,,1.0
bronhitis,2024,21,28.213757030602864,2024-05-20,,1.0
bronhitis,2024,22,0.0,2024-05-27,,1.0
bronhitis,2024,23,39.32826737599187,2024-06-03,,1.0
bronhitis,2024,24,36.76338037320979,2024-06-10,,1.0
bronhitis,2024,25,0.0,2024-06-17,,1.0
bronhitis,2024,26,30.77864403338494,2024-06-24,,1.0
bronhitis,2024,27,23.9389453592994,2024-07-01,,1.0
bronhitis,2024,28,32.488568701906324,2024-07-08,,1.0
bronhitis,2024,29,23.083983025038705,2024-07-15,,1.0
bronhitis,2024,30,28.213757030602864,2024-07-22,,1.0
bronhitis,2024,31,23.9389453592994,2024-07-29,,1.0
bronhitis,2024,32,27.35879469634217,2024-08-05,,1.0
bronhitis,2024,33,35.908418038949094,2024-08-12,,1.0
bronhitis,2024,34,0.0,2024-08-19,,1.0
bronhitis,2024,35,0.0,2024-08-26,,1.0
bronhitis,2024,36,0.0,2024-09-02,,1.0
bronhitis,2024,37,31.633606367645633,2024-09-09,,1.0
bronhitis,2024,38,37.61834270747048,2024-09-16,,1.0
bronhitis,2024,39,35.908418038949094,2024-09-23,,1.0
bronhitis,2024,40,29.06871936486355,2024-09-30,,1.0
bronhitis,2024,41,63.26721273529127,2024-10-07,1.0,1.0
bronhitis,2024,42,72.67179841215889,2024-10-14,,1.0
bronhitis,2024,43,59.8473633982485,2024-10-21,,1.0
bronhitis,2024,44,60.70232573250919,2024-10-28,,1.0
bronhitis,2024,45,39.32826737599187,2024-11-04,,1.0
bronhitis,2024,46,35.0534557046884,2024-11-11,,1.0
bronhitis,2024,47,50.44277772138088,2024-11-18,,1.0
bronhitis,2024,48,61.55728806676988,2024-11-25,,1.0
bronhitis,2024,49,46.16796605007741,2024-12-02,2.0,1.0
bronhitis,2024,50,47.8778907185988,2024-12-09,13.0,1.0
bronhitis,2024,51,41.89315437877395,2024-12-16,3.0,1.0
bronhitis,2024,52,51.29774005564157,2024-12-23,27.0,1.0
bronhitis,2025,1,71.81683607789819,2024-12-30,6.0,1.0
bronhitis,2025,2,47.0229283843381,2025-01-06,15.0,1.0
bronhitis,2025,3,48.73285305285949,2025-01-13,36.0,1.0
bronhitis,2025,4,56.42751406120573,2025-01-20,77.0,1.0
bronhitis,2025,5,50.44277772138088,2025-01-27,71.0,1.0
bronhitis,2025,6,41.03819204451325,2025-02-03,36.0,1.0
bronhitis,2025,7,54.71758939268434,2025-02-10,45.0,1.0
bronhitis,2025,8,47.8778907185988,2025-02-17,43.0,1.0
bronhitis,2025,9,44.45804138155602,2025-02-24,54.0,1.0
bronhitis,2025,10,47.8778907185988,2025-03-03,63.0,1.0
bronhitis,2025,11,0.0,2025-03-10,19.0,1.0
bronhitis,2025,12,38.47330504173117,2025-03-17,18.0,1.0
bronhitis,2025,13,47.0229283843381,2025-03-24,8.0,1.0
bronhitis,2025,14,40.18322971025256,2025-03-31,2.0,1.0
bronhitis,2025,15,24.79390769356009,2025-04-07,2.0,1.0
bronhitis,2025,16,0.0,2025-04-14,,1.0
bronhitis,2025,17,35.0534557046884,2025-04-21,,1.0
bronhitis,2025,18,35.0534557046884,2025-04-28,2.0,1.0
bronhitis,2025,19,30.77864403338494,2025-05-05,,1.0
bronhitis,2025,20,0.0,2025-05-12,,1.0
bronhitis,2025,21,29.06871936486355,2025-05-19,,1.0
bronhitis,2025,22,0.0,2025-05-26,,1.0
bronhitis,2025,23,30.77864403338494,2025-06-02,,1.0
bronhitis,2025,24,26.503832362081475,2025-06-09,,1.0
bronhitis,2025,25,27.35879469634217,2025-06-16,,1.0
bronhitis,2025,26,0.0,2025-06-23,,1.0
bronhitis,2025,27,0.0,2025-06-30,,
bronhitis,2025,28,26.503832362081475,2025-07-07,,1.0
bronhitis,2025,29,0.0,2025-07-14,,1.0
bronhitis,2025,30,0.0,2025-07-21,,1.0
bronhitis,2025,31,0.0,2025-07-28,,1.0
bronhitis,2025,32,0.0,2025-08-04,,1.0
bronhitis,2025,33,0.0,2025-08-11,,1.0
bronhitis,2025,34,0.0,2025-08-18,,1.0
bronhitis,2025,35,0.0,2025-08-25,,1.0
bronhitis,2025,36,0.0,2025-09-01,,1.0
bronhitis,2025,37,26.503832362081475,2025-09-08,,1.0
bronhitis,2025,38,35.0534557046884,2025-09-15,,1.0
bronhitis,2025,39,0.0,2025-09-22,,1.0
bronhitis,2025,40,0.0,2025-09-29,,1.0
bronhitis,2025,41,0.0,2025-10-06,,1.0
bronhitis,2025,42,38.47330504173117,2025-10-13,2.0,1.0
bronhitis,2025,43,25.648870027820784,2025-10-20,3.0,1.0
bronhitis,2025,44,35.0534557046884,2025-10-27,,1.0
bronhitis,2025,45,31.633606367645633,2025-11-03,4.0,1.0
bronhitis,2025,46,30.77864403338494,2025-11-10,2.0,1.0
bronhitis,2025,47,33.34353103616702,2025-11-17,11.0,1.0
bronhitis,2025,48,0.0,2025-11-24,14.0,1.0
bronhitis,2025,49,46.16796605007741,2025-12-01,36.0,1.0
bronhitis,2025,50,40.18322971025256,2025-12-08,55.0,1.0
bronhitis,2025,51,54.71758939268434,2025-12-15,54.0,1.0
bronhitis,2025,52,52.15270238990226,2025-12-22,45.0,1.0
bronhitis,2026,1,31.16440775022128,2025-12-29,24.0,1.0
bronhitis,2026,2,35.53835971516462,2026-01-05,8.0,1.0
bronhitis,2026,3,38.272079693254206,2026-01-12,7.0,1.0
bronhitis,2026,4,50.300447596848386,2026-01-19,15.0,1.0
bronhitis,2026,5,43.19277565381546,2026-01-26,3.0,1.0
bronhitis,2026,6,32.804639737075036,2026-02-02,4.0,1.0
bronhitis,2026,7,29.52417576336753,2026-02-09,,1.0
bronhitis,2026,8,26.790455785277945,2026-02-16,1.0,1.0
bronhitis,2026,9,25.150223798424193,2026-02-23,2.0,1.0
bronhitis,2026,10,33.35138373269295,2026-03-02,,1.0
bronhitis,2026,11,0.0,2026-03-09,,1.0
bronhitis,2026,12,36.63184770640045,2026-03-16,1.0,1.0
bronhitis,2026,13,0.0,2026-03-23,,1.0
bronhitis,2026,14,0.0,2026-03-30,,1.0
bronhitis,2026,15,23.50999181157044,2026-04-06,,1.0
bronhitis,2026,16,0.0,2026-04-13,,1.0
bronhitis,2026,17,30.617663754603363,2026-04-20,,
bronhitis,2026,18,29.52417576336753,2026-04-27,,1.0
bronhitis,2026,19,35.53835971516462,2026-05-04,,1.0
bronhitis,2026,20,0.0,2026-05-11,,1.0
bronhitis,2026,21,26.243711789660026,2026-05-18,,1.0
bronhitis,2026,22,0.0,2026-05-25,,1.0
bronhitis,2026,23,30.070919758985447,2026-06-01,,1.0
bronhitis,2026,24,27.883943776513775,2026-06-08,,1.0
bronhitis,2026,25,0.0,2026-06-15,,1.0
bronhitis,2026,26,0.0,2026-06-22,,1.0
bronhitis,2026,27,0.0,2026-06-29,,1.0
bronhitis,2026,28,0.0,2026-07-06,,1.0
bronhitis,2026,29,0.0,2026-07-13,,1.0
bronhitis,2026,30,15.308831877301682,2026-07-20,,
bronhitis,2026,31,12.575111899212096,2026-07-27,,1.0
caj za grip,2013,1,0.0,2012-12-31,,
caj za grip,2013,2,0.0,2013-01-07,3.0,3.0
caj za grip,2013,3,0.0,2013-01-14,16.0,3.0
caj za grip,2013,4,0.0,2013-01-21,14.0,3.0
caj za grip,2013,5,0.0,2013-01-28,23.0,5.0
caj za grip,2013,6,0.0,2013-02-04,30.0,6.0
caj za grip,2013,7,0.0,2013-02-11,66.0,6.0
caj za grip,2013,8,0.0,2013-02-18,41.0,6.0
caj za grip,2013,9,0.0,2013-02-25,29.0,6.0
caj za grip,2013,10,0.0,2013-03-04,25.0,6.0
caj za grip,2013,11,0.0,2013-03-11,10.0,5.0
caj za grip,2013,12,0.0,2013-03-18,7.0,5.0
caj za grip,2013,13,0.0,2013-03-25,3.0,1.0
caj za grip,2013,14,0.0,2013-04-01,3.0,3.0
caj za grip,2013,15,0.0,2013-04-08,1.0,3.0
caj za grip,2013,16,0.0,2013-04-15,3.0,3.0
caj za grip,2013,17,0.0,2013-04-22,,2.0
caj za grip,2013,18,0.0,2013-04-29,,2.0
caj za grip,2013,19,0.0,2013-05-06,,2.0
caj za grip,2013,20,0.0,2013-05-13,,2.0
caj za grip,2013,21,0.0,2013-05-20,,
caj za grip,2013,22,0.0,2013-05-27,,
caj za grip,2013,23,0.0,2013-06-03,,
caj za grip,2013,24,0.0,2013-06-10,,
caj za grip,2013,25,0.0,2013-06-17,,
caj za grip,2013,26,0.0,2013-06-24,,
caj za grip,2013,27,0.0,2013-07-01,,
caj za grip,2013,28,0.0,2013-07-08,,
caj za grip,2013,29,0.0,2013-07-15,,
caj za grip,2013,30,0.0,2013-07-22,,
caj za grip,2013,31,0.0,2013-07-29,,
caj za grip,2013,32,0.0,2013-08-05,,
caj za grip,2013,33,0.0,2013-08-12,,
caj za grip,2013,34,0.0,2013-08-19,,
caj za grip,2013,35,0.0,2013-08-26,,
caj za grip,2013,36,0.0,2013-09-02,,
caj za grip,2013,37,0.0,2013-09-09,,
caj za grip,2013,38,0.0,2013-09-16,,
caj za grip,2013,39,0.0,2013-09-23,,
caj za grip,2013,40,0.0,2013-09-30,,
caj za grip,2013,41,0.0,2013-10-07,,1.0
caj za grip,2013,42,0.0,2013-10-14,,1.0
caj za grip,2013,43,0.0,2013-10-21,,1.0
caj za grip,2013,44,0.0,2013-10-28,,1.0
caj za grip,2013,45,0.0,2013-11-04,,1.0
caj za grip,2013,46,0.0,2013-11-11,,1.0
caj za grip,2013,47,0.0,2013-11-18,,1.0
caj za grip,2013,48,0.0,2013-11-25,,1.0
caj za grip,2013,49,0.0,2013-12-02,,1.0
caj za grip,2013,50,0.0,2013-12-09,,1.0
caj za grip,2013,51,0.0,2013-12-16,,1.0
caj za grip,2013,52,0.0,2013-12-23,,1.0
caj za grip,2014,1,0.0,2013-12-30,,1.0
caj za grip,2014,2,0.0,2014-01-06,1.0,1.0
caj za grip,2014,3,0.0,2014-01-13,2.0,1.0
caj za grip,2014,4,0.0,2014-01-20,3.0,1.0
caj za grip,2014,5,0.0,2014-01-27,2.0,1.0
caj za grip,2014,6,0.0,2014-02-03,3.0,1.0
caj za grip,2014,7,0.0,2014-02-10,20.0,1.0
caj za grip,2014,8,0.0,2014-02-17,6.0,1.0
caj za grip,2014,9,0.0,2014-02-24,15.0,1.0
caj za grip,2014,10,0.0,2014-03-03,12.0,1.0
caj za grip,2014,11,0.0,2014-03-10,15.0,1.0
caj za grip,2014,12,0.0,2014-03-17,16.0,1.0
caj za grip,2014,13,0.0,2014-03-24,20.0,1.0
caj za grip,2014,14,0.0,2014-03-31,9.0,1.0
caj za grip,2014,15,0.0,2014-04-07,5.0,1.0
caj za grip,2014,16,0.0,2014-04-14,3.0,1.0
caj za grip,2014,17,0.0,2014-04-21,1.0,1.0
caj za grip,2014,18,0.0,2014-04-28,,1.0
caj za grip,2014,19,0.0,2014-05-05,1.0,1.0
caj za grip,2014,20,0.0,2014-05-12,,1.0
caj za grip,2014,21,0.0,2014-05-19,,
caj za grip,2014,22,0.0,2014-05-26,,
caj za grip,2014,23,0.0,2014-06-02,,
caj za grip,2014,24,0.0,2014-06-09,,
caj za grip,2014,25,0.0,2014-06-16,,
caj za grip,2014,26,0.0,2014-06-23,,
caj za grip,2014,27,0.0,2014-06-30,,
caj za grip,2014,28,0.0,2014-07-07,,
caj za grip,2014,29,0.0,2014-07-14,,
caj za grip,2014,30,0.0,2014-07-21,,
caj za grip,2014,31,0.0,2014-07-28,,
caj za grip,2014,32,0.0,2014-08-04,,
caj za grip,2014,33,0.0,2014-08-11,,
caj za grip,2014,34,0.0,2014-08-18,,
caj za grip,2014,35,0.0,2014-08-25,,
caj za grip,2014,36,0.0,2014-09-01,,
caj za grip,2014,37,0.0,2014-09-08,,
caj za grip,2014,38,0.0,2014-09-15,,
caj za grip,2014,39,0.0,2014-09-22,1.0,1.0
caj za grip,2014,40,0.0,2014-09-29,1.0,1.0
caj za grip,2014,41,0.0,2014-10-06,,1.0
caj za grip,2014,42,0.0,2014-10-13,,1.0
caj za grip,2014,43,0.0,2014-10-20,,1.0
caj za grip,2014,44,0.0,2014-10-27,,1.0
caj za grip,2014,45,0.0,2014-11-03,,1.0
caj za grip,2014,46,0.0,2014-11-10,,1.0
caj za grip,2014,47,0.0,2014-11-17,,1.0
caj za grip,2014,48,0.0,2014-11-24,,1.0
caj za grip,2014,49,0.0,2014-12-01,,1.0
caj za grip,2014,50,0.0,2014-12-08,,1.0
caj za grip,2014,51,0.0,2014-12-15,,1.0
caj za grip,2014,52,0.0,2014-12-22,,1.0
caj za grip,2015,1,0.0,2014-12-29,,1.0
caj za grip,2015,2,0.0,2015-01-05,,1.0
caj za grip,2015,3,0.0,2015-01-12,2.0,1.0
caj za grip,2015,4,0.0,2015-01-19,11.0,1.0
caj za grip,2015,5,0.0,2015-01-26,22.0,1.0
caj za grip,2015,6,0.0,2015-02-02,26.0,1.0
caj za grip,2015,7,0.0,2015-02-09,51.0,1.0
caj za grip,2015,8,0.0,2015-02-16,28.0,1.0
caj za grip,2015,9,0.0,2015-02-23,67.0,1.0
caj za grip,2015,10,0.0,2015-03-02,40.0,1.0
caj za grip,2015,11,0.0,2015-03-09,58.0,1.0
caj za grip,2015,12,0.0,2015-03-16,38.0,1.0
caj za grip,2015,13,0.0,2015-03-23,30.0,1.0
caj za grip,2015,14,0.0,2015-03-30,23.0,1.0
caj za grip,2015,15,0.0,2015-04-06,13.0,1.0
caj za grip,2015,16,0.0,2015-04-13,11.0,1.0
caj za grip,2015,17,0.0,2015-04-20,5.0,1.0
caj za grip,2015,18,0.0,2015-04-27,2.0,1.0
caj za grip,2015,19,0.0,2015-05-04,1.0,1.0
caj za grip,2015,20,0.0,2015-05-11,,1.0
caj za grip,2015,21,0.0,2015-05-18,,
caj za grip,2015,22,0.0,2015-05-25,,
caj za grip,2015,23,0.0,2015-06-01,,
caj za grip,2015,24,0.0,2015-06-08,,
caj za grip,2015,25,0.0,2015-06-15,,
caj za grip,2015,26,0.0,2015-06-22,,
caj za grip,2015,27,0.0,2015-06-29,,
caj za grip,2015,28,0.0,2015-07-06,,
caj za grip,2015,29,0.0,2015-07-13,,
caj za grip,2015,30,0.0,2015-07-20,,
caj za grip,2015,31,0.0,2015-07-27,,
caj za grip,2015,32,0.0,2015-08-03,,
caj za grip,2015,33,0.0,2015-08-10,,
caj za grip,2015,34,0.0,2015-08-17,,
caj za grip,2015,35,0.0,2015-08-24,,
caj za grip,2015,36,0.0,2015-08-31,,
caj za grip,2015,37,0.0,2015-09-07,,
caj za grip,2015,38,0.0,2015-09-14,,
caj za grip,2015,39,0.0,2015-09-21,,
caj za grip,2015,40,100.0,2015-09-28,,
caj za grip,2015,41,0.0,2015-10-05,,
caj za grip,2015,42,0.0,2015-10-12,,
caj za grip,2015,43,0.0,2015-10-19,,
caj za grip,2015,44,0.0,2015-10-26,,
caj za grip,2015,45,0.0,2015-11-02,,1.0
caj za grip,2015,46,0.0,2015-11-09,,1.0
caj za grip,2015,47,0.0,2015-11-16,,1.0
caj za grip,2015,48,0.0,2015-11-23,,1.0
caj za grip,2015,49,0.0,2015-11-30,,1.0
caj za grip,2015,50,0.0,2015-12-07,,1.0
caj za grip,2015,51,0.0,2015-12-14,,1.0
caj za grip,2015,52,0.0,2015-12-21,,1.0
caj za grip,2015,53,0.0,2015-12-28,,1.0
caj za grip,2016,1,0.0,2016-01-04,3.0,1.0
caj za grip,2016,2,0.0,2016-01-11,6.0,1.0
caj za grip,2016,3,0.0,2016-01-18,16.0,1.0
caj za grip,2016,4,0.0,2016-01-25,14.0,1.0
caj za grip,2016,5,0.0,2016-02-01,26.0,1.0
caj za grip,2016,6,0.0,2016-02-08,36.0,1.0
caj za grip,2016,7,0.0,2016-02-15,14.0,1.0
caj za grip,2016,8,0.0,2016-02-22,33.0,1.0
caj za grip,2016,9,0.0,2016-02-29,44.0,1.0
caj za grip,2016,10,0.0,2016-03-07,50.0,1.0
caj za grip,2016,11,0.0,2016-03-14,35.0,1.0
caj za grip,2016,12,0.0,2016-03-21,54.0,1.0
caj za grip,2016,13,103.09278350515464,2016-03-28,57.0,1.0
caj za grip,2016,14,0.0,2016-04-04,39.0,1.0
caj za grip,2016,15,0.0,2016-04-11,26.0,1.0
caj za grip,2016,16,0.0,2016-04-18,2.0,1.0
caj za grip,2016,17,0.0,2016-04-25,2.0,1.0
caj za grip,2016,18,0.0,2016-05-02,4.0,1.0
caj za grip,2016,19,0.0,2016-05-09,,1.0
caj za grip,2016,20,0.0,2016-05-16,,1.0
caj za grip,2016,21,0.0,2016-05-23,,
caj za grip,2016,22,0.0,2016-05-30,,
caj za grip,2016,23,0.0,2016-06-06,,
caj za grip,2016,24,0.0,2016-06-13,,
caj za grip,2016,25,0.0,2016-06-20,,
caj za grip,2016,26,0.0,2016-06-27,,
caj za grip,2016,27,0.0,2016-07-04,,
caj za grip,2016,28,0.0,2016-07-11,,
caj za grip,2016,29,0.0,2016-07-18,,
caj za grip,2016,30,0.0,2016-07-25,,
caj za grip,2016,31,0.0,2016-08-01,,
caj za grip,2016,32,0.0,2016-08-08,,
caj za grip,2016,33,0.0,2016-08-15,,
caj za grip,2016,34,0.0,2016-08-22,,
caj za grip,2016,35,0.0,2016-08-29,,
caj za grip,2016,36,0.0,2016-09-05,,
caj za grip,2016,37,0.0,2016-09-12,,
caj za grip,2016,38,0.0,2016-09-19,,
caj za grip,2016,39,0.0,2016-09-26,,
caj za grip,2016,40,0.0,2016-10-03,,
caj za grip,2016,41,0.0,2016-10-10,,1.0
caj za grip,2016,42,0.0,2016-10-17,,1.0
caj za grip,2016,43,0.0,2016-10-24,,1.0
caj za grip,2016,44,0.0,2016-10-31,,1.0
caj za grip,2016,45,0.0,2016-11-07,,1.0
caj za grip,2016,46,0.0,2016-11-14,,1.0
caj za grip,2016,47,0.0,2016-11-21,,1.0
caj za grip,2016,48,0.0,2016-11-28,,1.0
caj za grip,2016,49,0.0,2016-12-05,9.0,1.0
caj za grip,2016,50,0.0,2016-12-12,84.0,1.0
caj za grip,2016,51,0.0,2016-12-19,109.0,1.0
caj za grip,2016,52,0.0,2016-12-26,162.0,1.0
caj za grip,2017,1,0.0,2017-01-02,77.0,1.0
caj za grip,2017,2,0.0,2017-01-09,,1.0
caj za grip,2017,3,0.0,2017-01-16,,1.0
caj za grip,2017,4,0.0,2017-01-23,,1.0
caj za grip,2017,5,0.0,2017-01-30,,1.0
caj za grip,2017,6,0.0,2017-02-06,,1.0
caj za grip,2017,7,0.0,2017-02-13,5.0,1.0
caj za grip,2017,8,0.0,2017-02-20,11.0,1.0
caj za grip,2017,9,0.0,2017-02-27,4.0,1.0
caj za grip,2017,10,0.0,2017-03-06,2.0,1.0
caj za grip,2017,11,0.0,2017-03-13,,1.0
caj za grip,2017,12,0.0,2017-03-20,,1.0
caj za grip,2017,13,0.0,2017-03-27,,1.0
caj za grip,2017,14,0.0,2017-04-03,,1.0
caj za grip,2017,15,0.0,2017-04-10,,1.0
caj za grip,2017,16,0.0,2017-04-17,,1.0
caj za grip,2017,17,0.0,2017-04-24,,1.0
caj za grip,2017,18,0.0,2017-05-01,,1.0
caj za grip,2017,19,0.0,2017-05-08,,1.0
caj za grip,2017,20,0.0,2017-05-15,,1.0
caj za grip,2017,21,0.0,2017-05-22,,
caj za grip,2017,22,0.0,2017-05-29,,
caj za grip,2017,23,0.0,2017-06-05,,
caj za grip,2017,24,0.0,2017-06-12,,
caj za grip,2017,25,0.0,2017-06-19,,
caj za grip,2017,26,0.0,2017-06-26,,
caj za grip,2017,27,0.0,2017-07-03,,
caj za grip,2017,28,0.0,2017-07-10,,
caj za grip,2017,29,0.0,2017-07-17,,
caj za grip,2017,30,0.0,2017-07-24,,
caj za grip,2017,31,0.0,2017-07-31,,
caj za grip,2017,32,0.0,2017-08-07,,
caj za grip,2017,33,0.0,2017-08-14,,
caj za grip,2017,34,0.0,2017-08-21,,
caj za grip,2017,35,0.0,2017-08-28,,
caj za grip,2017,36,0.0,2017-09-04,,
caj za grip,2017,37,0.0,2017-09-11,,
caj za grip,2017,38,0.0,2017-09-18,,
caj za grip,2017,39,0.0,2017-09-25,,
caj za grip,2017,40,0.0,2017-10-02,,1.0
caj za grip,2017,41,0.0,2017-10-09,,1.0
caj za grip,2017,42,0.0,2017-10-16,,1.0
caj za grip,2017,43,0.0,2017-10-23,,1.0
caj za grip,2017,44,0.0,2017-10-30,,2.0
caj za grip,2017,45,0.0,2017-11-06,,2.0
caj za grip,2017,46,0.0,2017-11-13,,3.0
caj za grip,2017,47,0.0,2017-11-20,,3.0
caj za grip,2017,48,0.0,2017-11-27,,3.0
caj za grip,2017,49,0.0,2017-12-04,,3.0
caj za grip,2017,50,0.0,2017-12-11,6.0,3.0
caj za grip,2017,51,0.0,2017-12-18,19.0,3.0
caj za grip,2017,52,0.0,2017-12-25,26.0,3.0
caj za grip,2018,1,0.0,2018-01-01,22.0,3.0
caj za grip,2018,2,0.0,2018-01-08,37.0,3.0
caj za grip,2018,3,0.0,2018-01-15,88.0,3.0
caj za grip,2018,4,0.0,2018-01-22,103.0,4.0
caj za grip,2018,5,0.0,2018-01-29,124.0,5.0
caj za grip,2018,6,0.0,2018-02-05,121.0,5.0
caj za grip,2018,7,0.0,2018-02-12,66.0,5.0
caj za grip,2018,8,0.0,2018-02-19,77.0,4.0
caj za grip,2018,9,0.0,2018-02-26,59.0,4.0
caj za grip,2018,10,0.0,2018-03-05,29.0,4.0
caj za grip,2018,11,0.0,2018-03-12,20.0,4.0
caj za grip,2018,12,0.0,2018-03-19,14.0,3.0
caj za grip,2018,13,0.0,2018-03-26,30.0,3.0
caj za grip,2018,14,0.0,2018-04-02,21.0,3.0
caj za grip,2018,15,0.0,2018-04-09,16.0,3.0
caj za grip,2018,16,0.0,2018-04-16,1.0,3.0
caj za grip,2018,17,0.0,2018-04-23,,2.0
caj za grip,2018,18,0.0,2018-04-30,,2.0
caj za grip,2018,19,0.0,2018-05-07,,1.0
caj za grip,2018,20,0.0,2018-05-14,,1.0
caj za grip,2018,21,0.0,2018-05-21,,1.0
caj za grip,2018,22,0.0,2018-05-28,,1.0
caj za grip,2018,23,0.0,2018-06-04,,1.0
caj za grip,2018,24,0.0,2018-06-11,,1.0
caj za grip,2018,25,0.0,2018-06-18,,1.0
caj za grip,2018,26,0.0,2018-06-25,,1.0
caj za grip,2018,27,0.0,2018-07-02,,1.0
caj za grip,2018,28,0.0,2018-07-09,,1.0
caj za grip,2018,29,0.0,2018-07-16,,1.0
caj za grip,2018,30,0.0,2018-07-23,,1.0
caj za grip,2018,31,0.0,2018-07-30,,1.0
caj za grip,2018,32,0.0,2018-08-06,,1.0
caj za grip,2018,33,0.0,2018-08-13,,1.0
caj za grip,2018,34,0.0,2018-08-20,,1.0
caj za grip,2018,35,0.0,2018-08-27,,1.0
caj za grip,2018,36,0.0,2018-09-03,,1.0
caj za grip,2018,37,0.0,2018-09-10,,1.0
caj za grip,2018,38,0.0,2018-09-17,,1.0
caj za grip,2018,39,0.0,2018-09-24,,1.0
caj za grip,2018,40,0.0,2018-10-01,,1.0
caj za grip,2018,41,0.0,2018-10-08,,1.0
caj za grip,2018,42,0.0,2018-10-15,,1.0
caj za grip,2018,43,0.0,2018-10-22,,1.0
caj za grip,2018,44,0.0,2018-10-29,,1.0
caj za grip,2018,45,0.0,2018-11-05,,1.0
caj za grip,2018,46,0.0,2018-11-12,,1.0
caj za grip,2018,47,0.0,2018-11-19,,1.0
caj za grip,2018,48,0.0,2018-11-26,,1.0
caj za grip,2018,49,0.0,2018-12-03,,1.0
caj za grip,2018,50,0.0,2018-12-10,,1.0
caj za grip,2018,51,0.0,2018-12-17,,1.0
caj za grip,2018,52,0.0,2018-12-24,3.0,1.0
caj za grip,2019,1,0.0,2018-12-31,11.0,2.0
caj za grip,2019,2,0.0,2019-01-07,16.0,2.0
caj za grip,2019,3,0.0,2019-01-14,42.0,2.0
caj za grip,2019,4,0.0,2019-01-21,99.0,2.0
caj za grip,2019,5,0.0,2019-01-28,273.0,4.0
caj za grip,2019,6,0.0,2019-02-04,388.0,4.0
caj za grip,2019,7,0.0,2019-02-11,309.0,4.0
caj za grip,2019,8,100.0,2019-02-18,307.0,4.0
caj za grip,2019,9,0.0,2019-02-25,138.0,3.0
caj za grip,2019,10,0.0,2019-03-04,100.0,3.0
caj za grip,2019,11,0.0,2019-03-11,50.0,3.0
caj za grip,2019,12,0.0,2019-03-18,25.0,2.0
caj za grip,2019,13,0.0,2019-03-25,40.0,2.0
caj za grip,2019,14,0.0,2019-04-01,17.0,2.0
caj za grip,2019,15,0.0,2019-04-08,14.0,2.0
caj za grip,2019,16,0.0,2019-04-15,5.0,2.0
caj za grip,2019,17,0.0,2019-04-22,9.0,2.0
caj za grip,2019,18,0.0,2019-04-29,,2.0
caj za grip,2019,19,0.0,2019-05-06,,2.0
caj za grip,2019,20,0.0,2019-05-13,,2.0
caj za grip,2019,21,0.0,2019-05-20,,1.0
caj za grip,2019,22,0.0,2019-05-27,,1.0
caj za grip,2019,23,0.0,2019-06-03,,1.0
caj za grip,2019,24,0.0,2019-06-10,,1.0
caj za grip,2019,25,0.0,2019-06-17,,1.0
caj za grip,2019,26,0.0,2019-06-24,,1.0
caj za grip,2019,27,0.0,2019-07-01,,1.0
caj za grip,2019,28,0.0,2019-07-08,,1.0
caj za grip,2019,29,0.0,2019-07-15,,1.0
caj za grip,2019,30,0.0,2019-07-22,,1.0
caj za grip,2019,31,0.0,2019-07-29,,1.0
caj za grip,2019,32,0.0,2019-08-05,,1.0
caj za grip,2019,33,0.0,2019-08-12,,1.0
caj za grip,2019,34,0.0,2019-08-19,,1.0
caj za grip,2019,35,0.0,2019-08-26,,1.0
caj za grip,2019,36,0.0,2019-09-02,,1.0
caj za grip,2019,37,0.0,2019-09-09,,1.0
caj za grip,2019,38,0.0,2019-09-16,,1.0
caj za grip,2019,39,0.0,2019-09-23,,1.0
caj za grip,2019,40,0.0,2019-09-30,,1.0
caj za grip,2019,41,0.0,2019-10-07,,1.0
caj za grip,2019,42,0.0,2019-10-14,,1.0
caj za grip,2019,43,0.0,2019-10-21,,1.0
caj za grip,2019,44,0.0,2019-10-28,,1.0
caj za grip,2019,45,0.0,2019-11-04,,1.0
caj za grip,2019,46,0.0,2019-11-11,,1.0
caj za grip,2019,47,0.0,2019-11-18,,1.0
caj za grip,2019,48,0.0,2019-11-25,,1.0
caj za grip,2019,49,0.0,2019-12-02,6.0,2.0
caj za grip,2019,50,0.0,2019-12-09,9.0,2.0
caj za grip,2019,51,0.0,2019-12-16,10.0,3.0
caj za grip,2019,52,0.0,2019-12-23,8.0,3.0
caj za grip,2020,1,0.0,2019-12-30,10.0,3.0
caj za grip,2020,2,0.0,2020-01-06,24.0,3.0
caj za grip,2020,3,0.0,2020-01-13,60.0,3.0
caj za grip,2020,4,0.0,2020-01-20,179.0,3.0
caj za grip,2020,5,0.0,2020-01-27,235.0,3.0
caj za grip,2020,6,0.0,2020-02-03,290.0,5.0
caj za grip,2020,7,0.0,2020-02-10,191.0,5.0
caj za grip,2020,8,0.0,2020-02-17,83.0,4.0
caj za grip,2020,9,0.0,2020-02-24,93.0,3.0
caj za grip,2020,10,0.0,2020-03-02,34.0,3.0
caj za grip,2020,11,0.0,2020-03-09,37.0,3.0
caj za grip,2020,12,0.0,2020-03-16,6.0,2.0
caj za grip,2020,13,0.0,2020-03-23,,2.0
caj za grip,2020,14,0.0,2020-03-30,,1.0
caj za grip,2020,15,0.0,2020-04-06,,1.0
caj za grip,2020,16,0.0,2020-04-13,,1.0
caj za grip,2020,17,0.0,2020-04-20,,1.0
caj za grip,2020,18,0.0,2020-04-27,,1.0
caj za grip,2020,19,0.0,2020-05-04,,1.0
caj za grip,2020,20,0.0,2020-05-11,,1.0
caj za grip,2020,21,0.0,2020-05-18,,1.0
caj za grip,2020,22,0.0,2020-05-25,,1.0
caj za grip,2020,23,0.0,2020-06-01,,1.0
caj za grip,2020,24,0.0,2020-06-08,,1.0
caj za grip,2020,25,0.0,2020-06-15,,1.0
caj za grip,2020,26,0.0,2020-06-22,,1.0
caj za grip,2020,27,0.0,2020-06-29,,1.0
caj za grip,2020,28,0.0,2020-07-06,,1.0
caj za grip,2020,29,0.0,2020-07-13,,1.0
caj za grip,2020,30,0.0,2020-07-20,,1.0
caj za grip,2020,31,0.0,2020-07-27,,1.0
caj za grip,2020,32,0.0,2020-08-03,,1.0
caj za grip,2020,33,0.0,2020-08-10,,1.0
caj za grip,2020,34,0.0,2020-08-17,,1.0
caj za grip,2020,35,0.0,2020-08-24,,1.0
caj za grip,2020,36,0.0,2020-08-31,,1.0
caj za grip,2020,37,0.0,2020-09-07,,1.0
caj za grip,2020,38,0.0,2020-09-14,,1.0
caj za grip,2020,39,0.0,2020-09-21,,1.0
caj za grip,2020,40,0.0,2020-09-28,,1.0
caj za grip,2020,41,0.0,2020-10-05,,1.0
caj za grip,2020,42,0.0,2020-10-12,,1.0
caj za grip,2020,43,0.0,2020-10-19,,1.0
caj za grip,2020,44,0.0,2020-10-26,,2.0
caj za grip,2020,45,0.0,2020-11-02,,2.0
caj za grip,2020,46,0.0,2020-11-09,,2.0
caj za grip,2020,47,0.0,2020-11-16,,2.0
caj za grip,2020,48,0.0,2020-11-23,,1.0
caj za grip,2020,49,0.0,2020-11-30,,1.0
caj za grip,2020,50,0.0,2020-12-07,,1.0
caj za grip,2020,51,0.0,2020-12-14,,1.0
caj za grip,2020,52,0.0,2020-12-21,,1.0
caj za grip,2020,53,0.0,2020-12-28,,1.0
caj za grip,2021,1,0.0,2021-01-04,,1.0
caj za grip,2021,2,0.0,2021-01-11,,1.0
caj za grip,2021,3,0.0,2021-01-18,,1.0
caj za grip,2021,4,0.0,2021-01-25,,1.0
caj za grip,2021,5,0.0,2021-02-01,,1.0
caj za grip,2021,6,0.0,2021-02-08,,1.0
caj za grip,2021,7,0.0,2021-02-15,,1.0
caj za grip,2021,8,0.0,2021-02-22,,1.0
caj za grip,2021,9,0.0,2021-03-01,,1.0
caj za grip,2021,10,0.0,2021-03-08,,
caj za grip,2021,11,0.0,2021-03-15,,
caj za grip,2021,12,0.0,2021-03-22,,
caj za grip,2021,13,0.0,2021-03-29,,
caj za grip,2021,14,0.0,2021-04-05,,
caj za grip,2021,15,0.0,2021-04-12,,
caj za grip,2021,16,0.0,2021-04-19,,
caj za grip,2021,17,0.0,2021-04-26,,
caj za grip,2021,18,0.0,2021-05-03,,
caj za grip,2021,19,0.0,2021-05-10,,
caj za grip,2021,20,0.0,2021-05-17,,
caj za grip,2021,21,0.0,2021-05-24,,
caj za grip,2021,22,0.0,2021-05-31,,
caj za grip,2021,23,0.0,2021-06-07,,
caj za grip,2021,24,0.0,2021-06-14,,
caj za grip,2021,25,0.0,2021-06-21,,
caj za grip,2021,26,0.0,2021-06-28,,
caj za grip,2021,27,0.0,2021-07-05,,
caj za grip,2021,28,0.0,2021-07-12,,
caj za grip,2021,29,0.0,2021-07-19,,
caj za grip,2021,30,0.0,2021-07-26,,
caj za grip,2021,31,0.0,2021-08-02,,
caj za grip,2021,32,0.0,2021-08-09,,
caj za grip,2021,33,0.0,2021-08-16,,
caj za grip,2021,34,0.0,2021-08-23,,
caj za grip,2021,35,0.0,2021-08-30,,
caj za grip,2021,36,0.0,2021-09-06,,
caj za grip,2021,37,0.0,2021-09-13,,
caj za grip,2021,38,0.0,2021-09-20,,
caj za grip,2021,39,0.0,2021-09-27,,
caj za grip,2021,40,0.0,2021-10-04,,1.0
caj za grip,2021,41,0.0,2021-10-11,,1.0
caj za grip,2021,42,0.0,2021-10-18,,1.0
caj za grip,2021,43,0.0,2021-10-25,,1.0
caj za grip,2021,44,0.0,2021-11-01,,1.0
caj za grip,2021,45,0.0,2021-11-08,,1.0
caj za grip,2021,46,0.0,2021-11-15,,1.0
caj za grip,2021,47,0.0,2021-11-22,,1.0
caj za grip,2021,48,0.0,2021-11-29,,1.0
caj za grip,2021,49,0.0,2021-12-06,,1.0
caj za grip,2021,50,0.0,2021-12-13,1.0,1.0
caj za grip,2021,51,0.0,2021-12-20,1.0,1.0
caj za grip,2021,52,0.0,2021-12-27,12.0,1.0
caj za grip,2022,1,0.0,2022-01-03,21.0,1.0
caj za grip,2022,2,0.0,2022-01-10,16.0,1.0
caj za grip,2022,3,0.0,2022-01-17,19.0,1.0
caj za grip,2022,4,0.0,2022-01-24,7.0,1.0
caj za grip,2022,5,0.0,2022-01-31,4.0,1.0
caj za grip,2022,6,0.0,2022-02-07,31.0,1.0
caj za grip,2022,7,0.0,2022-02-14,25.0,1.0
caj za grip,2022,8,0.0,2022-02-21,12.0,1.0
caj za grip,2022,9,0.0,2022-02-28,3.0,1.0
caj za grip,2022,10,0.0,2022-03-07,34.0,1.0
caj za grip,2022,11,0.0,2022-03-14,77.0,1.0
caj za grip,2022,12,0.0,2022-03-21,77.0,1.0
caj za grip,2022,13,0.0,2022-03-28,66.0,1.0
caj za grip,2022,14,0.0,2022-04-04,43.0,1.0
caj za grip,2022,15,0.0,2022-04-11,32.0,1.0
caj za grip,2022,16,0.0,2022-04-18,17.0,1.0
caj za grip,2022,17,0.0,2022-04-25,8.0,1.0
caj za grip,2022,18,0.0,2022-05-02,4.0,1.0
caj za grip,2022,19,0.0,2022-05-09,3.0,1.0
caj za grip,2022,20,0.0,2022-05-16,4.0,1.0
caj za grip,2022,21,0.0,2022-05-23,3.0,1.0
caj za grip,2022,22,0.0,2022-05-30,,1.0
caj za grip,2022,23,0.0,2022-06-06,,1.0
caj za grip,2022,24,0.0,2022-06-13,,1.0
caj za grip,2022,25,0.0,2022-06-20,,1.0
caj za grip,2022,26,0.0,2022-06-27,,
caj za grip,2022,27,0.0,2022-07-04,,1.0
caj za grip,2022,28,0.0,2022-07-11,,1.0
caj za grip,2022,29,0.0,2022-07-18,,1.0
caj za grip,2022,30,0.0,2022-07-25,,1.0
caj za grip,2022,31,0.0,2022-08-01,,1.0
caj za grip,2022,32,0.0,2022-08-08,,1.0
caj za grip,2022,33,0.0,2022-08-15,,
caj za grip,2022,34,0.0,2022-08-22,,
caj za grip,2022,35,0.0,2022-08-29,,
caj za grip,2022,36,0.0,2022-09-05,,
caj za grip,2022,37,0.0,2022-09-12,,
caj za grip,2022,38,0.0,2022-09-19,,
caj za grip,2022,39,0.0,2022-09-26,,
caj za grip,2022,40,0.0,2022-10-03,,1.0
caj za grip,2022,41,0.0,2022-10-10,,1.0
caj za grip,2022,42,0.0,2022-10-17,,1.0
caj za grip,2022,43,0.0,2022-10-24,,1.0
caj za grip,2022,44,0.0,2022-10-31,,1.0
caj za grip,2022,45,0.0,2022-11-07,1.0,1.0
caj za grip,2022,46,0.0,2022-11-14,,1.0
caj za grip,2022,47,0.0,2022-11-21,,1.0
caj za grip,2022,48,0.0,2022-11-28,2.0,1.0
caj za grip,2022,49,0.0,2022-12-05,5.0,1.0
caj za grip,2022,50,0.0,2022-12-12,26.0,1.0
caj za grip,2022,51,0.0,2022-12-19,36.0,1.0
caj za grip,2022,52,0.0,2022-12-26,31.0,1.0
caj za grip,2023,1,0.0,2023-01-02,24.0,1.0
caj za grip,2023,2,0.0,2023-01-09,78.0,1.0
caj za grip,2023,3,0.0,2023-01-16,72.0,1.0
caj za grip,2023,4,100.0,2023-01-23,58.0,1.0
caj za grip,2023,5,0.0,2023-01-30,75.0,1.0
caj za grip,2023,6,0.0,2023-02-06,91.0,1.0
caj za grip,2023,7,0.0,2023-02-13,70.0,1.0
caj za grip,2023,8,0.0,2023-02-20,85.0,1.0
caj za grip,2023,9,0.0,2023-02-27,33.0,1.0
caj za grip,2023,10,0.0,2023-03-06,32.0,1.0
caj za grip,2023,11,0.0,2023-03-13,26.0,1.0
caj za grip,2023,12,0.0,2023-03-20,25.0,1.0
caj za grip,2023,13,0.0,2023-03-27,10.0,1.0
caj za grip,2023,14,0.0,2023-04-03,12.0,1.0
caj za grip,2023,15,0.0,2023-04-10,3.0,1.0
caj za grip,2023,16,0.0,2023-04-17,1.0,1.0
caj za grip,2023,17,0.0,2023-04-24,1.0,1.0
caj za grip,2023,18,0.0,2023-05-01,,1.0
caj za grip,2023,19,0.0,2023-05-08,,1.0
caj za grip,2023,20,0.0,2023-05-15,,1.0
caj za grip,2023,21,0.0,2023-05-22,,1.0
caj za grip,2023,22,0.0,2023-05-29,,1.0
caj za grip,2023,23,0.0,2023-06-05,,1.0
caj za grip,2023,24,0.0,2023-06-12,,1.0
caj za grip,2023,25,0.0,2023-06-19,,1.0
caj za grip,2023,26,0.0,2023-06-26,,
caj za grip,2023,27,0.0,2023-07-03,,
caj za grip,2023,28,0.0,2023-07-10,,1.0
caj za grip,2023,29,0.0,2023-07-17,,1.0
caj za grip,2023,30,0.0,2023-07-24,,1.0
caj za grip,2023,31,0.0,2023-07-31,,1.0
caj za grip,2023,32,0.0,2023-08-07,,1.0
caj za grip,2023,33,0.0,2023-08-14,,1.0
caj za grip,2023,34,0.0,2023-08-21,,1.0
caj za grip,2023,35,0.0,2023-08-28,,1.0
caj za grip,2023,36,0.0,2023-09-04,,1.0
caj za grip,2023,37,0.0,2023-09-11,,1.0
caj za grip,2023,38,0.0,2023-09-18,,1.0
caj za grip,2023,39,0.0,2023-09-25,,1.0
caj za grip,2023,40,0.0,2023-10-02,,1.0
caj za grip,2023,41,0.0,2023-10-09,,1.0
caj za grip,2023,42,0.0,2023-10-16,,1.0
caj za grip,2023,43,0.0,2023-10-23,,1.0
caj za grip,2023,44,0.0,2023-10-30,,1.0
caj za grip,2023,45,0.0,2023-11-06,1.0,1.0
caj za grip,2023,46,0.0,2023-11-13,,1.0
caj za grip,2023,47,0.0,2023-11-20,1.0,1.0
caj za grip,2023,48,0.0,2023-11-27,1.0,1.0
caj za grip,2023,49,0.0,2023-12-04,3.0,1.0
caj za grip,2023,50,0.0,2023-12-11,7.0,1.0
caj za grip,2023,51,0.0,2023-12-18,7.0,1.0
caj za grip,2023,52,0.0,2023-12-25,21.0,1.0
caj za grip,2024,1,0.0,2024-01-01,10.0,1.0
caj za grip,2024,2,0.0,2024-01-08,21.0,1.0
caj za grip,2024,3,0.0,2024-01-15,46.0,1.0
caj za grip,2024,4,0.0,2024-01-22,93.0,1.0
caj za grip,2024,5,0.0,2024-01-29,130.0,1.0
caj za grip,2024,6,0.0,2024-02-05,119.0,1.0
caj za grip,2024,7,0.0,2024-02-12,48.0,1.0
caj za grip,2024,8,0.0,2024-02-19,82.0,1.0
caj za grip,2024,9,0.0,2024-02-26,32.0,1.0
caj za grip,2024,10,0.0,2024-03-04,22.0,1.0
caj za grip,2024,11,0.0,2024-03-11,4.0,1.0
caj za grip,2024,12,0.0,2024-03-18,1.0,1.0
caj za grip,2024,13,0.0,2024-03-25,,1.0
caj za grip,2024,14,0.0,2024-04-01,3.0,1.0
caj za grip,2024,15,0.0,2024-04-08,2.0,1.0
caj za grip,2024,16,0.0,2024-04-15,,1.0
caj za grip,2024,17,0.0,2024-04-22,1.0,1.0
caj za grip,2024,18,0.0,2024-04-29,,1.0
caj za grip,2024,19,0.0,2024-05-06,1.0,1.0
caj za grip,2024,20,0.0,2024-05-13,,1.0
caj za grip,2024,21,0.0,2024-05-20,,1.0
caj za grip,2024,22,0.0,2024-05-27,,1.0
caj za grip,2024,23,0.0,2024-06-03,,1.0
caj za grip,2024,24,0.0,2024-06-10,,1.0
caj za grip,2024,25,0.0,2024-06-17,,1.0
caj za grip,2024,26,0.0,2024-06-24,,1.0
caj za grip,2024,27,0.0,2024-07-01,,1.0
caj za grip,2024,28,0.0,2024-07-08,,1.0
caj za grip,2024,29,0.0,2024-07-15,,1.0
caj za grip,2024,30,0.0,2024-07-22,,1.0
caj za grip,2024,31,0.0,2024-07-29,,1.0
caj za grip,2024,32,0.0,2024-08-05,,1.0
caj za grip,2024,33,0.0,2024-08-12,,1.0
caj za grip,2024,34,0.0,2024-08-19,,1.0
caj za grip,2024,35,0.0,2024-08-26,,1.0
caj za grip,2024,36,0.0,2024-09-02,,1.0
caj za grip,2024,37,0.0,2024-09-09,,1.0
caj za grip,2024,38,0.0,2024-09-16,,1.0
caj za grip,2024,39,0.0,2024-09-23,,1.0
caj za grip,2024,40,0.0,2024-09-30,,1.0
caj za grip,2024,41,0.0,2024-10-07,1.0,1.0
caj za grip,2024,42,0.0,2024-10-14,,1.0
caj za grip,2024,43,0.0,2024-10-21,,1.0
caj za grip,2024,44,0.0,2024-10-28,,1.0
caj za grip,2024,45,0.0,2024-11-04,,1.0
caj za grip,2024,46,0.0,2024-11-11,,1.0
caj za grip,2024,47,0.0,2024-11-18,,1.0
caj za grip,2024,48,0.0,2024-11-25,,1.0
caj za grip,2024,49,0.0,2024-12-02,2.0,1.0
caj za grip,2024,50,0.0,2024-12-09,13.0,1.0
caj za grip,2024,51,0.0,2024-12-16,3.0,1.0
caj za grip,2024,52,0.0,2024-12-23,27.0,1.0
caj za grip,2025,1,0.0,2024-12-30,6.0,1.0
caj za grip,2025,2,0.0,2025-01-06,15.0,1.0
caj za grip,2025,3,0.0,2025-01-13,36.0,1.0
caj za grip,2025,4,0.0,2025-01-20,77.0,1.0
caj za grip,2025,5,0.0,2025-01-27,71.0,1.0
caj za grip,2025,6,0.0,2025-02-03,36.0,1.0
caj za grip,2025,7,0.0,2025-02-10,45.0,1.0
caj za grip,2025,8,0.0,2025-02-17,43.0,1.0
caj za grip,2025,9,0.0,2025-02-24,54.0,1.0
caj za grip,2025,10,0.0,2025-03-03,63.0,1.0
caj za grip,2025,11,0.0,2025-03-10,19.0,1.0
caj za grip,2025,12,0.0,2025-03-17,18.0,1.0
caj za grip,2025,13,0.0,2025-03-24,8.0,1.0
caj za grip,2025,14,0.0,2025-03-31,2.0,1.0
caj za grip,2025,15,0.0,2025-04-07,2.0,1.0
caj za grip,2025,16,0.0,2025-04-14,,1.0
caj za grip,2025,17,0.0,2025-04-21,,1.0
caj za grip,2025,18,0.0,2025-04-28,2.0,1.0
caj za grip,2025,19,0.0,2025-05-05,,1.0
caj za grip,2025,20,0.0,2025-05-12,,1.0
caj za grip,2025,21,0.0,2025-05-19,,1.0
caj za grip,2025,22,0.0,2025-05-26,,1.0
caj za grip,2025,23,0.0,2025-06-02,,1.0
caj za grip,2025,24,0.0,2025-06-09,,1.0
caj za grip,2025,25,0.0,2025-06-16,,1.0
caj za grip,2025,26,0.0,2025-06-23,,1.0
caj za grip,2025,27,0.0,2025-06-30,,
caj za grip,2025,28,0.0,2025-07-07,,1.0
caj za grip,2025,29,0.0,2025-07-14,,1.0
caj za grip,2025,30,0.0,2025-07-21,,1.0
caj za grip,2025,31,0.0,2025-07-28,,1.0
caj za grip,2025,32,0.0,2025-08-04,,1.0
caj za grip,2025,33,0.0,2025-08-11,,1.0
caj za grip,2025,34,0.0,2025-08-18,,1.0
caj za grip,2025,35,0.0,2025-08-25,,1.0
caj za grip,2025,36,0.0,2025-09-01,,1.0
caj za grip,2025,37,0.0,2025-09-08,,1.0
caj za grip,2025,38,0.0,2025-09-15,,1.0
caj za grip,2025,39,0.0,2025-09-22,,1.0
caj za grip,2025,40,0.0,2025-09-29,,1.0
caj za grip,2025,41,0.0,2025-10-06,,1.0
caj za grip,2025,42,0.0,2025-10-13,2.0,1.0
caj za grip,2025,43,0.0,2025-10-20,3.0,1.0
caj za grip,2025,44,0.0,2025-10-27,,1.0
caj za grip,2025,45,0.0,2025-11-03,4.0,1.0
caj za grip,2025,46,0.0,2025-11-10,2.0,1.0
caj za grip,2025,47,0.0,2025-11-17,11.0,1.0
caj za grip,2025,48,0.0,2025-11-24,14.0,1.0
caj za grip,2025,49,0.0,2025-12-01,36.0,1.0
caj za grip,2025,50,0.0,2025-12-08,55.0,1.0
caj za grip,2025,51,0.0,2025-12-15,54.0,1.0
caj za grip,2025,52,0.0,2025-12-22,45.0,1.0
curenje nosa,2013,1,0.0,2012-12-31,,
curenje nosa,2013,2,0.0,2013-01-07,3.0,3.0
curenje nosa,2013,3,0.0,2013-01-14,16.0,3.0
curenje nosa,2013,4,0.0,2013-01-21,14.0,3.0
curenje nosa,2013,5,0.0,2013-01-28,23.0,5.0
curenje nosa,2013,6,0.0,2013-02-04,30.0,6.0
curenje nosa,2013,7,0.0,2013-02-11,66.0,6.0
curenje nosa,2013,8,0.0,2013-02-18,41.0,6.0
curenje nosa,2013,9,0.0,2013-02-25,29.0,6.0
curenje nosa,2013,10,0.0,2013-03-04,25.0,6.0
curenje nosa,2013,11,0.0,2013-03-11,10.0,5.0
curenje nosa,2013,12,0.0,2013-03-18,7.0,5.0
curenje nosa,2013,13,0.0,2013-03-25,3.0,1.0
curenje nosa,2013,14,0.0,2013-04-01,3.0,3.0
curenje nosa,2013,15,0.0,2013-04-08,1.0,3.0
curenje nosa,2013,16,0.0,2013-04-15,3.0,3.0
curenje nosa,2013,17,0.0,2013-04-22,,2.0
curenje nosa,2013,18,0.0,2013-04-29,,2.0
curenje nosa,2013,19,0.0,2013-05-06,,2.0
curenje nosa,2013,20,0.0,2013-05-13,,2.0
curenje nosa,2013,21,0.0,2013-05-20,,
curenje nosa,2013,22,0.0,2013-05-27,,
curenje nosa,2013,23,0.0,2013-06-03,,
curenje nosa,2013,24,0.0,2013-06-10,,
curenje nosa,2013,25,0.0,2013-06-17,,
curenje nosa,2013,26,0.0,2013-06-24,,
curenje nosa,2013,27,0.0,2013-07-01,,
curenje nosa,2013,28,0.0,2013-07-08,,
curenje nosa,2013,29,0.0,2013-07-15,,
curenje nosa,2013,30,0.0,2013-07-22,,
curenje nosa,2013,31,0.0,2013-07-29,,
curenje nosa,2013,32,0.0,2013-08-05,,
curenje nosa,2013,33,0.0,2013-08-12,,
curenje nosa,2013,34,0.0,2013-08-19,,
curenje nosa,2013,35,0.0,2013-08-26,,
curenje nosa,2013,36,60.0,2013-09-02,,
curenje nosa,2013,37,0.0,2013-09-09,,
curenje nosa,2013,38,0.0,2013-09-16,,
curenje nosa,2013,39,96.0,2013-09-23,,
curenje nosa,2013,40,70.0,2013-09-30,,
curenje nosa,2013,41,0.0,2013-10-07,,1.0
curenje nosa,2013,42,0.0,2013-10-14,,1.0
curenje nosa,2013,43,0.0,2013-10-21,,1.0
curenje nosa,2013,44,0.0,2013-10-28,,1.0
curenje nosa,2013,45,0.0,2013-11-04,,1.0
curenje nosa,2013,46,0.0,2013-11-11,,1.0
curenje nosa,2013,47,0.0,2013-11-18,,1.0
curenje nosa,2013,48,0.0,2013-11-25,,1.0
curenje nosa,2013,49,0.0,2013-12-02,,1.0
curenje nosa,2013,50,56.0,2013-12-09,,1.0
curenje nosa,2013,51,70.0,2013-12-16,,1.0
curenje nosa,2013,52,0.0,2013-12-23,,1.0
curenje nosa,2014,1,63.0,2013-12-30,,1.0
curenje nosa,2014,2,88.0,2014-01-06,1.0,1.0
curenje nosa,2014,3,0.0,2014-01-13,2.0,1.0
curenje nosa,2014,4,0.0,2014-01-20,3.0,1.0
curenje nosa,2014,5,0.0,2014-01-27,2.0,1.0
curenje nosa,2014,6,0.0,2014-02-03,3.0,1.0
curenje nosa,2014,7,0.0,2014-02-10,20.0,1.0
curenje nosa,2014,8,0.0,2014-02-17,6.0,1.0
curenje nosa,2014,9,0.0,2014-02-24,15.0,1.0
curenje nosa,2014,10,0.0,2014-03-03,12.0,1.0
curenje nosa,2014,11,55.0,2014-03-10,15.0,1.0
curenje nosa,2014,12,0.0,2014-03-17,16.0,1.0
curenje nosa,2014,13,0.0,2014-03-24,20.0,1.0
curenje nosa,2014,14,0.0,2014-03-31,9.0,1.0
curenje nosa,2014,15,0.0,2014-04-07,5.0,1.0
curenje nosa,2014,16,53.0,2014-04-14,3.0,1.0
curenje nosa,2014,17,55.0,2014-04-21,1.0,1.0
curenje nosa,2014,18,0.0,2014-04-28,,1.0
curenje nosa,2014,19,0.0,2014-05-05,1.0,1.0
curenje nosa,2014,20,0.0,2014-05-12,,1.0
curenje nosa,2014,21,0.0,2014-05-19,,
curenje nosa,2014,22,0.0,2014-05-26,,
curenje nosa,2014,23,0.0,2014-06-02,,
curenje nosa,2014,24,57.0,2014-06-09,,
curenje nosa,2014,25,0.0,2014-06-16,,
curenje nosa,2014,26,0.0,2014-06-23,,
curenje nosa,2014,27,0.0,2014-06-30,,
curenje nosa,2014,28,0.0,2014-07-07,,
curenje nosa,2014,29,0.0,2014-07-14,,
curenje nosa,2014,30,0.0,2014-07-21,,
curenje nosa,2014,31,0.0,2014-07-28,,
curenje nosa,2014,32,0.0,2014-08-04,,
curenje nosa,2014,33,0.0,2014-08-11,,
curenje nosa,2014,34,0.0,2014-08-18,,
curenje nosa,2014,35,0.0,2014-08-25,,
curenje nosa,2014,36,0.0,2014-09-01,,
curenje nosa,2014,37,68.0,2014-09-08,,
curenje nosa,2014,38,69.0,2014-09-15,,
curenje nosa,2014,39,0.0,2014-09-22,1.0,1.0
curenje nosa,2014,40,0.0,2014-09-29,1.0,1.0
curenje nosa,2014,41,0.0,2014-10-06,,1.0
curenje nosa,2014,42,0.0,2014-10-13,,1.0
curenje nosa,2014,43,0.0,2014-10-20,,1.0
curenje nosa,2014,44,0.0,2014-10-27,,1.0
curenje nosa,2014,45,0.0,2014-11-03,,1.0
curenje nosa,2014,46,0.0,2014-11-10,,1.0
curenje nosa,2014,47,52.0,2014-11-17,,1.0
curenje nosa,2014,48,0.0,2014-11-24,,1.0
curenje nosa,2014,49,52.0,2014-12-01,,1.0
curenje nosa,2014,50,0.0,2014-12-08,,1.0
curenje nosa,2014,51,0.0,2014-12-15,,1.0
curenje nosa,2014,52,0.0,2014-12-22,,1.0
curenje nosa,2015,1,52.0,2014-12-29,,1.0
curenje nosa,2015,2,57.0,2015-01-05,,1.0
curenje nosa,2015,3,0.0,2015-01-12,2.0,1.0
curenje nosa,2015,4,0.0,2015-01-19,11.0,1.0
curenje nosa,2015,5,0.0,2015-01-26,22.0,1.0
curenje nosa,2015,6,49.0,2015-02-02,26.0,1.0
curenje nosa,2015,7,88.0,2015-02-09,51.0,1.0
curenje nosa,2015,8,0.0,2015-02-16,28.0,1.0
curenje nosa,2015,9,0.0,2015-02-23,67.0,1.0
curenje nosa,2015,10,0.0,2015-03-02,40.0,1.0
curenje nosa,2015,11,62.0,2015-03-09,58.0,1.0
curenje nosa,2015,12,0.0,2015-03-16,38.0,1.0
curenje nosa,2015,13,0.0,2015-03-23,30.0,1.0
curenje nosa,2015,14,0.0,2015-03-30,23.0,1.0
curenje nosa,2015,15,79.0,2015-04-06,13.0,1.0
curenje nosa,2015,16,57.0,2015-04-13,11.0,1.0
curenje nosa,2015,17,65.0,2015-04-20,5.0,1.0
curenje nosa,2015,18,67.0,2015-04-27,2.0,1.0
curenje nosa,2015,19,81.0,2015-05-04,1.0,1.0
curenje nosa,2015,20,79.0,2015-05-11,,1.0
curenje nosa,2015,21,0.0,2015-05-18,,
curenje nosa,2015,22,0.0,2015-05-25,,
curenje nosa,2015,23,66.0,2015-06-01,,
curenje nosa,2015,24,0.0,2015-06-08,,
curenje nosa,2015,25,0.0,2015-06-15,,
curenje nosa,2015,26,0.0,2015-06-22,,
curenje nosa,2015,27,0.0,2015-06-29,,
curenje nosa,2015,28,0.0,2015-07-06,,
curenje nosa,2015,29,0.0,2015-07-13,,
curenje nosa,2015,30,0.0,2015-07-20,,
curenje nosa,2015,31,0.0,2015-07-27,,
curenje nosa,2015,32,62.0,2015-08-03,,
curenje nosa,2015,33,0.0,2015-08-10,,
curenje nosa,2015,34,87.0,2015-08-17,,
curenje nosa,2015,35,61.0,2015-08-24,,
curenje nosa,2015,36,0.0,2015-08-31,,
curenje nosa,2015,37,100.0,2015-09-07,,
curenje nosa,2015,38,70.0,2015-09-14,,
curenje nosa,2015,39,59.0,2015-09-21,,
curenje nosa,2015,40,70.0,2015-09-28,,
curenje nosa,2015,41,0.0,2015-10-05,,
curenje nosa,2015,42,72.0,2015-10-12,,
curenje nosa,2015,43,0.0,2015-10-19,,
curenje nosa,2015,44,64.0,2015-10-26,,
curenje nosa,2015,45,0.0,2015-11-02,,1.0
curenje nosa,2015,46,0.0,2015-11-09,,1.0
curenje nosa,2015,47,63.0,2015-11-16,,1.0
curenje nosa,2015,48,0.0,2015-11-23,,1.0
curenje nosa,2015,49,52.0,2015-11-30,,1.0
curenje nosa,2015,50,80.0,2015-12-07,,1.0
curenje nosa,2015,51,0.0,2015-12-14,,1.0
curenje nosa,2015,52,54.0,2015-12-21,,1.0
curenje nosa,2015,53,0.0,2015-12-28,,1.0
curenje nosa,2016,1,77.0,2016-01-04,3.0,1.0
curenje nosa,2016,2,67.0,2016-01-11,6.0,1.0
curenje nosa,2016,3,79.0,2016-01-18,16.0,1.0
curenje nosa,2016,4,65.0,2016-01-25,14.0,1.0
curenje nosa,2016,5,0.0,2016-02-01,26.0,1.0
curenje nosa,2016,6,0.0,2016-02-08,36.0,1.0
curenje nosa,2016,7,48.0,2016-02-15,14.0,1.0
curenje nosa,2016,8,0.0,2016-02-22,33.0,1.0
curenje nosa,2016,9,0.0,2016-02-29,44.0,1.0
curenje nosa,2016,10,0.0,2016-03-07,50.0,1.0
curenje nosa,2016,11,50.0,2016-03-14,35.0,1.0
curenje nosa,2016,12,72.0,2016-03-21,54.0,1.0
curenje nosa,2016,13,54.0,2016-03-28,57.0,1.0
curenje nosa,2016,14,0.0,2016-04-04,39.0,1.0
curenje nosa,2016,15,0.0,2016-04-11,26.0,1.0
curenje nosa,2016,16,0.0,2016-04-18,2.0,1.0
curenje nosa,2016,17,0.0,2016-04-25,2.0,1.0
curenje nosa,2016,18,0.0,2016-05-02,4.0,1.0
curenje nosa,2016,19,0.0,2016-05-09,,1.0
curenje nosa,2016,20,0.0,2016-05-16,,1.0
curenje nosa,2016,21,0.0,2016-05-23,,
curenje nosa,2016,22,0.0,2016-05-30,,
curenje nosa,2016,23,55.0,2016-06-06,,
curenje nosa,2016,24,0.0,2016-06-13,,
curenje nosa,2016,25,0.0,2016-06-20,,
curenje nosa,2016,26,0.0,2016-06-27,,
curenje nosa,2016,27,0.0,2016-07-04,,
curenje nosa,2016,28,0.0,2016-07-11,,
curenje nosa,2016,29,0.0,2016-07-18,,
curenje nosa,2016,30,0.0,2016-07-25,,
curenje nosa,2016,31,0.0,2016-08-01,,
curenje nosa,2016,32,0.0,2016-08-08,,
curenje nosa,2016,33,0.0,2016-08-15,,
curenje nosa,2016,34,0.0,2016-08-22,,
curenje nosa,2016,35,0.0,2016-08-29,,
curenje nosa,2016,36,70.0,2016-09-05,,
curenje nosa,2016,37,0.0,2016-09-12,,
curenje nosa,2016,38,65.0,2016-09-19,,
curenje nosa,2016,39,0.0,2016-09-26,,
curenje nosa,2016,40,63.0,2016-10-03,,
curenje nosa,2016,41,0.0,2016-10-10,,1.0
curenje nosa,2016,42,60.0,2016-10-17,,1.0
curenje nosa,2016,43,0.0,2016-10-24,,1.0
curenje nosa,2016,44,0.0,2016-10-31,,1.0
curenje nosa,2016,45,0.0,2016-11-07,,1.0
curenje nosa,2016,46,0.0,2016-11-14,,1.0
curenje nosa,2016,47,57.0,2016-11-21,,1.0
curenje nosa,2016,48,0.0,2016-11-28,,1.0
curenje nosa,2016,49,0.0,2016-12-05,9.0,1.0
curenje nosa,2016,50,67.0,2016-12-12,84.0,1.0
curenje nosa,2016,51,88.0,2016-12-19,109.0,1.0
curenje nosa,2016,52,69.0,2016-12-26,162.0,1.0
curenje nosa,2017,1,0.0,2017-01-02,77.0,1.0
curenje nosa,2017,2,0.0,2017-01-09,,1.0
curenje nosa,2017,3,0.0,2017-01-16,,1.0
curenje nosa,2017,4,0.0,2017-01-23,,1.0
curenje nosa,2017,5,72.0,2017-01-30,,1.0
curenje nosa,2017,6,74.0,2017-02-06,,1.0
curenje nosa,2017,7,83.0,2017-02-13,5.0,1.0
curenje nosa,2017,8,0.0,2017-02-20,11.0,1.0
curenje nosa,2017,9,0.0,2017-02-27,4.0,1.0
curenje nosa,2017,10,75.0,2017-03-06,2.0,1.0
curenje nosa,2017,11,62.0,2017-03-13,,1.0
curenje nosa,2017,12,0.0,2017-03-20,,1.0
curenje nosa,2017,13,0.0,2017-03-27,,1.0
curenje nosa,2017,14,0.0,2017-04-03,,1.0
curenje nosa,2017,15,0.0,2017-04-10,,1.0
curenje nosa,2017,16,0.0,2017-04-17,,1.0
curenje nosa,2017,17,0.0,2017-04-24,,1.0
curenje nosa,2017,18,0.0,2017-05-01,,1.0
curenje nosa,2017,19,0.0,2017-05-08,,1.0
curenje nosa,2017,20,0.0,2017-05-15,,1.0
curenje nosa,2017,21,66.0,2017-05-22,,
curenje nosa,2017,22,0.0,2017-05-29,,
curenje nosa,2017,23,0.0,2017-06-05,,
curenje nosa,2017,24,0.0,2017-06-12,,
curenje nosa,2017,25,0.0,2017-06-19,,
curenje nosa,2017,26,72.0,2017-06-26,,
curenje nosa,2017,27,0.0,2017-07-03,,
curenje nosa,2017,28,0.0,2017-07-10,,
curenje nosa,2017,29,0.0,2017-07-17,,
curenje nosa,2017,30,0.0,2017-07-24,,
curenje nosa,2017,31,0.0,2017-07-31,,
curenje nosa,2017,32,0.0,2017-08-07,,
curenje nosa,2017,33,0.0,2017-08-14,,
curenje nosa,2017,34,83.0,2017-08-21,,
curenje nosa,2017,35,67.0,2017-08-28,,
curenje nosa,2017,36,0.0,2017-09-04,,
curenje nosa,2017,37,0.0,2017-09-11,,
curenje nosa,2017,38,0.0,2017-09-18,,
curenje nosa,2017,39,79.0,2017-09-25,,
curenje nosa,2017,40,83.0,2017-10-02,,1.0
curenje nosa,2017,41,0.0,2017-10-09,,1.0
curenje nosa,2017,42,0.0,2017-10-16,,1.0
curenje nosa,2017,43,0.0,2017-10-23,,1.0
curenje nosa,2017,44,58.0,2017-10-30,,2.0
curenje nosa,2017,45,0.0,2017-11-06,,2.0
curenje nosa,2017,46,0.0,2017-11-13,,3.0
curenje nosa,2017,47,0.0,2017-11-20,,3.0
curenje nosa,2017,48,53.0,2017-11-27,,3.0
curenje nosa,2017,49,55.0,2017-12-04,,3.0
curenje nosa,2017,50,0.0,2017-12-11,6.0,3.0
curenje nosa,2017,51,74.0,2017-12-18,19.0,3.0
curenje nosa,2017,52,80.0,2017-12-25,26.0,3.0
curenje nosa,2018,1,0.0,2018-01-01,22.0,3.0
curenje nosa,2018,2,0.0,2018-01-08,37.0,3.0
curenje nosa,2018,3,57.0,2018-01-15,88.0,3.0
curenje nosa,2018,4,95.0,2018-01-22,103.0,4.0
curenje nosa,2018,5,62.0,2018-01-29,124.0,5.0
curenje nosa,2018,6,0.0,2018-02-05,121.0,5.0
curenje nosa,2018,7,0.0,2018-02-12,66.0,5.0
curenje nosa,2018,8,57.0,2018-02-19,77.0,4.0
curenje nosa,2018,9,95.0,2018-02-26,59.0,4.0
curenje nosa,2018,10,0.0,2018-03-05,29.0,4.0
curenje nosa,2018,11,0.0,2018-03-12,20.0,4.0
curenje nosa,2018,12,0.0,2018-03-19,14.0,3.0
curenje nosa,2018,13,86.0,2018-03-26,30.0,3.0
curenje nosa,2018,14,59.0,2018-04-02,21.0,3.0
curenje nosa,2018,15,0.0,2018-04-09,16.0,3.0
curenje nosa,2018,16,0.0,2018-04-16,1.0,3.0
curenje nosa,2018,17,0.0,2018-04-23,,2.0
curenje nosa,2018,18,0.0,2018-04-30,,2.0
curenje nosa,2018,19,0.0,2018-05-07,,1.0
curenje nosa,2018,20,0.0,2018-05-14,,1.0
curenje nosa,2018,21,0.0,2018-05-21,,1.0
curenje nosa,2018,22,0.0,2018-05-28,,1.0
curenje nosa,2018,23,0.0,2018-06-04,,1.0
curenje nosa,2018,24,65.0,2018-06-11,,1.0
curenje nosa,2018,25,0.0,2018-06-18,,1.0
curenje nosa,2018,26,0.0,2018-06-25,,1.0
curenje nosa,2018,27,0.0,2018-07-02,,1.0
curenje nosa,2018,28,0.0,2018-07-09,,1.0
curenje nosa,2018,29,0.0,2018-07-16,,1.0
curenje nosa,2018,30,0.0,2018-07-23,,1.0
curenje nosa,2018,31,0.0,2018-07-30,,1.0
curenje nosa,2018,32,82.0,2018-08-06,,1.0
curenje nosa,2018,33,0.0,2018-08-13,,1.0
curenje nosa,2018,34,82.0,2018-08-20,,1.0
curenje nosa,2018,35,0.0,2018-08-27,,1.0
curenje nosa,2018,36,82.0,2018-09-03,,1.0
curenje nosa,2018,37,57.15151515151515,2018-09-10,,1.0
curenje nosa,2018,38,74.54545454545455,2018-09-17,,1.0
curenje nosa,2018,39,0.0,2018-09-24,,1.0
curenje nosa,2018,40,0.0,2018-10-01,,1.0
curenje nosa,2018,41,0.0,2018-10-08,,1.0
curenje nosa,2018,42,0.0,2018-10-15,,1.0
curenje nosa,2018,43,0.0,2018-10-22,,1.0
curenje nosa,2018,44,62.121212121212125,2018-10-29,,1.0
curenje nosa,2018,45,0.0,2018-11-05,,1.0
curenje nosa,2018,46,82.0,2018-11-12,,1.0
curenje nosa,2018,47,62.121212121212125,2018-11-19,,1.0
curenje nosa,2018,48,0.0,2018-11-26,,1.0
curenje nosa,2018,49,62.121212121212125,2018-12-03,,1.0
curenje nosa,2018,50,52.18181818181818,2018-12-10,,1.0
curenje nosa,2018,51,54.666666666666664,2018-12-17,,1.0
curenje nosa,2018,52,0.0,2018-12-24,3.0,1.0
curenje nosa,2019,1,79.51515151515152,2018-12-31,11.0,2.0
curenje nosa,2019,2,0.0,2019-01-07,16.0,2.0
curenje nosa,2019,3,0.0,2019-01-14,42.0,2.0
curenje nosa,2019,4,82.0,2019-01-21,99.0,2.0
curenje nosa,2019,5,0.0,2019-01-28,273.0,4.0
curenje nosa,2019,6,0.0,2019-02-04,388.0,4.0
curenje nosa,2019,7,0.0,2019-02-11,309.0,4.0
curenje nosa,2019,8,0.0,2019-02-18,307.0,4.0
curenje nosa,2019,9,0.0,2019-02-25,138.0,3.0
curenje nosa,2019,10,62.121212121212125,2019-03-04,100.0,3.0
curenje nosa,2019,11,64.60606060606061,2019-03-11,50.0,3.0
curenje nosa,2019,12,57.15151515151515,2019-03-18,25.0,2.0
curenje nosa,2019,13,0.0,2019-03-25,40.0,2.0
curenje nosa,2019,14,0.0,2019-04-01,17.0,2.0
curenje nosa,2019,15,57.15151515151515,2019-04-08,14.0,2.0
curenje nosa,2019,16,0.0,2019-04-15,5.0,2.0
curenje nosa,2019,17,64.60606060606061,2019-04-22,9.0,2.0
curenje nosa,2019,18,0.0,2019-04-29,,2.0
curenje nosa,2019,19,0.0,2019-05-06,,2.0
curenje nosa,2019,20,62.121212121212125,2019-05-13,,2.0
curenje nosa,2019,21,0.0,2019-05-20,,1.0
curenje nosa,2019,22,54.666666666666664,2019-05-27,,1.0
curenje nosa,2019,23,0.0,2019-06-03,,1.0
curenje nosa,2019,24,57.15151515151515,2019-06-10,,1.0
curenje nosa,2019,25,0.0,2019-06-17,,1.0
curenje nosa,2019,26,0.0,2019-06-24,,1.0
curenje nosa,2019,27,0.0,2019-07-01,,1.0
curenje nosa,2019,28,0.0,2019-07-08,,1.0
curenje nosa,2019,29,0.0,2019-07-15,,1.0
curenje nosa,2019,30,0.0,2019-07-22,,1.0
curenje nosa,2019,31,0.0,2019-07-29,,1.0
curenje nosa,2019,32,69.57575757575758,2019-08-05,,1.0
curenje nosa,2019,33,0.0,2019-08-12,,1.0
curenje nosa,2019,34,72.06060606060606,2019-08-19,,1.0
curenje nosa,2019,35,64.60606060606061,2019-08-26,,1.0
curenje nosa,2019,36,0.0,2019-09-02,,1.0
curenje nosa,2019,37,0.0,2019-09-09,,1.0
curenje nosa,2019,38,0.0,2019-09-16,,1.0
curenje nosa,2019,39,0.0,2019-09-23,,1.0
curenje nosa,2019,40,59.63636363636364,2019-09-30,,1.0
curenje nosa,2019,41,52.18181818181818,2019-10-07,,1.0
curenje nosa,2019,42,0.0,2019-10-14,,1.0
curenje nosa,2019,43,0.0,2019-10-21,,1.0
curenje nosa,2019,44,0.0,2019-10-28,,1.0
curenje nosa,2019,45,0.0,2019-11-04,,1.0
curenje nosa,2019,46,0.0,2019-11-11,,1.0
curenje nosa,2019,47,0.0,2019-11-18,,1.0
curenje nosa,2019,48,0.0,2019-11-25,,1.0
curenje nosa,2019,49,0.0,2019-12-02,6.0,2.0
curenje nosa,2019,50,47.21212121212121,2019-12-09,9.0,2.0
curenje nosa,2019,51,47.21212121212121,2019-12-16,10.0,3.0
curenje nosa,2019,52,82.0,2019-12-23,8.0,3.0
curenje nosa,2020,1,57.15151515151515,2019-12-30,10.0,3.0
curenje nosa,2020,2,42.24242424242424,2020-01-06,24.0,3.0
curenje nosa,2020,3,49.696969696969695,2020-01-13,60.0,3.0
curenje nosa,2020,4,74.54545454545455,2020-01-20,179.0,3.0
curenje nosa,2020,5,77.03030303030303,2020-01-27,235.0,3.0
curenje nosa,2020,6,47.21212121212121,2020-02-03,290.0,5.0
curenje nosa,2020,7,47.21212121212121,2020-02-10,191.0,5.0
curenje nosa,2020,8,49.696969696969695,2020-02-17,83.0,4.0
curenje nosa,2020,9,52.18181818181818,2020-02-24,93.0,3.0
curenje nosa,2020,10,151.57575757575756,2020-03-02,34.0,3.0
curenje nosa,2020,11,248.4848484848485,2020-03-09,37.0,3.0
curenje nosa,2020,12,124.24242424242424,2020-03-16,6.0,2.0
curenje nosa,2020,13,89.45454545454545,2020-03-23,,2.0
curenje nosa,2020,14,82.0,2020-03-30,,1.0
curenje nosa,2020,15,49.696969696969695,2020-04-06,,1.0
curenje nosa,2020,16,0.0,2020-04-13,,1.0
curenje nosa,2020,17,64.60606060606061,2020-04-20,,1.0
curenje nosa,2020,18,0.0,2020-04-27,,1.0
curenje nosa,2020,19,0.0,2020-05-04,,1.0
curenje nosa,2020,20,0.0,2020-05-11,,1.0
curenje nosa,2020,21,0.0,2020-05-18,,1.0
curenje nosa,2020,22,0.0,2020-05-25,,1.0
curenje nosa,2020,23,0.0,2020-06-01,,1.0
curenje nosa,2020,24,0.0,2020-06-08,,1.0
curenje nosa,2020,25,64.60606060606061,2020-06-15,,1.0
curenje nosa,2020,26,82.0,2020-06-22,,1.0
curenje nosa,2020,27,126.72727272727272,2020-06-29,,1.0
curenje nosa,2020,28,104.36363636363636,2020-07-06,,1.0
curenje nosa,2020,29,91.93939393939394,2020-07-13,,1.0
curenje nosa,2020,30,0.0,2020-07-20,,1.0
curenje nosa,2020,31,52.18181818181818,2020-07-27,,1.0
curenje nosa,2020,32,0.0,2020-08-03,,1.0
curenje nosa,2020,33,0.0,2020-08-10,,1.0
curenje nosa,2020,34,57.15151515151515,2020-08-17,,1.0
curenje nosa,2020,35,89.45454545454545,2020-08-24,,1.0
curenje nosa,2020,36,121.75757575757576,2020-08-31,,1.0
curenje nosa,2020,37,121.75757575757576,2020-09-07,,1.0
curenje nosa,2020,38,114.3030303030303,2020-09-14,,1.0
curenje nosa,2020,39,69.57575757575758,2020-09-21,,1.0
curenje nosa,2020,40,0.0,2020-09-28,,1.0
curenje nosa,2020,41,69.57575757575758,2020-10-05,,1.0
curenje nosa,2020,42,94.42424242424242,2020-10-12,,1.0
curenje nosa,2020,43,89.45454545454545,2020-10-19,,1.0
curenje nosa,2020,44,0.0,2020-10-26,,2.0
curenje nosa,2020,45,116.78787878787878,2020-11-02,,2.0
curenje nosa,2020,46,96.9090909090909,2020-11-09,,2.0
curenje nosa,2020,47,74.54545454545455,2020-11-16,,2.0
curenje nosa,2020,48,89.45454545454545,2020-11-23,,1.0
curenje nosa,2020,49,69.57575757575758,2020-11-30,,1.0
curenje nosa,2020,50,77.03030303030303,2020-12-07,,1.0
curenje nosa,2020,51,67.0909090909091,2020-12-14,,1.0
curenje nosa,2020,52,54.666666666666664,2020-12-21,,1.0
curenje nosa,2020,53,64.68098066088015,2020-12-28,,1.0
curenje nosa,2021,1,64.68098066088015,2021-01-04,,1.0
curenje nosa,2021,2,53.36180904522613,2021-01-11,,1.0
curenje nosa,2021,3,63.06395614435815,2021-01-18,,1.0
curenje nosa,2021,4,0.0,2021-01-25,,1.0
curenje nosa,2021,5,64.68098066088015,2021-02-01,,1.0
curenje nosa,2021,6,118.04278970610628,2021-02-08,,1.0
curenje nosa,2021,7,74.38312776001217,2021-02-15,,1.0
curenje nosa,2021,8,106.72361809045223,2021-02-22,,1.0
curenje nosa,2021,9,111.57469164001829,2021-03-01,,1.0
curenje nosa,2021,10,51.74478452870412,2021-03-08,,
curenje nosa,2021,11,92.17039744175422,2021-03-15,,
curenje nosa,2021,12,64.68098066088015,2021-03-22,,
curenje nosa,2021,13,51.74478452870412,2021-03-29,,
curenje nosa,2021,14,92.17039744175422,2021-04-05,,
curenje nosa,2021,15,69.53205421044616,2021-04-12,,
curenje nosa,2021,16,82.4682503426222,2021-04-19,,
curenje nosa,2021,17,56.59585807827013,2021-04-26,,
curenje nosa,2021,18,45.276686462616105,2021-05-03,,
curenje nosa,2021,19,46.89371097913811,2021-05-10,,
curenje nosa,2021,20,80.85122582610019,2021-05-17,,
curenje nosa,2021,21,63.06395614435815,2021-05-24,,
curenje nosa,2021,22,0.0,2021-05-31,,
curenje nosa,2021,23,90.5533729252322,2021-06-07,,
curenje nosa,2021,24,0.0,2021-06-14,,
curenje nosa,2021,25,72.76610324349018,2021-06-21,,
curenje nosa,2021,26,69.53205421044616,2021-06-28,,
curenje nosa,2021,27,54.97883356174813,2021-07-05,,
curenje nosa,2021,28,0.0,2021-07-12,,
curenje nosa,2021,29,80.85122582610019,2021-07-19,,
curenje nosa,2021,30,0.0,2021-07-26,,
curenje nosa,2021,31,87.31932389218821,2021-08-02,,
curenje nosa,2021,32,116.42576518958428,2021-08-09,,
curenje nosa,2021,33,122.89386325567229,2021-08-16,,
curenje nosa,2021,34,109.95766712349626,2021-08-23,,
curenje nosa,2021,35,135.83005938784834,2021-08-30,,
curenje nosa,2021,36,161.70245165220038,2021-09-06,,
curenje nosa,2021,37,103.48956905740825,2021-09-13,,
curenje nosa,2021,38,127.74493680523832,2021-09-20,,
curenje nosa,2021,39,118.04278970610628,2021-09-27,,
curenje nosa,2021,40,114.80874067306227,2021-10-04,,1.0
curenje nosa,2021,41,142.29815745393634,2021-10-11,,1.0
curenje nosa,2021,42,93.78742195827624,2021-10-18,,1.0
curenje nosa,2021,43,66.29800517740216,2021-10-25,,1.0
curenje nosa,2021,44,119.65981422262828,2021-11-01,,1.0
curenje nosa,2021,45,84.0852748591442,2021-11-08,,1.0
curenje nosa,2021,46,98.63849550784224,2021-11-15,,1.0
curenje nosa,2021,47,58.21288259479214,2021-11-22,,1.0
curenje nosa,2021,48,93.78742195827624,2021-11-29,,1.0
curenje nosa,2021,49,0.0,2021-12-06,,1.0
curenje nosa,2021,50,108.34064260697426,2021-12-13,1.0,1.0
curenje nosa,2021,51,143.91518197045835,2021-12-20,1.0,1.0
curenje nosa,2021,52,98.63849550784224,2021-12-27,12.0,1.0
curenje nosa,2022,1,95.40444647479822,2022-01-03,21.0,1.0
curenje nosa,2022,2,63.06395614435815,2022-01-10,16.0,1.0
curenje nosa,2022,3,61.44693162783614,2022-01-17,19.0,1.0
curenje nosa,2022,4,84.0852748591442,2022-01-24,7.0,1.0
curenje nosa,2022,5,58.21288259479214,2022-01-31,4.0,1.0
curenje nosa,2022,6,43.659661946094104,2022-02-07,31.0,1.0
curenje nosa,2022,7,43.659661946094104,2022-02-14,25.0,1.0
curenje nosa,2022,8,58.21288259479214,2022-02-21,12.0,1.0
curenje nosa,2022,9,38.808588396528094,2022-02-28,3.0,1.0
curenje nosa,2022,10,87.31932389218821,2022-03-07,34.0,1.0
curenje nosa,2022,11,97.02147099132024,2022-03-14,77.0,1.0
curenje nosa,2022,12,101.87254454088624,2022-03-21,77.0,1.0
curenje nosa,2022,13,71.14907872696817,2022-03-28,66.0,1.0
curenje nosa,2022,14,56.59585807827013,2022-04-04,43.0,1.0
curenje nosa,2022,15,0.0,2022-04-11,32.0,1.0
curenje nosa,2022,16,54.97883356174813,2022-04-18,17.0,1.0
curenje nosa,2022,17,69.53205421044616,2022-04-25,8.0,1.0
curenje nosa,2022,18,51.74478452870412,2022-05-02,4.0,1.0
curenje nosa,2022,19,51.74478452870412,2022-05-09,3.0,1.0
curenje nosa,2022,20,54.97883356174813,2022-05-16,4.0,1.0
curenje nosa,2022,21,0.0,2022-05-23,3.0,1.0
curenje nosa,2022,22,0.0,2022-05-30,,1.0
curenje nosa,2022,23,0.0,2022-06-06,,1.0
curenje nosa,2022,24,43.659661946094104,2022-06-13,,1.0
curenje nosa,2022,25,0.0,2022-06-20,,1.0
curenje nosa,2022,26,0.0,2022-06-27,,
curenje nosa,2022,27,0.0,2022-07-04,,1.0
curenje nosa,2022,28,54.97883356174813,2022-07-11,,1.0
curenje nosa,2022,29,0.0,2022-07-18,,1.0
curenje nosa,2022,30,0.0,2022-07-25,,1.0
curenje nosa,2022,31,82.4682503426222,2022-08-01,,1.0
curenje nosa,2022,32,72.76610324349018,2022-08-08,,1.0
curenje nosa,2022,33,0.0,2022-08-15,,
curenje nosa,2022,34,0.0,2022-08-22,,
curenje nosa,2022,35,43.659661946094104,2022-08-29,,
curenje nosa,2022,36,0.0,2022-09-05,,
curenje nosa,2022,37,64.68098066088015,2022-09-12,,
curenje nosa,2022,38,72.76610324349018,2022-09-19,,
curenje nosa,2022,39,93.78742195827624,2022-09-26,,
curenje nosa,2022,40,51.74478452870412,2022-10-03,,1.0
curenje nosa,2022,41,48.510735495660114,2022-10-10,,1.0
curenje nosa,2022,42,50.12776001218212,2022-10-17,,1.0
curenje nosa,2022,43,0.0,2022-10-24,,1.0
curenje nosa,2022,44,40.425612913050095,2022-10-31,,1.0
curenje nosa,2022,45,64.68098066088015,2022-11-07,1.0,1.0
curenje nosa,2022,46,53.36180904522613,2022-11-14,,1.0
curenje nosa,2022,47,71.14907872696817,2022-11-21,,1.0
curenje nosa,2022,48,64.68098066088015,2022-11-28,2.0,1.0
curenje nosa,2022,49,48.510735495660114,2022-12-05,5.0,1.0
curenje nosa,2022,50,84.0852748591442,2022-12-12,26.0,1.0
curenje nosa,2022,51,66.29800517740216,2022-12-19,36.0,1.0
curenje nosa,2022,52,84.0852748591442,2022-12-26,31.0,1.0
curenje nosa,2023,1,71.14907872696817,2023-01-02,24.0,1.0
curenje nosa,2023,2,93.78742195827624,2023-01-09,78.0,1.0
curenje nosa,2023,3,0.0,2023-01-16,72.0,1.0
curenje nosa,2023,4,53.36180904522613,2023-01-23,58.0,1.0
curenje nosa,2023,5,42.0426374295721,2023-01-30,75.0,1.0
curenje nosa,2023,6,76.00015227653418,2023-02-06,91.0,1.0
curenje nosa,2023,7,72.76610324349018,2023-02-13,70.0,1.0
curenje nosa,2023,8,0.0,2023-02-20,85.0,1.0
curenje nosa,2023,9,92.17039744175422,2023-02-27,33.0,1.0
curenje nosa,2023,10,58.21288259479214,2023-03-06,32.0,1.0
curenje nosa,2023,11,56.59585807827013,2023-03-13,26.0,1.0
curenje nosa,2023,12,0.0,2023-03-20,25.0,1.0
curenje nosa,2023,13,0.0,2023-03-27,10.0,1.0
curenje nosa,2023,14,0.0,2023-04-03,12.0,1.0
curenje nosa,2023,15,51.74478452870412,2023-04-10,3.0,1.0
curenje nosa,2023,16,53.36180904522613,2023-04-17,1.0,1.0
curenje nosa,2023,17,59.82990711131414,2023-04-24,1.0,1.0
curenje nosa,2023,18,48.510735495660114,2023-05-01,,1.0
curenje nosa,2023,19,0.0,2023-05-08,,1.0
curenje nosa,2023,20,0.0,2023-05-15,,1.0
curenje nosa,2023,21,54.97883356174813,2023-05-22,,1.0
curenje nosa,2023,22,58.21288259479214,2023-05-29,,1.0
curenje nosa,2023,23,0.0,2023-06-05,,1.0
curenje nosa,2023,24,46.89371097913811,2023-06-12,,1.0
curenje nosa,2023,25,0.0,2023-06-19,,1.0
curenje nosa,2023,26,40.425612913050095,2023-06-26,,
curenje nosa,2023,27,0.0,2023-07-03,,
curenje nosa,2023,28,0.0,2023-07-10,,1.0
curenje nosa,2023,29,59.33236110623046,2023-07-17,,1.0
curenje nosa,2023,30,0.0,2023-07-24,,1.0
curenje nosa,2023,31,48.97274250038069,2023-07-31,,1.0
curenje nosa,2023,32,41.43847442339905,2023-08-07,,1.0
curenje nosa,2023,33,0.0,2023-08-14,,1.0
curenje nosa,2023,34,79.10981480830728,2023-08-21,,1.0
curenje nosa,2023,35,0.0,2023-08-28,,1.0
curenje nosa,2023,36,0.0,2023-09-04,,1.0
curenje nosa,2023,37,40.49669091377634,2023-09-11,,1.0
curenje nosa,2023,38,42.38025793302175,2023-09-18,,1.0
curenje nosa,2023,39,50.8563095196261,2023-09-25,,1.0
curenje nosa,2023,40,81.93516533717539,2023-10-02,,1.0
curenje nosa,2023,41,0.0,2023-10-09,,1.0
curenje nosa,2023,42,39.55490740415364,2023-10-16,,1.0
curenje nosa,2023,43,60.27414461585316,2023-10-23,,1.0
curenje nosa,2023,44,0.0,2023-10-30,,1.0
curenje nosa,2023,45,0.0,2023-11-06,1.0,1.0
curenje nosa,2023,46,0.0,2023-11-13,,1.0
curenje nosa,2023,47,81.93516533717539,2023-11-20,1.0,1.0
curenje nosa,2023,48,40.49669091377634,2023-11-27,1.0,1.0
curenje nosa,2023,49,71.57554673132563,2023-12-04,3.0,1.0
curenje nosa,2023,50,67.8084126928348,2023-12-11,7.0,1.0
curenje nosa,2023,51,46.147391971512576,2023-12-18,7.0,1.0
curenje nosa,2023,52,88.52764990453433,2023-12-25,21.0,1.0
curenje nosa,2024,1,77.22624778906186,2024-01-01,10.0,1.0
curenje nosa,2024,2,52.73987653887151,2024-01-08,21.0,1.0
curenje nosa,2024,3,50.8563095196261,2024-01-15,46.0,1.0
curenje nosa,2024,4,48.03095899075799,2024-01-22,93.0,1.0
curenje nosa,2024,5,68.75019620245752,2024-01-29,130.0,1.0
curenje nosa,2024,6,0.0,2024-02-05,119.0,1.0
curenje nosa,2024,7,0.0,2024-02-12,48.0,1.0
curenje nosa,2024,8,0.0,2024-02-19,82.0,1.0
curenje nosa,2024,9,0.0,2024-02-26,32.0,1.0
curenje nosa,2024,10,0.0,2024-03-04,22.0,1.0
curenje nosa,2024,11,0.0,2024-03-11,4.0,1.0
curenje nosa,2024,12,85.70229937566621,2024-03-18,1.0,1.0
curenje nosa,2024,13,49.9145260100034,2024-03-25,,1.0
curenje nosa,2024,14,0.0,2024-04-01,3.0,1.0
curenje nosa,2024,15,0.0,2024-04-08,2.0,1.0
curenje nosa,2024,16,0.0,2024-04-15,,1.0
curenje nosa,2024,17,0.0,2024-04-22,1.0,1.0
curenje nosa,2024,18,0.0,2024-04-29,,1.0
curenje nosa,2024,19,0.0,2024-05-06,1.0,1.0
curenje nosa,2024,20,0.0,2024-05-13,,1.0
curenje nosa,2024,21,0.0,2024-05-20,,1.0
curenje nosa,2024,22,0.0,2024-05-27,,1.0
curenje nosa,2024,23,0.0,2024-06-03,,1.0
curenje nosa,2024,24,0.0,2024-06-10,,1.0
curenje nosa,2024,25,0.0,2024-06-17,,1.0
curenje nosa,2024,26,0.0,2024-06-24,,1.0
curenje nosa,2024,27,0.0,2024-07-01,,1.0
curenje nosa,2024,28,0.0,2024-07-08,,1.0
curenje nosa,2024,29,0.0,2024-07-15,,1.0
curenje nosa,2024,30,0.0,2024-07-22,,1.0
curenje nosa,2024,31,0.0,2024-07-29,,1.0
curenje nosa,2024,32,49.9145260100034,2024-08-05,,1.0
curenje nosa,2024,33,0.0,2024-08-12,,1.0
curenje nosa,2024,34,0.0,2024-08-19,,1.0
curenje nosa,2024,35,0.0,2024-08-26,,1.0
curenje nosa,2024,36,0.0,2024-09-02,,1.0
curenje nosa,2024,37,80.05159831792997,2024-09-09,,1.0
curenje nosa,2024,38,68.75019620245752,2024-09-16,,1.0
curenje nosa,2024,39,0.0,2024-09-23,,1.0
curenje nosa,2024,40,0.0,2024-09-30,,1.0
curenje nosa,2024,41,0.0,2024-10-07,1.0,1.0
curenje nosa,2024,42,54.623443558116925,2024-10-14,,1.0
curenje nosa,2024,43,0.0,2024-10-21,,1.0
curenje nosa,2024,44,0.0,2024-10-28,,1.0
curenje nosa,2024,45,69.69197971208021,2024-11-04,,1.0
curenje nosa,2024,46,0.0,2024-11-11,,1.0
curenje nosa,2024,47,0.0,2024-11-18,,1.0
curenje nosa,2024,48,0.0,2024-11-25,,1.0
curenje nosa,2024,49,0.0,2024-12-02,2.0,1.0
curenje nosa,2024,50,0.0,2024-12-09,13.0,1.0
curenje nosa,2024,51,73.45911375057103,2024-12-16,3.0,1.0
curenje nosa,2024,52,63.099495144721274,2024-12-23,27.0,1.0
curenje nosa,2025,1,0.0,2024-12-30,6.0,1.0
curenje nosa,2025,2,0.0,2025-01-06,15.0,1.0
curenje nosa,2025,3,0.0,2025-01-13,36.0,1.0
curenje nosa,2025,4,58.39057759660775,2025-01-20,77.0,1.0
curenje nosa,2025,5,0.0,2025-01-27,71.0,1.0
curenje nosa,2025,6,0.0,2025-02-03,36.0,1.0
curenje nosa,2025,7,55.565227067739634,2025-02-10,45.0,1.0
curenje nosa,2025,8,0.0,2025-02-17,43.0,1.0
curenje nosa,2025,9,0.0,2025-02-24,54.0,1.0
curenje nosa,2025,10,0.0,2025-03-03,63.0,1.0
curenje nosa,2025,11,65.92484567358939,2025-03-10,19.0,1.0
curenje nosa,2025,12,0.0,2025-03-17,18.0,1.0
curenje nosa,2025,13,0.0,2025-03-24,8.0,1.0
curenje nosa,2025,14,0.0,2025-03-31,2.0,1.0
curenje nosa,2025,15,0.0,2025-04-07,2.0,1.0
curenje nosa,2025,16,0.0,2025-04-14,,1.0
curenje nosa,2025,17,81.93516533717539,2025-04-21,,1.0
curenje nosa,2025,18,0.0,2025-04-28,2.0,1.0
curenje nosa,2025,19,60.27414461585316,2025-05-05,,1.0
curenje nosa,2025,20,0.0,2025-05-12,,1.0
curenje nosa,2025,21,0.0,2025-05-19,,1.0
curenje nosa,2025,22,0.0,2025-05-26,,1.0
curenje nosa,2025,23,0.0,2025-06-02,,1.0
curenje nosa,2025,24,0.0,2025-06-09,,1.0
curenje nosa,2025,25,0.0,2025-06-16,,1.0
curenje nosa,2025,26,0.0,2025-06-23,,1.0
curenje nosa,2025,27,0.0,2025-06-30,,
curenje nosa,2025,28,0.0,2025-07-07,,1.0
curenje nosa,2025,29,0.0,2025-07-14,,1.0
curenje nosa,2025,30,0.0,2025-07-21,,1.0
curenje nosa,2025,31,0.0,2025-07-28,,1.0
curenje nosa,2025,32,0.0,2025-08-04,,1.0
curenje nosa,2025,33,0.0,2025-08-11,,1.0
curenje nosa,2025,34,0.0,2025-08-18,,1.0
curenje nosa,2025,35,0.0,2025-08-25,,1.0
curenje nosa,2025,36,0.0,2025-09-01,,1.0
curenje nosa,2025,37,0.0,2025-09-08,,1.0
curenje nosa,2025,38,0.0,2025-09-15,,1.0
curenje nosa,2025,39,0.0,2025-09-22,,1.0
curenje nosa,2025,40,0.0,2025-09-29,,1.0
curenje nosa,2025,41,0.0,2025-10-06,,1.0
curenje nosa,2025,42,0.0,2025-10-13,2.0,1.0
curenje nosa,2025,43,0.0,2025-10-20,3.0,1.0
curenje nosa,2025,44,0.0,2025-10-27,,1.0
curenje nosa,2025,45,0.0,2025-11-03,4.0,1.0
curenje nosa,2025,46,0.0,2025-11-10,2.0,1.0
curenje nosa,2025,47,0.0,2025-11-17,11.0,1.0
curenje nosa,2025,48,56.50701057736234,2025-11-24,14.0,1.0
curenje nosa,2025,49,0.0,2025-12-01,36.0,1.0
curenje nosa,2025,50,0.0,2025-12-08,55.0,1.0
curenje nosa,2025,51,0.0,2025-12-15,54.0,1.0
curenje nosa,2025,52,0.0,2025-12-22,45.0,1.0
curenje nosa,2026,1,62.56133313922259,2025-12-29,24.0,1.0
curenje nosa,2026,2,0.0,2026-01-05,8.0,1.0
curenje nosa,2026,3,0.0,2026-01-12,7.0,1.0
curenje nosa,2026,4,0.0,2026-01-19,15.0,1.0
curenje nosa,2026,5,0.0,2026-01-26,3.0,1.0
curenje nosa,2026,6,51.125390522375454,2026-02-02,4.0,1.0
curenje nosa,2026,7,0.0,2026-02-09,,1.0
curenje nosa,2026,8,67.27025068733612,2026-02-16,1.0,1.0
curenje nosa,2026,9,0.0,2026-02-23,2.0,1.0
curenje nosa,2026,10,65.25214316671604,2026-03-02,,1.0
curenje nosa,2026,11,0.0,2026-03-09,,1.0
curenje nosa,2026,12,0.0,2026-03-16,1.0,1.0
curenje nosa,2026,13,0.0,2026-03-23,,1.0
curenje nosa,2026,14,49.10728300175537,2026-03-30,,1.0
curenje nosa,2026,15,0.0,2026-04-06,,1.0
curenje nosa,2026,16,0.0,2026-04-13,,1.0
curenje nosa,2026,17,0.0,2026-04-20,,
curenje nosa,2026,18,0.0,2026-04-27,,1.0
curenje nosa,2026,19,0.0,2026-05-04,,1.0
curenje nosa,2026,20,0.0,2026-05-11,,1.0
curenje nosa,2026,21,0.0,2026-05-18,,1.0
curenje nosa,2026,22,0.0,2026-05-25,,1.0
curenje nosa,2026,23,0.0,2026-06-01,,1.0
curenje nosa,2026,24,0.0,2026-06-08,,1.0
curenje nosa,2026,25,0.0,2026-06-15,,1.0
curenje nosa,2026,26,0.0,2026-06-22,,1.0
curenje nosa,2026,27,0.0,2026-06-29,,1.0
curenje nosa,2026,28,0.0,2026-07-06,,1.0
curenje nosa,2026,29,0.0,2026-07-13,,1.0
curenje nosa,2026,30,14.126752644340584,2026-07-20,,
curenje nosa,2026,31,21.52648021994756,2026-07-27,,1.0
grip,2013,1,19.0,2012-12-31,,
grip,2013,2,29.0,2013-01-07,3.0,3.0
grip,2013,3,17.0,2013-01-14,16.0,3.0
grip,2013,4,22.0,2013-01-21,14.0,3.0
grip,2013,5,31.0,2013-01-28,23.0,5.0
grip,2013,6,40.0,2013-02-04,30.0,6.0
grip,2013,7,36.0,2013-02-11,66.0,6.0
grip,2013,8,28.0,2013-02-18,41.0,6.0
grip,2013,9,28.0,2013-02-25,29.0,6.0
grip,2013,10,25.0,2013-03-04,25.0,6.0
grip,2013,11,20.0,2013-03-11,10.0,5.0
grip,2013,12,17.0,2013-03-18,7.0,5.0
grip,2013,13,17.0,2013-03-25,3.0,1.0
grip,2013,14,15.0,2013-04-01,3.0,3.0
grip,2013,15,18.0,2013-04-08,1.0,3.0
grip,2013,16,18.0,2013-04-15,3.0,3.0
grip,2013,17,13.0,2013-04-22,,2.0
grip,2013,18,13.0,2013-04-29,,2.0
grip,2013,19,6.0,2013-05-06,,2.0
grip,2013,20,13.0,2013-05-13,,2.0
grip,2013,21,12.0,2013-05-20,,
grip,2013,22,14.0,2013-05-27,,
grip,2013,23,15.0,2013-06-03,,
grip,2013,24,8.0,2013-06-10,,
grip,2013,25,10.0,2013-06-17,,
grip,2013,26,9.0,2013-06-24,,
grip,2013,27,8.0,2013-07-01,,
grip,2013,28,9.0,2013-07-08,,
grip,2013,29,8.0,2013-07-15,,
grip,2013,30,8.0,2013-07-22,,
grip,2013,31,11.0,2013-07-29,,
grip,2013,32,13.0,2013-08-05,,
grip,2013,33,11.0,2013-08-12,,
grip,2013,34,11.0,2013-08-19,,
grip,2013,35,8.0,2013-08-26,,
grip,2013,36,16.0,2013-09-02,,
grip,2013,37,16.0,2013-09-09,,
grip,2013,38,14.0,2013-09-16,,
grip,2013,39,14.0,2013-09-23,,
grip,2013,40,16.0,2013-09-30,,
grip,2013,41,17.0,2013-10-07,,1.0
grip,2013,42,16.0,2013-10-14,,1.0
grip,2013,43,16.0,2013-10-21,,1.0
grip,2013,44,19.0,2013-10-28,,1.0
grip,2013,45,11.0,2013-11-04,,1.0
grip,2013,46,14.0,2013-11-11,,1.0
grip,2013,47,10.0,2013-11-18,,1.0
grip,2013,48,16.0,2013-11-25,,1.0
grip,2013,49,11.0,2013-12-02,,1.0
grip,2013,50,18.0,2013-12-09,,1.0
grip,2013,51,17.0,2013-12-16,,1.0
grip,2013,52,17.0,2013-12-23,,1.0
grip,2014,1,19.0,2013-12-30,,1.0
grip,2014,2,21.0,2014-01-06,1.0,1.0
grip,2014,3,20.0,2014-01-13,2.0,1.0
grip,2014,4,16.0,2014-01-20,3.0,1.0
grip,2014,5,15.0,2014-01-27,2.0,1.0
grip,2014,6,19.0,2014-02-03,3.0,1.0
grip,2014,7,33.0,2014-02-10,20.0,1.0
grip,2014,8,22.0,2014-02-17,6.0,1.0
grip,2014,9,23.0,2014-02-24,15.0,1.0
grip,2014,10,19.0,2014-03-03,12.0,1.0
grip,2014,11,19.0,2014-03-10,15.0,1.0
grip,2014,12,22.0,2014-03-17,16.0,1.0
grip,2014,13,15.0,2014-03-24,20.0,1.0
grip,2014,14,12.0,2014-03-31,9.0,1.0
grip,2014,15,16.0,2014-04-07,5.0,1.0
grip,2014,16,13.0,2014-04-14,3.0,1.0
grip,2014,17,10.0,2014-04-21,1.0,1.0
grip,2014,18,13.0,2014-04-28,,1.0
grip,2014,19,13.0,2014-05-05,1.0,1.0
grip,2014,20,9.0,2014-05-12,,1.0
grip,2014,21,15.0,2014-05-19,,
grip,2014,22,14.0,2014-05-26,,
grip,2014,23,12.0,2014-06-02,,
grip,2014,24,11.0,2014-06-09,,
grip,2014,25,9.0,2014-06-16,,
grip,2014,26,12.0,2014-06-23,,
grip,2014,27,12.0,2014-06-30,,
grip,2014,28,9.0,2014-07-07,,
grip,2014,29,7.0,2014-07-14,,
grip,2014,30,14.0,2014-07-21,,
grip,2014,31,13.0,2014-07-28,,
grip,2014,32,14.0,2014-08-04,,
grip,2014,33,12.0,2014-08-11,,
grip,2014,34,12.0,2014-08-18,,
grip,2014,35,16.0,2014-08-25,,
grip,2014,36,13.0,2014-09-01,,
grip,2014,37,15.0,2014-09-08,,
grip,2014,38,11.0,2014-09-15,,
grip,2014,39,19.0,2014-09-22,1.0,1.0
grip,2014,40,19.0,2014-09-29,1.0,1.0
grip,2014,41,14.0,2014-10-06,,1.0
grip,2014,42,20.0,2014-10-13,,1.0
grip,2014,43,13.0,2014-10-20,,1.0
grip,2014,44,21.0,2014-10-27,,1.0
grip,2014,45,16.0,2014-11-03,,1.0
grip,2014,46,15.0,2014-11-10,,1.0
grip,2014,47,17.0,2014-11-17,,1.0
grip,2014,48,12.0,2014-11-24,,1.0
grip,2014,49,18.0,2014-12-01,,1.0
grip,2014,50,13.0,2014-12-08,,1.0
grip,2014,51,15.0,2014-12-15,,1.0
grip,2014,52,18.0,2014-12-22,,1.0
grip,2015,1,17.0,2014-12-29,,1.0
grip,2015,2,20.0,2015-01-05,,1.0
grip,2015,3,26.0,2015-01-12,2.0,1.0
grip,2015,4,23.0,2015-01-19,11.0,1.0
grip,2015,5,22.0,2015-01-26,22.0,1.0
grip,2015,6,25.0,2015-02-02,26.0,1.0
grip,2015,7,29.0,2015-02-09,51.0,1.0
grip,2015,8,36.0,2015-02-16,28.0,1.0
grip,2015,9,100.0,2015-02-23,67.0,1.0
grip,2015,10,99.0,2015-03-02,40.0,1.0
grip,2015,11,42.0,2015-03-09,58.0,1.0
grip,2015,12,39.0,2015-03-16,38.0,1.0
grip,2015,13,30.0,2015-03-23,30.0,1.0
grip,2015,14,20.0,2015-03-30,23.0,1.0
grip,2015,15,15.0,2015-04-06,13.0,1.0
grip,2015,16,16.0,2015-04-13,11.0,1.0
grip,2015,17,17.0,2015-04-20,5.0,1.0
grip,2015,18,12.0,2015-04-27,2.0,1.0
grip,2015,19,14.0,2015-05-04,1.0,1.0
grip,2015,20,11.0,2015-05-11,,1.0
grip,2015,21,8.0,2015-05-18,,
grip,2015,22,11.0,2015-05-25,,
grip,2015,23,11.0,2015-06-01,,
grip,2015,24,13.0,2015-06-08,,
grip,2015,25,12.0,2015-06-15,,
grip,2015,26,11.0,2015-06-22,,
grip,2015,27,10.0,2015-06-29,,
grip,2015,28,12.0,2015-07-06,,
grip,2015,29,7.0,2015-07-13,,
grip,2015,30,12.0,2015-07-20,,
grip,2015,31,14.0,2015-07-27,,
grip,2015,32,12.0,2015-08-03,,
grip,2015,33,15.0,2015-08-10,,
grip,2015,34,10.0,2015-08-17,,
grip,2015,35,10.0,2015-08-24,,
grip,2015,36,12.0,2015-08-31,,
grip,2015,37,12.0,2015-09-07,,
grip,2015,38,14.0,2015-09-14,,
grip,2015,39,14.0,2015-09-21,,
grip,2015,40,18.0,2015-09-28,,
grip,2015,41,19.0,2015-10-05,,
grip,2015,42,21.0,2015-10-12,,
grip,2015,43,17.0,2015-10-19,,
grip,2015,44,21.0,2015-10-26,,
grip,2015,45,15.0,2015-11-02,,1.0
grip,2015,46,13.0,2015-11-09,,1.0
grip,2015,47,16.0,2015-11-16,,1.0
grip,2015,48,11.0,2015-11-23,,1.0
grip,2015,49,14.0,2015-11-30,,1.0
grip,2015,50,17.0,2015-12-07,,1.0
grip,2015,51,16.0,2015-12-14,,1.0
grip,2015,52,17.0,2015-12-21,,1.0
grip,2015,53,22.655826558265584,2015-12-28,,1.0
grip,2016,1,18.53658536585366,2016-01-04,3.0,1.0
grip,2016,2,18.53658536585366,2016-01-11,6.0,1.0
grip,2016,3,16.476964769647697,2016-01-18,16.0,1.0
grip,2016,4,20.59620596205962,2016-01-25,14.0,1.0
grip,2016,5,21.626016260162604,2016-02-01,26.0,1.0
grip,2016,6,24.715447154471548,2016-02-08,36.0,1.0
grip,2016,7,21.626016260162604,2016-02-15,14.0,1.0
grip,2016,8,18.53658536585366,2016-02-22,33.0,1.0
grip,2016,9,24.715447154471548,2016-02-29,44.0,1.0
grip,2016,10,20.59620596205962,2016-03-07,50.0,1.0
grip,2016,11,27.804878048780488,2016-03-14,35.0,1.0
grip,2016,12,29.86449864498645,2016-03-21,54.0,1.0
grip,2016,13,22.655826558265584,2016-03-28,57.0,1.0
grip,2016,14,15.447154471544716,2016-04-04,39.0,1.0
grip,2016,15,9.26829268292683,2016-04-11,26.0,1.0
grip,2016,16,17.506775067750677,2016-04-18,2.0,1.0
grip,2016,17,7.208672086720868,2016-04-25,2.0,1.0
grip,2016,18,9.26829268292683,2016-05-02,4.0,1.0
grip,2016,19,13.387533875338754,2016-05-09,,1.0
grip,2016,20,9.26829268292683,2016-05-16,,1.0
grip,2016,21,10.29810298102981,2016-05-23,,
grip,2016,22,12.357723577235774,2016-05-30,,
grip,2016,23,9.26829268292683,2016-06-06,,
grip,2016,24,8.238482384823849,2016-06-13,,
grip,2016,25,8.238482384823849,2016-06-20,,
grip,2016,26,18.53658536585366,2016-06-27,,
grip,2016,27,17.506775067750677,2016-07-04,,
grip,2016,28,10.29810298102981,2016-07-11,,
grip,2016,29,10.29810298102981,2016-07-18,,
grip,2016,30,12.357723577235774,2016-07-25,,
grip,2016,31,9.26829268292683,2016-08-01,,
grip,2016,32,11.327913279132792,2016-08-08,,
grip,2016,33,9.26829268292683,2016-08-15,,
grip,2016,34,17.506775067750677,2016-08-22,,
grip,2016,35,10.29810298102981,2016-08-29,,
grip,2016,36,11.327913279132792,2016-09-05,,
grip,2016,37,13.387533875338754,2016-09-12,,
grip,2016,38,13.387533875338754,2016-09-19,,
grip,2016,39,13.387533875338754,2016-09-26,,
grip,2016,40,20.59620596205962,2016-10-03,,
grip,2016,41,16.476964769647697,2016-10-10,,1.0
grip,2016,42,14.417344173441736,2016-10-17,,1.0
grip,2016,43,22.655826558265584,2016-10-24,,1.0
grip,2016,44,17.506775067750677,2016-10-31,,1.0
grip,2016,45,24.715447154471548,2016-11-07,,1.0
grip,2016,46,19.56639566395664,2016-11-14,,1.0
grip,2016,47,18.53658536585366,2016-11-21,,1.0
grip,2016,48,29.86449864498645,2016-11-28,,1.0
grip,2016,49,29.86449864498645,2016-12-05,9.0,1.0
grip,2016,50,48.40108401084011,2016-12-12,84.0,1.0
grip,2016,51,71.0569105691057,2016-12-19,109.0,1.0
grip,2016,52,102.98102981029812,2016-12-26,162.0,1.0
grip,2017,1,61.78861788617886,2017-01-02,77.0,1.0
grip,2017,2,29.86449864498645,2017-01-09,,1.0
grip,2017,3,28.83468834688347,2017-01-16,,1.0
grip,2017,4,28.83468834688347,2017-01-23,,1.0
grip,2017,5,20.59620596205962,2017-01-30,,1.0
grip,2017,6,17.506775067750677,2017-02-06,,1.0
grip,2017,7,15.447154471544716,2017-02-13,5.0,1.0
grip,2017,8,18.53658536585366,2017-02-20,11.0,1.0
grip,2017,9,13.387533875338754,2017-02-27,4.0,1.0
grip,2017,10,14.417344173441736,2017-03-06,2.0,1.0
grip,2017,11,16.476964769647697,2017-03-13,,1.0
grip,2017,12,17.506775067750677,2017-03-20,,1.0
grip,2017,13,17.506775067750677,2017-03-27,,1.0
grip,2017,14,12.357723577235774,2017-04-03,,1.0
grip,2017,15,14.417344173441736,2017-04-10,,1.0
grip,2017,16,18.53658536585366,2017-04-17,,1.0
grip,2017,17,15.447154471544716,2017-04-24,,1.0
grip,2017,18,15.447154471544716,2017-05-01,,1.0
grip,2017,19,9.26829268292683,2017-05-08,,1.0
grip,2017,20,10.29810298102981,2017-05-15,,1.0
grip,2017,21,14.417344173441736,2017-05-22,,
grip,2017,22,12.357723577235774,2017-05-29,,
grip,2017,23,11.327913279132792,2017-06-05,,
grip,2017,24,11.327913279132792,2017-06-12,,
grip,2017,25,9.26829268292683,2017-06-19,,
grip,2017,26,11.327913279132792,2017-06-26,,
grip,2017,27,8.238482384823849,2017-07-03,,
grip,2017,28,9.26829268292683,2017-07-10,,
grip,2017,29,11.327913279132792,2017-07-17,,
grip,2017,30,9.26829268292683,2017-07-24,,
grip,2017,31,8.238482384823849,2017-07-31,,
grip,2017,32,15.447154471544716,2017-08-07,,
grip,2017,33,13.387533875338754,2017-08-14,,
grip,2017,34,11.327913279132792,2017-08-21,,
grip,2017,35,13.387533875338754,2017-08-28,,
grip,2017,36,17.506775067750677,2017-09-04,,
grip,2017,37,14.417344173441736,2017-09-11,,
grip,2017,38,16.476964769647697,2017-09-18,,
grip,2017,39,12.357723577235774,2017-09-25,,
grip,2017,40,17.506775067750677,2017-10-02,,1.0
grip,2017,41,21.626016260162604,2017-10-09,,1.0
grip,2017,42,14.417344173441736,2017-10-16,,1.0
grip,2017,43,20.59620596205962,2017-10-23,,1.0
grip,2017,44,18.53658536585366,2017-10-30,,2.0
grip,2017,45,16.476964769647697,2017-11-06,,2.0
grip,2017,46,17.506775067750677,2017-11-13,,3.0
grip,2017,47,18.53658536585366,2017-11-20,,3.0
grip,2017,48,19.56639566395664,2017-11-27,,3.0
grip,2017,49,15.447154471544716,2017-12-04,,3.0
grip,2017,50,15.447154471544716,2017-12-11,6.0,3.0
grip,2017,51,14.417344173441736,2017-12-18,19.0,3.0
grip,2017,52,20.59620596205962,2017-12-25,26.0,3.0
grip,2018,1,18.53658536585366,2018-01-01,22.0,3.0
grip,2018,2,28.83468834688347,2018-01-08,37.0,3.0
grip,2018,3,30.89430894308943,2018-01-15,88.0,3.0
grip,2018,4,43.25203252032521,2018-01-22,103.0,4.0
grip,2018,5,48.40108401084011,2018-01-29,124.0,5.0
grip,2018,6,37.07317073170732,2018-02-05,121.0,5.0
grip,2018,7,31.924119241192415,2018-02-12,66.0,5.0
grip,2018,8,25.745257452574528,2018-02-19,77.0,4.0
grip,2018,9,24.715447154471548,2018-02-26,59.0,4.0
grip,2018,10,24.715447154471548,2018-03-05,29.0,4.0
grip,2018,11,17.506775067750677,2018-03-12,20.0,4.0
grip,2018,12,16.476964769647697,2018-03-19,14.0,3.0
grip,2018,13,15.447154471544716,2018-03-26,30.0,3.0
grip,2018,14,14.417344173441736,2018-04-02,21.0,3.0
grip,2018,15,11.327913279132792,2018-04-09,16.0,3.0
grip,2018,16,11.327913279132792,2018-04-16,1.0,3.0
grip,2018,17,14.417344173441736,2018-04-23,,2.0
grip,2018,18,15.447154471544716,2018-04-30,,2.0
grip,2018,19,14.417344173441736,2018-05-07,,1.0
grip,2018,20,15.447154471544716,2018-05-14,,1.0
grip,2018,21,13.387533875338754,2018-05-21,,1.0
grip,2018,22,15.447154471544716,2018-05-28,,1.0
grip,2018,23,7.208672086720868,2018-06-04,,1.0
grip,2018,24,8.238482384823849,2018-06-11,,1.0
grip,2018,25,10.29810298102981,2018-06-18,,1.0
grip,2018,26,11.327913279132792,2018-06-25,,1.0
grip,2018,27,14.582113821138217,2018-07-02,,1.0
grip,2018,28,12.151761517615178,2018-07-09,,1.0
grip,2018,29,12.151761517615178,2018-07-16,,1.0
grip,2018,30,12.151761517615178,2018-07-23,,1.0
grip,2018,31,14.582113821138217,2018-07-30,,1.0
grip,2018,32,12.151761517615178,2018-08-06,,1.0
grip,2018,33,14.582113821138217,2018-08-13,,1.0
grip,2018,34,9.721409214092144,2018-08-20,,1.0
grip,2018,35,12.151761517615178,2018-08-27,,1.0
grip,2018,36,14.582113821138217,2018-09-03,,1.0
grip,2018,37,17.01246612466125,2018-09-10,,1.0
grip,2018,38,21.87317073170732,2018-09-17,,1.0
grip,2018,39,17.01246612466125,2018-09-24,,1.0
grip,2018,40,12.151761517615178,2018-10-01,,1.0
grip,2018,41,21.87317073170732,2018-10-08,,1.0
grip,2018,42,21.87317073170732,2018-10-15,,1.0
grip,2018,43,17.01246612466125,2018-10-22,,1.0
grip,2018,44,17.01246612466125,2018-10-29,,1.0
grip,2018,45,17.01246612466125,2018-11-05,,1.0
grip,2018,46,17.01246612466125,2018-11-12,,1.0
grip,2018,47,17.01246612466125,2018-11-19,,1.0
grip,2018,48,17.01246612466125,2018-11-26,,1.0
grip,2018,49,14.582113821138217,2018-12-03,,1.0
grip,2018,50,19.442818428184285,2018-12-10,,1.0
grip,2018,51,21.87317073170732,2018-12-17,,1.0
grip,2018,52,21.87317073170732,2018-12-24,3.0,1.0
grip,2019,1,29.16422764227643,2018-12-31,11.0,2.0
grip,2019,2,29.16422764227643,2019-01-07,16.0,2.0
grip,2019,3,41.31598915989161,2019-01-14,42.0,2.0
grip,2019,4,48.60704607046071,2019-01-21,99.0,2.0
grip,2019,5,165.26395663956643,2019-01-28,273.0,4.0
grip,2019,6,243.03523035230356,2019-02-04,388.0,4.0
grip,2019,7,116.65691056910572,2019-02-11,309.0,4.0
grip,2019,8,72.91056910569107,2019-02-18,307.0,4.0
grip,2019,9,34.0249322493225,2019-02-25,138.0,3.0
grip,2019,10,26.733875338753393,2019-03-04,100.0,3.0
grip,2019,11,14.582113821138217,2019-03-11,50.0,3.0
grip,2019,12,19.442818428184285,2019-03-18,25.0,2.0
grip,2019,13,12.151761517615178,2019-03-25,40.0,2.0
grip,2019,14,14.582113821138217,2019-04-01,17.0,2.0
grip,2019,15,12.151761517615178,2019-04-08,14.0,2.0
grip,2019,16,14.582113821138217,2019-04-15,5.0,2.0
grip,2019,17,12.151761517615178,2019-04-22,9.0,2.0
grip,2019,18,9.721409214092144,2019-04-29,,2.0
grip,2019,19,9.721409214092144,2019-05-06,,2.0
grip,2019,20,12.151761517615178,2019-05-13,,2.0
grip,2019,21,9.721409214092144,2019-05-20,,1.0
grip,2019,22,9.721409214092144,2019-05-27,,1.0
grip,2019,23,12.151761517615178,2019-06-03,,1.0
grip,2019,24,9.721409214092144,2019-06-10,,1.0
grip,2019,25,12.151761517615178,2019-06-17,,1.0
grip,2019,26,9.721409214092144,2019-06-24,,1.0
grip,2019,27,0.0,2019-07-01,,1.0
grip,2019,28,12.151761517615178,2019-07-08,,1.0
grip,2019,29,9.721409214092144,2019-07-15,,1.0
grip,2019,30,9.721409214092144,2019-07-22,,1.0
grip,2019,31,17.01246612466125,2019-07-29,,1.0
grip,2019,32,12.151761517615178,2019-08-05,,1.0
grip,2019,33,9.721409214092144,2019-08-12,,1.0
grip,2019,34,12.151761517615178,2019-08-19,,1.0
grip,2019,35,12.151761517615178,2019-08-26,,1.0
grip,2019,36,14.582113821138217,2019-09-02,,1.0
grip,2019,37,14.582113821138217,2019-09-09,,1.0
grip,2019,38,17.01246612466125,2019-09-16,,1.0
grip,2019,39,14.582113821138217,2019-09-23,,1.0
grip,2019,40,19.442818428184285,2019-09-30,,1.0
grip,2019,41,26.733875338753393,2019-10-07,,1.0
grip,2019,42,24.303523035230356,2019-10-14,,1.0
grip,2019,43,17.01246612466125,2019-10-21,,1.0
grip,2019,44,17.01246612466125,2019-10-28,,1.0
grip,2019,45,17.01246612466125,2019-11-04,,1.0
grip,2019,46,19.442818428184285,2019-11-11,,1.0
grip,2019,47,12.151761517615178,2019-11-18,,1.0
grip,2019,48,14.582113821138217,2019-11-25,,1.0
grip,2019,49,19.442818428184285,2019-12-02,6.0,2.0
grip,2019,50,19.442818428184285,2019-12-09,9.0,2.0
grip,2019,51,17.01246612466125,2019-12-16,10.0,3.0
grip,2019,52,14.582113821138217,2019-12-23,8.0,3.0
grip,2020,1,21.87317073170732,2019-12-30,10.0,3.0
grip,2020,2,29.16422764227643,2020-01-06,24.0,3.0
grip,2020,3,36.455284552845534,2020-01-13,60.0,3.0
grip,2020,4,82.63197831978322,2020-01-20,179.0,3.0
grip,2020,5,60.75880758807589,2020-01-27,235.0,3.0
grip,2020,6,68.049864498645,2020-02-03,290.0,5.0
grip,2020,7,29.16422764227643,2020-02-10,191.0,5.0
grip,2020,8,38.88563685636857,2020-02-17,83.0,4.0
grip,2020,9,31.594579945799463,2020-02-24,93.0,3.0
grip,2020,10,109.3658536585366,2020-03-02,34.0,3.0
grip,2020,11,116.65691056910572,2020-03-09,37.0,3.0
grip,2020,12,89.92303523035233,2020-03-16,6.0,2.0
grip,2020,13,70.48021680216803,2020-03-23,,2.0
grip,2020,14,48.60704607046071,2020-03-30,,1.0
grip,2020,15,43.746341463414645,2020-04-06,,1.0
grip,2020,16,36.455284552845534,2020-04-13,,1.0
grip,2020,17,26.733875338753393,2020-04-20,,1.0
grip,2020,18,21.87317073170732,2020-04-27,,1.0
grip,2020,19,17.01246612466125,2020-05-04,,1.0
grip,2020,20,12.151761517615178,2020-05-11,,1.0
grip,2020,21,12.151761517615178,2020-05-18,,1.0
grip,2020,22,14.582113821138217,2020-05-25,,1.0
grip,2020,23,12.151761517615178,2020-06-01,,1.0
grip,2020,24,17.01246612466125,2020-06-08,,1.0
grip,2020,25,19.442818428184285,2020-06-15,,1.0
grip,2020,26,26.733875338753393,2020-06-22,,1.0
grip,2020,27,24.303523035230356,2020-06-29,,1.0
grip,2020,28,21.87317073170732,2020-07-06,,1.0
grip,2020,29,21.87317073170732,2020-07-13,,1.0
grip,2020,30,17.01246612466125,2020-07-20,,1.0
grip,2020,31,14.582113821138217,2020-07-27,,1.0
grip,2020,32,14.582113821138217,2020-08-03,,1.0
grip,2020,33,14.582113821138217,2020-08-10,,1.0
grip,2020,34,14.582113821138217,2020-08-17,,1.0
grip,2020,35,14.582113821138217,2020-08-24,,1.0
grip,2020,36,17.01246612466125,2020-08-31,,1.0
grip,2020,37,17.01246612466125,2020-09-07,,1.0
grip,2020,38,14.582113821138217,2020-09-14,,1.0
grip,2020,39,29.16422764227643,2020-09-21,,1.0
grip,2020,40,26.733875338753393,2020-09-28,,1.0
grip,2020,41,29.16422764227643,2020-10-05,,1.0
grip,2020,42,41.31598915989161,2020-10-12,,1.0
grip,2020,43,29.16422764227643,2020-10-19,,1.0
grip,2020,44,26.733875338753393,2020-10-26,,2.0
grip,2020,45,26.733875338753393,2020-11-02,,2.0
grip,2020,46,31.594579945799463,2020-11-09,,2.0
grip,2020,47,31.594579945799463,2020-11-16,,2.0
grip,2020,48,29.16422764227643,2020-11-23,,1.0
grip,2020,49,26.733875338753393,2020-11-30,,1.0
grip,2020,50,17.01246612466125,2020-12-07,,1.0
grip,2020,51,21.87317073170732,2020-12-14,,1.0
grip,2020,52,14.582113821138217,2020-12-21,,1.0
grip,2020,53,18.230917683839916,2020-12-28,,1.0
grip,2021,1,19.473934798647186,2021-01-04,,1.0
grip,2021,2,19.473934798647186,2021-01-11,,1.0
grip,2021,3,22.788647104799896,2021-01-18,,1.0
grip,2021,4,16.15922249249447,2021-01-25,,1.0
grip,2021,5,16.573561530763563,2021-02-01,,1.0
grip,2021,6,14.501866339418116,2021-02-08,,1.0
grip,2021,7,16.98790056903265,2021-02-15,,1.0
grip,2021,8,17.81657864557083,2021-02-22,,1.0
grip,2021,9,16.98790056903265,2021-03-01,,1.0
grip,2021,10,21.959969028261717,2021-03-08,,
grip,2021,11,22.37430806653081,2021-03-15,,
grip,2021,12,16.573561530763563,2021-03-22,,
grip,2021,13,16.98790056903265,2021-03-29,,
grip,2021,14,16.573561530763563,2021-04-05,,
grip,2021,15,16.15922249249447,2021-04-12,,
grip,2021,16,12.43017114807267,2021-04-19,,
grip,2021,17,13.258849224610849,2021-04-26,,
grip,2021,18,13.258849224610849,2021-05-03,,
grip,2021,19,10.772814994996317,2021-05-10,,
grip,2021,20,8.701119803650869,2021-05-17,,
grip,2021,21,18.230917683839916,2021-05-24,,
grip,2021,22,12.84451018634176,2021-05-31,,
grip,2021,23,10.358475956727226,2021-06-07,,
grip,2021,24,9.115458841919958,2021-06-14,,
grip,2021,25,7.872441727112691,2021-06-21,,
grip,2021,26,10.772814994996317,2021-06-28,,
grip,2021,27,14.501866339418116,2021-07-05,,
grip,2021,28,13.673188262879938,2021-07-12,,
grip,2021,29,13.673188262879938,2021-07-19,,
grip,2021,30,10.772814994996317,2021-07-26,,
grip,2021,31,14.501866339418116,2021-08-02,,
grip,2021,32,15.330544415956291,2021-08-09,,
grip,2021,33,14.916205377687206,2021-08-16,,
grip,2021,34,14.916205377687206,2021-08-23,,
grip,2021,35,13.673188262879938,2021-08-30,,
grip,2021,36,33.147123061527125,2021-09-06,,
grip,2021,37,27.760715564028963,2021-09-13,,
grip,2021,38,29.41807171710532,2021-09-20,,
grip,2021,39,18.645256722109007,2021-09-27,,
grip,2021,40,32.31844498498894,2021-10-04,,1.0
grip,2021,41,27.760715564028963,2021-10-11,,1.0
grip,2021,42,27.760715564028963,2021-10-18,,1.0
grip,2021,43,29.41807171710532,2021-10-25,,1.0
grip,2021,44,20.71695191345445,2021-11-01,,1.0
grip,2021,45,21.54562998999263,2021-11-08,,1.0
grip,2021,46,14.501866339418116,2021-11-15,,1.0
grip,2021,47,16.15922249249447,2021-11-22,,1.0
grip,2021,48,13.673188262879938,2021-11-29,,1.0
grip,2021,49,17.402239607301738,2021-12-06,,1.0
grip,2021,50,15.744883454225382,2021-12-13,1.0,1.0
grip,2021,51,16.98790056903265,2021-12-20,1.0,1.0
grip,2021,52,32.31844498498894,2021-12-27,12.0,1.0
grip,2022,1,27.346376525759876,2022-01-03,21.0,1.0
grip,2022,2,25.68902037268352,2022-01-10,16.0,1.0
grip,2022,3,21.959969028261717,2022-01-17,19.0,1.0
grip,2022,4,19.888273836916273,2022-01-24,7.0,1.0
grip,2022,5,18.230917683839916,2022-01-31,4.0,1.0
grip,2022,6,19.059595760378095,2022-02-07,31.0,1.0
grip,2022,7,11.187154033265404,2022-02-14,25.0,1.0
grip,2022,8,17.402239607301738,2022-02-21,12.0,1.0
grip,2022,9,17.81657864557083,2022-02-28,3.0,1.0
grip,2022,10,15.330544415956291,2022-03-07,34.0,1.0
grip,2022,11,19.059595760378095,2022-03-14,77.0,1.0
grip,2022,12,19.059595760378095,2022-03-21,77.0,1.0
grip,2022,13,22.37430806653081,2022-03-28,66.0,1.0
grip,2022,14,19.473934798647186,2022-04-04,43.0,1.0
grip,2022,15,19.059595760378095,2022-04-11,32.0,1.0
grip,2022,16,16.15922249249447,2022-04-18,17.0,1.0
grip,2022,17,14.087527301149027,2022-04-25,8.0,1.0
grip,2022,18,17.402239607301738,2022-05-02,4.0,1.0
grip,2022,19,11.601493071534492,2022-05-09,3.0,1.0
grip,2022,20,15.744883454225382,2022-05-16,4.0,1.0
grip,2022,21,17.402239607301738,2022-05-23,3.0,1.0
grip,2022,22,13.673188262879938,2022-05-30,,1.0
grip,2022,23,15.330544415956291,2022-06-06,,1.0
grip,2022,24,15.330544415956291,2022-06-13,,1.0
grip,2022,25,14.501866339418116,2022-06-20,,1.0
grip,2022,26,12.01583210980358,2022-06-27,,
grip,2022,27,12.43017114807267,2022-07-04,,1.0
grip,2022,28,15.744883454225382,2022-07-11,,1.0
grip,2022,29,15.330544415956291,2022-07-18,,1.0
grip,2022,30,12.43017114807267,2022-07-25,,1.0
grip,2022,31,15.330544415956291,2022-08-01,,1.0
grip,2022,32,14.501866339418116,2022-08-08,,1.0
grip,2022,33,13.258849224610849,2022-08-15,,
grip,2022,34,12.01583210980358,2022-08-22,,
grip,2022,35,14.087527301149027,2022-08-29,,
grip,2022,36,14.087527301149027,2022-09-05,,
grip,2022,37,14.501866339418116,2022-09-12,,
grip,2022,38,16.573561530763563,2022-09-19,,
grip,2022,39,23.61732518133807,2022-09-26,,
grip,2022,40,17.402239607301738,2022-10-03,,1.0
grip,2022,41,19.888273836916273,2022-10-10,,1.0
grip,2022,42,24.03166421960716,2022-10-17,,1.0
grip,2022,43,16.573561530763563,2022-10-24,,1.0
grip,2022,44,20.30261287518536,2022-10-31,,1.0
grip,2022,45,17.402239607301738,2022-11-07,1.0,1.0
grip,2022,46,18.230917683839916,2022-11-14,,1.0
grip,2022,47,14.501866339418116,2022-11-21,,1.0
grip,2022,48,17.402239607301738,2022-11-28,2.0,1.0
grip,2022,49,31.075427870181677,2022-12-05,5.0,1.0
grip,2022,50,23.202986143068983,2022-12-12,26.0,1.0
grip,2022,51,20.30261287518536,2022-12-19,36.0,1.0
grip,2022,52,26.517698449221697,2022-12-26,31.0,1.0
grip,2023,1,25.27468133441443,2023-01-02,24.0,1.0
grip,2023,2,27.346376525759876,2023-01-09,78.0,1.0
grip,2023,3,26.10335941095261,2023-01-16,72.0,1.0
grip,2023,4,28.175054602298054,2023-01-23,58.0,1.0
grip,2023,5,28.589393640567145,2023-01-30,75.0,1.0
grip,2023,6,26.932037487490785,2023-02-06,91.0,1.0
grip,2023,7,26.517698449221697,2023-02-13,70.0,1.0
grip,2023,8,22.788647104799896,2023-02-20,85.0,1.0
grip,2023,9,20.71695191345445,2023-02-27,33.0,1.0
grip,2023,10,15.330544415956291,2023-03-06,32.0,1.0
grip,2023,11,16.15922249249447,2023-03-13,26.0,1.0
grip,2023,12,15.330544415956291,2023-03-20,25.0,1.0
grip,2023,13,14.501866339418116,2023-03-27,10.0,1.0
grip,2023,14,18.645256722109007,2023-04-03,12.0,1.0
grip,2023,15,12.01583210980358,2023-04-10,3.0,1.0
grip,2023,16,18.230917683839916,2023-04-17,1.0,1.0
grip,2023,17,11.601493071534492,2023-04-24,1.0,1.0
grip,2023,18,16.98790056903265,2023-05-01,,1.0
grip,2023,19,15.330544415956291,2023-05-08,,1.0
grip,2023,20,15.330544415956291,2023-05-15,,1.0
grip,2023,21,14.087527301149027,2023-05-22,,1.0
grip,2023,22,10.772814994996317,2023-05-29,,1.0
grip,2023,23,18.230917683839916,2023-06-05,,1.0
grip,2023,24,12.43017114807267,2023-06-12,,1.0
grip,2023,25,14.501866339418116,2023-06-19,,1.0
grip,2023,26,12.43017114807267,2023-06-26,,
grip,2023,27,17.556014920473768,2023-07-03,,
grip,2023,28,13.459611439029889,2023-07-10,,1.0
grip,2023,29,12.289210444331635,2023-07-17,,1.0
grip,2023,30,16.970814423124644,2023-07-24,,1.0
grip,2023,31,18.141215417822895,2023-07-31,,1.0
grip,2023,32,16.385613925775516,2023-08-07,,1.0
grip,2023,33,15.215212931077266,2023-08-14,,1.0
grip,2023,34,11.704009946982511,2023-08-21,,1.0
grip,2023,35,12.874410941680765,2023-08-28,,1.0
grip,2023,36,15.800413428426392,2023-09-04,,1.0
grip,2023,37,12.874410941680765,2023-09-11,,1.0
grip,2023,38,18.141215417822895,2023-09-18,,1.0
grip,2023,39,23.99322039131415,2023-09-25,,1.0
grip,2023,40,21.067217904568523,2023-10-02,,1.0
grip,2023,41,20.482017407219395,2023-10-09,,1.0
grip,2023,42,23.408019893965022,2023-10-16,,1.0
grip,2023,43,16.970814423124644,2023-10-23,,1.0
grip,2023,44,19.89681690987027,2023-10-30,,1.0
grip,2023,45,20.482017407219395,2023-11-06,1.0,1.0
grip,2023,46,23.99322039131415,2023-11-13,,1.0
grip,2023,47,23.408019893965022,2023-11-20,1.0,1.0
grip,2023,48,21.652418401917647,2023-11-27,1.0,1.0
grip,2023,49,23.408019893965022,2023-12-04,3.0,1.0
grip,2023,50,22.8228193966159,2023-12-11,7.0,1.0
grip,2023,51,18.141215417822895,2023-12-18,7.0,1.0
grip,2023,52,22.8228193966159,2023-12-25,21.0,1.0
grip,2024,1,26.334022380710653,2024-01-01,10.0,1.0
grip,2024,2,26.919222878059777,2024-01-08,21.0,1.0
grip,2024,3,25.1636213860124,2024-01-15,46.0,1.0
grip,2024,4,31.600826856852784,2024-01-22,93.0,1.0
grip,2024,5,37.45283183034404,2024-01-29,130.0,1.0
grip,2024,6,29.26002486745628,2024-02-05,119.0,1.0
grip,2024,7,26.334022380710653,2024-02-12,48.0,1.0
grip,2024,8,20.482017407219395,2024-02-19,82.0,1.0
grip,2024,9,18.141215417822895,2024-02-26,32.0,1.0
grip,2024,10,21.652418401917647,2024-03-04,22.0,1.0
grip,2024,11,19.89681690987027,2024-03-11,4.0,1.0
grip,2024,12,18.72641591517202,2024-03-18,1.0,1.0
grip,2024,13,15.215212931077266,2024-03-25,,1.0
grip,2024,14,19.89681690987027,2024-04-01,3.0,1.0
grip,2024,15,15.800413428426392,2024-04-08,2.0,1.0
grip,2024,16,16.385613925775516,2024-04-15,,1.0
grip,2024,17,14.044811936379014,2024-04-22,1.0,1.0
grip,2024,18,16.970814423124644,2024-04-29,,1.0
grip,2024,19,14.044811936379014,2024-05-06,1.0,1.0
grip,2024,20,13.459611439029889,2024-05-13,,1.0
grip,2024,21,20.482017407219395,2024-05-20,,1.0
grip,2024,22,20.482017407219395,2024-05-27,,1.0
grip,2024,23,15.800413428426392,2024-06-03,,1.0
grip,2024,24,16.385613925775516,2024-06-10,,1.0
grip,2024,25,15.800413428426392,2024-06-17,,1.0
grip,2024,26,16.970814423124644,2024-06-24,,1.0
grip,2024,27,15.215212931077266,2024-07-01,,1.0
grip,2024,28,14.63001243372814,2024-07-08,,1.0
grip,2024,29,12.874410941680765,2024-07-15,,1.0
grip,2024,30,12.289210444331635,2024-07-22,,1.0
grip,2024,31,18.72641591517202,2024-07-29,,1.0
grip,2024,32,14.63001243372814,2024-08-05,,1.0
grip,2024,33,19.311616412521143,2024-08-12,,1.0
grip,2024,34,18.141215417822895,2024-08-19,,1.0
grip,2024,35,18.141215417822895,2024-08-26,,1.0
grip,2024,36,17.556014920473768,2024-09-02,,1.0
grip,2024,37,17.556014920473768,2024-09-09,,1.0
grip,2024,38,16.385613925775516,2024-09-16,,1.0
grip,2024,39,22.237618899266774,2024-09-23,,1.0
grip,2024,40,23.99322039131415,2024-09-30,,1.0
grip,2024,41,29.26002486745628,2024-10-07,1.0,1.0
grip,2024,42,33.35642834890016,2024-10-14,,1.0
grip,2024,43,18.141215417822895,2024-10-21,,1.0
grip,2024,44,21.652418401917647,2024-10-28,,1.0
grip,2024,45,21.067217904568523,2024-11-04,,1.0
grip,2024,46,19.311616412521143,2024-11-11,,1.0
grip,2024,47,23.99322039131415,2024-11-18,,1.0
grip,2024,48,21.652418401917647,2024-11-25,,1.0
grip,2024,49,22.237618899266774,2024-12-02,2.0,1.0
grip,2024,50,26.334022380710653,2024-12-09,13.0,1.0
grip,2024,51,25.74882188336153,2024-12-16,3.0,1.0
grip,2024,52,29.845225364805405,2024-12-23,27.0,1.0
grip,2025,1,30.430425862154532,2024-12-30,6.0,1.0
grip,2025,2,36.28243083564579,2025-01-06,15.0,1.0
grip,2025,3,34.52682934359841,2025-01-13,36.0,1.0
grip,2025,4,31.015626359503656,2025-01-20,77.0,1.0
grip,2025,5,37.45283183034404,2025-01-27,71.0,1.0
grip,2025,6,33.35642834890016,2025-02-03,36.0,1.0
grip,2025,7,32.18602735420191,2025-02-10,45.0,1.0
grip,2025,8,32.77122785155103,2025-02-17,43.0,1.0
grip,2025,9,32.18602735420191,2025-02-24,54.0,1.0
grip,2025,10,28.674824370107153,2025-03-03,63.0,1.0
grip,2025,11,23.99322039131415,2025-03-10,19.0,1.0
grip,2025,12,19.311616412521143,2025-03-17,18.0,1.0
grip,2025,13,23.99322039131415,2025-03-24,8.0,1.0
grip,2025,14,18.72641591517202,2025-03-31,2.0,1.0
grip,2025,15,20.482017407219395,2025-04-07,2.0,1.0
grip,2025,16,19.89681690987027,2025-04-14,,1.0
grip,2025,17,20.482017407219395,2025-04-21,,1.0
grip,2025,18,21.067217904568523,2025-04-28,2.0,1.0
grip,2025,19,21.652418401917647,2025-05-05,,1.0
grip,2025,20,20.482017407219395,2025-05-12,,1.0
grip,2025,21,21.067217904568523,2025-05-19,,1.0
grip,2025,22,19.311616412521143,2025-05-26,,1.0
grip,2025,23,19.89681690987027,2025-06-02,,1.0
grip,2025,24,21.652418401917647,2025-06-09,,1.0
grip,2025,25,17.556014920473768,2025-06-16,,1.0
grip,2025,26,14.044811936379014,2025-06-23,,1.0
grip,2025,27,20.482017407219395,2025-06-30,,
grip,2025,28,22.8228193966159,2025-07-07,,1.0
grip,2025,29,18.72641591517202,2025-07-14,,1.0
grip,2025,30,19.89681690987027,2025-07-21,,1.0
grip,2025,31,15.800413428426392,2025-07-28,,1.0
grip,2025,32,18.72641591517202,2025-08-04,,1.0
grip,2025,33,21.652418401917647,2025-08-11,,1.0
grip,2025,34,15.215212931077266,2025-08-18,,1.0
grip,2025,35,16.385613925775516,2025-08-25,,1.0
grip,2025,36,18.141215417822895,2025-09-01,,1.0
grip,2025,37,14.044811936379014,2025-09-08,,1.0
grip,2025,38,16.385613925775516,2025-09-15,,1.0
grip,2025,39,25.1636213860124,2025-09-22,,1.0
grip,2025,40,24.57842088866327,2025-09-29,,1.0
grip,2025,41,25.74882188336153,2025-10-06,,1.0
grip,2025,42,24.57842088866327,2025-10-13,2.0,1.0
grip,2025,43,25.1636213860124,2025-10-20,3.0,1.0
grip,2025,44,23.408019893965022,2025-10-27,,1.0
grip,2025,45,29.845225364805405,2025-11-03,4.0,1.0
grip,2025,46,29.26002486745628,2025-11-10,2.0,1.0
grip,2025,47,23.99322039131415,2025-11-17,11.0,1.0
grip,2025,48,24.57842088866327,2025-11-24,14.0,1.0
grip,2025,49,28.674824370107153,2025-12-01,36.0,1.0
grip,2025,50,36.28243083564579,2025-12-08,55.0,1.0
grip,2025,51,58.52004973491256,2025-12-15,54.0,1.0
grip,2025,52,47.40124028527917,2025-12-22,45.0,1.0
grip,2026,1,44.475237798533534,2025-12-29,24.0,1.0
grip,2026,2,31.600826856852777,2026-01-05,8.0,1.0
grip,2026,3,27.504423375408894,2026-01-12,7.0,1.0
grip,2026,4,21.652418401917643,2026-01-19,15.0,1.0
grip,2026,5,26.919222878059777,2026-01-26,3.0,1.0
grip,2026,6,39.20843332239141,2026-02-02,4.0,1.0
grip,2026,7,33.94162884624928,2026-02-09,,1.0
grip,2026,8,32.186027354201904,2026-02-16,1.0,1.0
grip,2026,9,26.919222878059777,2026-02-23,2.0,1.0
grip,2026,10,23.993220391314143,2026-03-02,,1.0
grip,2026,11,27.504423375408894,2026-03-09,,1.0
grip,2026,12,26.33402238071065,2026-03-16,1.0,1.0
grip,2026,13,28.089623872758025,2026-03-23,,1.0
grip,2026,14,19.896816909870267,2026-03-30,,1.0
grip,2026,15,22.822819396615895,2026-04-06,,1.0
grip,2026,16,26.919222878059777,2026-04-13,,1.0
grip,2026,17,19.896816909870267,2026-04-20,,
grip,2026,18,26.33402238071065,2026-04-27,,1.0
grip,2026,19,23.993220391314143,2026-05-04,,1.0
grip,2026,20,15.800413428426388,2026-05-11,,1.0
grip,2026,21,17.556014920473764,2026-05-18,,1.0
grip,2026,22,21.652418401917643,2026-05-25,,1.0
grip,2026,23,16.97081442312464,2026-06-01,,1.0
grip,2026,24,17.556014920473764,2026-06-08,,1.0
grip,2026,25,16.385613925775512,2026-06-15,,1.0
grip,2026,26,20.48201740721939,2026-06-22,,1.0
grip,2026,27,16.97081442312464,2026-06-29,,1.0
grip,2026,28,15.800413428426388,2026-07-06,,1.0
grip,2026,29,14.044811936379013,2026-07-13,,1.0
grip,2026,30,17.556014920473764,2026-07-20,,
grip,2026,31,16.385613925775512,2026-07-27,,1.0
kasalj,2013,1,39.0,2012-12-31,,
kasalj,2013,2,42.0,2013-01-07,3.0,3.0
kasalj,2013,3,43.0,2013-01-14,16.0,3.0
kasalj,2013,4,43.0,2013-01-21,14.0,3.0
kasalj,2013,5,53.0,2013-01-28,23.0,5.0
kasalj,2013,6,67.0,2013-02-04,30.0,6.0
kasalj,2013,7,62.0,2013-02-11,66.0,6.0
kasalj,2013,8,54.0,2013-02-18,41.0,6.0
kasalj,2013,9,50.0,2013-02-25,29.0,6.0
kasalj,2013,10,41.0,2013-03-04,25.0,6.0
kasalj,2013,11,32.0,2013-03-11,10.0,5.0
kasalj,2013,12,48.0,2013-03-18,7.0,5.0
kasalj,2013,13,34.0,2013-03-25,3.0,1.0
kasalj,2013,14,31.0,2013-04-01,3.0,3.0
kasalj,2013,15,39.0,2013-04-08,1.0,3.0
kasalj,2013,16,37.0,2013-04-15,3.0,3.0
kasalj,2013,17,31.0,2013-04-22,,2.0
kasalj,2013,18,28.0,2013-04-29,,2.0
kasalj,2013,19,22.0,2013-05-06,,2.0
kasalj,2013,20,24.0,2013-05-13,,2.0
kasalj,2013,21,22.0,2013-05-20,,
kasalj,2013,22,26.0,2013-05-27,,
kasalj,2013,23,28.0,2013-06-03,,
kasalj,2013,24,28.0,2013-06-10,,
kasalj,2013,25,26.0,2013-06-17,,
kasalj,2013,26,21.0,2013-06-24,,
kasalj,2013,27,16.0,2013-07-01,,
kasalj,2013,28,22.0,2013-07-08,,
kasalj,2013,29,20.0,2013-07-15,,
kasalj,2013,30,20.0,2013-07-22,,
kasalj,2013,31,20.0,2013-07-29,,
kasalj,2013,32,20.0,2013-08-05,,
kasalj,2013,33,16.0,2013-08-12,,
kasalj,2013,34,25.0,2013-08-19,,
kasalj,2013,35,21.0,2013-08-26,,
kasalj,2013,36,31.0,2013-09-02,,
kasalj,2013,37,38.0,2013-09-09,,
kasalj,2013,38,42.0,2013-09-16,,
kasalj,2013,39,47.0,2013-09-23,,
kasalj,2013,40,52.0,2013-09-30,,
kasalj,2013,41,56.0,2013-10-07,,1.0
kasalj,2013,42,47.0,2013-10-14,,1.0
kasalj,2013,43,48.0,2013-10-21,,1.0
kasalj,2013,44,52.0,2013-10-28,,1.0
kasalj,2013,45,62.0,2013-11-04,,1.0
kasalj,2013,46,51.0,2013-11-11,,1.0
kasalj,2013,47,50.0,2013-11-18,,1.0
kasalj,2013,48,55.0,2013-11-25,,1.0
kasalj,2013,49,54.0,2013-12-02,,1.0
kasalj,2013,50,57.0,2013-12-09,,1.0
kasalj,2013,51,44.0,2013-12-16,,1.0
kasalj,2013,52,64.0,2013-12-23,,1.0
kasalj,2014,1,67.0,2013-12-30,,1.0
kasalj,2014,2,48.0,2014-01-06,1.0,1.0
kasalj,2014,3,47.0,2014-01-13,2.0,1.0
kasalj,2014,4,56.0,2014-01-20,3.0,1.0
kasalj,2014,5,58.0,2014-01-27,2.0,1.0
kasalj,2014,6,57.0,2014-02-03,3.0,1.0
kasalj,2014,7,71.0,2014-02-10,20.0,1.0
kasalj,2014,8,60.0,2014-02-17,6.0,1.0
kasalj,2014,9,69.0,2014-02-24,15.0,1.0
kasalj,2014,10,67.0,2014-03-03,12.0,1.0
kasalj,2014,11,67.0,2014-03-10,15.0,1.0
kasalj,2014,12,51.0,2014-03-17,16.0,1.0
kasalj,2014,13,54.0,2014-03-24,20.0,1.0
kasalj,2014,14,42.0,2014-03-31,9.0,1.0
kasalj,2014,15,39.0,2014-04-07,5.0,1.0
kasalj,2014,16,46.0,2014-04-14,3.0,1.0
kasalj,2014,17,47.0,2014-04-21,1.0,1.0
kasalj,2014,18,39.0,2014-04-28,,1.0
kasalj,2014,19,39.0,2014-05-05,1.0,1.0
kasalj,2014,20,28.0,2014-05-12,,1.0
kasalj,2014,21,45.0,2014-05-19,,
kasalj,2014,22,28.0,2014-05-26,,
kasalj,2014,23,35.0,2014-06-02,,
kasalj,2014,24,30.0,2014-06-09,,
kasalj,2014,25,27.0,2014-06-16,,
kasalj,2014,26,29.0,2014-06-23,,
kasalj,2014,27,34.0,2014-06-30,,
kasalj,2014,28,44.0,2014-07-07,,
kasalj,2014,29,30.0,2014-07-14,,
kasalj,2014,30,25.0,2014-07-21,,
kasalj,2014,31,33.0,2014-07-28,,
kasalj,2014,32,29.0,2014-08-04,,
kasalj,2014,33,22.0,2014-08-11,,
kasalj,2014,34,33.0,2014-08-18,,
kasalj,2014,35,33.0,2014-08-25,,
kasalj,2014,36,42.0,2014-09-01,,
kasalj,2014,37,49.0,2014-09-08,,
kasalj,2014,38,53.0,2014-09-15,,
kasalj,2014,39,54.0,2014-09-22,1.0,1.0
kasalj,2014,40,67.0,2014-09-29,1.0,1.0
kasalj,2014,41,75.0,2014-10-06,,1.0
kasalj,2014,42,65.0,2014-10-13,,1.0
kasalj,2014,43,78.0,2014-10-20,,1.0
kasalj,2014,44,89.0,2014-10-27,,1.0
kasalj,2014,45,83.0,2014-11-03,,1.0
kasalj,2014,46,65.0,2014-11-10,,1.0
kasalj,2014,47,68.0,2014-11-17,,1.0
kasalj,2014,48,79.0,2014-11-24,,1.0
kasalj,2014,49,81.0,2014-12-01,,1.0
kasalj,2014,50,77.0,2014-12-08,,1.0
kasalj,2014,51,73.0,2014-12-15,,1.0
kasalj,2014,52,96.0,2014-12-22,,1.0
kasalj,2015,1,99.0,2014-12-29,,1.0
kasalj,2015,2,97.0,2015-01-05,,1.0
kasalj,2015,3,82.0,2015-01-12,2.0,1.0
kasalj,2015,4,83.0,2015-01-19,11.0,1.0
kasalj,2015,5,94.0,2015-01-26,22.0,1.0
kasalj,2015,6,87.0,2015-02-02,26.0,1.0
kasalj,2015,7,100.0,2015-02-09,51.0,1.0
kasalj,2015,8,94.0,2015-02-16,28.0,1.0
kasalj,2015,9,95.0,2015-02-23,67.0,1.0
kasalj,2015,10,72.0,2015-03-02,40.0,1.0
kasalj,2015,11,72.0,2015-03-09,58.0,1.0
kasalj,2015,12,64.0,2015-03-16,38.0,1.0
kasalj,2015,13,63.0,2015-03-23,30.0,1.0
kasalj,2015,14,56.0,2015-03-30,23.0,1.0
kasalj,2015,15,62.0,2015-04-06,13.0,1.0
kasalj,2015,16,51.0,2015-04-13,11.0,1.0
kasalj,2015,17,65.0,2015-04-20,5.0,1.0
kasalj,2015,18,47.0,2015-04-27,2.0,1.0
kasalj,2015,19,50.0,2015-05-04,1.0,1.0
kasalj,2015,20,47.0,2015-05-11,,1.0
kasalj,2015,21,44.0,2015-05-18,,
kasalj,2015,22,47.0,2015-05-25,,
kasalj,2015,23,50.0,2015-06-01,,
kasalj,2015,24,34.0,2015-06-08,,
kasalj,2015,25,37.0,2015-06-15,,
kasalj,2015,26,31.0,2015-06-22,,
kasalj,2015,27,36.0,2015-06-29,,
kasalj,2015,28,25.0,2015-07-06,,
kasalj,2015,29,22.0,2015-07-13,,
kasalj,2015,30,27.0,2015-07-20,,
kasalj,2015,31,20.0,2015-07-27,,
kasalj,2015,32,27.0,2015-08-03,,
kasalj,2015,33,40.0,2015-08-10,,
kasalj,2015,34,32.0,2015-08-17,,
kasalj,2015,35,30.0,2015-08-24,,
kasalj,2015,36,37.0,2015-08-31,,
kasalj,2015,37,48.0,2015-09-07,,
kasalj,2015,38,58.0,2015-09-14,,
kasalj,2015,39,56.0,2015-09-21,,
kasalj,2015,40,77.0,2015-09-28,,
kasalj,2015,41,79.0,2015-10-05,,
kasalj,2015,42,80.0,2015-10-12,,
kasalj,2015,43,78.0,2015-10-19,,
kasalj,2015,44,83.0,2015-10-26,,
kasalj,2015,45,78.0,2015-11-02,,1.0
kasalj,2015,46,79.0,2015-11-09,,1.0
kasalj,2015,47,83.0,2015-11-16,,1.0
kasalj,2015,48,76.0,2015-11-23,,1.0
kasalj,2015,49,85.0,2015-11-30,,1.0
kasalj,2015,50,97.0,2015-12-07,,1.0
kasalj,2015,51,80.0,2015-12-14,,1.0
kasalj,2015,52,82.0,2015-12-21,,1.0
kasalj,2015,53,94.47777777777776,2015-12-28,,1.0
kasalj,2016,1,90.18333333333334,2016-01-04,3.0,1.0
kasalj,2016,2,88.03611111111111,2016-01-11,6.0,1.0
kasalj,2016,3,92.33055555555556,2016-01-18,16.0,1.0
kasalj,2016,4,90.18333333333334,2016-01-25,14.0,1.0
kasalj,2016,5,75.15277777777777,2016-02-01,26.0,1.0
kasalj,2016,6,81.59444444444443,2016-02-08,36.0,1.0
kasalj,2016,7,75.15277777777777,2016-02-15,14.0,1.0
kasalj,2016,8,60.12222222222222,2016-02-22,33.0,1.0
kasalj,2016,9,70.85833333333333,2016-02-29,44.0,1.0
kasalj,2016,10,79.44722222222222,2016-03-07,50.0,1.0
kasalj,2016,11,92.33055555555556,2016-03-14,35.0,1.0
kasalj,2016,12,81.59444444444443,2016-03-21,54.0,1.0
kasalj,2016,13,92.33055555555556,2016-03-28,57.0,1.0
kasalj,2016,14,75.15277777777777,2016-04-04,39.0,1.0
kasalj,2016,15,49.386111111111106,2016-04-11,26.0,1.0
kasalj,2016,16,55.827777777777776,2016-04-18,2.0,1.0
kasalj,2016,17,55.827777777777776,2016-04-25,2.0,1.0
kasalj,2016,18,55.827777777777776,2016-05-02,4.0,1.0
kasalj,2016,19,51.53333333333333,2016-05-09,,1.0
kasalj,2016,20,60.12222222222222,2016-05-16,,1.0
kasalj,2016,21,53.68055555555556,2016-05-23,,
kasalj,2016,22,45.09166666666667,2016-05-30,,
kasalj,2016,23,40.79722222222222,2016-06-06,,
kasalj,2016,24,27.913888888888888,2016-06-13,,
kasalj,2016,25,40.79722222222222,2016-06-20,,
kasalj,2016,26,34.355555555555554,2016-06-27,,
kasalj,2016,27,34.355555555555554,2016-07-04,,
kasalj,2016,28,32.20833333333333,2016-07-11,,
kasalj,2016,29,30.06111111111111,2016-07-18,,
kasalj,2016,30,36.50277777777778,2016-07-25,,
kasalj,2016,31,47.23888888888889,2016-08-01,,
kasalj,2016,32,32.20833333333333,2016-08-08,,
kasalj,2016,33,30.06111111111111,2016-08-15,,
kasalj,2016,34,42.94444444444444,2016-08-22,,
kasalj,2016,35,45.09166666666667,2016-08-29,,
kasalj,2016,36,62.269444444444446,2016-09-05,,
kasalj,2016,37,77.3,2016-09-12,,
kasalj,2016,38,64.41666666666666,2016-09-19,,
kasalj,2016,39,81.59444444444443,2016-09-26,,
kasalj,2016,40,90.18333333333334,2016-10-03,,
kasalj,2016,41,85.88888888888889,2016-10-10,,1.0
kasalj,2016,42,96.625,2016-10-17,,1.0
kasalj,2016,43,98.7722222222222,2016-10-24,,1.0
kasalj,2016,44,88.03611111111111,2016-10-31,,1.0
kasalj,2016,45,88.03611111111111,2016-11-07,,1.0
kasalj,2016,46,96.625,2016-11-14,,1.0
kasalj,2016,47,98.7722222222222,2016-11-21,,1.0
kasalj,2016,48,107.36111111111111,2016-11-28,,1.0
kasalj,2016,49,124.53888888888888,2016-12-05,9.0,1.0
kasalj,2016,50,161.04166666666666,2016-12-12,84.0,1.0
kasalj,2016,51,176.07222222222222,2016-12-19,109.0,1.0
kasalj,2016,52,214.72222222222223,2016-12-26,162.0,1.0
kasalj,2017,1,148.15833333333333,2017-01-02,77.0,1.0
kasalj,2017,2,115.95,2017-01-09,,1.0
kasalj,2017,3,92.33055555555556,2017-01-16,,1.0
kasalj,2017,4,90.18333333333334,2017-01-23,,1.0
kasalj,2017,5,85.88888888888889,2017-01-30,,1.0
kasalj,2017,6,83.74166666666666,2017-02-06,,1.0
kasalj,2017,7,83.74166666666666,2017-02-13,5.0,1.0
kasalj,2017,8,83.74166666666666,2017-02-20,11.0,1.0
kasalj,2017,9,81.59444444444443,2017-02-27,4.0,1.0
kasalj,2017,10,81.59444444444443,2017-03-06,2.0,1.0
kasalj,2017,11,83.74166666666666,2017-03-13,,1.0
kasalj,2017,12,88.03611111111111,2017-03-20,,1.0
kasalj,2017,13,73.00555555555556,2017-03-27,,1.0
kasalj,2017,14,57.974999999999994,2017-04-03,,1.0
kasalj,2017,15,66.56388888888888,2017-04-10,,1.0
kasalj,2017,16,57.974999999999994,2017-04-17,,1.0
kasalj,2017,17,70.85833333333333,2017-04-24,,1.0
kasalj,2017,18,57.974999999999994,2017-05-01,,1.0
kasalj,2017,19,60.12222222222222,2017-05-08,,1.0
kasalj,2017,20,60.12222222222222,2017-05-15,,1.0
kasalj,2017,21,64.41666666666666,2017-05-22,,
kasalj,2017,22,57.974999999999994,2017-05-29,,
kasalj,2017,23,55.827777777777776,2017-06-05,,
kasalj,2017,24,51.53333333333333,2017-06-12,,
kasalj,2017,25,38.65,2017-06-19,,
kasalj,2017,26,34.355555555555554,2017-06-26,,
kasalj,2017,27,38.65,2017-07-03,,
kasalj,2017,28,38.65,2017-07-10,,
kasalj,2017,29,34.355555555555554,2017-07-17,,
kasalj,2017,30,32.20833333333333,2017-07-24,,
kasalj,2017,31,32.20833333333333,2017-07-31,,
kasalj,2017,32,38.65,2017-08-07,,
kasalj,2017,33,40.79722222222222,2017-08-14,,
kasalj,2017,34,47.23888888888889,2017-08-21,,
kasalj,2017,35,42.94444444444444,2017-08-28,,
kasalj,2017,36,49.386111111111106,2017-09-04,,
kasalj,2017,37,68.71111111111111,2017-09-11,,
kasalj,2017,38,83.74166666666666,2017-09-18,,
kasalj,2017,39,83.74166666666666,2017-09-25,,
kasalj,2017,40,105.21388888888887,2017-10-02,,1.0
kasalj,2017,41,96.625,2017-10-09,,1.0
kasalj,2017,42,100.91944444444444,2017-10-16,,1.0
kasalj,2017,43,88.03611111111111,2017-10-23,,1.0
kasalj,2017,44,88.03611111111111,2017-10-30,,2.0
kasalj,2017,45,88.03611111111111,2017-11-06,,2.0
kasalj,2017,46,85.88888888888889,2017-11-13,,3.0
kasalj,2017,47,90.18333333333334,2017-11-20,,3.0
kasalj,2017,48,90.18333333333334,2017-11-27,,3.0
kasalj,2017,49,81.59444444444443,2017-12-04,,3.0
kasalj,2017,50,96.625,2017-12-11,6.0,3.0
kasalj,2017,51,107.36111111111111,2017-12-18,19.0,3.0
kasalj,2017,52,115.95,2017-12-25,26.0,3.0
kasalj,2018,1,122.39166666666668,2018-01-01,22.0,3.0
kasalj,2018,2,105.21388888888887,2018-01-08,37.0,3.0
kasalj,2018,3,133.12777777777777,2018-01-15,88.0,3.0
kasalj,2018,4,169.63055555555556,2018-01-22,103.0,4.0
kasalj,2018,5,143.86388888888888,2018-01-29,124.0,5.0
kasalj,2018,6,158.89444444444445,2018-02-05,121.0,5.0
kasalj,2018,7,115.95,2018-02-12,66.0,5.0
kasalj,2018,8,137.42222222222222,2018-02-19,77.0,4.0
kasalj,2018,9,113.80277777777778,2018-02-26,59.0,4.0
kasalj,2018,10,105.21388888888887,2018-03-05,29.0,4.0
kasalj,2018,11,98.7722222222222,2018-03-12,20.0,4.0
kasalj,2018,12,92.33055555555556,2018-03-19,14.0,3.0
kasalj,2018,13,88.03611111111111,2018-03-26,30.0,3.0
kasalj,2018,14,85.88888888888889,2018-04-02,21.0,3.0
kasalj,2018,15,57.974999999999994,2018-04-09,16.0,3.0
kasalj,2018,16,64.41666666666666,2018-04-16,1.0,3.0
kasalj,2018,17,47.23888888888889,2018-04-23,,2.0
kasalj,2018,18,55.827777777777776,2018-04-30,,2.0
kasalj,2018,19,55.827777777777776,2018-05-07,,1.0
kasalj,2018,20,49.386111111111106,2018-05-14,,1.0
kasalj,2018,21,51.53333333333333,2018-05-21,,1.0
kasalj,2018,22,53.68055555555556,2018-05-28,,1.0
kasalj,2018,23,53.68055555555556,2018-06-04,,1.0
kasalj,2018,24,57.974999999999994,2018-06-11,,1.0
kasalj,2018,25,49.386111111111106,2018-06-18,,1.0
kasalj,2018,26,49.386111111111106,2018-06-25,,1.0
kasalj,2018,27,46.68108651086511,2018-07-02,,1.0
kasalj,2018,28,55.65821853218532,2018-07-09,,1.0
kasalj,2018,29,57.453644936449365,2018-07-16,,1.0
kasalj,2018,30,46.68108651086511,2018-07-23,,1.0
kasalj,2018,31,46.68108651086511,2018-07-30,,1.0
kasalj,2018,32,50.2719393193932,2018-08-06,,1.0
kasalj,2018,33,44.885660106601065,2018-08-13,,1.0
kasalj,2018,34,53.86279212792128,2018-08-20,,1.0
kasalj,2018,35,59.24907134071341,2018-08-27,,1.0
kasalj,2018,36,73.61248257482575,2018-09-03,,1.0
kasalj,2018,37,71.8170561705617,2018-09-10,,1.0
kasalj,2018,38,87.9758938089381,2018-09-17,,1.0
kasalj,2018,39,98.74845223452236,2018-09-24,,1.0
kasalj,2018,40,120.29356908569086,2018-10-01,,1.0
kasalj,2018,41,116.70271627716278,2018-10-08,,1.0
kasalj,2018,42,111.31643706437065,2018-10-15,,1.0
kasalj,2018,43,105.93015785157851,2018-10-22,,1.0
kasalj,2018,44,105.93015785157851,2018-10-29,,1.0
kasalj,2018,45,114.90728987289872,2018-11-05,,1.0
kasalj,2018,46,95.15759942599426,2018-11-12,,1.0
kasalj,2018,47,118.4981426814268,2018-11-19,,1.0
kasalj,2018,48,129.27070110701106,2018-11-26,,1.0
kasalj,2018,49,122.0889954899549,2018-12-03,,1.0
kasalj,2018,50,138.24783312833128,2018-12-10,,1.0
kasalj,2018,51,125.67984829848298,2018-12-17,,1.0
kasalj,2018,52,131.0661275112751,2018-12-24,3.0,1.0
kasalj,2019,1,131.0661275112751,2018-12-31,11.0,2.0
kasalj,2019,2,118.4981426814268,2019-01-07,16.0,2.0
kasalj,2019,3,147.2249651496515,2019-01-14,42.0,2.0
kasalj,2019,4,143.6341123411234,2019-01-21,99.0,2.0
kasalj,2019,5,166.97465559655598,2019-01-28,273.0,4.0
kasalj,2019,6,140.04325953259533,2019-02-04,388.0,4.0
kasalj,2019,7,122.0889954899549,2019-02-11,309.0,4.0
kasalj,2019,8,89.77132021320213,2019-02-18,307.0,4.0
kasalj,2019,9,84.38504100041,2019-02-25,138.0,3.0
kasalj,2019,10,71.8170561705617,2019-03-04,100.0,3.0
kasalj,2019,11,75.4079089790898,2019-03-11,50.0,3.0
kasalj,2019,12,78.99876178761788,2019-03-18,25.0,2.0
kasalj,2019,13,86.18046740467405,2019-03-25,40.0,2.0
kasalj,2019,14,75.4079089790898,2019-04-01,17.0,2.0
kasalj,2019,15,80.79418819188191,2019-04-08,14.0,2.0
kasalj,2019,16,64.63535055350553,2019-04-15,5.0,2.0
kasalj,2019,17,78.99876178761788,2019-04-22,9.0,2.0
kasalj,2019,18,57.453644936449365,2019-04-29,,2.0
kasalj,2019,19,53.86279212792128,2019-05-06,,2.0
kasalj,2019,20,62.83992414924149,2019-05-13,,2.0
kasalj,2019,21,68.22620336203362,2019-05-20,,1.0
kasalj,2019,22,59.24907134071341,2019-05-27,,1.0
kasalj,2019,23,59.24907134071341,2019-06-03,,1.0
kasalj,2019,24,53.86279212792128,2019-06-10,,1.0
kasalj,2019,25,52.06736572365724,2019-06-17,,1.0
kasalj,2019,26,44.885660106601065,2019-06-24,,1.0
kasalj,2019,27,37.7039544895449,2019-07-01,,1.0
kasalj,2019,28,52.06736572365724,2019-07-08,,1.0
kasalj,2019,29,37.7039544895449,2019-07-15,,1.0
kasalj,2019,30,39.49938089380894,2019-07-22,,1.0
kasalj,2019,31,41.29480729807298,2019-07-29,,1.0
kasalj,2019,32,41.29480729807298,2019-08-05,,1.0
kasalj,2019,33,50.2719393193932,2019-08-12,,1.0
kasalj,2019,34,41.29480729807298,2019-08-19,,1.0
kasalj,2019,35,48.47651291512915,2019-08-26,,1.0
kasalj,2019,36,52.06736572365724,2019-09-02,,1.0
kasalj,2019,37,73.61248257482575,2019-09-09,,1.0
kasalj,2019,38,86.18046740467405,2019-09-16,,1.0
kasalj,2019,39,100.5438786387864,2019-09-23,,1.0
kasalj,2019,40,95.15759942599426,2019-09-30,,1.0
kasalj,2019,41,102.33930504305044,2019-10-07,,1.0
kasalj,2019,42,102.33930504305044,2019-10-14,,1.0
kasalj,2019,43,98.74845223452236,2019-10-21,,1.0
kasalj,2019,44,104.13473144731448,2019-10-28,,1.0
kasalj,2019,45,98.74845223452236,2019-11-04,,1.0
kasalj,2019,46,95.15759942599426,2019-11-11,,1.0
kasalj,2019,47,93.3621730217302,2019-11-18,,1.0
kasalj,2019,48,109.5210106601066,2019-11-25,,1.0
kasalj,2019,49,91.56674661746618,2019-12-02,6.0,2.0
kasalj,2019,50,118.4981426814268,2019-12-09,9.0,2.0
kasalj,2019,51,109.5210106601066,2019-12-16,10.0,3.0
kasalj,2019,52,114.90728987289872,2019-12-23,8.0,3.0
kasalj,2020,1,131.0661275112751,2019-12-30,10.0,3.0
kasalj,2020,2,116.70271627716278,2020-01-06,24.0,3.0
kasalj,2020,3,138.24783312833128,2020-01-13,60.0,3.0
kasalj,2020,4,179.54264042640426,2020-01-20,179.0,3.0
kasalj,2020,5,174.15636121361214,2020-01-27,235.0,3.0
kasalj,2020,6,123.88442189421896,2020-02-03,290.0,5.0
kasalj,2020,7,102.33930504305044,2020-02-10,191.0,5.0
kasalj,2020,8,77.20333538335383,2020-02-17,83.0,4.0
kasalj,2020,9,77.20333538335383,2020-02-24,93.0,3.0
kasalj,2020,10,114.90728987289872,2020-03-02,34.0,3.0
kasalj,2020,11,149.02039155391554,2020-03-09,37.0,3.0
kasalj,2020,12,140.04325953259533,2020-03-16,6.0,2.0
kasalj,2020,13,116.70271627716278,2020-03-23,,2.0
kasalj,2020,14,75.4079089790898,2020-03-30,,1.0
kasalj,2020,15,52.06736572365724,2020-04-06,,1.0
kasalj,2020,16,41.29480729807298,2020-04-13,,1.0
kasalj,2020,17,44.885660106601065,2020-04-20,,1.0
kasalj,2020,18,28.72682246822468,2020-04-27,,1.0
kasalj,2020,19,32.317675276752766,2020-05-04,,1.0
kasalj,2020,20,19.74969044690447,2020-05-11,,1.0
kasalj,2020,21,25.1359696596966,2020-05-18,,1.0
kasalj,2020,22,16.158837638376383,2020-05-25,,1.0
kasalj,2020,23,19.74969044690447,2020-06-01,,1.0
kasalj,2020,24,25.1359696596966,2020-06-08,,1.0
kasalj,2020,25,35.90852808528085,2020-06-15,,1.0
kasalj,2020,26,50.2719393193932,2020-06-22,,1.0
kasalj,2020,27,64.63535055350553,2020-06-29,,1.0
kasalj,2020,28,77.20333538335383,2020-07-06,,1.0
kasalj,2020,29,64.63535055350553,2020-07-13,,1.0
kasalj,2020,30,50.2719393193932,2020-07-20,,1.0
kasalj,2020,31,44.885660106601065,2020-07-27,,1.0
kasalj,2020,32,35.90852808528085,2020-08-03,,1.0
kasalj,2020,33,35.90852808528085,2020-08-10,,1.0
kasalj,2020,34,35.90852808528085,2020-08-17,,1.0
kasalj,2020,35,32.317675276752766,2020-08-24,,1.0
kasalj,2020,36,48.47651291512915,2020-08-31,,1.0
kasalj,2020,37,53.86279212792128,2020-09-07,,1.0
kasalj,2020,38,53.86279212792128,2020-09-14,,1.0
kasalj,2020,39,52.06736572365724,2020-09-21,,1.0
kasalj,2020,40,52.06736572365724,2020-09-28,,1.0
kasalj,2020,41,57.453644936449365,2020-10-05,,1.0
kasalj,2020,42,62.83992414924149,2020-10-12,,1.0
kasalj,2020,43,82.58961459614596,2020-10-19,,1.0
kasalj,2020,44,82.58961459614596,2020-10-26,,2.0
kasalj,2020,45,89.77132021320213,2020-11-02,,2.0
kasalj,2020,46,105.93015785157851,2020-11-09,,2.0
kasalj,2020,47,116.70271627716278,2020-11-16,,2.0
kasalj,2020,48,116.70271627716278,2020-11-23,,1.0
kasalj,2020,49,102.33930504305044,2020-11-30,,1.0
kasalj,2020,50,98.74845223452236,2020-12-07,,1.0
kasalj,2020,51,89.77132021320213,2020-12-14,,1.0
kasalj,2020,52,64.63535055350553,2020-12-21,,1.0
kasalj,2020,53,61.5067724315141,2020-12-28,,1.0
kasalj,2021,1,57.99209972114187,2021-01-04,,1.0
kasalj,2021,2,56.23476336595575,2021-01-11,,1.0
kasalj,2021,3,65.02144514188633,2021-01-18,,1.0
kasalj,2021,4,70.29345420744468,2021-01-25,,1.0
kasalj,2021,5,70.29345420744468,2021-02-01,,1.0
kasalj,2021,6,75.56546327300303,2021-02-08,,1.0
kasalj,2021,7,84.35214504893362,2021-02-15,,1.0
kasalj,2021,8,94.89616318005032,2021-02-22,,1.0
kasalj,2021,9,87.86681775930586,2021-03-01,,1.0
kasalj,2021,10,82.59480869374751,2021-03-08,,
kasalj,2021,11,86.10948140411975,2021-03-15,,
kasalj,2021,12,75.56546327300303,2021-03-22,,
kasalj,2021,13,73.80812691781692,2021-03-29,,
kasalj,2021,14,73.80812691781692,2021-04-05,,
kasalj,2021,15,75.56546327300303,2021-04-12,,
kasalj,2021,16,65.02144514188633,2021-04-19,,
kasalj,2021,17,73.80812691781692,2021-04-26,,
kasalj,2021,18,57.99209972114187,2021-05-03,,
kasalj,2021,19,61.5067724315141,2021-05-10,,
kasalj,2021,20,68.53611785225857,2021-05-17,,
kasalj,2021,21,56.23476336595575,2021-05-24,,
kasalj,2021,22,47.44808159002516,2021-05-31,,
kasalj,2021,23,54.47742701076963,2021-06-07,,
kasalj,2021,24,45.69074523483905,2021-06-14,,
kasalj,2021,25,49.20541794521128,2021-06-21,,
kasalj,2021,26,52.72009065558352,2021-06-28,,
kasalj,2021,27,47.44808159002516,2021-07-05,,
kasalj,2021,28,56.23476336595575,2021-07-12,,
kasalj,2021,29,45.69074523483905,2021-07-19,,
kasalj,2021,30,54.47742701076963,2021-07-26,,
kasalj,2021,31,49.20541794521128,2021-08-02,,
kasalj,2021,32,65.02144514188633,2021-08-09,,
kasalj,2021,33,79.08013598337527,2021-08-16,,
kasalj,2021,34,82.59480869374751,2021-08-23,,
kasalj,2021,35,107.19751766635316,2021-08-30,,
kasalj,2021,36,130.04289028377266,2021-09-06,,
kasalj,2021,37,133.55756299414492,2021-09-13,,
kasalj,2021,38,144.10158112526162,2021-09-20,,
kasalj,2021,39,130.04289028377266,2021-09-27,,
kasalj,2021,40,156.40293561156443,2021-10-04,,1.0
kasalj,2021,41,159.91760832193663,2021-10-11,,1.0
kasalj,2021,42,158.16027196675054,2021-10-18,,1.0
kasalj,2021,43,140.58690841488936,2021-10-25,,1.0
kasalj,2021,44,133.55756299414492,2021-11-01,,1.0
kasalj,2021,45,108.95485402153926,2021-11-08,,1.0
kasalj,2021,46,98.41083589042256,2021-11-15,,1.0
kasalj,2021,47,93.1388268248642,2021-11-22,,1.0
kasalj,2021,48,103.68284495598093,2021-11-29,,1.0
kasalj,2021,49,98.41083589042256,2021-12-06,,1.0
kasalj,2021,50,110.7121903767254,2021-12-13,1.0,1.0
kasalj,2021,51,110.7121903767254,2021-12-20,1.0,1.0
kasalj,2021,52,166.94695374268113,2021-12-27,12.0,1.0
kasalj,2022,1,173.9762991634256,2022-01-03,21.0,1.0
kasalj,2022,2,163.4322810323089,2022-01-10,16.0,1.0
kasalj,2022,3,161.6749446771228,2022-01-17,19.0,1.0
kasalj,2022,4,152.8882629011922,2022-01-24,7.0,1.0
kasalj,2022,5,112.4695267319115,2022-01-31,4.0,1.0
kasalj,2022,6,96.65349953523643,2022-02-07,31.0,1.0
kasalj,2022,7,84.35214504893362,2022-02-14,25.0,1.0
kasalj,2022,8,84.35214504893362,2022-02-21,12.0,1.0
kasalj,2022,9,89.62415411449197,2022-02-28,3.0,1.0
kasalj,2022,10,110.7121903767254,2022-03-07,34.0,1.0
kasalj,2022,11,103.68284495598093,2022-03-14,77.0,1.0
kasalj,2022,12,114.2268630870976,2022-03-21,77.0,1.0
kasalj,2022,13,105.44018131116704,2022-03-28,66.0,1.0
kasalj,2022,14,101.9255086007948,2022-04-04,43.0,1.0
kasalj,2022,15,98.41083589042256,2022-04-11,32.0,1.0
kasalj,2022,16,98.41083589042256,2022-04-18,17.0,1.0
kasalj,2022,17,82.59480869374751,2022-04-25,8.0,1.0
kasalj,2022,18,73.80812691781692,2022-05-02,4.0,1.0
kasalj,2022,19,79.08013598337527,2022-05-09,3.0,1.0
kasalj,2022,20,61.5067724315141,2022-05-16,4.0,1.0
kasalj,2022,21,66.77878149707246,2022-05-23,3.0,1.0
kasalj,2022,22,57.99209972114187,2022-05-30,,1.0
kasalj,2022,23,56.23476336595575,2022-06-06,,1.0
kasalj,2022,24,68.53611785225857,2022-06-13,,1.0
kasalj,2022,25,54.47742701076963,2022-06-20,,1.0
kasalj,2022,26,47.44808159002516,2022-06-27,,
kasalj,2022,27,59.74943607632798,2022-07-04,,1.0
kasalj,2022,28,59.74943607632798,2022-07-11,,1.0
kasalj,2022,29,57.99209972114187,2022-07-18,,1.0
kasalj,2022,30,63.26410878670022,2022-07-25,,1.0
kasalj,2022,31,61.5067724315141,2022-08-01,,1.0
kasalj,2022,32,45.69074523483905,2022-08-08,,1.0
kasalj,2022,33,52.72009065558352,2022-08-15,,
kasalj,2022,34,50.9627543003974,2022-08-22,,
kasalj,2022,35,59.74943607632798,2022-08-29,,
kasalj,2022,36,84.35214504893362,2022-09-05,,
kasalj,2022,37,80.8374723385614,2022-09-12,,
kasalj,2022,38,115.98419944228374,2022-09-19,,
kasalj,2022,39,96.65349953523643,2022-09-26,,
kasalj,2022,40,121.25620850784208,2022-10-03,,1.0
kasalj,2022,41,144.10158112526162,2022-10-10,,1.0
kasalj,2022,42,124.77088121821431,2022-10-17,,1.0
kasalj,2022,43,124.77088121821431,2022-10-24,,1.0
kasalj,2022,44,130.04289028377266,2022-10-31,,1.0
kasalj,2022,45,131.80022663895878,2022-11-07,1.0,1.0
kasalj,2022,46,112.4695267319115,2022-11-14,,1.0
kasalj,2022,47,138.82957205970325,2022-11-21,,1.0
kasalj,2022,48,117.74153579746984,2022-11-28,2.0,1.0
kasalj,2022,49,124.77088121821431,2022-12-05,5.0,1.0
kasalj,2022,50,119.49887215265596,2022-12-12,26.0,1.0
kasalj,2022,51,138.82957205970325,2022-12-19,36.0,1.0
kasalj,2022,52,175.73363551861172,2022-12-26,31.0,1.0
kasalj,2023,1,168.70429009786724,2023-01-02,24.0,1.0
kasalj,2023,2,147.61625383563384,2023-01-09,78.0,1.0
kasalj,2023,3,119.49887215265596,2023-01-16,72.0,1.0
kasalj,2023,4,126.52821757340044,2023-01-23,58.0,1.0
kasalj,2023,5,142.3442447700755,2023-01-30,75.0,1.0
kasalj,2023,6,163.4322810323089,2023-02-06,91.0,1.0
kasalj,2023,7,135.31489934933103,2023-02-13,70.0,1.0
kasalj,2023,8,108.95485402153926,2023-02-20,85.0,1.0
kasalj,2023,9,86.10948140411975,2023-02-27,33.0,1.0
kasalj,2023,10,101.9255086007948,2023-03-06,32.0,1.0
kasalj,2023,11,101.9255086007948,2023-03-13,26.0,1.0
kasalj,2023,12,82.59480869374751,2023-03-20,25.0,1.0
kasalj,2023,13,77.32279962818916,2023-03-27,10.0,1.0
kasalj,2023,14,79.08013598337527,2023-04-03,12.0,1.0
kasalj,2023,15,82.59480869374751,2023-04-10,3.0,1.0
kasalj,2023,16,61.5067724315141,2023-04-17,1.0,1.0
kasalj,2023,17,66.77878149707246,2023-04-24,1.0,1.0
kasalj,2023,18,63.26410878670022,2023-05-01,,1.0
kasalj,2023,19,65.02144514188633,2023-05-08,,1.0
kasalj,2023,20,59.74943607632798,2023-05-15,,1.0
kasalj,2023,21,70.29345420744468,2023-05-22,,1.0
kasalj,2023,22,72.05079056263081,2023-05-29,,1.0
kasalj,2023,23,63.26410878670022,2023-06-05,,1.0
kasalj,2023,24,54.47742701076963,2023-06-12,,1.0
kasalj,2023,25,52.72009065558352,2023-06-19,,1.0
kasalj,2023,26,54.47742701076963,2023-06-26,,
kasalj,2023,27,51.00561616271901,2023-07-03,,
kasalj,2023,28,42.00462507518036,2023-07-10,,1.0
kasalj,2023,29,48.00528580020613,2023-07-17,,1.0
kasalj,2023,30,54.00594652523189,2023-07-24,,1.0
kasalj,2023,31,51.00561616271901,2023-07-31,,1.0
kasalj,2023,32,45.00495543769324,2023-08-07,,1.0
kasalj,2023,33,54.00594652523189,2023-08-14,,1.0
kasalj,2023,34,66.00726797528343,2023-08-21,,1.0
kasalj,2023,35,63.006937612770535,2023-08-28,,1.0
kasalj,2023,36,66.00726797528343,2023-09-04,,1.0
kasalj,2023,37,87.0095805128736,2023-09-11,,1.0
kasalj,2023,38,102.01123232543802,2023-09-18,,1.0
kasalj,2023,39,87.0095805128736,2023-09-25,,1.0
kasalj,2023,40,105.0115626879509,2023-10-02,,1.0
kasalj,2023,41,117.01288413800243,2023-10-09,,1.0
kasalj,2023,42,132.01453595056685,2023-10-16,,1.0
kasalj,2023,43,114.01255377548956,2023-10-23,,1.0
kasalj,2023,44,132.01453595056685,2023-10-30,,1.0
kasalj,2023,45,141.0155270381055,2023-11-06,1.0,1.0
kasalj,2023,46,165.01816993820856,2023-11-13,,1.0
kasalj,2023,47,189.02081283831163,2023-11-20,1.0,1.0
kasalj,2023,48,177.0194913882601,2023-11-27,1.0,1.0
kasalj,2023,49,213.02345573841467,2023-12-04,3.0,1.0
kasalj,2023,50,192.0211432008245,2023-12-11,7.0,1.0
kasalj,2023,51,195.02147356333737,2023-12-18,7.0,1.0
kasalj,2023,52,267.02940226364655,2023-12-25,21.0,1.0
kasalj,2024,1,249.02742008856927,2024-01-01,10.0,1.0
kasalj,2024,2,195.02147356333737,2024-01-08,21.0,1.0
kasalj,2024,3,165.01816993820856,2024-01-15,46.0,1.0
kasalj,2024,4,300.03303625128825,2024-01-22,93.0,1.0
kasalj,2024,5,237.02609863851777,2024-01-29,130.0,1.0
kasalj,2024,6,147.01618776313126,2024-02-05,119.0,1.0
kasalj,2024,7,117.01288413800243,2024-02-12,48.0,1.0
kasalj,2024,8,102.01123232543802,2024-02-19,82.0,1.0
kasalj,2024,9,84.00925015036071,2024-02-26,32.0,1.0
kasalj,2024,10,84.00925015036071,2024-03-04,22.0,1.0
kasalj,2024,11,84.00925015036071,2024-03-11,4.0,1.0
kasalj,2024,12,81.00891978784783,2024-03-18,1.0,1.0
kasalj,2024,13,72.00792870030918,2024-03-25,,1.0
kasalj,2024,14,57.006276887744775,2024-04-01,3.0,1.0
kasalj,2024,15,63.006937612770535,2024-04-08,2.0,1.0
kasalj,2024,16,57.006276887744775,2024-04-15,,1.0
kasalj,2024,17,69.00759833779631,2024-04-22,1.0,1.0
kasalj,2024,18,63.006937612770535,2024-04-29,,1.0
kasalj,2024,19,51.00561616271901,2024-05-06,1.0,1.0
kasalj,2024,20,48.00528580020613,2024-05-13,,1.0
kasalj,2024,21,51.00561616271901,2024-05-20,,1.0
kasalj,2024,22,48.00528580020613,2024-05-27,,1.0
kasalj,2024,23,45.00495543769324,2024-06-03,,1.0
kasalj,2024,24,39.00429471266747,2024-06-10,,1.0
kasalj,2024,25,39.00429471266747,2024-06-17,,1.0
kasalj,2024,26,42.00462507518036,2024-06-24,,1.0
kasalj,2024,27,42.00462507518036,2024-07-01,,1.0
kasalj,2024,28,36.00396435015459,2024-07-08,,1.0
kasalj,2024,29,36.00396435015459,2024-07-15,,1.0
kasalj,2024,30,39.00429471266747,2024-07-22,,1.0
kasalj,2024,31,39.00429471266747,2024-07-29,,1.0
kasalj,2024,32,36.00396435015459,2024-08-05,,1.0
kasalj,2024,33,42.00462507518036,2024-08-12,,1.0
kasalj,2024,34,45.00495543769324,2024-08-19,,1.0
kasalj,2024,35,33.00363398764171,2024-08-26,,1.0
kasalj,2024,36,45.00495543769324,2024-09-02,,1.0
kasalj,2024,37,48.00528580020613,2024-09-09,,1.0
kasalj,2024,38,69.00759833779631,2024-09-16,,1.0
kasalj,2024,39,63.006937612770535,2024-09-23,,1.0
kasalj,2024,40,78.00858942533495,2024-09-30,,1.0
kasalj,2024,41,96.01057160041223,2024-10-07,1.0,1.0
kasalj,2024,42,102.01123232543802,2024-10-14,,1.0
kasalj,2024,43,96.01057160041223,2024-10-21,,1.0
kasalj,2024,44,93.01024123789936,2024-10-28,,1.0
kasalj,2024,45,99.01090196292512,2024-11-04,,1.0
kasalj,2024,46,78.00858942533495,2024-11-11,,1.0
kasalj,2024,47,90.00991087538648,2024-11-18,,1.0
kasalj,2024,48,84.00925015036071,2024-11-25,,1.0
kasalj,2024,49,84.00925015036071,2024-12-02,2.0,1.0
kasalj,2024,50,93.01024123789936,2024-12-09,13.0,1.0
kasalj,2024,51,99.01090196292512,2024-12-16,3.0,1.0
kasalj,2024,52,126.01387522554109,2024-12-23,27.0,1.0
kasalj,2025,1,111.01222341297668,2024-12-30,6.0,1.0
kasalj,2025,2,108.01189305046378,2025-01-06,15.0,1.0
kasalj,2025,3,96.01057160041223,2025-01-13,36.0,1.0
kasalj,2025,4,102.01123232543802,2025-01-20,77.0,1.0
kasalj,2025,5,87.0095805128736,2025-01-27,71.0,1.0
kasalj,2025,6,93.01024123789936,2025-02-03,36.0,1.0
kasalj,2025,7,99.01090196292512,2025-02-10,45.0,1.0
kasalj,2025,8,99.01090196292512,2025-02-17,43.0,1.0
kasalj,2025,9,90.00991087538648,2025-02-24,54.0,1.0
kasalj,2025,10,75.00825906282206,2025-03-03,63.0,1.0
kasalj,2025,11,78.00858942533495,2025-03-10,19.0,1.0
kasalj,2025,12,69.00759833779631,2025-03-17,18.0,1.0
kasalj,2025,13,60.00660725025766,2025-03-24,8.0,1.0
kasalj,2025,14,60.00660725025766,2025-03-31,2.0,1.0
kasalj,2025,15,54.00594652523189,2025-04-07,2.0,1.0
kasalj,2025,16,51.00561616271901,2025-04-14,,1.0
kasalj,2025,17,48.00528580020613,2025-04-21,,1.0
kasalj,2025,18,51.00561616271901,2025-04-28,2.0,1.0
kasalj,2025,19,36.00396435015459,2025-05-05,,1.0
kasalj,2025,20,57.006276887744775,2025-05-12,,1.0
kasalj,2025,21,48.00528580020613,2025-05-19,,1.0
kasalj,2025,22,42.00462507518036,2025-05-26,,1.0
kasalj,2025,23,45.00495543769324,2025-06-02,,1.0
kasalj,2025,24,39.00429471266747,2025-06-09,,1.0
kasalj,2025,25,36.00396435015459,2025-06-16,,1.0
kasalj,2025,26,27.002973262615946,2025-06-23,,1.0
kasalj,2025,27,18.001982175077295,2025-06-30,,
kasalj,2025,28,24.002642900103066,2025-07-07,,1.0
kasalj,2025,29,30.00330362512883,2025-07-14,,1.0
kasalj,2025,30,21.00231253759018,2025-07-21,,1.0
kasalj,2025,31,21.00231253759018,2025-07-28,,1.0
kasalj,2025,32,24.002642900103066,2025-08-04,,1.0
kasalj,2025,33,24.002642900103066,2025-08-11,,1.0
kasalj,2025,34,24.002642900103066,2025-08-18,,1.0
kasalj,2025,35,36.00396435015459,2025-08-25,,1.0
kasalj,2025,36,33.00363398764171,2025-09-01,,1.0
kasalj,2025,37,39.00429471266747,2025-09-08,,1.0
kasalj,2025,38,51.00561616271901,2025-09-15,,1.0
kasalj,2025,39,48.00528580020613,2025-09-22,,1.0
kasalj,2025,40,60.00660725025766,2025-09-29,,1.0
kasalj,2025,41,72.00792870030918,2025-10-06,,1.0
kasalj,2025,42,78.00858942533495,2025-10-13,2.0,1.0
kasalj,2025,43,60.00660725025766,2025-10-20,3.0,1.0
kasalj,2025,44,51.00561616271901,2025-10-27,,1.0
kasalj,2025,45,66.00726797528343,2025-11-03,4.0,1.0
kasalj,2025,46,57.006276887744775,2025-11-10,2.0,1.0
kasalj,2025,47,60.00660725025766,2025-11-17,11.0,1.0
kasalj,2025,48,78.00858942533495,2025-11-24,14.0,1.0
kasalj,2025,49,96.01057160041223,2025-12-01,36.0,1.0
kasalj,2025,50,111.01222341297668,2025-12-08,55.0,1.0
kasalj,2025,51,132.01453595056685,2025-12-15,54.0,1.0
kasalj,2025,52,144.01585740061836,2025-12-22,45.0,1.0
kasalj,2026,1,118.64155240023273,2025-12-29,24.0,1.0
kasalj,2026,2,72.90023099291408,2026-01-05,8.0,1.0
kasalj,2026,3,65.75314952302054,2026-01-12,7.0,1.0
kasalj,2026,4,82.90614505076503,2026-01-19,15.0,1.0
kasalj,2026,5,70.04139840495667,2026-01-26,3.0,1.0
kasalj,2026,6,62.89431693506312,2026-02-02,4.0,1.0
kasalj,2026,7,54.31781917119088,2026-02-09,,1.0
kasalj,2026,8,60.03548434710571,2026-02-16,1.0,1.0
kasalj,2026,9,61.46490064108442,2026-02-23,2.0,1.0
kasalj,2026,10,65.75314952302054,2026-03-02,,1.0
kasalj,2026,11,62.89431693506312,2026-03-09,,1.0
kasalj,2026,12,61.46490064108442,2026-03-16,1.0,1.0
kasalj,2026,13,51.45898658323347,2026-03-23,,1.0
kasalj,2026,14,45.74132140731864,2026-03-30,,1.0
kasalj,2026,15,54.31781917119088,2026-04-06,,1.0
kasalj,2026,16,48.60015399527605,2026-04-13,,1.0
kasalj,2026,17,50.02957028925476,2026-04-20,,
kasalj,2026,18,51.45898658323347,2026-04-27,,1.0
kasalj,2026,19,47.17073770129734,2026-05-04,,1.0
kasalj,2026,20,57.1766517591483,2026-05-11,,1.0
kasalj,2026,21,54.31781917119088,2026-05-18,,1.0
kasalj,2026,22,40.023656231403805,2026-05-25,,1.0
kasalj,2026,23,50.02957028925476,2026-06-01,,1.0
kasalj,2026,24,34.305991055488974,2026-06-08,,1.0
kasalj,2026,25,34.305991055488974,2026-06-15,,1.0
kasalj,2026,26,27.15890958559544,2026-06-22,,1.0
kasalj,2026,27,24.300076997638023,2026-06-29,,1.0
kasalj,2026,28,27.15890958559544,2026-07-06,,1.0
kasalj,2026,29,24.300076997638023,2026-07-13,,1.0
kasalj,2026,30,24.300076997638023,2026-07-20,,
kasalj,2026,31,24.300076997638023,2026-07-27,,1.0
lek za grip,2013,1,0.0,2012-12-31,,
lek za grip,2013,2,0.0,2013-01-07,3.0,3.0
lek za grip,2013,3,0.0,2013-01-14,16.0,3.0
lek za grip,2013,4,0.0,2013-01-21,14.0,3.0
lek za grip,2013,5,0.0,2013-01-28,23.0,5.0
lek za grip,2013,6,0.0,2013-02-04,30.0,6.0
lek za grip,2013,7,0.0,2013-02-11,66.0,6.0
lek za grip,2013,8,0.0,2013-02-18,41.0,6.0
lek za grip,2013,9,0.0,2013-02-25,29.0,6.0
lek za grip,2013,10,0.0,2013-03-04,25.0,6.0
lek za grip,2013,11,0.0,2013-03-11,10.0,5.0
lek za grip,2013,12,0.0,2013-03-18,7.0,5.0
lek za grip,2013,13,0.0,2013-03-25,3.0,1.0
lek za grip,2013,14,0.0,2013-04-01,3.0,3.0
lek za grip,2013,15,0.0,2013-04-08,1.0,3.0
lek za grip,2013,16,0.0,2013-04-15,3.0,3.0
lek za grip,2013,17,0.0,2013-04-22,,2.0
lek za grip,2013,18,0.0,2013-04-29,,2.0
lek za grip,2013,19,0.0,2013-05-06,,2.0
lek za grip,2013,20,0.0,2013-05-13,,2.0
lek za grip,2013,21,0.0,2013-05-20,,
lek za grip,2013,22,0.0,2013-05-27,,
lek za grip,2013,23,0.0,2013-06-03,,
lek za grip,2013,24,0.0,2013-06-10,,
lek za grip,2013,25,0.0,2013-06-17,,
lek za grip,2013,26,0.0,2013-06-24,,
lek za grip,2013,27,0.0,2013-07-01,,
lek za grip,2013,28,0.0,2013-07-08,,
lek za grip,2013,29,0.0,2013-07-15,,
lek za grip,2013,30,0.0,2013-07-22,,
lek za grip,2013,31,0.0,2013-07-29,,
lek za grip,2013,32,0.0,2013-08-05,,
lek za grip,2013,33,0.0,2013-08-12,,
lek za grip,2013,34,0.0,2013-08-19,,
lek za grip,2013,35,0.0,2013-08-26,,
lek za grip,2013,36,0.0,2013-09-02,,
lek za grip,2013,37,0.0,2013-09-09,,
lek za grip,2013,38,0.0,2013-09-16,,
lek za grip,2013,39,0.0,2013-09-23,,
lek za grip,2013,40,0.0,2013-09-30,,
lek za grip,2013,41,0.0,2013-10-07,,1.0
lek za grip,2013,42,0.0,2013-10-14,,1.0
lek za grip,2013,43,0.0,2013-10-21,,1.0
lek za grip,2013,44,0.0,2013-10-28,,1.0
lek za grip,2013,45,0.0,2013-11-04,,1.0
lek za grip,2013,46,0.0,2013-11-11,,1.0
lek za grip,2013,47,0.0,2013-11-18,,1.0
lek za grip,2013,48,0.0,2013-11-25,,1.0
lek za grip,2013,49,0.0,2013-12-02,,1.0
lek za grip,2013,50,0.0,2013-12-09,,1.0
lek za grip,2013,51,0.0,2013-12-16,,1.0
lek za grip,2013,52,0.0,2013-12-23,,1.0
lek za grip,2014,1,0.0,2013-12-30,,1.0
lek za grip,2014,2,0.0,2014-01-06,1.0,1.0
lek za grip,2014,3,0.0,2014-01-13,2.0,1.0
lek za grip,2014,4,0.0,2014-01-20,3.0,1.0
lek za grip,2014,5,0.0,2014-01-27,2.0,1.0
lek za grip,2014,6,0.0,2014-02-03,3.0,1.0
lek za grip,2014,7,0.0,2014-02-10,20.0,1.0
lek za grip,2014,8,0.0,2014-02-17,6.0,1.0
lek za grip,2014,9,0.0,2014-02-24,15.0,1.0
lek za grip,2014,10,0.0,2014-03-03,12.0,1.0
lek za grip,2014,11,0.0,2014-03-10,15.0,1.0
lek za grip,2014,12,0.0,2014-03-17,16.0,1.0
lek za grip,2014,13,0.0,2014-03-24,20.0,1.0
lek za grip,2014,14,0.0,2014-03-31,9.0,1.0
lek za grip,2014,15,0.0,2014-04-07,5.0,1.0
lek za grip,2014,16,0.0,2014-04-14,3.0,1.0
lek za grip,2014,17,0.0,2014-04-21,1.0,1.0
lek za grip,2014,18,0.0,2014-04-28,,1.0
lek za grip,2014,19,0.0,2014-05-05,1.0,1.0
lek za grip,2014,20,0.0,2014-05-12,,1.0
lek za grip,2014,21,0.0,2014-05-19,,
lek za grip,2014,22,0.0,2014-05-26,,
lek za grip,2014,23,0.0,2014-06-02,,
lek za grip,2014,24,0.0,2014-06-09,,
lek za grip,2014,25,0.0,2014-06-16,,
lek za grip,2014,26,0.0,2014-06-23,,
lek za grip,2014,27,0.0,2014-06-30,,
lek za grip,2014,28,0.0,2014-07-07,,
lek za grip,2014,29,0.0,2014-07-14,,
lek za grip,2014,30,0.0,2014-07-21,,
lek za grip,2014,31,0.0,2014-07-28,,
lek za grip,2014,32,0.0,2014-08-04,,
lek za grip,2014,33,0.0,2014-08-11,,
lek za grip,2014,34,0.0,2014-08-18,,
lek za grip,2014,35,0.0,2014-08-25,,
lek za grip,2014,36,0.0,2014-09-01,,
lek za grip,2014,37,0.0,2014-09-08,,
lek za grip,2014,38,0.0,2014-09-15,,
lek za grip,2014,39,0.0,2014-09-22,1.0,1.0
lek za grip,2014,40,0.0,2014-09-29,1.0,1.0
lek za grip,2014,41,0.0,2014-10-06,,1.0
lek za grip,2014,42,0.0,2014-10-13,,1.0
lek za grip,2014,43,0.0,2014-10-20,,1.0
lek za grip,2014,44,0.0,2014-10-27,,1.0
lek za grip,2014,45,0.0,2014-11-03,,1.0
lek za grip,2014,46,0.0,2014-11-10,,1.0
lek za grip,2014,47,0.0,2014-11-17,,1.0
lek za grip,2014,48,0.0,2014-11-24,,1.0
lek za grip,2014,49,0.0,2014-12-01,,1.0
lek za grip,2014,50,0.0,2014-12-08,,1.0
lek za grip,2014,51,0.0,2014-12-15,,1.0
lek za grip,2014,52,0.0,2014-12-22,,1.0
lek za grip,2015,1,0.0,2014-12-29,,1.0
lek za grip,2015,2,0.0,2015-01-05,,1.0
lek za grip,2015,3,0.0,2015-01-12,2.0,1.0
lek za grip,2015,4,0.0,2015-01-19,11.0,1.0
lek za grip,2015,5,0.0,2015-01-26,22.0,1.0
lek za grip,2015,6,0.0,2015-02-02,26.0,1.0
lek za grip,2015,7,0.0,2015-02-09,51.0,1.0
lek za grip,2015,8,100.0,2015-02-16,28.0,1.0
lek za grip,2015,9,0.0,2015-02-23,67.0,1.0
lek za grip,2015,10,0.0,2015-03-02,40.0,1.0
lek za grip,2015,11,0.0,2015-03-09,58.0,1.0
lek za grip,2015,12,0.0,2015-03-16,38.0,1.0
lek za grip,2015,13,0.0,2015-03-23,30.0,1.0
lek za grip,2015,14,0.0,2015-03-30,23.0,1.0
lek za grip,2015,15,0.0,2015-04-06,13.0,1.0
lek za grip,2015,16,0.0,2015-04-13,11.0,1.0
lek za grip,2015,17,0.0,2015-04-20,5.0,1.0
lek za grip,2015,18,0.0,2015-04-27,2.0,1.0
lek za grip,2015,19,0.0,2015-05-04,1.0,1.0
lek za grip,2015,20,0.0,2015-05-11,,1.0
lek za grip,2015,21,0.0,2015-05-18,,
lek za grip,2015,22,0.0,2015-05-25,,
lek za grip,2015,23,0.0,2015-06-01,,
lek za grip,2015,24,0.0,2015-06-08,,
lek za grip,2015,25,0.0,2015-06-15,,
lek za grip,2015,26,0.0,2015-06-22,,
lek za grip,2015,27,0.0,2015-06-29,,
lek za grip,2015,28,0.0,2015-07-06,,
lek za grip,2015,29,0.0,2015-07-13,,
lek za grip,2015,30,0.0,2015-07-20,,
lek za grip,2015,31,0.0,2015-07-27,,
lek za grip,2015,32,0.0,2015-08-03,,
lek za grip,2015,33,0.0,2015-08-10,,
lek za grip,2015,34,0.0,2015-08-17,,
lek za grip,2015,35,0.0,2015-08-24,,
lek za grip,2015,36,0.0,2015-08-31,,
lek za grip,2015,37,0.0,2015-09-07,,
lek za grip,2015,38,0.0,2015-09-14,,
lek za grip,2015,39,0.0,2015-09-21,,
lek za grip,2015,40,0.0,2015-09-28,,
lek za grip,2015,41,0.0,2015-10-05,,
lek za grip,2015,42,0.0,2015-10-12,,
lek za grip,2015,43,0.0,2015-10-19,,
lek za grip,2015,44,0.0,2015-10-26,,
lek za grip,2015,45,0.0,2015-11-02,,1.0
lek za grip,2015,46,0.0,2015-11-09,,1.0
lek za grip,2015,47,0.0,2015-11-16,,1.0
lek za grip,2015,48,0.0,2015-11-23,,1.0
lek za grip,2015,49,0.0,2015-11-30,,1.0
lek za grip,2015,50,0.0,2015-12-07,,1.0
lek za grip,2015,51,0.0,2015-12-14,,1.0
lek za grip,2015,52,0.0,2015-12-21,,1.0
lek za grip,2017,52,0.0,2017-12-25,26.0,3.0
lek za grip,2018,1,0.0,2018-01-01,22.0,3.0
lek za grip,2018,2,0.0,2018-01-08,37.0,3.0
lek za grip,2018,3,0.0,2018-01-15,88.0,3.0
lek za grip,2018,4,0.0,2018-01-22,103.0,4.0
lek za grip,2018,5,0.0,2018-01-29,124.0,5.0
lek za grip,2018,6,0.0,2018-02-05,121.0,5.0
lek za grip,2018,7,0.0,2018-02-12,66.0,5.0
lek za grip,2018,8,0.0,2018-02-19,77.0,4.0
lek za grip,2018,9,0.0,2018-02-26,59.0,4.0
lek za grip,2018,10,0.0,2018-03-05,29.0,4.0
lek za grip,2018,11,0.0,2018-03-12,20.0,4.0
lek za grip,2018,12,0.0,2018-03-19,14.0,3.0
lek za grip,2018,13,0.0,2018-03-26,30.0,3.0
lek za grip,2018,14,0.0,2018-04-02,21.0,3.0
lek za grip,2018,15,0.0,2018-04-09,16.0,3.0
lek za grip,2018,16,0.0,2018-04-16,1.0,3.0
lek za grip,2018,17,0.0,2018-04-23,,2.0
lek za grip,2018,18,0.0,2018-04-30,,2.0
lek za grip,2018,19,0.0,2018-05-07,,1.0
lek za grip,2018,20,0.0,2018-05-14,,1.0
lek za grip,2018,21,0.0,2018-05-21,,1.0
lek za grip,2018,22,0.0,2018-05-28,,1.0
lek za grip,2018,23,0.0,2018-06-04,,1.0
lek za grip,2018,24,0.0,2018-06-11,,1.0
lek za grip,2018,25,0.0,2018-06-18,,1.0
lek za grip,2018,26,0.0,2018-06-25,,1.0
lek za grip,2018,27,0.0,2018-07-02,,1.0
lek za grip,2018,28,0.0,2018-07-09,,1.0
lek za grip,2018,29,0.0,2018-07-16,,1.0
lek za grip,2018,30,0.0,2018-07-23,,1.0
lek za grip,2018,31,0.0,2018-07-30,,1.0
lek za grip,2018,32,0.0,2018-08-06,,1.0
lek za grip,2018,33,0.0,2018-08-13,,1.0
lek za grip,2018,34,0.0,2018-08-20,,1.0
lek za grip,2018,35,0.0,2018-08-27,,1.0
lek za grip,2018,36,0.0,2018-09-03,,1.0
lek za grip,2018,37,0.0,2018-09-10,,1.0
lek za grip,2018,38,0.0,2018-09-17,,1.0
lek za grip,2018,39,0.0,2018-09-24,,1.0
lek za grip,2018,40,0.0,2018-10-01,,1.0
lek za grip,2018,41,0.0,2018-10-08,,1.0
lek za grip,2018,42,0.0,2018-10-15,,1.0
lek za grip,2018,43,0.0,2018-10-22,,1.0
lek za grip,2018,44,0.0,2018-10-29,,1.0
lek za grip,2018,45,0.0,2018-11-05,,1.0
lek za grip,2018,46,0.0,2018-11-12,,1.0
lek za grip,2018,47,0.0,2018-11-19,,1.0
lek za grip,2018,48,0.0,2018-11-26,,1.0
lek za grip,2018,49,0.0,2018-12-03,,1.0
lek za grip,2018,50,0.0,2018-12-10,,1.0
lek za grip,2018,51,0.0,2018-12-17,,1.0
lek za grip,2018,52,0.0,2018-12-24,3.0,1.0
lek za grip,2019,1,0.0,2018-12-31,11.0,2.0
lek za grip,2019,2,0.0,2019-01-07,16.0,2.0
lek za grip,2019,3,0.0,2019-01-14,42.0,2.0
lek za grip,2019,4,0.0,2019-01-21,99.0,2.0
lek za grip,2019,5,0.0,2019-01-28,273.0,4.0
lek za grip,2019,6,0.0,2019-02-04,388.0,4.0
lek za grip,2019,7,0.0,2019-02-11,309.0,4.0
lek za grip,2019,8,0.0,2019-02-18,307.0,4.0
lek za grip,2019,9,0.0,2019-02-25,138.0,3.0
lek za grip,2019,10,0.0,2019-03-04,100.0,3.0
lek za grip,2019,11,0.0,2019-03-11,50.0,3.0
lek za grip,2019,12,0.0,2019-03-18,25.0,2.0
lek za grip,2019,13,0.0,2019-03-25,40.0,2.0
lek za grip,2019,14,0.0,2019-04-01,17.0,2.0
lek za grip,2019,15,0.0,2019-04-08,14.0,2.0
lek za grip,2019,16,0.0,2019-04-15,5.0,2.0
lek za grip,2019,17,100.0,2019-04-22,9.0,2.0
lek za grip,2019,18,0.0,2019-04-29,,2.0
lek za grip,2019,19,0.0,2019-05-06,,2.0
lek za grip,2019,20,0.0,2019-05-13,,2.0
lek za grip,2019,21,0.0,2019-05-20,,1.0
lek za grip,2019,22,0.0,2019-05-27,,1.0
lek za grip,2019,23,0.0,2019-06-03,,1.0
lek za grip,2019,24,0.0,2019-06-10,,1.0
lek za grip,2019,25,0.0,2019-06-17,,1.0
lek za grip,2019,26,0.0,2019-06-24,,1.0
lek za grip,2019,27,0.0,2019-07-01,,1.0
lek za grip,2019,28,0.0,2019-07-08,,1.0
lek za grip,2019,29,0.0,2019-07-15,,1.0
lek za grip,2019,30,0.0,2019-07-22,,1.0
lek za grip,2019,31,0.0,2019-07-29,,1.0
lek za grip,2019,32,0.0,2019-08-05,,1.0
lek za grip,2019,33,0.0,2019-08-12,,1.0
lek za grip,2019,34,0.0,2019-08-19,,1.0
lek za grip,2019,35,0.0,2019-08-26,,1.0
lek za grip,2019,36,0.0,2019-09-02,,1.0
lek za grip,2019,37,0.0,2019-09-09,,1.0
lek za grip,2019,38,0.0,2019-09-16,,1.0
lek za grip,2019,39,0.0,2019-09-23,,1.0
lek za grip,2019,40,0.0,2019-09-30,,1.0
lek za grip,2019,41,0.0,2019-10-07,,1.0
lek za grip,2019,42,0.0,2019-10-14,,1.0
lek za grip,2019,43,0.0,2019-10-21,,1.0
lek za grip,2019,44,0.0,2019-10-28,,1.0
lek za grip,2019,45,0.0,2019-11-04,,1.0
lek za grip,2019,46,0.0,2019-11-11,,1.0
lek za grip,2019,47,0.0,2019-11-18,,1.0
lek za grip,2019,48,0.0,2019-11-25,,1.0
lek za grip,2019,49,0.0,2019-12-02,6.0,2.0
lek za grip,2019,50,0.0,2019-12-09,9.0,2.0
lek za grip,2019,51,0.0,2019-12-16,10.0,3.0
lek za grip,2019,52,0.0,2019-12-23,8.0,3.0
lek za grip,2020,1,0.0,2019-12-30,10.0,3.0
lek za grip,2020,2,0.0,2020-01-06,24.0,3.0
lek za grip,2020,3,0.0,2020-01-13,60.0,3.0
lek za grip,2020,4,0.0,2020-01-20,179.0,3.0
lek za grip,2020,5,0.0,2020-01-27,235.0,3.0
lek za grip,2020,6,0.0,2020-02-03,290.0,5.0
lek za grip,2020,7,0.0,2020-02-10,191.0,5.0
lek za grip,2020,8,0.0,2020-02-17,83.0,4.0
lek za grip,2020,9,0.0,2020-02-24,93.0,3.0
lek za grip,2020,10,0.0,2020-03-02,34.0,3.0
lek za grip,2020,11,0.0,2020-03-09,37.0,3.0
lek za grip,2020,12,0.0,2020-03-16,6.0,2.0
lek za grip,2020,13,0.0,2020-03-23,,2.0
lek za grip,2020,14,0.0,2020-03-30,,1.0
lek za grip,2020,15,0.0,2020-04-06,,1.0
lek za grip,2020,16,0.0,2020-04-13,,1.0
lek za grip,2020,17,0.0,2020-04-20,,1.0
lek za grip,2020,18,0.0,2020-04-27,,1.0
lek za grip,2020,19,0.0,2020-05-04,,1.0
lek za grip,2020,20,0.0,2020-05-11,,1.0
lek za grip,2020,21,0.0,2020-05-18,,1.0
lek za grip,2020,22,0.0,2020-05-25,,1.0
lek za grip,2020,23,0.0,2020-06-01,,1.0
lek za grip,2020,24,0.0,2020-06-08,,1.0
lek za grip,2020,25,0.0,2020-06-15,,1.0
lek za grip,2020,26,0.0,2020-06-22,,1.0
lek za grip,2020,27,0.0,2020-06-29,,1.0
lek za grip,2020,28,0.0,2020-07-06,,1.0
lek za grip,2020,29,0.0,2020-07-13,,1.0
lek za grip,2020,30,0.0,2020-07-20,,1.0
lek za grip,2020,31,0.0,2020-07-27,,1.0
lek za grip,2020,32,0.0,2020-08-03,,1.0
lek za grip,2020,33,0.0,2020-08-10,,1.0
lek za grip,2020,34,0.0,2020-08-17,,1.0
lek za grip,2020,35,0.0,2020-08-24,,1.0
lek za grip,2020,36,0.0,2020-08-31,,1.0
lek za grip,2020,37,0.0,2020-09-07,,1.0
lek za grip,2020,38,0.0,2020-09-14,,1.0
lek za grip,2020,39,0.0,2020-09-21,,1.0
lek za grip,2020,40,0.0,2020-09-28,,1.0
lek za grip,2020,41,0.0,2020-10-05,,1.0
lek za grip,2020,42,0.0,2020-10-12,,1.0
lek za grip,2020,43,0.0,2020-10-19,,1.0
lek za grip,2020,44,0.0,2020-10-26,,2.0
lek za grip,2020,45,0.0,2020-11-02,,2.0
lek za grip,2020,46,0.0,2020-11-09,,2.0
lek za grip,2020,47,0.0,2020-11-16,,2.0
lek za grip,2020,48,0.0,2020-11-23,,1.0
lek za grip,2020,49,0.0,2020-11-30,,1.0
lek za grip,2020,50,0.0,2020-12-07,,1.0
lek za grip,2020,51,0.0,2020-12-14,,1.0
lek za grip,2020,52,0.0,2020-12-21,,1.0
lek za grip,2020,53,0.0,2020-12-28,,1.0
lek za grip,2021,1,0.0,2021-01-04,,1.0
lek za grip,2021,2,0.0,2021-01-11,,1.0
lek za grip,2021,3,0.0,2021-01-18,,1.0
lek za grip,2021,4,0.0,2021-01-25,,1.0
lek za grip,2021,5,0.0,2021-02-01,,1.0
lek za grip,2021,6,0.0,2021-02-08,,1.0
lek za grip,2021,7,0.0,2021-02-15,,1.0
lek za grip,2021,8,0.0,2021-02-22,,1.0
lek za grip,2021,9,0.0,2021-03-01,,1.0
lek za grip,2021,10,0.0,2021-03-08,,
lek za grip,2021,11,0.0,2021-03-15,,
lek za grip,2021,12,0.0,2021-03-22,,
lek za grip,2021,13,0.0,2021-03-29,,
lek za grip,2021,14,0.0,2021-04-05,,
lek za grip,2021,15,0.0,2021-04-12,,
lek za grip,2021,16,0.0,2021-04-19,,
lek za grip,2021,17,0.0,2021-04-26,,
lek za grip,2021,18,0.0,2021-05-03,,
lek za grip,2021,19,0.0,2021-05-10,,
lek za grip,2021,20,0.0,2021-05-17,,
lek za grip,2021,21,0.0,2021-05-24,,
lek za grip,2021,22,0.0,2021-05-31,,
lek za grip,2021,23,0.0,2021-06-07,,
lek za grip,2021,24,0.0,2021-06-14,,
lek za grip,2021,25,0.0,2021-06-21,,
lek za grip,2021,26,0.0,2021-06-28,,
lek za grip,2021,27,0.0,2021-07-05,,
lek za grip,2021,28,0.0,2021-07-12,,
lek za grip,2021,29,0.0,2021-07-19,,
lek za grip,2021,30,0.0,2021-07-26,,
lek za grip,2021,31,0.0,2021-08-02,,
lek za grip,2021,32,0.0,2021-08-09,,
lek za grip,2021,33,0.0,2021-08-16,,
lek za grip,2021,34,0.0,2021-08-23,,
lek za grip,2021,35,0.0,2021-08-30,,
lek za grip,2021,36,0.0,2021-09-06,,
lek za grip,2021,37,0.0,2021-09-13,,
lek za grip,2021,38,0.0,2021-09-20,,
lek za grip,2021,39,0.0,2021-09-27,,
lek za grip,2021,40,0.0,2021-10-04,,1.0
lek za grip,2021,41,0.0,2021-10-11,,1.0
lek za grip,2021,42,0.0,2021-10-18,,1.0
lek za grip,2021,43,0.0,2021-10-25,,1.0
lek za grip,2021,44,0.0,2021-11-01,,1.0
lek za grip,2021,45,0.0,2021-11-08,,1.0
lek za grip,2021,46,0.0,2021-11-15,,1.0
lek za grip,2021,47,0.0,2021-11-22,,1.0
lek za grip,2021,48,0.0,2021-11-29,,1.0
lek za grip,2021,49,0.0,2021-12-06,,1.0
lek za grip,2021,50,0.0,2021-12-13,1.0,1.0
lek za grip,2021,51,0.0,2021-12-20,1.0,1.0
lek za grip,2021,52,0.0,2021-12-27,12.0,1.0
lek za grip,2022,1,0.0,2022-01-03,21.0,1.0
lek za grip,2022,2,0.0,2022-01-10,16.0,1.0
lek za grip,2022,3,0.0,2022-01-17,19.0,1.0
lek za grip,2022,4,0.0,2022-01-24,7.0,1.0
lek za grip,2022,5,0.0,2022-01-31,4.0,1.0
lek za grip,2022,6,0.0,2022-02-07,31.0,1.0
lek za grip,2022,7,0.0,2022-02-14,25.0,1.0
lek za grip,2022,8,0.0,2022-02-21,12.0,1.0
lek za grip,2022,9,0.0,2022-02-28,3.0,1.0
lek za grip,2022,10,0.0,2022-03-07,34.0,1.0
lek za grip,2022,11,0.0,2022-03-14,77.0,1.0
lek za grip,2022,12,0.0,2022-03-21,77.0,1.0
lek za grip,2022,13,0.0,2022-03-28,66.0,1.0
lek za grip,2022,14,0.0,2022-04-04,43.0,1.0
lek za grip,2022,15,0.0,2022-04-11,32.0,1.0
lek za grip,2022,16,0.0,2022-04-18,17.0,1.0
lek za grip,2022,17,0.0,2022-04-25,8.0,1.0
lek za grip,2022,18,0.0,2022-05-02,4.0,1.0
lek za grip,2022,19,0.0,2022-05-09,3.0,1.0
lek za grip,2022,20,0.0,2022-05-16,4.0,1.0
lek za grip,2022,21,0.0,2022-05-23,3.0,1.0
lek za grip,2022,22,0.0,2022-05-30,,1.0
lek za grip,2022,23,0.0,2022-06-06,,1.0
lek za grip,2022,24,0.0,2022-06-13,,1.0
lek za grip,2022,25,0.0,2022-06-20,,1.0
lek za grip,2022,26,0.0,2022-06-27,,
lek za grip,2022,27,0.0,2022-07-04,,1.0
lek za grip,2022,28,0.0,2022-07-11,,1.0
lek za grip,2022,29,100.0,2022-07-18,,1.0
lek za grip,2022,30,0.0,2022-07-25,,1.0
lek za grip,2022,31,0.0,2022-08-01,,1.0
lek za grip,2022,32,0.0,2022-08-08,,1.0
lek za grip,2022,33,0.0,2022-08-15,,
lek za grip,2022,34,0.0,2022-08-22,,
lek za grip,2022,35,0.0,2022-08-29,,
lek za grip,2022,36,0.0,2022-09-05,,
lek za grip,2022,37,0.0,2022-09-12,,
lek za grip,2022,38,0.0,2022-09-19,,
lek za grip,2022,39,0.0,2022-09-26,,
lek za grip,2022,40,0.0,2022-10-03,,1.0
lek za grip,2022,41,0.0,2022-10-10,,1.0
lek za grip,2022,42,0.0,2022-10-17,,1.0
lek za grip,2022,43,0.0,2022-10-24,,1.0
lek za grip,2022,44,0.0,2022-10-31,,1.0
lek za grip,2022,45,0.0,2022-11-07,1.0,1.0
lek za grip,2022,46,0.0,2022-11-14,,1.0
lek za grip,2022,47,0.0,2022-11-21,,1.0
lek za grip,2022,48,0.0,2022-11-28,2.0,1.0
lek za grip,2022,49,0.0,2022-12-05,5.0,1.0
lek za grip,2022,50,0.0,2022-12-12,26.0,1.0
lek za grip,2022,51,0.0,2022-12-19,36.0,1.0
lek za grip,2022,52,0.0,2022-12-26,31.0,1.0
lek za grip,2023,1,0.0,2023-01-02,24.0,1.0
lek za grip,2023,2,0.0,2023-01-09,78.0,1.0
lek za grip,2023,3,0.0,2023-01-16,72.0,1.0
lek za grip,2023,4,0.0,2023-01-23,58.0,1.0
lek za grip,2023,5,0.0,2023-01-30,75.0,1.0
lek za grip,2023,6,0.0,2023-02-06,91.0,1.0
lek za grip,2023,7,0.0,2023-02-13,70.0,1.0
lek za grip,2023,8,0.0,2023-02-20,85.0,1.0
lek za grip,2023,9,0.0,2023-02-27,33.0,1.0
lek za grip,2023,10,0.0,2023-03-06,32.0,1.0
lek za grip,2023,11,0.0,2023-03-13,26.0,1.0
lek za grip,2023,12,0.0,2023-03-20,25.0,1.0
lek za grip,2023,13,0.0,2023-03-27,10.0,1.0
lek za grip,2023,14,0.0,2023-04-03,12.0,1.0
lek za grip,2023,15,0.0,2023-04-10,3.0,1.0
lek za grip,2023,16,0.0,2023-04-17,1.0,1.0
lek za grip,2023,17,0.0,2023-04-24,1.0,1.0
lek za grip,2023,18,0.0,2023-05-01,,1.0
lek za grip,2023,19,0.0,2023-05-08,,1.0
lek za grip,2023,20,0.0,2023-05-15,,1.0
lek za grip,2023,21,0.0,2023-05-22,,1.0
lek za grip,2023,22,0.0,2023-05-29,,1.0
lek za grip,2023,23,0.0,2023-06-05,,1.0
lek za grip,2023,24,0.0,2023-06-12,,1.0
lek za grip,2023,25,0.0,2023-06-19,,1.0
lek za grip,2023,26,0.0,2023-06-26,,
lek za grip,2025,26,0.0,2025-06-23,,1.0
lek za grip,2025,27,0.0,2025-06-30,,
lek za grip,2025,28,0.0,2025-07-07,,1.0
lek za grip,2025,29,0.0,2025-07-14,,1.0
lek za grip,2025,30,0.0,2025-07-21,,1.0
lek za grip,2025,31,0.0,2025-07-28,,1.0
lek za grip,2025,32,0.0,2025-08-04,,1.0
lek za grip,2025,33,0.0,2025-08-11,,1.0
lek za grip,2025,34,0.0,2025-08-18,,1.0
lek za grip,2025,35,0.0,2025-08-25,,1.0
lek za grip,2025,36,0.0,2025-09-01,,1.0
lek za grip,2025,37,0.0,2025-09-08,,1.0
lek za grip,2025,38,0.0,2025-09-15,,1.0
lek za grip,2025,39,0.0,2025-09-22,,1.0
lek za grip,2025,40,0.0,2025-09-29,,1.0
lek za grip,2025,41,0.0,2025-10-06,,1.0
lek za grip,2025,42,0.0,2025-10-13,2.0,1.0
lek za grip,2025,43,0.0,2025-10-20,3.0,1.0
lek za grip,2025,44,0.0,2025-10-27,,1.0
lek za grip,2025,45,0.0,2025-11-03,4.0,1.0
lek za grip,2025,46,0.0,2025-11-10,2.0,1.0
lek za grip,2025,47,0.0,2025-11-17,11.0,1.0
lek za grip,2025,48,0.0,2025-11-24,14.0,1.0
lek za grip,2025,49,0.0,2025-12-01,36.0,1.0
lek za grip,2025,50,0.0,2025-12-08,55.0,1.0
lek za grip,2025,51,0.0,2025-12-15,54.0,1.0
lek za grip,2025,52,0.0,2025-12-22,45.0,1.0
lek za grip,2026,1,0.0,2025-12-29,24.0,1.0
lek za grip,2026,2,0.0,2026-01-05,8.0,1.0
lek za grip,2026,3,0.0,2026-01-12,7.0,1.0
lek za grip,2026,4,0.0,2026-01-19,15.0,1.0
lek za grip,2026,5,100.0,2026-01-26,3.0,1.0
lek za grip,2026,6,0.0,2026-02-02,4.0,1.0
lek za grip,2026,7,0.0,2026-02-09,,1.0
lek za grip,2026,8,0.0,2026-02-16,1.0,1.0
lek za grip,2026,9,0.0,2026-02-23,2.0,1.0
lek za grip,2026,10,0.0,2026-03-02,,1.0
lek za grip,2026,11,0.0,2026-03-09,,1.0
lek za grip,2026,12,0.0,2026-03-16,1.0,1.0
lek za grip,2026,13,0.0,2026-03-23,,1.0
lek za grip,2026,14,0.0,2026-03-30,,1.0
lek za grip,2026,15,0.0,2026-04-06,,1.0
lek za grip,2026,16,0.0,2026-04-13,,1.0
lek za grip,2026,17,0.0,2026-04-20,,
lek za grip,2026,18,0.0,2026-04-27,,1.0
lek za grip,2026,19,0.0,2026-05-04,,1.0
lek za grip,2026,20,0.0,2026-05-11,,1.0
lek za grip,2026,21,0.0,2026-05-18,,1.0
lek za grip,2026,22,0.0,2026-05-25,,1.0
lek za grip,2026,23,0.0,2026-06-01,,1.0
lek za grip,2026,24,0.0,2026-06-08,,1.0
lek za grip,2026,25,0.0,2026-06-15,,1.0
lek za grip,2026,26,0.0,2026-06-22,,1.0
lek za grip,2026,27,0.0,2026-06-29,,1.0
lek za grip,2026,28,0.0,2026-07-06,,1.0
lek za grip,2026,29,0.0,2026-07-13,,1.0
lek za grip,2026,30,0.0,2026-07-20,,
lek za grip,2026,31,0.0,2026-07-27,,1.0
lek za prehladu,2013,1,0.0,2012-12-31,,
lek za prehladu,2013,2,0.0,2013-01-07,3.0,3.0
lek za prehladu,2013,3,0.0,2013-01-14,16.0,3.0
lek za prehladu,2013,4,0.0,2013-01-21,14.0,3.0
lek za prehladu,2013,5,0.0,2013-01-28,23.0,5.0
lek za prehladu,2013,6,0.0,2013-02-04,30.0,6.0
lek za prehladu,2013,7,0.0,2013-02-11,66.0,6.0
lek za prehladu,2013,8,0.0,2013-02-18,41.0,6.0
lek za prehladu,2013,9,0.0,2013-02-25,29.0,6.0
lek za prehladu,2013,10,0.0,2013-03-04,25.0,6.0
lek za prehladu,2013,11,0.0,2013-03-11,10.0,5.0
lek za prehladu,2013,12,0.0,2013-03-18,7.0,5.0
lek za prehladu,2013,13,0.0,2013-03-25,3.0,1.0
lek za prehladu,2013,14,0.0,2013-04-01,3.0,3.0
lek za prehladu,2013,15,0.0,2013-04-08,1.0,3.0
lek za prehladu,2013,16,0.0,2013-04-15,3.0,3.0
lek za prehladu,2013,17,0.0,2013-04-22,,2.0
lek za prehladu,2013,18,0.0,2013-04-29,,2.0
lek za prehladu,2013,19,0.0,2013-05-06,,2.0
lek za prehladu,2013,20,0.0,2013-05-13,,2.0
lek za prehladu,2013,21,0.0,2013-05-20,,
lek za prehladu,2013,22,0.0,2013-05-27,,
lek za prehladu,2013,23,0.0,2013-06-03,,
lek za prehladu,2013,24,0.0,2013-06-10,,
lek za prehladu,2013,25,0.0,2013-06-17,,
lek za prehladu,2013,26,0.0,2013-06-24,,
lek za prehladu,2013,27,0.0,2013-07-01,,
lek za prehladu,2013,28,0.0,2013-07-08,,
lek za prehladu,2013,29,0.0,2013-07-15,,
lek za prehladu,2013,30,0.0,2013-07-22,,
lek za prehladu,2013,31,0.0,2013-07-29,,
lek za prehladu,2013,32,0.0,2013-08-05,,
lek za prehladu,2013,33,0.0,2013-08-12,,
lek za prehladu,2013,34,0.0,2013-08-19,,
lek za prehladu,2013,35,0.0,2013-08-26,,
lek za prehladu,2013,36,0.0,2013-09-02,,
lek za prehladu,2013,37,0.0,2013-09-09,,
lek za prehladu,2013,38,0.0,2013-09-16,,
lek za prehladu,2013,39,0.0,2013-09-23,,
lek za prehladu,2013,40,0.0,2013-09-30,,
lek za prehladu,2013,41,100.0,2013-10-07,,1.0
lek za prehladu,2013,42,0.0,2013-10-14,,1.0
lek za prehladu,2013,43,0.0,2013-10-21,,1.0
lek za prehladu,2013,44,0.0,2013-10-28,,1.0
lek za prehladu,2013,45,0.0,2013-11-04,,1.0
lek za prehladu,2013,46,0.0,2013-11-11,,1.0
lek za prehladu,2013,47,0.0,2013-11-18,,1.0
lek za prehladu,2013,48,0.0,2013-11-25,,1.0
lek za prehladu,2013,49,0.0,2013-12-02,,1.0
lek za prehladu,2013,50,0.0,2013-12-09,,1.0
lek za prehladu,2013,51,0.0,2013-12-16,,1.0
lek za prehladu,2013,52,0.0,2013-12-23,,1.0
lek za prehladu,2014,1,0.0,2013-12-30,,1.0
lek za prehladu,2014,2,0.0,2014-01-06,1.0,1.0
lek za prehladu,2014,3,0.0,2014-01-13,2.0,1.0
lek za prehladu,2014,4,0.0,2014-01-20,3.0,1.0
lek za prehladu,2014,5,0.0,2014-01-27,2.0,1.0
lek za prehladu,2014,6,63.0,2014-02-03,3.0,1.0
lek za prehladu,2014,7,0.0,2014-02-10,20.0,1.0
lek za prehladu,2014,8,0.0,2014-02-17,6.0,1.0
lek za prehladu,2014,9,0.0,2014-02-24,15.0,1.0
lek za prehladu,2014,10,0.0,2014-03-03,12.0,1.0
lek za prehladu,2014,11,0.0,2014-03-10,15.0,1.0
lek za prehladu,2014,12,0.0,2014-03-17,16.0,1.0
lek za prehladu,2014,13,0.0,2014-03-24,20.0,1.0
lek za prehladu,2014,14,0.0,2014-03-31,9.0,1.0
lek za prehladu,2014,15,0.0,2014-04-07,5.0,1.0
lek za prehladu,2014,16,0.0,2014-04-14,3.0,1.0
lek za prehladu,2014,17,0.0,2014-04-21,1.0,1.0
lek za prehladu,2014,18,0.0,2014-04-28,,1.0
lek za prehladu,2014,19,0.0,2014-05-05,1.0,1.0
lek za prehladu,2014,20,0.0,2014-05-12,,1.0
lek za prehladu,2014,21,0.0,2014-05-19,,
lek za prehladu,2014,22,0.0,2014-05-26,,
lek za prehladu,2014,23,0.0,2014-06-02,,
lek za prehladu,2014,24,0.0,2014-06-09,,
lek za prehladu,2014,25,0.0,2014-06-16,,
lek za prehladu,2014,26,0.0,2014-06-23,,
lek za prehladu,2014,27,0.0,2014-06-30,,
lek za prehladu,2014,28,0.0,2014-07-07,,
lek za prehladu,2014,29,0.0,2014-07-14,,
lek za prehladu,2014,30,0.0,2014-07-21,,
lek za prehladu,2014,31,0.0,2014-07-28,,
lek za prehladu,2014,32,0.0,2014-08-04,,
lek za prehladu,2014,33,0.0,2014-08-11,,
lek za prehladu,2014,34,0.0,2014-08-18,,
lek za prehladu,2014,35,0.0,2014-08-25,,
lek za prehladu,2014,36,0.0,2014-09-01,,
lek za prehladu,2014,37,0.0,2014-09-08,,
lek za prehladu,2014,38,0.0,2014-09-15,,
lek za prehladu,2014,39,0.0,2014-09-22,1.0,1.0
lek za prehladu,2014,40,0.0,2014-09-29,1.0,1.0
lek za prehladu,2014,41,0.0,2014-10-06,,1.0
lek za prehladu,2014,42,0.0,2014-10-13,,1.0
lek za prehladu,2014,43,0.0,2014-10-20,,1.0
lek za prehladu,2014,44,0.0,2014-10-27,,1.0
lek za prehladu,2014,45,0.0,2014-11-03,,1.0
lek za prehladu,2014,46,0.0,2014-11-10,,1.0
lek za prehladu,2014,47,0.0,2014-11-17,,1.0
lek za prehladu,2014,48,0.0,2014-11-24,,1.0
lek za prehladu,2014,49,0.0,2014-12-01,,1.0
lek za prehladu,2014,50,0.0,2014-12-08,,1.0
lek za prehladu,2014,51,0.0,2014-12-15,,1.0
lek za prehladu,2014,52,0.0,2014-12-22,,1.0
lek za prehladu,2015,1,0.0,2014-12-29,,1.0
lek za prehladu,2015,2,0.0,2015-01-05,,1.0
lek za prehladu,2015,3,0.0,2015-01-12,2.0,1.0
lek za prehladu,2015,4,0.0,2015-01-19,11.0,1.0
lek za prehladu,2015,5,0.0,2015-01-26,22.0,1.0
lek za prehladu,2015,6,0.0,2015-02-02,26.0,1.0
lek za prehladu,2015,7,0.0,2015-02-09,51.0,1.0
lek za prehladu,2015,8,0.0,2015-02-16,28.0,1.0
lek za prehladu,2015,9,0.0,2015-02-23,67.0,1.0
lek za prehladu,2015,10,0.0,2015-03-02,40.0,1.0
lek za prehladu,2015,11,0.0,2015-03-09,58.0,1.0
lek za prehladu,2015,12,0.0,2015-03-16,38.0,1.0
lek za prehladu,2015,13,0.0,2015-03-23,30.0,1.0
lek za prehladu,2015,14,0.0,2015-03-30,23.0,1.0
lek za prehladu,2015,15,0.0,2015-04-06,13.0,1.0
lek za prehladu,2015,16,0.0,2015-04-13,11.0,1.0
lek za prehladu,2015,17,0.0,2015-04-20,5.0,1.0
lek za prehladu,2015,18,0.0,2015-04-27,2.0,1.0
lek za prehladu,2015,19,0.0,2015-05-04,1.0,1.0
lek za prehladu,2015,20,0.0,2015-05-11,,1.0
lek za prehladu,2015,21,0.0,2015-05-18,,
lek za prehladu,2015,22,0.0,2015-05-25,,
lek za prehladu,2015,23,0.0,2015-06-01,,
lek za prehladu,2015,24,0.0,2015-06-08,,
lek za prehladu,2015,25,0.0,2015-06-15,,
lek za prehladu,2015,26,0.0,2015-06-22,,
lek za prehladu,2015,27,0.0,2015-06-29,,
lek za prehladu,2015,28,0.0,2015-07-06,,
lek za prehladu,2015,29,0.0,2015-07-13,,
lek za prehladu,2015,30,0.0,2015-07-20,,
lek za prehladu,2015,31,0.0,2015-07-27,,
lek za prehladu,2015,32,0.0,2015-08-03,,
lek za prehladu,2015,33,0.0,2015-08-10,,
lek za prehladu,2015,34,0.0,2015-08-17,,
lek za prehladu,2015,35,0.0,2015-08-24,,
lek za prehladu,2015,36,0.0,2015-08-31,,
lek za prehladu,2015,37,0.0,2015-09-07,,
lek za prehladu,2015,38,0.0,2015-09-14,,
lek za prehladu,2015,39,0.0,2015-09-21,,
lek za prehladu,2015,40,66.0,2015-09-28,,
lek za prehladu,2015,41,0.0,2015-10-05,,
lek za prehladu,2015,42,0.0,2015-10-12,,
lek za prehladu,2015,43,0.0,2015-10-19,,
lek za prehladu,2015,44,0.0,2015-10-26,,
lek za prehladu,2015,45,0.0,2015-11-02,,1.0
lek za prehladu,2015,46,0.0,2015-11-09,,1.0
lek za prehladu,2015,47,0.0,2015-11-16,,1.0
lek za prehladu,2015,48,79.0,2015-11-23,,1.0
lek za prehladu,2015,49,0.0,2015-11-30,,1.0
lek za prehladu,2015,50,0.0,2015-12-07,,1.0
lek za prehladu,2015,51,0.0,2015-12-14,,1.0
lek za prehladu,2015,52,0.0,2015-12-21,,1.0
lek za prehladu,2015,53,0.0,2015-12-28,,1.0
lek za prehladu,2016,1,0.0,2016-01-04,3.0,1.0
lek za prehladu,2016,2,0.0,2016-01-11,6.0,1.0
lek za prehladu,2016,3,0.0,2016-01-18,16.0,1.0
lek za prehladu,2016,4,0.0,2016-01-25,14.0,1.0
lek za prehladu,2016,5,0.0,2016-02-01,26.0,1.0
lek za prehladu,2016,6,0.0,2016-02-08,36.0,1.0
lek za prehladu,2016,7,0.0,2016-02-15,14.0,1.0
lek za prehladu,2016,8,0.0,2016-02-22,33.0,1.0
lek za prehladu,2016,9,0.0,2016-02-29,44.0,1.0
lek za prehladu,2016,10,0.0,2016-03-07,50.0,1.0
lek za prehladu,2016,11,0.0,2016-03-14,35.0,1.0
lek za prehladu,2016,12,0.0,2016-03-21,54.0,1.0
lek za prehladu,2016,13,0.0,2016-03-28,57.0,1.0
lek za prehladu,2016,14,0.0,2016-04-04,39.0,1.0
lek za prehladu,2016,15,0.0,2016-04-11,26.0,1.0
lek za prehladu,2016,16,0.0,2016-04-18,2.0,1.0
lek za prehladu,2016,17,0.0,2016-04-25,2.0,1.0
lek za prehladu,2016,18,0.0,2016-05-02,4.0,1.0
lek za prehladu,2016,19,0.0,2016-05-09,,1.0
lek za prehladu,2016,20,0.0,2016-05-16,,1.0
lek za prehladu,2016,21,69.95614035087719,2016-05-23,,
lek za prehladu,2016,22,0.0,2016-05-30,,
lek za prehladu,2016,23,0.0,2016-06-06,,
lek za prehladu,2016,24,0.0,2016-06-13,,
lek za prehladu,2016,25,0.0,2016-06-20,,
lek za prehladu,2016,26,0.0,2016-06-27,,
lek za prehladu,2016,27,0.0,2016-07-04,,
lek za prehladu,2016,28,0.0,2016-07-11,,
lek za prehladu,2016,29,0.0,2016-07-18,,
lek za prehladu,2016,30,0.0,2016-07-25,,
lek za prehladu,2016,31,0.0,2016-08-01,,
lek za prehladu,2016,32,0.0,2016-08-08,,
lek za prehladu,2016,33,0.0,2016-08-15,,
lek za prehladu,2016,34,0.0,2016-08-22,,
lek za prehladu,2016,35,0.0,2016-08-29,,
lek za prehladu,2016,36,0.0,2016-09-05,,
lek za prehladu,2016,37,0.0,2016-09-12,,
lek za prehladu,2016,38,0.0,2016-09-19,,
lek za prehladu,2016,39,0.0,2016-09-26,,
lek za prehladu,2016,40,0.0,2016-10-03,,
lek za prehladu,2016,41,0.0,2016-10-10,,1.0
lek za prehladu,2016,42,0.0,2016-10-17,,1.0
lek za prehladu,2016,43,0.0,2016-10-24,,1.0
lek za prehladu,2016,44,0.0,2016-10-31,,1.0
lek za prehladu,2016,45,0.0,2016-11-07,,1.0
lek za prehladu,2016,46,0.0,2016-11-14,,1.0
lek za prehladu,2016,47,0.0,2016-11-21,,1.0
lek za prehladu,2016,48,0.0,2016-11-28,,1.0
lek za prehladu,2016,49,0.0,2016-12-05,9.0,1.0
lek za prehladu,2016,50,0.0,2016-12-12,84.0,1.0
lek za prehladu,2016,51,0.0,2016-12-19,109.0,1.0
lek za prehladu,2016,52,71.22807017543859,2016-12-26,162.0,1.0
lek za prehladu,2017,1,127.19298245614034,2017-01-02,77.0,1.0
lek za prehladu,2017,2,0.0,2017-01-09,,1.0
lek za prehladu,2017,3,0.0,2017-01-16,,1.0
lek za prehladu,2017,4,0.0,2017-01-23,,1.0
lek za prehladu,2017,5,0.0,2017-01-30,,1.0
lek za prehladu,2017,6,0.0,2017-02-06,,1.0
lek za prehladu,2017,7,0.0,2017-02-13,5.0,1.0
lek za prehladu,2017,8,0.0,2017-02-20,11.0,1.0
lek za prehladu,2017,9,0.0,2017-02-27,4.0,1.0
lek za prehladu,2017,10,0.0,2017-03-06,2.0,1.0
lek za prehladu,2017,11,0.0,2017-03-13,,1.0
lek za prehladu,2017,12,0.0,2017-03-20,,1.0
lek za prehladu,2017,13,0.0,2017-03-27,,1.0
lek za prehladu,2017,14,0.0,2017-04-03,,1.0
lek za prehladu,2017,15,0.0,2017-04-10,,1.0
lek za prehladu,2017,16,0.0,2017-04-17,,1.0
lek za prehladu,2017,17,0.0,2017-04-24,,1.0
lek za prehladu,2017,18,0.0,2017-05-01,,1.0
lek za prehladu,2017,19,0.0,2017-05-08,,1.0
lek za prehladu,2017,20,0.0,2017-05-15,,1.0
lek za prehladu,2017,21,0.0,2017-05-22,,
lek za prehladu,2017,22,0.0,2017-05-29,,
lek za prehladu,2017,23,0.0,2017-06-05,,
lek za prehladu,2017,24,0.0,2017-06-12,,
lek za prehladu,2017,25,0.0,2017-06-19,,
lek za prehladu,2017,26,0.0,2017-06-26,,
lek za prehladu,2017,27,0.0,2017-07-03,,
lek za prehladu,2017,28,0.0,2017-07-10,,
lek za prehladu,2017,29,0.0,2017-07-17,,
lek za prehladu,2017,30,0.0,2017-07-24,,
lek za prehladu,2017,31,0.0,2017-07-31,,
lek za prehladu,2017,32,0.0,2017-08-07,,
lek za prehladu,2017,33,0.0,2017-08-14,,
lek za prehladu,2017,34,0.0,2017-08-21,,
lek za prehladu,2017,35,0.0,2017-08-28,,
lek za prehladu,2017,36,0.0,2017-09-04,,
lek za prehladu,2017,37,0.0,2017-09-11,,
lek za prehladu,2017,38,0.0,2017-09-18,,
lek za prehladu,2017,39,0.0,2017-09-25,,
lek za prehladu,2017,40,0.0,2017-10-02,,1.0
lek za prehladu,2017,41,0.0,2017-10-09,,1.0
lek za prehladu,2017,42,0.0,2017-10-16,,1.0
lek za prehladu,2017,43,0.0,2017-10-23,,1.0
lek za prehladu,2017,44,0.0,2017-10-30,,2.0
lek za prehladu,2017,45,0.0,2017-11-06,,2.0
lek za prehladu,2017,46,0.0,2017-11-13,,3.0
lek za prehladu,2017,47,0.0,2017-11-20,,3.0
lek za prehladu,2017,48,0.0,2017-11-27,,3.0
lek za prehladu,2017,49,0.0,2017-12-04,,3.0
lek za prehladu,2017,50,0.0,2017-12-11,6.0,3.0
lek za prehladu,2017,51,0.0,2017-12-18,19.0,3.0
lek za prehladu,2017,52,0.0,2017-12-25,26.0,3.0
lek za prehladu,2018,1,0.0,2018-01-01,22.0,3.0
lek za prehladu,2018,2,0.0,2018-01-08,37.0,3.0
lek za prehladu,2018,3,0.0,2018-01-15,88.0,3.0
lek za prehladu,2018,4,0.0,2018-01-22,103.0,4.0
lek za prehladu,2018,5,0.0,2018-01-29,124.0,5.0
lek za prehladu,2018,6,0.0,2018-02-05,121.0,5.0
lek za prehladu,2018,7,0.0,2018-02-12,66.0,5.0
lek za prehladu,2018,8,0.0,2018-02-19,77.0,4.0
lek za prehladu,2018,9,0.0,2018-02-26,59.0,4.0
lek za prehladu,2018,10,0.0,2018-03-05,29.0,4.0
lek za prehladu,2018,11,0.0,2018-03-12,20.0,4.0
lek za prehladu,2018,12,0.0,2018-03-19,14.0,3.0
lek za prehladu,2018,13,0.0,2018-03-26,30.0,3.0
lek za prehladu,2018,14,0.0,2018-04-02,21.0,3.0
lek za prehladu,2018,15,0.0,2018-04-09,16.0,3.0
lek za prehladu,2018,16,0.0,2018-04-16,1.0,3.0
lek za prehladu,2018,17,0.0,2018-04-23,,2.0
lek za prehladu,2018,18,0.0,2018-04-30,,2.0
lek za prehladu,2018,19,0.0,2018-05-07,,1.0
lek za prehladu,2018,20,0.0,2018-05-14,,1.0
lek za prehladu,2018,21,0.0,2018-05-21,,1.0
lek za prehladu,2018,22,0.0,2018-05-28,,1.0
lek za prehladu,2018,23,0.0,2018-06-04,,1.0
lek za prehladu,2018,24,0.0,2018-06-11,,1.0
lek za prehladu,2018,25,0.0,2018-06-18,,1.0
lek za prehladu,2018,26,0.0,2018-06-25,,1.0
lek za prehladu,2018,27,0.0,2018-07-02,,1.0
lek za prehladu,2018,28,0.0,2018-07-09,,1.0
lek za prehladu,2018,29,0.0,2018-07-16,,1.0
lek za prehladu,2018,30,0.0,2018-07-23,,1.0
lek za prehladu,2018,31,0.0,2018-07-30,,1.0
lek za prehladu,2018,32,0.0,2018-08-06,,1.0
lek za prehladu,2018,33,0.0,2018-08-13,,1.0
lek za prehladu,2018,34,87.0,2018-08-20,,1.0
lek za prehladu,2018,35,0.0,2018-08-27,,1.0
lek za prehladu,2018,36,0.0,2018-09-03,,1.0
lek za prehladu,2018,37,0.0,2018-09-10,,1.0
lek za prehladu,2018,38,0.0,2018-09-17,,1.0
lek za prehladu,2018,39,100.0,2018-09-24,,1.0
lek za prehladu,2018,40,0.0,2018-10-01,,1.0
lek za prehladu,2018,41,0.0,2018-10-08,,1.0
lek za prehladu,2018,42,0.0,2018-10-15,,1.0
lek za prehladu,2018,43,0.0,2018-10-22,,1.0
lek za prehladu,2018,44,0.0,2018-10-29,,1.0
lek za prehladu,2018,45,0.0,2018-11-05,,1.0
lek za prehladu,2018,46,0.0,2018-11-12,,1.0
lek za prehladu,2018,47,0.0,2018-11-19,,1.0
lek za prehladu,2018,48,0.0,2018-11-26,,1.0
lek za prehladu,2018,49,0.0,2018-12-03,,1.0
lek za prehladu,2018,50,0.0,2018-12-10,,1.0
lek za prehladu,2018,51,0.0,2018-12-17,,1.0
lek za prehladu,2018,52,0.0,2018-12-24,3.0,1.0
lek za prehladu,2019,1,0.0,2018-12-31,11.0,2.0
lek za prehladu,2019,2,0.0,2019-01-07,16.0,2.0
lek za prehladu,2019,3,0.0,2019-01-14,42.0,2.0
lek za prehladu,2019,4,0.0,2019-01-21,99.0,2.0
lek za prehladu,2019,5,0.0,2019-01-28,273.0,4.0
lek za prehladu,2019,6,0.0,2019-02-04,388.0,4.0
lek za prehladu,2019,7,0.0,2019-02-11,309.0,4.0
lek za prehladu,2019,8,0.0,2019-02-18,307.0,4.0
lek za prehladu,2019,9,0.0,2019-02-25,138.0,3.0
lek za prehladu,2019,10,0.0,2019-03-04,100.0,3.0
lek za prehladu,2019,11,0.0,2019-03-11,50.0,3.0
lek za prehladu,2019,12,0.0,2019-03-18,25.0,2.0
lek za prehladu,2019,13,0.0,2019-03-25,40.0,2.0
lek za prehladu,2019,14,0.0,2019-04-01,17.0,2.0
lek za prehladu,2019,15,0.0,2019-04-08,14.0,2.0
lek za prehladu,2019,16,0.0,2019-04-15,5.0,2.0
lek za prehladu,2019,17,0.0,2019-04-22,9.0,2.0
lek za prehladu,2019,18,0.0,2019-04-29,,2.0
lek za prehladu,2019,19,0.0,2019-05-06,,2.0
lek za prehladu,2019,20,0.0,2019-05-13,,2.0
lek za prehladu,2019,21,0.0,2019-05-20,,1.0
lek za prehladu,2019,22,0.0,2019-05-27,,1.0
lek za prehladu,2019,23,0.0,2019-06-03,,1.0
lek za prehladu,2019,24,0.0,2019-06-10,,1.0
lek za prehladu,2019,25,0.0,2019-06-17,,1.0
lek za prehladu,2019,26,0.0,2019-06-24,,1.0
lek za prehladu,2019,27,0.0,2019-07-01,,1.0
lek za prehladu,2019,28,0.0,2019-07-08,,1.0
lek za prehladu,2019,29,0.0,2019-07-15,,1.0
lek za prehladu,2019,30,0.0,2019-07-22,,1.0
lek za prehladu,2019,31,0.0,2019-07-29,,1.0
lek za prehladu,2019,32,0.0,2019-08-05,,1.0
lek za prehladu,2019,33,0.0,2019-08-12,,1.0
lek za prehladu,2019,34,0.0,2019-08-19,,1.0
lek za prehladu,2019,35,0.0,2019-08-26,,1.0
lek za prehladu,2019,36,0.0,2019-09-02,,1.0
lek za prehladu,2019,37,0.0,2019-09-09,,1.0
lek za prehladu,2019,38,0.0,2019-09-16,,1.0
lek za prehladu,2019,39,0.0,2019-09-23,,1.0
lek za prehladu,2019,40,0.0,2019-09-30,,1.0
lek za prehladu,2019,41,0.0,2019-10-07,,1.0
lek za prehladu,2019,42,0.0,2019-10-14,,1.0
lek za prehladu,2019,43,95.0,2019-10-21,,1.0
lek za prehladu,2019,44,0.0,2019-10-28,,1.0
lek za prehladu,2019,45,0.0,2019-11-04,,1.0
lek za prehladu,2019,46,0.0,2019-11-11,,1.0
lek za prehladu,2019,47,0.0,2019-11-18,,1.0
lek za prehladu,2019,48,0.0,2019-11-25,,1.0
lek za prehladu,2019,49,0.0,2019-12-02,6.0,2.0
lek za prehladu,2019,50,0.0,2019-12-09,9.0,2.0
lek za prehladu,2019,51,0.0,2019-12-16,10.0,3.0
lek za prehladu,2019,52,0.0,2019-12-23,8.0,3.0
lek za prehladu,2020,1,0.0,2019-12-30,10.0,3.0
lek za prehladu,2020,2,0.0,2020-01-06,24.0,3.0
lek za prehladu,2020,3,0.0,2020-01-13,60.0,3.0
lek za prehladu,2020,4,0.0,2020-01-20,179.0,3.0
lek za prehladu,2020,5,68.0,2020-01-27,235.0,3.0
lek za prehladu,2020,6,0.0,2020-02-03,290.0,5.0
lek za prehladu,2020,7,0.0,2020-02-10,191.0,5.0
lek za prehladu,2020,8,0.0,2020-02-17,83.0,4.0
lek za prehladu,2020,9,0.0,2020-02-24,93.0,3.0
lek za prehladu,2020,10,0.0,2020-03-02,34.0,3.0
lek za prehladu,2020,11,0.0,2020-03-09,37.0,3.0
lek za prehladu,2020,12,0.0,2020-03-16,6.0,2.0
lek za prehladu,2020,13,0.0,2020-03-23,,2.0
lek za prehladu,2020,14,0.0,2020-03-30,,1.0
lek za prehladu,2020,15,0.0,2020-04-06,,1.0
lek za prehladu,2020,16,0.0,2020-04-13,,1.0
lek za prehladu,2020,17,0.0,2020-04-20,,1.0
lek za prehladu,2020,18,0.0,2020-04-27,,1.0
lek za prehladu,2020,19,0.0,2020-05-04,,1.0
lek za prehladu,2020,20,0.0,2020-05-11,,1.0
lek za prehladu,2020,21,0.0,2020-05-18,,1.0
lek za prehladu,2020,22,0.0,2020-05-25,,1.0
lek za prehladu,2020,23,0.0,2020-06-01,,1.0
lek za prehladu,2020,24,0.0,2020-06-08,,1.0
lek za prehladu,2020,25,0.0,2020-06-15,,1.0
lek za prehladu,2020,26,0.0,2020-06-22,,1.0
lek za prehladu,2020,27,0.0,2020-06-29,,1.0
lek za prehladu,2020,28,0.0,2020-07-06,,1.0
lek za prehladu,2020,29,0.0,2020-07-13,,1.0
lek za prehladu,2020,30,0.0,2020-07-20,,1.0
lek za prehladu,2020,31,0.0,2020-07-27,,1.0
lek za prehladu,2020,32,0.0,2020-08-03,,1.0
lek za prehladu,2020,33,0.0,2020-08-10,,1.0
lek za prehladu,2020,34,0.0,2020-08-17,,1.0
lek za prehladu,2020,35,0.0,2020-08-24,,1.0
lek za prehladu,2020,36,0.0,2020-08-31,,1.0
lek za prehladu,2020,37,0.0,2020-09-07,,1.0
lek za prehladu,2020,38,0.0,2020-09-14,,1.0
lek za prehladu,2020,39,0.0,2020-09-21,,1.0
lek za prehladu,2020,40,0.0,2020-09-28,,1.0
lek za prehladu,2020,41,0.0,2020-10-05,,1.0
lek za prehladu,2020,42,0.0,2020-10-12,,1.0
lek za prehladu,2020,43,0.0,2020-10-19,,1.0
lek za prehladu,2020,44,0.0,2020-10-26,,2.0
lek za prehladu,2020,45,0.0,2020-11-02,,2.0
lek za prehladu,2020,46,0.0,2020-11-09,,2.0
lek za prehladu,2020,47,0.0,2020-11-16,,2.0
lek za prehladu,2020,48,0.0,2020-11-23,,1.0
lek za prehladu,2020,49,0.0,2020-11-30,,1.0
lek za prehladu,2020,50,0.0,2020-12-07,,1.0
lek za prehladu,2020,51,0.0,2020-12-14,,1.0
lek za prehladu,2020,52,0.0,2020-12-21,,1.0
lek za prehladu,2020,53,0.0,2020-12-28,,1.0
lek za prehladu,2021,1,0.0,2021-01-04,,1.0
lek za prehladu,2021,2,0.0,2021-01-11,,1.0
lek za prehladu,2021,3,0.0,2021-01-18,,1.0
lek za prehladu,2021,4,0.0,2021-01-25,,1.0
lek za prehladu,2021,5,0.0,2021-02-01,,1.0
lek za prehladu,2021,6,0.0,2021-02-08,,1.0
lek za prehladu,2021,7,0.0,2021-02-15,,1.0
lek za prehladu,2021,8,0.0,2021-02-22,,1.0
lek za prehladu,2021,9,0.0,2021-03-01,,1.0
lek za prehladu,2021,10,76.0,2021-03-08,,
lek za prehladu,2021,11,0.0,2021-03-15,,
lek za prehladu,2021,12,0.0,2021-03-22,,
lek za prehladu,2021,13,0.0,2021-03-29,,
lek za prehladu,2021,14,0.0,2021-04-05,,
lek za prehladu,2021,15,0.0,2021-04-12,,
lek za prehladu,2021,16,0.0,2021-04-19,,
lek za prehladu,2021,17,0.0,2021-04-26,,
lek za prehladu,2021,18,0.0,2021-05-03,,
lek za prehladu,2021,19,0.0,2021-05-10,,
lek za prehladu,2021,20,0.0,2021-05-17,,
lek za prehladu,2021,21,0.0,2021-05-24,,
lek za prehladu,2021,22,0.0,2021-05-31,,
lek za prehladu,2021,23,0.0,2021-06-07,,
lek za prehladu,2021,24,0.0,2021-06-14,,
lek za prehladu,2021,25,0.0,2021-06-21,,
lek za prehladu,2021,26,0.0,2021-06-28,,
lek za prehladu,2021,27,0.0,2021-07-05,,
lek za prehladu,2021,28,0.0,2021-07-12,,
lek za prehladu,2021,29,0.0,2021-07-19,,
lek za prehladu,2021,30,0.0,2021-07-26,,
lek za prehladu,2021,31,0.0,2021-08-02,,
lek za prehladu,2021,32,0.0,2021-08-09,,
lek za prehladu,2021,33,0.0,2021-08-16,,
lek za prehladu,2021,34,0.0,2021-08-23,,
lek za prehladu,2021,35,0.0,2021-08-30,,
lek za prehladu,2021,36,0.0,2021-09-06,,
lek za prehladu,2021,37,0.0,2021-09-13,,
lek za prehladu,2021,38,0.0,2021-09-20,,
lek za prehladu,2021,39,0.0,2021-09-27,,
lek za prehladu,2021,40,0.0,2021-10-04,,1.0
lek za prehladu,2021,41,0.0,2021-10-11,,1.0
lek za prehladu,2021,42,0.0,2021-10-18,,1.0
lek za prehladu,2021,43,0.0,2021-10-25,,1.0
lek za prehladu,2021,44,0.0,2021-11-01,,1.0
lek za prehladu,2021,45,0.0,2021-11-08,,1.0
lek za prehladu,2021,46,95.0,2021-11-15,,1.0
lek za prehladu,2021,47,0.0,2021-11-22,,1.0
lek za prehladu,2021,48,0.0,2021-11-29,,1.0
lek za prehladu,2021,49,0.0,2021-12-06,,1.0
lek za prehladu,2021,50,0.0,2021-12-13,1.0,1.0
lek za prehladu,2021,51,0.0,2021-12-20,1.0,1.0
lek za prehladu,2021,52,0.0,2021-12-27,12.0,1.0
lek za prehladu,2022,1,0.0,2022-01-03,21.0,1.0
lek za prehladu,2022,2,0.0,2022-01-10,16.0,1.0
lek za prehladu,2022,3,98.0,2022-01-17,19.0,1.0
lek za prehladu,2022,4,100.0,2022-01-24,7.0,1.0
lek za prehladu,2022,5,0.0,2022-01-31,4.0,1.0
lek za prehladu,2022,6,0.0,2022-02-07,31.0,1.0
lek za prehladu,2022,7,0.0,2022-02-14,25.0,1.0
lek za prehladu,2022,8,0.0,2022-02-21,12.0,1.0
lek za prehladu,2022,9,0.0,2022-02-28,3.0,1.0
lek za prehladu,2022,10,79.0,2022-03-07,34.0,1.0
lek za prehladu,2022,11,0.0,2022-03-14,77.0,1.0
lek za prehladu,2022,12,0.0,2022-03-21,77.0,1.0
lek za prehladu,2022,13,0.0,2022-03-28,66.0,1.0
lek za prehladu,2022,14,0.0,2022-04-04,43.0,1.0
lek za prehladu,2022,15,0.0,2022-04-11,32.0,1.0
lek za prehladu,2022,16,0.0,2022-04-18,17.0,1.0
lek za prehladu,2022,17,0.0,2022-04-25,8.0,1.0
lek za prehladu,2022,18,0.0,2022-05-02,4.0,1.0
lek za prehladu,2022,19,0.0,2022-05-09,3.0,1.0
lek za prehladu,2022,20,0.0,2022-05-16,4.0,1.0
lek za prehladu,2022,21,0.0,2022-05-23,3.0,1.0
lek za prehladu,2022,22,0.0,2022-05-30,,1.0
lek za prehladu,2022,23,0.0,2022-06-06,,1.0
lek za prehladu,2022,24,0.0,2022-06-13,,1.0
lek za prehladu,2022,25,0.0,2022-06-20,,1.0
lek za prehladu,2022,26,0.0,2022-06-27,,
lek za prehladu,2022,27,0.0,2022-07-04,,1.0
lek za prehladu,2022,28,0.0,2022-07-11,,1.0
lek za prehladu,2022,29,0.0,2022-07-18,,1.0
lek za prehladu,2022,30,0.0,2022-07-25,,1.0
lek za prehladu,2022,31,0.0,2022-08-01,,1.0
lek za prehladu,2022,32,0.0,2022-08-08,,1.0
lek za prehladu,2022,33,0.0,2022-08-15,,
lek za prehladu,2022,34,0.0,2022-08-22,,
lek za prehladu,2022,35,0.0,2022-08-29,,
lek za prehladu,2022,36,0.0,2022-09-05,,
lek za prehladu,2022,37,0.0,2022-09-12,,
lek za prehladu,2022,38,0.0,2022-09-19,,
lek za prehladu,2022,39,0.0,2022-09-26,,
lek za prehladu,2022,40,0.0,2022-10-03,,1.0
lek za prehladu,2022,41,0.0,2022-10-10,,1.0
lek za prehladu,2022,42,0.0,2022-10-17,,1.0
lek za prehladu,2022,43,0.0,2022-10-24,,1.0
lek za prehladu,2022,44,0.0,2022-10-31,,1.0
lek za prehladu,2022,45,0.0,2022-11-07,1.0,1.0
lek za prehladu,2022,46,0.0,2022-11-14,,1.0
lek za prehladu,2022,47,0.0,2022-11-21,,1.0
lek za prehladu,2022,48,0.0,2022-11-28,2.0,1.0
lek za prehladu,2022,49,0.0,2022-12-05,5.0,1.0
lek za prehladu,2022,50,0.0,2022-12-12,26.0,1.0
lek za prehladu,2022,51,0.0,2022-12-19,36.0,1.0
lek za prehladu,2022,52,74.0,2022-12-26,31.0,1.0
lek za prehladu,2023,1,0.0,2023-01-02,24.0,1.0
lek za prehladu,2023,2,0.0,2023-01-09,78.0,1.0
lek za prehladu,2023,3,0.0,2023-01-16,72.0,1.0
lek za prehladu,2023,4,0.0,2023-01-23,58.0,1.0
lek za prehladu,2023,5,82.0,2023-01-30,75.0,1.0
lek za prehladu,2023,6,0.0,2023-02-06,91.0,1.0
lek za prehladu,2023,7,98.0,2023-02-13,70.0,1.0
lek za prehladu,2023,8,0.0,2023-02-20,85.0,1.0
lek za prehladu,2023,9,0.0,2023-02-27,33.0,1.0
lek za prehladu,2023,10,74.0,2023-03-06,32.0,1.0
lek za prehladu,2023,11,0.0,2023-03-13,26.0,1.0
lek za prehladu,2023,12,0.0,2023-03-20,25.0,1.0
lek za prehladu,2023,13,0.0,2023-03-27,10.0,1.0
lek za prehladu,2023,14,0.0,2023-04-03,12.0,1.0
lek za prehladu,2023,15,0.0,2023-04-10,3.0,1.0
lek za prehladu,2023,16,0.0,2023-04-17,1.0,1.0
lek za prehladu,2023,17,0.0,2023-04-24,1.0,1.0
lek za prehladu,2023,18,0.0,2023-05-01,,1.0
lek za prehladu,2023,19,0.0,2023-05-08,,1.0
lek za prehladu,2023,20,0.0,2023-05-15,,1.0
lek za prehladu,2023,21,0.0,2023-05-22,,1.0
lek za prehladu,2023,22,0.0,2023-05-29,,1.0
lek za prehladu,2023,23,0.0,2023-06-05,,1.0
lek za prehladu,2023,24,0.0,2023-06-12,,1.0
lek za prehladu,2023,25,0.0,2023-06-19,,1.0
lek za prehladu,2023,26,0.0,2023-06-26,,
lek za prehladu,2023,27,0.0,2023-07-03,,
lek za prehladu,2023,28,0.0,2023-07-10,,1.0
lek za prehladu,2023,29,0.0,2023-07-17,,1.0
lek za prehladu,2023,30,0.0,2023-07-24,,1.0
lek za prehladu,2023,31,0.0,2023-07-31,,1.0
lek za prehladu,2023,32,0.0,2023-08-07,,1.0
lek za prehladu,2023,33,0.0,2023-08-14,,1.0
lek za prehladu,2023,34,0.0,2023-08-21,,1.0
lek za prehladu,2023,35,0.0,2023-08-28,,1.0
lek za prehladu,2023,36,0.0,2023-09-04,,1.0
lek za prehladu,2023,37,80.32653061224491,2023-09-11,,1.0
lek za prehladu,2023,38,0.0,2023-09-18,,1.0
lek za prehladu,2023,39,133.87755102040816,2023-09-25,,1.0
lek za prehladu,2023,40,0.0,2023-10-02,,1.0
lek za prehladu,2023,41,0.0,2023-10-09,,1.0
lek za prehladu,2023,42,0.0,2023-10-16,,1.0
lek za prehladu,2023,43,0.0,2023-10-23,,1.0
lek za prehladu,2023,44,0.0,2023-10-30,,1.0
lek za prehladu,2023,45,0.0,2023-11-06,1.0,1.0
lek za prehladu,2023,46,0.0,2023-11-13,,1.0
lek za prehladu,2023,47,80.32653061224491,2023-11-20,1.0,1.0
lek za prehladu,2023,48,0.0,2023-11-27,1.0,1.0
lek za prehladu,2023,49,0.0,2023-12-04,3.0,1.0
lek za prehladu,2023,50,0.0,2023-12-11,7.0,1.0
lek za prehladu,2023,51,0.0,2023-12-18,7.0,1.0
lek za prehladu,2023,52,80.32653061224491,2023-12-25,21.0,1.0
lek za prehladu,2024,1,0.0,2024-01-01,10.0,1.0
lek za prehladu,2024,2,73.63265306122449,2024-01-08,21.0,1.0
lek za prehladu,2024,3,0.0,2024-01-15,46.0,1.0
lek za prehladu,2024,4,116.4734693877551,2024-01-22,93.0,1.0
lek za prehladu,2024,5,0.0,2024-01-29,130.0,1.0
lek za prehladu,2024,6,0.0,2024-02-05,119.0,1.0
lek za prehladu,2024,7,0.0,2024-02-12,48.0,1.0
lek za prehladu,2024,8,0.0,2024-02-19,82.0,1.0
lek za prehladu,2024,9,0.0,2024-02-26,32.0,1.0
lek za prehladu,2024,10,0.0,2024-03-04,22.0,1.0
lek za prehladu,2024,11,0.0,2024-03-11,4.0,1.0
lek za prehladu,2024,12,0.0,2024-03-18,1.0,1.0
lek za prehladu,2024,13,0.0,2024-03-25,,1.0
lek za prehladu,2024,14,0.0,2024-04-01,3.0,1.0
lek za prehladu,2024,15,0.0,2024-04-08,2.0,1.0
lek za prehladu,2024,16,0.0,2024-04-15,,1.0
lek za prehladu,2024,17,0.0,2024-04-22,1.0,1.0
lek za prehladu,2024,18,0.0,2024-04-29,,1.0
lek za prehladu,2024,19,0.0,2024-05-06,1.0,1.0
lek za prehladu,2024,20,0.0,2024-05-13,,1.0
lek za prehladu,2024,21,0.0,2024-05-20,,1.0
lek za prehladu,2024,22,0.0,2024-05-27,,1.0
lek za prehladu,2024,23,0.0,2024-06-03,,1.0
lek za prehladu,2024,24,0.0,2024-06-10,,1.0
lek za prehladu,2024,25,0.0,2024-06-17,,1.0
lek za prehladu,2024,26,0.0,2024-06-24,,1.0
lek za prehladu,2024,27,0.0,2024-07-01,,1.0
lek za prehladu,2024,28,0.0,2024-07-08,,1.0
lek za prehladu,2024,29,0.0,2024-07-15,,1.0
lek za prehladu,2024,30,0.0,2024-07-22,,1.0
lek za prehladu,2024,31,0.0,2024-07-29,,1.0
lek za prehladu,2024,32,0.0,2024-08-05,,1.0
lek za prehladu,2024,33,0.0,2024-08-12,,1.0
lek za prehladu,2024,34,0.0,2024-08-19,,1.0
lek za prehladu,2024,35,0.0,2024-08-26,,1.0
lek za prehladu,2024,36,0.0,2024-09-02,,1.0
lek za prehladu,2024,37,0.0,2024-09-09,,1.0
lek za prehladu,2024,38,0.0,2024-09-16,,1.0
lek za prehladu,2024,39,0.0,2024-09-23,,1.0
lek za prehladu,2024,40,103.08571428571427,2024-09-30,,1.0
lek za prehladu,2024,41,124.5061224489796,2024-10-07,1.0,1.0
lek za prehladu,2024,42,0.0,2024-10-14,,1.0
lek za prehladu,2024,43,0.0,2024-10-21,,1.0
lek za prehladu,2024,44,0.0,2024-10-28,,1.0
lek za prehladu,2024,45,0.0,2024-11-04,,1.0
lek za prehladu,2024,46,0.0,2024-11-11,,1.0
lek za prehladu,2024,47,0.0,2024-11-18,,1.0
lek za prehladu,2024,48,0.0,2024-11-25,,1.0
lek za prehladu,2024,49,0.0,2024-12-02,2.0,1.0
lek za prehladu,2024,50,0.0,2024-12-09,13.0,1.0
lek za prehladu,2024,51,0.0,2024-12-16,3.0,1.0
lek za prehladu,2024,52,0.0,2024-12-23,27.0,1.0
lek za prehladu,2025,1,0.0,2024-12-30,6.0,1.0
lek za prehladu,2025,2,0.0,2025-01-06,15.0,1.0
lek za prehladu,2025,3,0.0,2025-01-13,36.0,1.0
lek za prehladu,2025,4,0.0,2025-01-20,77.0,1.0
lek za prehladu,2025,5,0.0,2025-01-27,71.0,1.0
lek za prehladu,2025,6,0.0,2025-02-03,36.0,1.0
lek za prehladu,2025,7,0.0,2025-02-10,45.0,1.0
lek za prehladu,2025,8,0.0,2025-02-17,43.0,1.0
lek za prehladu,2025,9,0.0,2025-02-24,54.0,1.0
lek za prehladu,2025,10,0.0,2025-03-03,63.0,1.0
lek za prehladu,2025,11,0.0,2025-03-10,19.0,1.0
lek za prehladu,2025,12,0.0,2025-03-17,18.0,1.0
lek za prehladu,2025,13,0.0,2025-03-24,8.0,1.0
lek za prehladu,2025,14,0.0,2025-03-31,2.0,1.0
lek za prehladu,2025,15,0.0,2025-04-07,2.0,1.0
lek za prehladu,2025,16,0.0,2025-04-14,,1.0
lek za prehladu,2025,17,0.0,2025-04-21,,1.0
lek za prehladu,2025,18,0.0,2025-04-28,2.0,1.0
lek za prehladu,2025,19,0.0,2025-05-05,,1.0
lek za prehladu,2025,20,0.0,2025-05-12,,1.0
lek za prehladu,2025,21,0.0,2025-05-19,,1.0
lek za prehladu,2025,22,0.0,2025-05-26,,1.0
lek za prehladu,2025,23,0.0,2025-06-02,,1.0
lek za prehladu,2025,24,0.0,2025-06-09,,1.0
lek za prehladu,2025,25,0.0,2025-06-16,,1.0
lek za prehladu,2025,26,0.0,2025-06-23,,1.0
lek za prehladu,2025,27,0.0,2025-06-30,,
lek za prehladu,2025,28,0.0,2025-07-07,,1.0
lek za prehladu,2025,29,0.0,2025-07-14,,1.0
lek za prehladu,2025,30,0.0,2025-07-21,,1.0
lek za prehladu,2025,31,0.0,2025-07-28,,1.0
lek za prehladu,2025,32,0.0,2025-08-04,,1.0
lek za prehladu,2025,33,0.0,2025-08-11,,1.0
lek za prehladu,2025,34,0.0,2025-08-18,,1.0
lek za prehladu,2025,35,0.0,2025-08-25,,1.0
lek za prehladu,2025,36,0.0,2025-09-01,,1.0
lek za prehladu,2025,37,0.0,2025-09-08,,1.0
lek za prehladu,2025,38,0.0,2025-09-15,,1.0
lek za prehladu,2025,39,0.0,2025-09-22,,1.0
lek za prehladu,2025,40,0.0,2025-09-29,,1.0
lek za prehladu,2025,41,0.0,2025-10-06,,1.0
lek za prehladu,2025,42,0.0,2025-10-13,2.0,1.0
lek za prehladu,2025,43,0.0,2025-10-20,3.0,1.0
lek za prehladu,2025,44,0.0,2025-10-27,,1.0
lek za prehladu,2025,45,0.0,2025-11-03,4.0,1.0
lek za prehladu,2025,46,0.0,2025-11-10,2.0,1.0
lek za prehladu,2025,47,0.0,2025-11-17,11.0,1.0
lek za prehladu,2025,48,0.0,2025-11-24,14.0,1.0
lek za prehladu,2025,49,0.0,2025-12-01,36.0,1.0
lek za prehladu,2025,50,0.0,2025-12-08,55.0,1.0
lek za prehladu,2025,51,0.0,2025-12-15,54.0,1.0
lek za prehladu,2025,52,0.0,2025-12-22,45.0,1.0
lek za prehladu,2026,1,0.0,2025-12-29,24.0,1.0
lek za prehladu,2026,2,0.0,2026-01-05,8.0,1.0
lek za prehladu,2026,3,0.0,2026-01-12,7.0,1.0
lek za prehladu,2026,4,0.0,2026-01-19,15.0,1.0
lek za prehladu,2026,5,0.0,2026-01-26,3.0,1.0
lek za prehladu,2026,6,0.0,2026-02-02,4.0,1.0
lek za prehladu,2026,7,0.0,2026-02-09,,1.0
lek za prehladu,2026,8,0.0,2026-02-16,1.0,1.0
lek za prehladu,2026,9,0.0,2026-02-23,2.0,1.0
lek za prehladu,2026,10,0.0,2026-03-02,,1.0
lek za prehladu,2026,11,0.0,2026-03-09,,1.0
lek za prehladu,2026,12,0.0,2026-03-16,1.0,1.0
lek za prehladu,2026,13,0.0,2026-03-23,,1.0
lek za prehladu,2026,14,0.0,2026-03-30,,1.0
lek za prehladu,2026,15,0.0,2026-04-06,,1.0
lek za prehladu,2026,16,0.0,2026-04-13,,1.0
lek za prehladu,2026,17,0.0,2026-04-20,,
lek za prehladu,2026,18,0.0,2026-04-27,,1.0
lek za prehladu,2026,19,0.0,2026-05-04,,1.0
lek za prehladu,2026,20,0.0,2026-05-11,,1.0
lek za prehladu,2026,21,0.0,2026-05-18,,1.0
lek za prehladu,2026,22,0.0,2026-05-25,,1.0
lek za prehladu,2026,23,0.0,2026-06-01,,1.0
lek za prehladu,2026,24,0.0,2026-06-08,,1.0
lek za prehladu,2026,25,0.0,2026-06-15,,1.0
lek za prehladu,2026,26,0.0,2026-06-22,,1.0
lek za prehladu,2026,27,0.0,2026-06-29,,1.0
lek za prehladu,2026,28,0.0,2026-07-06,,1.0
lek za prehladu,2026,29,0.0,2026-07-13,,1.0
lek za prehladu,2026,30,84.0,2026-07-20,,
lek za prehladu,2026,31,100.0,2026-07-27,,1.0
malaksalost,2013,1,0.0,2012-12-31,,
malaksalost,2013,2,0.0,2013-01-07,3.0,3.0
malaksalost,2013,3,0.0,2013-01-14,16.0,3.0
malaksalost,2013,4,58.0,2013-01-21,14.0,3.0
malaksalost,2013,5,67.0,2013-01-28,23.0,5.0
malaksalost,2013,6,0.0,2013-02-04,30.0,6.0
malaksalost,2013,7,88.0,2013-02-11,66.0,6.0
malaksalost,2013,8,50.0,2013-02-18,41.0,6.0
malaksalost,2013,9,43.0,2013-02-25,29.0,6.0
malaksalost,2013,10,55.0,2013-03-04,25.0,6.0
malaksalost,2013,11,0.0,2013-03-11,10.0,5.0
malaksalost,2013,12,0.0,2013-03-18,7.0,5.0
malaksalost,2013,13,47.0,2013-03-25,3.0,1.0
malaksalost,2013,14,0.0,2013-04-01,3.0,3.0
malaksalost,2013,15,0.0,2013-04-08,1.0,3.0
malaksalost,2013,16,54.0,2013-04-15,3.0,3.0
malaksalost,2013,17,0.0,2013-04-22,,2.0
malaksalost,2013,18,0.0,2013-04-29,,2.0
malaksalost,2013,19,0.0,2013-05-06,,2.0
malaksalost,2013,20,46.0,2013-05-13,,2.0
malaksalost,2013,21,59.0,2013-05-20,,
malaksalost,2013,22,0.0,2013-05-27,,
malaksalost,2013,23,0.0,2013-06-03,,
malaksalost,2013,24,0.0,2013-06-10,,
malaksalost,2013,25,0.0,2013-06-17,,
malaksalost,2013,26,0.0,2013-06-24,,
malaksalost,2013,27,0.0,2013-07-01,,
malaksalost,2013,28,63.0,2013-07-08,,
malaksalost,2013,29,0.0,2013-07-15,,
malaksalost,2013,30,98.0,2013-07-22,,
malaksalost,2013,31,90.0,2013-07-29,,
malaksalost,2013,32,55.0,2013-08-05,,
malaksalost,2013,33,0.0,2013-08-12,,
malaksalost,2013,34,54.0,2013-08-19,,
malaksalost,2013,35,0.0,2013-08-26,,
malaksalost,2013,36,50.0,2013-09-02,,
malaksalost,2013,37,0.0,2013-09-09,,
malaksalost,2013,38,0.0,2013-09-16,,
malaksalost,2013,39,0.0,2013-09-23,,
malaksalost,2013,40,49.0,2013-09-30,,
malaksalost,2013,41,0.0,2013-10-07,,1.0
malaksalost,2013,42,0.0,2013-10-14,,1.0
malaksalost,2013,43,0.0,2013-10-21,,1.0
malaksalost,2013,44,0.0,2013-10-28,,1.0
malaksalost,2013,45,0.0,2013-11-04,,1.0
malaksalost,2013,46,51.0,2013-11-11,,1.0
malaksalost,2013,47,0.0,2013-11-18,,1.0
malaksalost,2013,48,0.0,2013-11-25,,1.0
malaksalost,2013,49,0.0,2013-12-02,,1.0
malaksalost,2013,50,43.0,2013-12-09,,1.0
malaksalost,2013,51,0.0,2013-12-16,,1.0
malaksalost,2013,52,48.0,2013-12-23,,1.0
malaksalost,2014,1,62.0,2013-12-30,,1.0
malaksalost,2014,2,37.0,2014-01-06,1.0,1.0
malaksalost,2014,3,0.0,2014-01-13,2.0,1.0
malaksalost,2014,4,0.0,2014-01-20,3.0,1.0
malaksalost,2014,5,36.0,2014-01-27,2.0,1.0
malaksalost,2014,6,37.0,2014-02-03,3.0,1.0
malaksalost,2014,7,0.0,2014-02-10,20.0,1.0
malaksalost,2014,8,59.0,2014-02-17,6.0,1.0
malaksalost,2014,9,0.0,2014-02-24,15.0,1.0
malaksalost,2014,10,40.0,2014-03-03,12.0,1.0
malaksalost,2014,11,47.0,2014-03-10,15.0,1.0
malaksalost,2014,12,53.0,2014-03-17,16.0,1.0
malaksalost,2014,13,0.0,2014-03-24,20.0,1.0
malaksalost,2014,14,67.0,2014-03-31,9.0,1.0
malaksalost,2014,15,46.0,2014-04-07,5.0,1.0
malaksalost,2014,16,51.0,2014-04-14,3.0,1.0
malaksalost,2014,17,0.0,2014-04-21,1.0,1.0
malaksalost,2014,18,40.0,2014-04-28,,1.0
malaksalost,2014,19,37.0,2014-05-05,1.0,1.0
malaksalost,2014,20,96.0,2014-05-12,,1.0
malaksalost,2014,21,52.0,2014-05-19,,
malaksalost,2014,22,46.0,2014-05-26,,
malaksalost,2014,23,0.0,2014-06-02,,
malaksalost,2014,24,46.0,2014-06-09,,
malaksalost,2014,25,49.0,2014-06-16,,
malaksalost,2014,26,51.0,2014-06-23,,
malaksalost,2014,27,55.0,2014-06-30,,
malaksalost,2014,28,83.0,2014-07-07,,
malaksalost,2014,29,0.0,2014-07-14,,
malaksalost,2014,30,65.0,2014-07-21,,
malaksalost,2014,31,0.0,2014-07-28,,
malaksalost,2014,32,47.0,2014-08-04,,
malaksalost,2014,33,98.0,2014-08-11,,
malaksalost,2014,34,44.0,2014-08-18,,
malaksalost,2014,35,0.0,2014-08-25,,
malaksalost,2014,36,58.0,2014-09-01,,
malaksalost,2014,37,0.0,2014-09-08,,
malaksalost,2014,38,48.0,2014-09-15,,
malaksalost,2014,39,0.0,2014-09-22,1.0,1.0
malaksalost,2014,40,52.0,2014-09-29,1.0,1.0
malaksalost,2014,41,61.0,2014-10-06,,1.0
malaksalost,2014,42,46.0,2014-10-13,,1.0
malaksalost,2014,43,53.0,2014-10-20,,1.0
malaksalost,2014,44,42.0,2014-10-27,,1.0
malaksalost,2014,45,70.0,2014-11-03,,1.0
malaksalost,2014,46,60.0,2014-11-10,,1.0
malaksalost,2014,47,55.0,2014-11-17,,1.0
malaksalost,2014,48,0.0,2014-11-24,,1.0
malaksalost,2014,49,46.0,2014-12-01,,1.0
malaksalost,2014,50,41.0,2014-12-08,,1.0
malaksalost,2014,51,39.0,2014-12-15,,1.0
malaksalost,2014,52,0.0,2014-12-22,,1.0
malaksalost,2015,1,0.0,2014-12-29,,1.0
malaksalost,2015,2,43.0,2015-01-05,,1.0
malaksalost,2015,3,44.0,2015-01-12,2.0,1.0
malaksalost,2015,4,62.0,2015-01-19,11.0,1.0
malaksalost,2015,5,60.0,2015-01-26,22.0,1.0
malaksalost,2015,6,0.0,2015-02-02,26.0,1.0
malaksalost,2015,7,0.0,2015-02-09,51.0,1.0
malaksalost,2015,8,35.0,2015-02-16,28.0,1.0
malaksalost,2015,9,51.0,2015-02-23,67.0,1.0
malaksalost,2015,10,70.0,2015-03-02,40.0,1.0
malaksalost,2015,11,55.0,2015-03-09,58.0,1.0
malaksalost,2015,12,0.0,2015-03-16,38.0,1.0
malaksalost,2015,13,52.0,2015-03-23,30.0,1.0
malaksalost,2015,14,0.0,2015-03-30,23.0,1.0
malaksalost,2015,15,83.0,2015-04-06,13.0,1.0
malaksalost,2015,16,0.0,2015-04-13,11.0,1.0
malaksalost,2015,17,46.0,2015-04-20,5.0,1.0
malaksalost,2015,18,55.0,2015-04-27,2.0,1.0
malaksalost,2015,19,46.0,2015-05-04,1.0,1.0
malaksalost,2015,20,67.0,2015-05-11,,1.0
malaksalost,2015,21,73.0,2015-05-18,,
malaksalost,2015,22,0.0,2015-05-25,,
malaksalost,2015,23,100.0,2015-06-01,,
malaksalost,2015,24,78.0,2015-06-08,,
malaksalost,2015,25,74.0,2015-06-15,,
malaksalost,2015,26,0.0,2015-06-22,,
malaksalost,2015,27,66.0,2015-06-29,,
malaksalost,2015,28,61.0,2015-07-06,,
malaksalost,2015,29,58.0,2015-07-13,,
malaksalost,2015,30,53.0,2015-07-20,,
malaksalost,2015,31,86.0,2015-07-27,,
malaksalost,2015,32,47.0,2015-08-03,,
malaksalost,2015,33,63.0,2015-08-10,,
malaksalost,2015,34,90.0,2015-08-17,,
malaksalost,2015,35,50.0,2015-08-24,,
malaksalost,2015,36,66.0,2015-08-31,,
malaksalost,2015,37,71.0,2015-09-07,,
malaksalost,2015,38,44.0,2015-09-14,,
malaksalost,2015,39,47.0,2015-09-21,,
malaksalost,2015,40,37.0,2015-09-28,,
malaksalost,2015,41,57.0,2015-10-05,,
malaksalost,2015,42,66.0,2015-10-12,,
malaksalost,2015,43,90.0,2015-10-19,,
malaksalost,2015,44,35.0,2015-10-26,,
malaksalost,2015,45,56.0,2015-11-02,,1.0
malaksalost,2015,46,60.0,2015-11-09,,1.0
malaksalost,2015,47,0.0,2015-11-16,,1.0
malaksalost,2015,48,0.0,2015-11-23,,1.0
malaksalost,2015,49,48.0,2015-11-30,,1.0
malaksalost,2015,50,64.0,2015-12-07,,1.0
malaksalost,2015,51,48.0,2015-12-14,,1.0
malaksalost,2015,52,40.0,2015-12-21,,1.0
malaksalost,2015,53,36.6797385620915,2015-12-28,,1.0
malaksalost,2016,1,45.849673202614376,2016-01-04,3.0,1.0
malaksalost,2016,2,62.879551820728295,2016-01-11,6.0,1.0
malaksalost,2016,3,73.359477124183,2016-01-18,16.0,1.0
malaksalost,2016,4,74.66946778711484,2016-01-25,14.0,1.0
malaksalost,2016,5,86.4593837535014,2016-02-01,26.0,1.0
malaksalost,2016,6,45.849673202614376,2016-02-08,36.0,1.0
malaksalost,2016,7,68.11951447245565,2016-02-15,14.0,1.0
malaksalost,2016,8,48.46965452847806,2016-02-22,33.0,1.0
malaksalost,2016,9,57.639589169000935,2016-02-29,44.0,1.0
malaksalost,2016,10,53.70961718020541,2016-03-07,50.0,1.0
malaksalost,2016,11,73.359477124183,2016-03-14,35.0,1.0
malaksalost,2016,12,65.49953314659197,2016-03-21,54.0,1.0
malaksalost,2016,13,75.97945845004669,2016-03-28,57.0,1.0
malaksalost,2016,14,85.14939309056956,2016-04-04,39.0,1.0
malaksalost,2016,15,58.94957983193277,2016-04-11,26.0,1.0
malaksalost,2016,16,0.0,2016-04-18,2.0,1.0
malaksalost,2016,17,53.70961718020541,2016-04-25,2.0,1.0
malaksalost,2016,18,0.0,2016-05-02,4.0,1.0
malaksalost,2016,19,0.0,2016-05-09,,1.0
malaksalost,2016,20,60.25957049486461,2016-05-16,,1.0
malaksalost,2016,21,45.849673202614376,2016-05-23,,
malaksalost,2016,22,0.0,2016-05-30,,
malaksalost,2016,23,77.28944911297853,2016-06-06,,
malaksalost,2016,24,53.70961718020541,2016-06-13,,
malaksalost,2016,25,56.3295985060691,2016-06-20,,
malaksalost,2016,26,65.49953314659197,2016-06-27,,
malaksalost,2016,27,75.97945845004669,2016-07-04,,
malaksalost,2016,28,70.73949579831933,2016-07-11,,
malaksalost,2016,29,53.70961718020541,2016-07-18,,
malaksalost,2016,30,0.0,2016-07-25,,
malaksalost,2016,31,104.79925303454716,2016-08-01,,
malaksalost,2016,32,0.0,2016-08-08,,
malaksalost,2016,33,0.0,2016-08-15,,
malaksalost,2016,34,58.94957983193277,2016-08-22,,
malaksalost,2016,35,72.04948646125116,2016-08-29,,
malaksalost,2016,36,75.97945845004669,2016-09-05,,
malaksalost,2016,37,74.66946778711484,2016-09-12,,
malaksalost,2016,38,60.25957049486461,2016-09-19,,
malaksalost,2016,39,0.0,2016-09-26,,
malaksalost,2016,40,68.11951447245565,2016-10-03,,
malaksalost,2016,41,0.0,2016-10-10,,1.0
malaksalost,2016,42,0.0,2016-10-17,,1.0
malaksalost,2016,43,45.849673202614376,2016-10-24,,1.0
malaksalost,2016,44,64.18954248366013,2016-10-31,,1.0
malaksalost,2016,45,55.01960784313726,2016-11-07,,1.0
malaksalost,2016,46,64.18954248366013,2016-11-14,,1.0
malaksalost,2016,47,53.70961718020541,2016-11-21,,1.0
malaksalost,2016,48,58.94957983193277,2016-11-28,,1.0
malaksalost,2016,49,51.089635854341736,2016-12-05,9.0,1.0
malaksalost,2016,50,57.639589169000935,2016-12-12,84.0,1.0
malaksalost,2016,51,49.7796451914099,2016-12-19,109.0,1.0
malaksalost,2016,52,47.15966386554622,2016-12-26,162.0,1.0
malaksalost,2017,1,49.7796451914099,2017-01-02,77.0,1.0
malaksalost,2017,2,64.18954248366013,2017-01-09,,1.0
malaksalost,2017,3,44.53968253968254,2017-01-16,,1.0
malaksalost,2017,4,53.70961718020541,2017-01-23,,1.0
malaksalost,2017,5,93.0093370681606,2017-01-30,,1.0
malaksalost,2017,6,58.94957983193277,2017-02-06,,1.0
malaksalost,2017,7,45.849673202614376,2017-02-13,5.0,1.0
malaksalost,2017,8,77.28944911297853,2017-02-20,11.0,1.0
malaksalost,2017,9,89.07936507936508,2017-02-27,4.0,1.0
malaksalost,2017,10,77.28944911297853,2017-03-06,2.0,1.0
malaksalost,2017,11,68.11951447245565,2017-03-13,,1.0
malaksalost,2017,12,79.90943043884221,2017-03-20,,1.0
malaksalost,2017,13,83.83940242763772,2017-03-27,,1.0
malaksalost,2017,14,95.62931839402428,2017-04-03,,1.0
malaksalost,2017,15,79.90943043884221,2017-04-10,,1.0
malaksalost,2017,16,60.25957049486461,2017-04-17,,1.0
malaksalost,2017,17,66.80952380952381,2017-04-24,,1.0
malaksalost,2017,18,0.0,2017-05-01,,1.0
malaksalost,2017,19,0.0,2017-05-08,,1.0
malaksalost,2017,20,60.25957049486461,2017-05-15,,1.0
malaksalost,2017,21,51.089635854341736,2017-05-22,,
malaksalost,2017,22,51.089635854341736,2017-05-29,,
malaksalost,2017,23,81.21942110177405,2017-06-05,,
malaksalost,2017,24,61.56956115779645,2017-06-12,,
malaksalost,2017,25,66.80952380952381,2017-06-19,,
malaksalost,2017,26,94.31932773109244,2017-06-26,,
malaksalost,2017,27,82.52941176470588,2017-07-03,,
malaksalost,2017,28,81.21942110177405,2017-07-10,,
malaksalost,2017,29,57.639589169000935,2017-07-17,,
malaksalost,2017,30,69.42950513538749,2017-07-24,,
malaksalost,2017,31,74.66946778711484,2017-07-31,,
malaksalost,2017,32,130.99906629318394,2017-08-07,,
malaksalost,2017,33,95.62931839402428,2017-08-14,,
malaksalost,2017,34,70.73949579831933,2017-08-21,,
malaksalost,2017,35,69.42950513538749,2017-08-28,,
malaksalost,2017,36,64.18954248366013,2017-09-04,,
malaksalost,2017,37,0.0,2017-09-11,,
malaksalost,2017,38,93.0093370681606,2017-09-18,,
malaksalost,2017,39,62.879551820728295,2017-09-25,,
malaksalost,2017,40,0.0,2017-10-02,,1.0
malaksalost,2017,41,55.01960784313726,2017-10-09,,1.0
malaksalost,2017,42,62.879551820728295,2017-10-16,,1.0
malaksalost,2017,43,0.0,2017-10-23,,1.0
malaksalost,2017,44,87.76937441643324,2017-10-30,,2.0
malaksalost,2017,45,49.7796451914099,2017-11-06,,2.0
malaksalost,2017,46,74.66946778711484,2017-11-13,,3.0
malaksalost,2017,47,40.60971055088702,2017-11-20,,3.0
malaksalost,2017,48,49.7796451914099,2017-11-27,,3.0
malaksalost,2017,49,90.38935574229691,2017-12-04,,3.0
malaksalost,2017,50,0.0,2017-12-11,6.0,3.0
malaksalost,2017,51,60.25957049486461,2017-12-18,19.0,3.0
malaksalost,2017,52,55.01960784313726,2017-12-25,26.0,3.0
malaksalost,2018,1,73.359477124183,2018-01-01,22.0,3.0
malaksalost,2018,2,57.639589169000935,2018-01-08,37.0,3.0
malaksalost,2018,3,78.59943977591037,2018-01-15,88.0,3.0
malaksalost,2018,4,91.69934640522877,2018-01-22,103.0,4.0
malaksalost,2018,5,74.66946778711484,2018-01-29,124.0,5.0
malaksalost,2018,6,56.3295985060691,2018-02-05,121.0,5.0
malaksalost,2018,7,58.94957983193277,2018-02-12,66.0,5.0
malaksalost,2018,8,60.25957049486461,2018-02-19,77.0,4.0
malaksalost,2018,9,102.17927170868349,2018-02-26,59.0,4.0
malaksalost,2018,10,65.49953314659197,2018-03-05,29.0,4.0
malaksalost,2018,11,68.11951447245565,2018-03-12,20.0,4.0
malaksalost,2018,12,86.4593837535014,2018-03-19,14.0,3.0
malaksalost,2018,13,95.62931839402428,2018-03-26,30.0,3.0
malaksalost,2018,14,0.0,2018-04-02,21.0,3.0
malaksalost,2018,15,75.97945845004669,2018-04-09,16.0,3.0
malaksalost,2018,16,86.4593837535014,2018-04-16,1.0,3.0
malaksalost,2018,17,86.4593837535014,2018-04-23,,2.0
malaksalost,2018,18,82.52941176470588,2018-04-30,,2.0
malaksalost,2018,19,53.70961718020541,2018-05-07,,1.0
malaksalost,2018,20,85.14939309056956,2018-05-14,,1.0
malaksalost,2018,21,47.15966386554622,2018-05-21,,1.0
malaksalost,2018,22,44.53968253968254,2018-05-28,,1.0
malaksalost,2018,23,47.15966386554622,2018-06-04,,1.0
malaksalost,2018,24,65.49953314659197,2018-06-11,,1.0
malaksalost,2018,25,65.49953314659197,2018-06-18,,1.0
malaksalost,2018,26,58.94957983193277,2018-06-25,,1.0
malaksalost,2018,27,63.52863106532937,2018-07-02,,1.0
malaksalost,2018,28,103.52813951387007,2018-07-09,,1.0
malaksalost,2018,29,61.175718803650504,2018-07-16,,1.0
malaksalost,2018,30,74.11673624288427,2018-07-23,,1.0
malaksalost,2018,31,56.46989428029278,2018-07-30,,1.0
malaksalost,2018,32,112.93978856058555,2018-08-06,,1.0
malaksalost,2018,33,109.41042016806723,2018-08-13,,1.0
malaksalost,2018,34,59.99926267281107,2018-08-20,,1.0
malaksalost,2018,35,51.76406975693504,2018-08-27,,1.0
malaksalost,2018,36,49.41115749525618,2018-09-03,,1.0
malaksalost,2018,37,82.3519291587603,2018-09-10,,1.0
malaksalost,2018,38,0.0,2018-09-17,,1.0
malaksalost,2018,39,77.64610463540257,2018-09-24,,1.0
malaksalost,2018,40,75.2931923737237,2018-10-01,,1.0
malaksalost,2018,41,102.35168338303065,2018-10-08,,1.0
malaksalost,2018,42,77.64610463540257,2018-10-15,,1.0
malaksalost,2018,43,38.82305231770128,2018-10-22,,1.0
malaksalost,2018,44,74.11673624288427,2018-10-29,,1.0
malaksalost,2018,45,63.52863106532937,2018-11-05,,1.0
malaksalost,2018,46,0.0,2018-11-12,,1.0
malaksalost,2018,47,45.88178910273787,2018-11-19,,1.0
malaksalost,2018,48,41.17596457938015,2018-11-26,,1.0
malaksalost,2018,49,56.46989428029278,2018-12-03,,1.0
malaksalost,2018,50,0.0,2018-12-10,,1.0
malaksalost,2018,51,54.11698201861391,2018-12-17,,1.0
malaksalost,2018,52,51.76406975693504,2018-12-24,3.0,1.0
malaksalost,2019,1,57.64635041113221,2018-12-31,11.0,2.0
malaksalost,2019,2,70.58736785036596,2019-01-07,16.0,2.0
malaksalost,2019,3,51.76406975693504,2019-01-14,42.0,2.0
malaksalost,2019,4,55.293438149453344,2019-01-21,99.0,2.0
malaksalost,2019,5,64.7050871961688,2019-01-28,273.0,4.0
malaksalost,2019,6,101.17522725219122,2019-02-04,388.0,4.0
malaksalost,2019,7,43.52887684105902,2019-02-11,309.0,4.0
malaksalost,2019,8,55.293438149453344,2019-02-18,307.0,4.0
malaksalost,2019,9,89.41066594379689,2019-02-25,138.0,3.0
malaksalost,2019,10,59.99926267281107,2019-03-04,100.0,3.0
malaksalost,2019,11,71.7638239812054,2019-03-11,50.0,3.0
malaksalost,2019,12,64.7050871961688,2019-03-18,25.0,2.0
malaksalost,2019,13,79.99901689708143,2019-03-25,40.0,2.0
malaksalost,2019,14,78.82256076624199,2019-04-01,17.0,2.0
malaksalost,2019,15,0.0,2019-04-08,14.0,2.0
malaksalost,2019,16,62.35217493448994,2019-04-15,5.0,2.0
malaksalost,2019,17,65.88154332700823,2019-04-22,9.0,2.0
malaksalost,2019,18,0.0,2019-04-29,,2.0
malaksalost,2019,19,78.82256076624199,2019-05-06,,2.0
malaksalost,2019,20,54.11698201861391,2019-05-13,,2.0
malaksalost,2019,21,0.0,2019-05-20,,1.0
malaksalost,2019,22,0.0,2019-05-27,,1.0
malaksalost,2019,23,57.64635041113221,2019-06-03,,1.0
malaksalost,2019,24,84.70484142043917,2019-06-10,,1.0
malaksalost,2019,25,76.46964850456312,2019-06-17,,1.0
malaksalost,2019,26,88.23420981295746,2019-06-24,,1.0
malaksalost,2019,27,56.46989428029278,2019-07-01,,1.0
malaksalost,2019,28,61.175718803650504,2019-07-08,,1.0
malaksalost,2019,29,54.11698201861391,2019-07-15,,1.0
malaksalost,2019,30,69.41091171952654,2019-07-22,,1.0
malaksalost,2019,31,104.70459564470951,2019-07-29,,1.0
malaksalost,2019,32,79.99901689708143,2019-08-05,,1.0
malaksalost,2019,33,101.17522725219122,2019-08-12,,1.0
malaksalost,2019,34,99.9987711213518,2019-08-19,,1.0
malaksalost,2019,35,56.46989428029278,2019-08-26,,1.0
malaksalost,2019,36,65.88154332700823,2019-09-02,,1.0
malaksalost,2019,37,64.7050871961688,2019-09-09,,1.0
malaksalost,2019,38,39.99950844854072,2019-09-16,,1.0
malaksalost,2019,39,45.88178910273787,2019-09-23,,1.0
malaksalost,2019,40,0.0,2019-09-30,,1.0
malaksalost,2019,41,68.2344555886871,2019-10-07,,1.0
malaksalost,2019,42,52.94052588777448,2019-10-14,,1.0
malaksalost,2019,43,0.0,2019-10-21,,1.0
malaksalost,2019,44,61.175718803650504,2019-10-28,,1.0
malaksalost,2019,45,77.64610463540257,2019-11-04,,1.0
malaksalost,2019,46,58.82280654197164,2019-11-11,,1.0
malaksalost,2019,47,62.35217493448994,2019-11-18,,1.0
malaksalost,2019,48,35.29368392518298,2019-11-25,,1.0
malaksalost,2019,49,77.64610463540257,2019-12-02,6.0,2.0
malaksalost,2019,50,55.293438149453344,2019-12-09,9.0,2.0
malaksalost,2019,51,0.0,2019-12-16,10.0,3.0
malaksalost,2019,52,43.52887684105902,2019-12-23,8.0,3.0
malaksalost,2020,1,48.23470136441674,2019-12-30,10.0,3.0
malaksalost,2020,2,48.23470136441674,2020-01-06,24.0,3.0
malaksalost,2020,3,44.70533297189844,2020-01-13,60.0,3.0
malaksalost,2020,4,69.41091171952654,2020-01-20,179.0,3.0
malaksalost,2020,5,57.64635041113221,2020-01-27,235.0,3.0
malaksalost,2020,6,43.52887684105902,2020-02-03,290.0,5.0
malaksalost,2020,7,74.11673624288427,2020-02-10,191.0,5.0
malaksalost,2020,8,52.94052588777448,2020-02-17,83.0,4.0
malaksalost,2020,9,65.88154332700823,2020-02-24,93.0,3.0
malaksalost,2020,10,79.99901689708143,2020-03-02,34.0,3.0
malaksalost,2020,11,59.99926267281107,2020-03-09,37.0,3.0
malaksalost,2020,12,47.05824523357731,2020-03-16,6.0,2.0
malaksalost,2020,13,48.23470136441674,2020-03-23,,2.0
malaksalost,2020,14,44.70533297189844,2020-03-30,,1.0
malaksalost,2020,15,59.99926267281107,2020-04-06,,1.0
malaksalost,2020,16,54.11698201861391,2020-04-13,,1.0
malaksalost,2020,17,65.88154332700823,2020-04-20,,1.0
malaksalost,2020,18,44.70533297189844,2020-04-27,,1.0
malaksalost,2020,19,55.293438149453344,2020-05-04,,1.0
malaksalost,2020,20,0.0,2020-05-11,,1.0
malaksalost,2020,21,32.940771663504115,2020-05-18,,1.0
malaksalost,2020,22,52.94052588777448,2020-05-25,,1.0
malaksalost,2020,23,48.23470136441674,2020-06-01,,1.0
malaksalost,2020,24,67.05799945784767,2020-06-08,,1.0
malaksalost,2020,25,87.05775368211803,2020-06-15,,1.0
malaksalost,2020,26,91.76357820547577,2020-06-22,,1.0
malaksalost,2020,27,117.64561308394327,2020-06-29,,1.0
malaksalost,2020,28,81.17547302792086,2020-07-06,,1.0
malaksalost,2020,29,74.11673624288427,2020-07-13,,1.0
malaksalost,2020,30,64.7050871961688,2020-07-20,,1.0
malaksalost,2020,31,95.29294659799406,2020-07-27,,1.0
malaksalost,2020,32,79.99901689708143,2020-08-03,,1.0
malaksalost,2020,33,58.82280654197164,2020-08-10,,1.0
malaksalost,2020,34,52.94052588777448,2020-08-17,,1.0
malaksalost,2020,35,0.0,2020-08-24,,1.0
malaksalost,2020,36,67.05799945784767,2020-08-31,,1.0
malaksalost,2020,37,56.46989428029278,2020-09-07,,1.0
malaksalost,2020,38,69.41091171952654,2020-09-14,,1.0
malaksalost,2020,39,39.99950844854072,2020-09-21,,1.0
malaksalost,2020,40,0.0,2020-09-28,,1.0
malaksalost,2020,41,0.0,2020-10-05,,1.0
malaksalost,2020,42,0.0,2020-10-12,,1.0
malaksalost,2020,43,64.7050871961688,2020-10-19,,1.0
malaksalost,2020,44,64.7050871961688,2020-10-26,,2.0
malaksalost,2020,45,34.11722779434355,2020-11-02,,2.0
malaksalost,2020,46,68.2344555886871,2020-11-09,,2.0
malaksalost,2020,47,59.99926267281107,2020-11-16,,2.0
malaksalost,2020,48,82.3519291587603,2020-11-23,,1.0
malaksalost,2020,49,55.293438149453344,2020-11-30,,1.0
malaksalost,2020,50,72.94028011204483,2020-12-07,,1.0
malaksalost,2020,51,54.11698201861391,2020-12-14,,1.0
malaksalost,2020,52,55.293438149453344,2020-12-21,,1.0
malaksalost,2020,53,77.64610463540255,2020-12-28,,1.0
malaksalost,2021,1,49.41115749525617,2021-01-04,,1.0
malaksalost,2021,2,52.94052588777446,2021-01-11,,1.0
malaksalost,2021,3,56.46989428029276,2021-01-18,,1.0
malaksalost,2021,4,71.76382398120539,2021-01-25,,1.0
malaksalost,2021,5,43.528876841059,2021-02-01,,1.0
malaksalost,2021,6,31.76431553266468,2021-02-08,,1.0
malaksalost,2021,7,39.99950844854071,2021-02-15,,1.0
malaksalost,2021,8,70.58736785036595,2021-02-22,,1.0
malaksalost,2021,9,44.70533297189843,2021-03-01,,1.0
malaksalost,2021,10,36.47014005602241,2021-03-08,,
malaksalost,2021,11,61.1757188036505,2021-03-15,,
malaksalost,2021,12,54.116982018613896,2021-03-22,,
malaksalost,2021,13,50.5876136260956,2021-03-29,,
malaksalost,2021,14,49.41115749525617,2021-04-05,,
malaksalost,2021,15,42.352420710219576,2021-04-12,,
malaksalost,2021,16,56.46989428029276,2021-04-19,,
malaksalost,2021,17,76.46964850456311,2021-04-26,,
malaksalost,2021,18,64.70508719616879,2021-05-03,,
malaksalost,2021,19,32.94077166350411,2021-05-10,,
malaksalost,2021,20,52.94052588777446,2021-05-17,,
malaksalost,2021,21,34.11722779434354,2021-05-24,,
malaksalost,2021,22,65.88154332700822,2021-05-31,,
malaksalost,2021,23,0.0,2021-06-07,,
malaksalost,2021,24,36.47014005602241,2021-06-14,,
malaksalost,2021,25,43.528876841059,2021-06-21,,
malaksalost,2021,26,43.528876841059,2021-06-28,,
malaksalost,2021,27,35.293683925182975,2021-07-05,,
malaksalost,2021,28,76.46964850456311,2021-07-12,,
malaksalost,2021,29,0.0,2021-07-19,,
malaksalost,2021,30,64.70508719616879,2021-07-26,,
malaksalost,2021,31,69.41091171952652,2021-08-02,,
malaksalost,2021,32,79.99901689708142,2021-08-09,,
malaksalost,2021,33,76.46964850456311,2021-08-16,,
malaksalost,2021,34,47.0582452335773,2021-08-23,,
malaksalost,2021,35,90.58712207463633,2021-08-30,,
malaksalost,2021,36,88.23420981295745,2021-09-06,,
malaksalost,2021,37,56.46989428029276,2021-09-13,,
malaksalost,2021,38,62.35217493448992,2021-09-20,,
malaksalost,2021,39,56.46989428029276,2021-09-27,,
malaksalost,2021,40,56.46989428029276,2021-10-04,,1.0
malaksalost,2021,41,41.17596457938014,2021-10-11,,1.0
malaksalost,2021,42,63.52863106532936,2021-10-18,,1.0
malaksalost,2021,43,0.0,2021-10-25,,1.0
malaksalost,2021,44,59.999262672811064,2021-11-01,,1.0
malaksalost,2021,45,57.6463504111322,2021-11-08,,1.0
malaksalost,2021,46,77.64610463540255,2021-11-15,,1.0
malaksalost,2021,47,39.99950844854071,2021-11-22,,1.0
malaksalost,2021,48,50.5876136260956,2021-11-29,,1.0
malaksalost,2021,49,0.0,2021-12-06,,1.0
malaksalost,2021,50,0.0,2021-12-13,1.0,1.0
malaksalost,2021,51,0.0,2021-12-20,1.0,1.0
malaksalost,2021,52,62.35217493448992,2021-12-27,12.0,1.0
malaksalost,2022,1,70.58736785036595,2022-01-03,21.0,1.0
malaksalost,2022,2,83.52838528959971,2022-01-10,16.0,1.0
malaksalost,2022,3,61.1757188036505,2022-01-17,19.0,1.0
malaksalost,2022,4,56.46989428029276,2022-01-24,7.0,1.0
malaksalost,2022,5,57.6463504111322,2022-01-31,4.0,1.0
malaksalost,2022,6,42.352420710219576,2022-02-07,31.0,1.0
malaksalost,2022,7,34.11722779434354,2022-02-14,25.0,1.0
malaksalost,2022,8,37.64659618686184,2022-02-21,12.0,1.0
malaksalost,2022,9,34.11722779434354,2022-02-28,3.0,1.0
malaksalost,2022,10,35.293683925182975,2022-03-07,34.0,1.0
malaksalost,2022,11,44.70533297189843,2022-03-14,77.0,1.0
malaksalost,2022,12,38.82305231770128,2022-03-21,77.0,1.0
malaksalost,2022,13,49.41115749525617,2022-03-28,66.0,1.0
malaksalost,2022,14,34.11722779434354,2022-04-04,43.0,1.0
malaksalost,2022,15,36.47014005602241,2022-04-11,32.0,1.0
malaksalost,2022,16,49.41115749525617,2022-04-18,17.0,1.0
malaksalost,2022,17,44.70533297189843,2022-04-25,8.0,1.0
malaksalost,2022,18,34.11722779434354,2022-05-02,4.0,1.0
malaksalost,2022,19,42.352420710219576,2022-05-09,3.0,1.0
malaksalost,2022,20,39.99950844854071,2022-05-16,4.0,1.0
malaksalost,2022,21,39.99950844854071,2022-05-23,3.0,1.0
malaksalost,2022,22,44.70533297189843,2022-05-30,,1.0
malaksalost,2022,23,29.411403270985815,2022-06-06,,1.0
malaksalost,2022,24,29.411403270985815,2022-06-13,,1.0
malaksalost,2022,25,39.99950844854071,2022-06-20,,1.0
malaksalost,2022,26,50.5876136260956,2022-06-27,,
malaksalost,2022,27,52.94052588777446,2022-07-04,,1.0
malaksalost,2022,28,58.82280654197163,2022-07-11,,1.0
malaksalost,2022,29,67.05799945784766,2022-07-18,,1.0
malaksalost,2022,30,75.29319237372368,2022-07-25,,1.0
malaksalost,2022,31,78.82256076624198,2022-08-01,,1.0
malaksalost,2022,32,76.46964850456311,2022-08-08,,1.0
malaksalost,2022,33,65.88154332700822,2022-08-15,,
malaksalost,2022,34,49.41115749525617,2022-08-22,,
malaksalost,2022,35,61.1757188036505,2022-08-29,,
malaksalost,2022,36,44.70533297189843,2022-09-05,,
malaksalost,2022,37,38.82305231770128,2022-09-12,,
malaksalost,2022,38,42.352420710219576,2022-09-19,,
malaksalost,2022,39,39.99950844854071,2022-09-26,,
malaksalost,2022,40,42.352420710219576,2022-10-03,,1.0
malaksalost,2022,41,44.70533297189843,2022-10-10,,1.0
malaksalost,2022,42,28.23494714014638,2022-10-17,,1.0
malaksalost,2022,43,36.47014005602241,2022-10-24,,1.0
malaksalost,2022,44,32.94077166350411,2022-10-31,,1.0
malaksalost,2022,45,37.64659618686184,2022-11-07,1.0,1.0
malaksalost,2022,46,0.0,2022-11-14,,1.0
malaksalost,2022,47,28.23494714014638,2022-11-21,,1.0
malaksalost,2022,48,0.0,2022-11-28,2.0,1.0
malaksalost,2022,49,39.99950844854071,2022-12-05,5.0,1.0
malaksalost,2022,50,37.64659618686184,2022-12-12,26.0,1.0
malaksalost,2022,51,44.70533297189843,2022-12-19,36.0,1.0
malaksalost,2022,52,35.293683925182975,2022-12-26,31.0,1.0
malaksalost,2023,1,42.352420710219576,2023-01-02,24.0,1.0
malaksalost,2023,2,42.352420710219576,2023-01-09,78.0,1.0
malaksalost,2023,3,43.528876841059,2023-01-16,72.0,1.0
malaksalost,2023,4,0.0,2023-01-23,58.0,1.0
malaksalost,2023,5,32.94077166350411,2023-01-30,75.0,1.0
malaksalost,2023,6,50.5876136260956,2023-02-06,91.0,1.0
malaksalost,2023,7,55.29343814945333,2023-02-13,70.0,1.0
malaksalost,2023,8,48.234701364416736,2023-02-20,85.0,1.0
malaksalost,2023,9,42.352420710219576,2023-02-27,33.0,1.0
malaksalost,2023,10,39.99950844854071,2023-03-06,32.0,1.0
malaksalost,2023,11,47.0582452335773,2023-03-13,26.0,1.0
malaksalost,2023,12,29.411403270985815,2023-03-20,25.0,1.0
malaksalost,2023,13,36.47014005602241,2023-03-27,10.0,1.0
malaksalost,2023,14,38.82305231770128,2023-04-03,12.0,1.0
malaksalost,2023,15,52.94052588777446,2023-04-10,3.0,1.0
malaksalost,2023,16,48.234701364416736,2023-04-17,1.0,1.0
malaksalost,2023,17,28.23494714014638,2023-04-24,1.0,1.0
malaksalost,2023,18,27.058491009306948,2023-05-01,,1.0
malaksalost,2023,19,0.0,2023-05-08,,1.0
malaksalost,2023,20,36.47014005602241,2023-05-15,,1.0
malaksalost,2023,21,42.352420710219576,2023-05-22,,1.0
malaksalost,2023,22,37.64659618686184,2023-05-29,,1.0
malaksalost,2023,23,0.0,2023-06-05,,1.0
malaksalost,2023,24,41.17596457938014,2023-06-12,,1.0
malaksalost,2023,25,48.234701364416736,2023-06-19,,1.0
malaksalost,2023,26,47.0582452335773,2023-06-26,,
malaksalost,2023,27,56.188567814222466,2023-07-03,,
malaksalost,2023,28,0.0,2023-07-10,,1.0
malaksalost,2023,29,72.03662540284932,2023-07-17,,1.0
malaksalost,2023,30,30.975748923225208,2023-07-24,,1.0
malaksalost,2023,31,45.38307400379507,2023-07-31,,1.0
malaksalost,2023,32,49.70527152796603,2023-08-07,,1.0
malaksalost,2023,33,55.468201560193975,2023-08-14,,1.0
malaksalost,2023,34,47.54417276588055,2023-08-21,,1.0
malaksalost,2023,35,43.94234149573808,2023-08-28,,1.0
malaksalost,2023,36,40.34051022559562,2023-09-04,,1.0
malaksalost,2023,37,33.136847685310684,2023-09-11,,1.0
malaksalost,2023,38,0.0,2023-09-18,,1.0
malaksalost,2023,39,0.0,2023-09-25,,1.0
malaksalost,2023,40,43.94234149573808,2023-10-02,,1.0
malaksalost,2023,41,0.0,2023-10-09,,1.0
malaksalost,2023,42,46.10344025782357,2023-10-16,,1.0
malaksalost,2023,43,36.73867895545315,2023-10-23,,1.0
malaksalost,2023,44,30.255382669196713,2023-10-30,,1.0
malaksalost,2023,45,33.85721393933918,2023-11-06,1.0,1.0
malaksalost,2023,46,0.0,2023-11-13,,1.0
malaksalost,2023,47,61.951497846450415,2023-11-20,1.0,1.0
malaksalost,2023,48,32.41648143128219,2023-11-27,1.0,1.0
malaksalost,2023,49,40.34051022559562,2023-12-04,3.0,1.0
malaksalost,2023,50,56.188567814222466,2023-12-11,7.0,1.0
malaksalost,2023,51,32.41648143128219,2023-12-18,7.0,1.0
malaksalost,2023,52,33.136847685310684,2023-12-25,21.0,1.0
malaksalost,2024,1,43.94234149573808,2024-01-01,10.0,1.0
malaksalost,2024,2,0.0,2024-01-08,21.0,1.0
malaksalost,2024,3,54.027469052136986,2024-01-15,46.0,1.0
malaksalost,2024,4,38.89977771753863,2024-01-22,93.0,1.0
malaksalost,2024,5,36.73867895545315,2024-01-29,130.0,1.0
malaksalost,2024,6,0.0,2024-02-05,119.0,1.0
malaksalost,2024,7,0.0,2024-02-12,48.0,1.0
malaksalost,2024,8,52.58673654408,2024-02-19,82.0,1.0
malaksalost,2024,9,38.89977771753863,2024-02-26,32.0,1.0
malaksalost,2024,10,42.501608987681095,2024-03-04,22.0,1.0
malaksalost,2024,11,0.0,2024-03-11,4.0,1.0
malaksalost,2024,12,0.0,2024-03-18,1.0,1.0
malaksalost,2024,13,33.85721393933918,2024-03-25,,1.0
malaksalost,2024,14,53.307102798108495,2024-04-01,3.0,1.0
malaksalost,2024,15,0.0,2024-04-08,2.0,1.0
malaksalost,2024,16,44.662707749766575,2024-04-15,,1.0
malaksalost,2024,17,0.0,2024-04-22,1.0,1.0
malaksalost,2024,18,50.42563778199453,2024-04-29,,1.0
malaksalost,2024,19,0.0,2024-05-06,1.0,1.0
malaksalost,2024,20,45.38307400379507,2024-05-13,,1.0
malaksalost,2024,21,37.45904520948165,2024-05-20,,1.0
malaksalost,2024,22,69.15516038673535,2024-05-27,,1.0
malaksalost,2024,23,34.57758019336767,2024-06-03,,1.0
malaksalost,2024,24,0.0,2024-06-10,,1.0
malaksalost,2024,25,0.0,2024-06-17,,1.0
malaksalost,2024,26,63.39223035450741,2024-06-24,,1.0
malaksalost,2024,27,54.027469052136986,2024-07-01,,1.0
malaksalost,2024,28,43.94234149573808,2024-07-08,,1.0
malaksalost,2024,29,60.510765338393426,2024-07-15,,1.0
malaksalost,2024,30,37.45904520948165,2024-07-22,,1.0
malaksalost,2024,31,0.0,2024-07-29,,1.0
malaksalost,2024,32,47.54417276588055,2024-08-05,,1.0
malaksalost,2024,33,37.45904520948165,2024-08-12,,1.0
malaksalost,2024,34,56.188567814222466,2024-08-19,,1.0
malaksalost,2024,35,48.984905273937535,2024-08-26,,1.0
malaksalost,2024,36,0.0,2024-09-02,,1.0
malaksalost,2024,37,0.0,2024-09-09,,1.0
malaksalost,2024,38,64.1125966085359,2024-09-16,,1.0
malaksalost,2024,39,0.0,2024-09-23,,1.0
malaksalost,2024,40,0.0,2024-09-30,,1.0
malaksalost,2024,41,46.10344025782357,2024-10-07,1.0,1.0
malaksalost,2024,42,58.349666576307946,2024-10-14,,1.0
malaksalost,2024,43,0.0,2024-10-21,,1.0
malaksalost,2024,44,41.06087647962411,2024-10-28,,1.0
malaksalost,2024,45,0.0,2024-11-04,,1.0
malaksalost,2024,46,0.0,2024-11-11,,1.0
malaksalost,2024,47,0.0,2024-11-18,,1.0
malaksalost,2024,48,0.0,2024-11-25,,1.0
malaksalost,2024,49,0.0,2024-12-02,2.0,1.0
malaksalost,2024,50,66.99406162464987,2024-12-09,13.0,1.0
malaksalost,2024,51,0.0,2024-12-16,3.0,1.0
malaksalost,2024,52,0.0,2024-12-23,27.0,1.0
malaksalost,2025,1,38.89977771753863,2024-12-30,6.0,1.0
malaksalost,2025,2,0.0,2025-01-06,15.0,1.0
malaksalost,2025,3,0.0,2025-01-13,36.0,1.0
malaksalost,2025,4,45.38307400379507,2025-01-20,77.0,1.0
malaksalost,2025,5,0.0,2025-01-27,71.0,1.0
malaksalost,2025,6,0.0,2025-02-03,36.0,1.0
malaksalost,2025,7,0.0,2025-02-10,45.0,1.0
malaksalost,2025,8,0.0,2025-02-17,43.0,1.0
malaksalost,2025,9,0.0,2025-02-24,54.0,1.0
malaksalost,2025,10,0.0,2025-03-03,63.0,1.0
malaksalost,2025,11,43.94234149573808,2025-03-10,19.0,1.0
malaksalost,2025,12,38.17941146351014,2025-03-17,18.0,1.0
malaksalost,2025,13,0.0,2025-03-24,8.0,1.0
malaksalost,2025,14,38.89977771753863,2025-03-31,2.0,1.0
malaksalost,2025,15,0.0,2025-04-07,2.0,1.0
malaksalost,2025,16,39.62014397156712,2025-04-14,,1.0
malaksalost,2025,17,0.0,2025-04-21,,1.0
malaksalost,2025,18,0.0,2025-04-28,2.0,1.0
malaksalost,2025,19,0.0,2025-05-05,,1.0
malaksalost,2025,20,0.0,2025-05-12,,1.0
malaksalost,2025,21,0.0,2025-05-19,,1.0
malaksalost,2025,22,0.0,2025-05-26,,1.0
malaksalost,2025,23,0.0,2025-06-02,,1.0
malaksalost,2025,24,41.06087647962411,2025-06-09,,1.0
malaksalost,2025,25,46.823806511852055,2025-06-16,,1.0
malaksalost,2025,26,44.662707749766575,2025-06-23,,1.0
malaksalost,2025,27,0.0,2025-06-30,,
malaksalost,2025,28,0.0,2025-07-07,,1.0
malaksalost,2025,29,0.0,2025-07-14,,1.0
malaksalost,2025,30,0.0,2025-07-21,,1.0
malaksalost,2025,31,0.0,2025-07-28,,1.0
malaksalost,2025,32,0.0,2025-08-04,,1.0
malaksalost,2025,33,0.0,2025-08-11,,1.0
malaksalost,2025,34,0.0,2025-08-18,,1.0
malaksalost,2025,35,46.823806511852055,2025-08-25,,1.0
malaksalost,2025,36,67.71442787867836,2025-09-01,,1.0
malaksalost,2025,37,0.0,2025-09-08,,1.0
malaksalost,2025,38,0.0,2025-09-15,,1.0
malaksalost,2025,39,0.0,2025-09-22,,1.0
malaksalost,2025,40,0.0,2025-09-29,,1.0
malaksalost,2025,41,0.0,2025-10-06,,1.0
malaksalost,2025,42,0.0,2025-10-13,2.0,1.0
malaksalost,2025,43,0.0,2025-10-20,3.0,1.0
malaksalost,2025,44,0.0,2025-10-27,,1.0
malaksalost,2025,45,0.0,2025-11-03,4.0,1.0
malaksalost,2025,46,41.78124273365261,2025-11-10,2.0,1.0
malaksalost,2025,47,0.0,2025-11-17,11.0,1.0
malaksalost,2025,48,43.94234149573808,2025-11-24,14.0,1.0
malaksalost,2025,49,0.0,2025-12-01,36.0,1.0
malaksalost,2025,50,0.0,2025-12-08,55.0,1.0
malaksalost,2025,51,0.0,2025-12-15,54.0,1.0
malaksalost,2025,52,0.0,2025-12-22,45.0,1.0
malaksalost,2026,1,0.0,2025-12-29,24.0,1.0
malaksalost,2026,2,0.0,2026-01-05,8.0,1.0
malaksalost,2026,3,0.0,2026-01-12,7.0,1.0
malaksalost,2026,4,0.0,2026-01-19,15.0,1.0
malaksalost,2026,5,43.421522680498654,2026-01-26,3.0,1.0
malaksalost,2026,6,0.0,2026-02-02,4.0,1.0
malaksalost,2026,7,0.0,2026-02-09,,1.0
malaksalost,2026,8,0.0,2026-02-16,1.0,1.0
malaksalost,2026,9,0.0,2026-02-23,2.0,1.0
malaksalost,2026,10,0.0,2026-03-02,,1.0
malaksalost,2026,11,0.0,2026-03-09,,1.0
malaksalost,2026,12,0.0,2026-03-16,1.0,1.0
malaksalost,2026,13,37.99383234543632,2026-03-23,,1.0
malaksalost,2026,14,0.0,2026-03-30,,1.0
malaksalost,2026,15,0.0,2026-04-06,,1.0
malaksalost,2026,16,0.0,2026-04-13,,1.0
malaksalost,2026,17,0.0,2026-04-20,,
malaksalost,2026,18,0.0,2026-04-27,,1.0
malaksalost,2026,19,0.0,2026-05-04,,1.0
malaksalost,2026,20,0.0,2026-05-11,,1.0
malaksalost,2026,21,0.0,2026-05-18,,1.0
malaksalost,2026,22,0.0,2026-05-25,,1.0
malaksalost,2026,23,0.0,2026-06-01,,1.0
malaksalost,2026,24,46.81382913991261,2026-06-08,,1.0
malaksalost,2026,25,0.0,2026-06-15,,1.0
malaksalost,2026,26,0.0,2026-06-22,,1.0
malaksalost,2026,27,0.0,2026-06-29,,1.0
malaksalost,2026,28,48.849213015560984,2026-07-06,,1.0
malaksalost,2026,29,0.0,2026-07-13,,1.0
malaksalost,2026,30,34.601525886022365,2026-07-20,,
malaksalost,2026,31,35.279987177905156,2026-07-27,,1.0
povisena temperatura,2013,1,0.0,2012-12-31,,
povisena temperatura,2013,2,58.0,2013-01-07,3.0,3.0
povisena temperatura,2013,3,0.0,2013-01-14,16.0,3.0
povisena temperatura,2013,4,0.0,2013-01-21,14.0,3.0
povisena temperatura,2013,5,0.0,2013-01-28,23.0,5.0
povisena temperatura,2013,6,65.0,2013-02-04,30.0,6.0
povisena temperatura,2013,7,56.0,2013-02-11,66.0,6.0
povisena temperatura,2013,8,65.0,2013-02-18,41.0,6.0
povisena temperatura,2013,9,0.0,2013-02-25,29.0,6.0
povisena temperatura,2013,10,70.0,2013-03-04,25.0,6.0
povisena temperatura,2013,11,72.0,2013-03-11,10.0,5.0
povisena temperatura,2013,12,0.0,2013-03-18,7.0,5.0
povisena temperatura,2013,13,0.0,2013-03-25,3.0,1.0
povisena temperatura,2013,14,0.0,2013-04-01,3.0,3.0
povisena temperatura,2013,15,0.0,2013-04-08,1.0,3.0
povisena temperatura,2013,16,0.0,2013-04-15,3.0,3.0
povisena temperatura,2013,17,84.0,2013-04-22,,2.0
povisena temperatura,2013,18,0.0,2013-04-29,,2.0
povisena temperatura,2013,19,0.0,2013-05-06,,2.0
povisena temperatura,2013,20,0.0,2013-05-13,,2.0
povisena temperatura,2013,21,0.0,2013-05-20,,
povisena temperatura,2013,22,0.0,2013-05-27,,
povisena temperatura,2013,23,0.0,2013-06-03,,
povisena temperatura,2013,24,0.0,2013-06-10,,
povisena temperatura,2013,25,0.0,2013-06-17,,
povisena temperatura,2013,26,0.0,2013-06-24,,
povisena temperatura,2013,27,0.0,2013-07-01,,
povisena temperatura,2013,28,0.0,2013-07-08,,
povisena temperatura,2013,29,0.0,2013-07-15,,
povisena temperatura,2013,30,0.0,2013-07-22,,
povisena temperatura,2013,31,0.0,2013-07-29,,
povisena temperatura,2013,32,0.0,2013-08-05,,
povisena temperatura,2013,33,65.0,2013-08-12,,
povisena temperatura,2013,34,0.0,2013-08-19,,
povisena temperatura,2013,35,0.0,2013-08-26,,
povisena temperatura,2013,36,0.0,2013-09-02,,
povisena temperatura,2013,37,0.0,2013-09-09,,
povisena temperatura,2013,38,0.0,2013-09-16,,
povisena temperatura,2013,39,0.0,2013-09-23,,
povisena temperatura,2013,40,0.0,2013-09-30,,
povisena temperatura,2013,41,0.0,2013-10-07,,1.0
povisena temperatura,2013,42,0.0,2013-10-14,,1.0
povisena temperatura,2013,43,0.0,2013-10-21,,1.0
povisena temperatura,2013,44,0.0,2013-10-28,,1.0
povisena temperatura,2013,45,0.0,2013-11-04,,1.0
povisena temperatura,2013,46,0.0,2013-11-11,,1.0
povisena temperatura,2013,47,0.0,2013-11-18,,1.0
povisena temperatura,2013,48,56.0,2013-11-25,,1.0
povisena temperatura,2013,49,0.0,2013-12-02,,1.0
povisena temperatura,2013,50,0.0,2013-12-09,,1.0
povisena temperatura,2013,51,0.0,2013-12-16,,1.0
povisena temperatura,2013,52,0.0,2013-12-23,,1.0
povisena temperatura,2014,1,59.0,2013-12-30,,1.0
povisena temperatura,2014,2,0.0,2014-01-06,1.0,1.0
povisena temperatura,2014,3,0.0,2014-01-13,2.0,1.0
povisena temperatura,2014,4,61.0,2014-01-20,3.0,1.0
povisena temperatura,2014,5,54.0,2014-01-27,2.0,1.0
povisena temperatura,2014,6,0.0,2014-02-03,3.0,1.0
povisena temperatura,2014,7,0.0,2014-02-10,20.0,1.0
povisena temperatura,2014,8,75.0,2014-02-17,6.0,1.0
povisena temperatura,2014,9,54.0,2014-02-24,15.0,1.0
povisena temperatura,2014,10,0.0,2014-03-03,12.0,1.0
povisena temperatura,2014,11,62.0,2014-03-10,15.0,1.0
povisena temperatura,2014,12,0.0,2014-03-17,16.0,1.0
povisena temperatura,2014,13,0.0,2014-03-24,20.0,1.0
povisena temperatura,2014,14,62.0,2014-03-31,9.0,1.0
povisena temperatura,2014,15,0.0,2014-04-07,5.0,1.0
povisena temperatura,2014,16,0.0,2014-04-14,3.0,1.0
povisena temperatura,2014,17,0.0,2014-04-21,1.0,1.0
povisena temperatura,2014,18,0.0,2014-04-28,,1.0
povisena temperatura,2014,19,0.0,2014-05-05,1.0,1.0
povisena temperatura,2014,20,0.0,2014-05-12,,1.0
povisena temperatura,2014,21,86.0,2014-05-19,,
povisena temperatura,2014,22,0.0,2014-05-26,,
povisena temperatura,2014,23,0.0,2014-06-02,,
povisena temperatura,2014,24,0.0,2014-06-09,,
povisena temperatura,2014,25,0.0,2014-06-16,,
povisena temperatura,2014,26,0.0,2014-06-23,,
povisena temperatura,2014,27,0.0,2014-06-30,,
povisena temperatura,2014,28,0.0,2014-07-07,,
povisena temperatura,2014,29,0.0,2014-07-14,,
povisena temperatura,2014,30,0.0,2014-07-21,,
povisena temperatura,2014,31,0.0,2014-07-28,,
povisena temperatura,2014,32,73.0,2014-08-04,,
povisena temperatura,2014,33,0.0,2014-08-11,,
povisena temperatura,2014,34,0.0,2014-08-18,,
povisena temperatura,2014,35,0.0,2014-08-25,,
povisena temperatura,2014,36,0.0,2014-09-01,,
povisena temperatura,2014,37,0.0,2014-09-08,,
povisena temperatura,2014,38,71.0,2014-09-15,,
povisena temperatura,2014,39,0.0,2014-09-22,1.0,1.0
povisena temperatura,2014,40,0.0,2014-09-29,1.0,1.0
povisena temperatura,2014,41,100.0,2014-10-06,,1.0
povisena temperatura,2014,42,0.0,2014-10-13,,1.0
povisena temperatura,2014,43,0.0,2014-10-20,,1.0
povisena temperatura,2014,44,73.0,2014-10-27,,1.0
povisena temperatura,2014,45,0.0,2014-11-03,,1.0
povisena temperatura,2014,46,0.0,2014-11-10,,1.0
povisena temperatura,2014,47,58.0,2014-11-17,,1.0
povisena temperatura,2014,48,0.0,2014-11-24,,1.0
povisena temperatura,2014,49,0.0,2014-12-01,,1.0
povisena temperatura,2014,50,0.0,2014-12-08,,1.0
povisena temperatura,2014,51,0.0,2014-12-15,,1.0
povisena temperatura,2014,52,0.0,2014-12-22,,1.0
povisena temperatura,2015,1,79.0,2014-12-29,,1.0
povisena temperatura,2015,2,81.0,2015-01-05,,1.0
povisena temperatura,2015,3,0.0,2015-01-12,2.0,1.0
povisena temperatura,2015,4,0.0,2015-01-19,11.0,1.0
povisena temperatura,2015,5,61.0,2015-01-26,22.0,1.0
povisena temperatura,2015,6,54.0,2015-02-02,26.0,1.0
povisena temperatura,2015,7,0.0,2015-02-09,51.0,1.0
povisena temperatura,2015,8,0.0,2015-02-16,28.0,1.0
povisena temperatura,2015,9,60.0,2015-02-23,67.0,1.0
povisena temperatura,2015,10,0.0,2015-03-02,40.0,1.0
povisena temperatura,2015,11,70.0,2015-03-09,58.0,1.0
povisena temperatura,2015,12,0.0,2015-03-16,38.0,1.0
povisena temperatura,2015,13,77.0,2015-03-23,30.0,1.0
povisena temperatura,2015,14,0.0,2015-03-30,23.0,1.0
povisena temperatura,2015,15,0.0,2015-04-06,13.0,1.0
povisena temperatura,2015,16,0.0,2015-04-13,11.0,1.0
povisena temperatura,2015,17,89.0,2015-04-20,5.0,1.0
povisena temperatura,2015,18,61.0,2015-04-27,2.0,1.0
povisena temperatura,2015,19,0.0,2015-05-04,1.0,1.0
povisena temperatura,2015,20,0.0,2015-05-11,,1.0
povisena temperatura,2015,21,0.0,2015-05-18,,
povisena temperatura,2015,22,0.0,2015-05-25,,
povisena temperatura,2015,23,0.0,2015-06-01,,
povisena temperatura,2015,24,0.0,2015-06-08,,
povisena temperatura,2015,25,0.0,2015-06-15,,
povisena temperatura,2015,26,0.0,2015-06-22,,
povisena temperatura,2015,27,0.0,2015-06-29,,
povisena temperatura,2015,28,63.0,2015-07-06,,
povisena temperatura,2015,29,0.0,2015-07-13,,
povisena temperatura,2015,30,0.0,2015-07-20,,
povisena temperatura,2015,31,73.0,2015-07-27,,
povisena temperatura,2015,32,56.0,2015-08-03,,
povisena temperatura,2015,33,75.0,2015-08-10,,
povisena temperatura,2015,34,0.0,2015-08-17,,
povisena temperatura,2015,35,63.0,2015-08-24,,
povisena temperatura,2015,36,0.0,2015-08-31,,
povisena temperatura,2015,37,55.0,2015-09-07,,
povisena temperatura,2015,38,0.0,2015-09-14,,
povisena temperatura,2015,39,0.0,2015-09-21,,
povisena temperatura,2015,40,74.0,2015-09-28,,
povisena temperatura,2015,41,0.0,2015-10-05,,
povisena temperatura,2015,42,58.0,2015-10-12,,
povisena temperatura,2015,43,0.0,2015-10-19,,
povisena temperatura,2015,44,52.0,2015-10-26,,
povisena temperatura,2015,45,0.0,2015-11-02,,1.0
povisena temperatura,2015,46,70.0,2015-11-09,,1.0
povisena temperatura,2015,47,0.0,2015-11-16,,1.0
povisena temperatura,2015,48,50.0,2015-11-23,,1.0
povisena temperatura,2015,49,54.0,2015-11-30,,1.0
povisena temperatura,2015,50,0.0,2015-12-07,,1.0
povisena temperatura,2015,51,0.0,2015-12-14,,1.0
povisena temperatura,2015,52,0.0,2015-12-21,,1.0
povisena temperatura,2015,53,73.08196721311475,2015-12-28,,1.0
povisena temperatura,2016,1,0.0,2016-01-04,3.0,1.0
povisena temperatura,2016,2,65.97677595628414,2016-01-11,6.0,1.0
povisena temperatura,2016,3,0.0,2016-01-18,16.0,1.0
povisena temperatura,2016,4,48.721311475409834,2016-01-25,14.0,1.0
povisena temperatura,2016,5,48.721311475409834,2016-02-01,26.0,1.0
povisena temperatura,2016,6,50.75136612021858,2016-02-08,36.0,1.0
povisena temperatura,2016,7,0.0,2016-02-15,14.0,1.0
povisena temperatura,2016,8,53.79644808743169,2016-02-22,33.0,1.0
povisena temperatura,2016,9,0.0,2016-02-29,44.0,1.0
povisena temperatura,2016,10,50.75136612021858,2016-03-07,50.0,1.0
povisena temperatura,2016,11,61.916666666666664,2016-03-14,35.0,1.0
povisena temperatura,2016,12,70.03688524590163,2016-03-21,54.0,1.0
povisena temperatura,2016,13,0.0,2016-03-28,57.0,1.0
povisena temperatura,2016,14,0.0,2016-04-04,39.0,1.0
povisena temperatura,2016,15,0.0,2016-04-11,26.0,1.0
povisena temperatura,2016,16,0.0,2016-04-18,2.0,1.0
povisena temperatura,2016,17,0.0,2016-04-25,2.0,1.0
povisena temperatura,2016,18,0.0,2016-05-02,4.0,1.0
povisena temperatura,2016,19,0.0,2016-05-09,,1.0
povisena temperatura,2016,20,0.0,2016-05-16,,1.0
povisena temperatura,2016,21,0.0,2016-05-23,,
povisena temperatura,2016,22,56.84153005464481,2016-05-30,,
povisena temperatura,2016,23,0.0,2016-06-06,,
povisena temperatura,2016,24,0.0,2016-06-13,,
povisena temperatura,2016,25,0.0,2016-06-20,,
povisena temperatura,2016,26,60.90163934426229,2016-06-27,,
povisena temperatura,2016,27,0.0,2016-07-04,,
povisena temperatura,2016,28,0.0,2016-07-11,,
povisena temperatura,2016,29,66.99180327868852,2016-07-18,,
povisena temperatura,2016,30,0.0,2016-07-25,,
povisena temperatura,2016,31,0.0,2016-08-01,,
povisena temperatura,2016,32,101.50273224043715,2016-08-08,,
povisena temperatura,2016,33,0.0,2016-08-15,,
povisena temperatura,2016,34,72.06693989071039,2016-08-22,,
povisena temperatura,2016,35,0.0,2016-08-29,,
povisena temperatura,2016,36,0.0,2016-09-05,,
povisena temperatura,2016,37,0.0,2016-09-12,,
povisena temperatura,2016,38,0.0,2016-09-19,,
povisena temperatura,2016,39,0.0,2016-09-26,,
povisena temperatura,2016,40,0.0,2016-10-03,,
povisena temperatura,2016,41,0.0,2016-10-10,,1.0
povisena temperatura,2016,42,0.0,2016-10-17,,1.0
povisena temperatura,2016,43,0.0,2016-10-24,,1.0
povisena temperatura,2016,44,0.0,2016-10-31,,1.0
povisena temperatura,2016,45,0.0,2016-11-07,,1.0
povisena temperatura,2016,46,0.0,2016-11-14,,1.0
povisena temperatura,2016,47,0.0,2016-11-21,,1.0
povisena temperatura,2016,48,0.0,2016-11-28,,1.0
povisena temperatura,2016,49,66.99180327868852,2016-12-05,9.0,1.0
povisena temperatura,2016,50,72.06693989071039,2016-12-12,84.0,1.0
povisena temperatura,2016,51,78.1571038251366,2016-12-19,109.0,1.0
povisena temperatura,2016,52,58.87158469945355,2016-12-26,162.0,1.0
povisena temperatura,2017,1,0.0,2017-01-02,77.0,1.0
povisena temperatura,2017,2,0.0,2017-01-09,,1.0
povisena temperatura,2017,3,60.90163934426229,2017-01-16,,1.0
povisena temperatura,2017,4,61.916666666666664,2017-01-23,,1.0
povisena temperatura,2017,5,0.0,2017-01-30,,1.0
povisena temperatura,2017,6,0.0,2017-02-06,,1.0
povisena temperatura,2017,7,0.0,2017-02-13,5.0,1.0
povisena temperatura,2017,8,0.0,2017-02-20,11.0,1.0
povisena temperatura,2017,9,0.0,2017-02-27,4.0,1.0
povisena temperatura,2017,10,0.0,2017-03-06,2.0,1.0
povisena temperatura,2017,11,0.0,2017-03-13,,1.0
povisena temperatura,2017,12,0.0,2017-03-20,,1.0
povisena temperatura,2017,13,0.0,2017-03-27,,1.0
povisena temperatura,2017,14,77.14207650273224,2017-04-03,,1.0
povisena temperatura,2017,15,0.0,2017-04-10,,1.0
povisena temperatura,2017,16,0.0,2017-04-17,,1.0
povisena temperatura,2017,17,0.0,2017-04-24,,1.0
povisena temperatura,2017,18,61.916666666666664,2017-05-01,,1.0
povisena temperatura,2017,19,0.0,2017-05-08,,1.0
povisena temperatura,2017,20,0.0,2017-05-15,,1.0
povisena temperatura,2017,21,83.23224043715847,2017-05-22,,
povisena temperatura,2017,22,0.0,2017-05-29,,
povisena temperatura,2017,23,62.93169398907104,2017-06-05,,
povisena temperatura,2017,24,0.0,2017-06-12,,
povisena temperatura,2017,25,0.0,2017-06-19,,
povisena temperatura,2017,26,0.0,2017-06-26,,
povisena temperatura,2017,27,0.0,2017-07-03,,
povisena temperatura,2017,28,0.0,2017-07-10,,
povisena temperatura,2017,29,0.0,2017-07-17,,
povisena temperatura,2017,30,0.0,2017-07-24,,
povisena temperatura,2017,31,85.26229508196721,2017-07-31,,
povisena temperatura,2017,32,0.0,2017-08-07,,
povisena temperatura,2017,33,0.0,2017-08-14,,
povisena temperatura,2017,34,0.0,2017-08-21,,
povisena temperatura,2017,35,0.0,2017-08-28,,
povisena temperatura,2017,36,70.03688524590163,2017-09-04,,
povisena temperatura,2017,37,0.0,2017-09-11,,
povisena temperatura,2017,38,0.0,2017-09-18,,
povisena temperatura,2017,39,0.0,2017-09-25,,
povisena temperatura,2017,40,0.0,2017-10-02,,1.0
povisena temperatura,2017,41,0.0,2017-10-09,,1.0
povisena temperatura,2017,42,87.29234972677595,2017-10-16,,1.0
povisena temperatura,2017,43,0.0,2017-10-23,,1.0
povisena temperatura,2017,44,78.1571038251366,2017-10-30,,2.0
povisena temperatura,2017,45,0.0,2017-11-06,,2.0
povisena temperatura,2017,46,0.0,2017-11-13,,3.0
povisena temperatura,2017,47,0.0,2017-11-20,,3.0
povisena temperatura,2017,48,0.0,2017-11-27,,3.0
povisena temperatura,2017,49,0.0,2017-12-04,,3.0
povisena temperatura,2017,50,54.81147540983606,2017-12-11,6.0,3.0
povisena temperatura,2017,51,0.0,2017-12-18,19.0,3.0
povisena temperatura,2017,52,57.85655737704918,2017-12-25,26.0,3.0
povisena temperatura,2018,1,0.0,2018-01-01,22.0,3.0
povisena temperatura,2018,2,0.0,2018-01-08,37.0,3.0
povisena temperatura,2018,3,76.12704918032787,2018-01-15,88.0,3.0
povisena temperatura,2018,4,50.75136612021858,2018-01-22,103.0,4.0
povisena temperatura,2018,5,84.24726775956285,2018-01-29,124.0,5.0
povisena temperatura,2018,6,66.99180327868852,2018-02-05,121.0,5.0
povisena temperatura,2018,7,0.0,2018-02-12,66.0,5.0
povisena temperatura,2018,8,0.0,2018-02-19,77.0,4.0
povisena temperatura,2018,9,0.0,2018-02-26,59.0,4.0
povisena temperatura,2018,10,0.0,2018-03-05,29.0,4.0
povisena temperatura,2018,11,0.0,2018-03-12,20.0,4.0
povisena temperatura,2018,12,0.0,2018-03-19,14.0,3.0
povisena temperatura,2018,13,0.0,2018-03-26,30.0,3.0
povisena temperatura,2018,14,0.0,2018-04-02,21.0,3.0
povisena temperatura,2018,15,0.0,2018-04-09,16.0,3.0
povisena temperatura,2018,16,0.0,2018-04-16,1.0,3.0
povisena temperatura,2018,17,0.0,2018-04-23,,2.0
povisena temperatura,2018,18,0.0,2018-04-30,,2.0
povisena temperatura,2018,19,0.0,2018-05-07,,1.0
povisena temperatura,2018,20,0.0,2018-05-14,,1.0
povisena temperatura,2018,21,0.0,2018-05-21,,1.0
povisena temperatura,2018,22,0.0,2018-05-28,,1.0
povisena temperatura,2018,23,0.0,2018-06-04,,1.0
povisena temperatura,2018,24,0.0,2018-06-11,,1.0
povisena temperatura,2018,25,0.0,2018-06-18,,1.0
povisena temperatura,2018,26,0.0,2018-06-25,,1.0
povisena temperatura,2018,27,0.0,2018-07-02,,1.0
povisena temperatura,2018,28,0.0,2018-07-09,,1.0
povisena temperatura,2018,29,55.76897081922966,2018-07-16,,1.0
povisena temperatura,2018,30,0.0,2018-07-23,,1.0
povisena temperatura,2018,31,0.0,2018-07-30,,1.0
povisena temperatura,2018,32,63.93028362204376,2018-08-06,,1.0
povisena temperatura,2018,33,0.0,2018-08-13,,1.0
povisena temperatura,2018,34,0.0,2018-08-20,,1.0
povisena temperatura,2018,35,0.0,2018-08-27,,1.0
povisena temperatura,2018,36,0.0,2018-09-03,,1.0
povisena temperatura,2018,37,55.76897081922966,2018-09-10,,1.0
povisena temperatura,2018,38,0.0,2018-09-17,,1.0
povisena temperatura,2018,39,0.0,2018-09-24,,1.0
povisena temperatura,2018,40,0.0,2018-10-01,,1.0
povisena temperatura,2018,41,0.0,2018-10-08,,1.0
povisena temperatura,2018,42,0.0,2018-10-15,,1.0
povisena temperatura,2018,43,0.0,2018-10-22,,1.0
povisena temperatura,2018,44,0.0,2018-10-29,,1.0
povisena temperatura,2018,45,136.0218800469016,2018-11-05,,1.0
povisena temperatura,2018,46,0.0,2018-11-12,,1.0
povisena temperatura,2018,47,0.0,2018-11-19,,1.0
povisena temperatura,2018,48,0.0,2018-11-26,,1.0
povisena temperatura,2018,49,0.0,2018-12-03,,1.0
povisena temperatura,2018,50,0.0,2018-12-10,,1.0
povisena temperatura,2018,51,53.04853321829163,2018-12-17,,1.0
povisena temperatura,2018,52,61.209846021105726,2018-12-24,3.0,1.0
povisena temperatura,2019,1,73.45181522532687,2018-12-31,11.0,2.0
povisena temperatura,2019,2,0.0,2019-01-07,16.0,2.0
povisena temperatura,2019,3,0.0,2019-01-14,42.0,2.0
povisena temperatura,2019,4,55.76897081922966,2019-01-21,99.0,2.0
povisena temperatura,2019,5,0.0,2019-01-28,273.0,4.0
povisena temperatura,2019,6,62.57006482157474,2019-02-04,388.0,4.0
povisena temperatura,2019,7,47.60765801641556,2019-02-11,309.0,4.0
povisena temperatura,2019,8,0.0,2019-02-18,307.0,4.0
povisena temperatura,2019,9,51.68831441782261,2019-02-25,138.0,3.0
povisena temperatura,2019,10,0.0,2019-03-04,100.0,3.0
povisena temperatura,2019,11,0.0,2019-03-11,50.0,3.0
povisena temperatura,2019,12,0.0,2019-03-18,25.0,2.0
povisena temperatura,2019,13,0.0,2019-03-25,40.0,2.0
povisena temperatura,2019,14,0.0,2019-04-01,17.0,2.0
povisena temperatura,2019,15,0.0,2019-04-08,14.0,2.0
povisena temperatura,2019,16,0.0,2019-04-15,5.0,2.0
povisena temperatura,2019,17,0.0,2019-04-22,9.0,2.0
povisena temperatura,2019,18,0.0,2019-04-29,,2.0
povisena temperatura,2019,19,0.0,2019-05-06,,2.0
povisena temperatura,2019,20,0.0,2019-05-13,,2.0
povisena temperatura,2019,21,0.0,2019-05-20,,1.0
povisena temperatura,2019,22,0.0,2019-05-27,,1.0
povisena temperatura,2019,23,0.0,2019-06-03,,1.0
povisena temperatura,2019,24,0.0,2019-06-10,,1.0
povisena temperatura,2019,25,58.48940842016769,2019-06-17,,1.0
povisena temperatura,2019,26,0.0,2019-06-24,,1.0
povisena temperatura,2019,27,0.0,2019-07-01,,1.0
povisena temperatura,2019,28,0.0,2019-07-08,,1.0
povisena temperatura,2019,29,0.0,2019-07-15,,1.0
povisena temperatura,2019,30,0.0,2019-07-22,,1.0
povisena temperatura,2019,31,0.0,2019-07-29,,1.0
povisena temperatura,2019,32,68.0109400234508,2019-08-05,,1.0
povisena temperatura,2019,33,0.0,2019-08-12,,1.0
povisena temperatura,2019,34,0.0,2019-08-19,,1.0
povisena temperatura,2019,35,0.0,2019-08-26,,1.0
povisena temperatura,2019,36,0.0,2019-09-02,,1.0
povisena temperatura,2019,37,0.0,2019-09-09,,1.0
povisena temperatura,2019,38,0.0,2019-09-16,,1.0
povisena temperatura,2019,39,0.0,2019-09-23,,1.0
povisena temperatura,2019,40,62.57006482157474,2019-09-30,,1.0
povisena temperatura,2019,41,51.68831441782261,2019-10-07,,1.0
povisena temperatura,2019,42,0.0,2019-10-14,,1.0
povisena temperatura,2019,43,0.0,2019-10-21,,1.0
povisena temperatura,2019,44,51.68831441782261,2019-10-28,,1.0
povisena temperatura,2019,45,0.0,2019-11-04,,1.0
povisena temperatura,2019,46,0.0,2019-11-11,,1.0
povisena temperatura,2019,47,51.68831441782261,2019-11-18,,1.0
povisena temperatura,2019,48,58.48940842016769,2019-11-25,,1.0
povisena temperatura,2019,49,0.0,2019-12-02,6.0,2.0
povisena temperatura,2019,50,53.04853321829163,2019-12-09,9.0,2.0
povisena temperatura,2019,51,53.04853321829163,2019-12-16,10.0,3.0
povisena temperatura,2019,52,0.0,2019-12-23,8.0,3.0
povisena temperatura,2020,1,0.0,2019-12-30,10.0,3.0
povisena temperatura,2020,2,48.96787681688458,2020-01-06,24.0,3.0
povisena temperatura,2020,3,58.48940842016769,2020-01-13,60.0,3.0
povisena temperatura,2020,4,51.68831441782261,2020-01-20,179.0,3.0
povisena temperatura,2020,5,0.0,2020-01-27,235.0,3.0
povisena temperatura,2020,6,47.60765801641556,2020-02-03,290.0,5.0
povisena temperatura,2020,7,0.0,2020-02-10,191.0,5.0
povisena temperatura,2020,8,0.0,2020-02-17,83.0,4.0
povisena temperatura,2020,9,59.849627220636705,2020-02-24,93.0,3.0
povisena temperatura,2020,10,77.53247162673392,2020-03-02,34.0,3.0
povisena temperatura,2020,11,96.57553483330014,2020-03-09,37.0,3.0
povisena temperatura,2020,12,93.85509723236213,2020-03-16,6.0,2.0
povisena temperatura,2020,13,121.05947324174244,2020-03-23,,2.0
povisena temperatura,2020,14,78.89269042720294,2020-03-30,,1.0
povisena temperatura,2020,15,57.12918961969868,2020-04-06,,1.0
povisena temperatura,2020,16,61.209846021105726,2020-04-13,,1.0
povisena temperatura,2020,17,66.65072122298179,2020-04-20,,1.0
povisena temperatura,2020,18,48.96787681688458,2020-04-27,,1.0
povisena temperatura,2020,19,0.0,2020-05-04,,1.0
povisena temperatura,2020,20,0.0,2020-05-11,,1.0
povisena temperatura,2020,21,0.0,2020-05-18,,1.0
povisena temperatura,2020,22,0.0,2020-05-25,,1.0
povisena temperatura,2020,23,0.0,2020-06-01,,1.0
povisena temperatura,2020,24,0.0,2020-06-08,,1.0
povisena temperatura,2020,25,85.69378442954802,2020-06-15,,1.0
povisena temperatura,2020,26,68.0109400234508,2020-06-22,,1.0
povisena temperatura,2020,27,99.29597243423818,2020-06-29,,1.0
povisena temperatura,2020,28,72.09159642485785,2020-07-06,,1.0
povisena temperatura,2020,29,92.4948784318931,2020-07-13,,1.0
povisena temperatura,2020,30,81.61312802814096,2020-07-20,,1.0
povisena temperatura,2020,31,58.48940842016769,2020-07-27,,1.0
povisena temperatura,2020,32,0.0,2020-08-03,,1.0
povisena temperatura,2020,33,0.0,2020-08-10,,1.0
povisena temperatura,2020,34,44.88722041547753,2020-08-17,,1.0
povisena temperatura,2020,35,0.0,2020-08-24,,1.0
povisena temperatura,2020,36,0.0,2020-08-31,,1.0
povisena temperatura,2020,37,55.76897081922966,2020-09-07,,1.0
povisena temperatura,2020,38,0.0,2020-09-14,,1.0
povisena temperatura,2020,39,0.0,2020-09-21,,1.0
povisena temperatura,2020,40,0.0,2020-09-28,,1.0
povisena temperatura,2020,41,0.0,2020-10-05,,1.0
povisena temperatura,2020,42,0.0,2020-10-12,,1.0
povisena temperatura,2020,43,0.0,2020-10-19,,1.0
povisena temperatura,2020,44,47.60765801641556,2020-10-26,,2.0
povisena temperatura,2020,45,72.09159642485785,2020-11-02,,2.0
povisena temperatura,2020,46,59.849627220636705,2020-11-09,,2.0
povisena temperatura,2020,47,70.73137762438884,2020-11-16,,2.0
povisena temperatura,2020,48,73.45181522532687,2020-11-23,,1.0
povisena temperatura,2020,49,77.53247162673392,2020-11-30,,1.0
povisena temperatura,2020,50,91.13465963142409,2020-12-07,,1.0
povisena temperatura,2020,51,69.37115882391983,2020-12-14,,1.0
povisena temperatura,2020,52,0.0,2020-12-21,,1.0
povisena temperatura,2020,53,57.71623141779584,2020-12-28,,1.0
povisena temperatura,2021,1,0.0,2021-01-04,,1.0
povisena temperatura,2021,2,65.67709092369871,2021-01-11,,1.0
povisena temperatura,2021,3,53.7358016648444,2021-01-18,,1.0
povisena temperatura,2021,4,47.765157035417246,2021-01-25,,1.0
povisena temperatura,2021,5,0.0,2021-02-01,,1.0
povisena temperatura,2021,6,58.7113388560337,2021-02-08,,1.0
povisena temperatura,2021,7,0.0,2021-02-15,,1.0
povisena temperatura,2021,8,0.0,2021-02-22,,1.0
povisena temperatura,2021,9,0.0,2021-03-01,,1.0
povisena temperatura,2021,10,67.66730580017443,2021-03-08,,
povisena temperatura,2021,11,0.0,2021-03-15,,
povisena temperatura,2021,12,45.77494215894153,2021-03-22,,
povisena temperatura,2021,13,62.691768608985136,2021-03-29,,
povisena temperatura,2021,14,48.760264473655106,2021-04-05,,
povisena temperatura,2021,15,0.0,2021-04-12,,
povisena temperatura,2021,16,0.0,2021-04-19,,
povisena temperatura,2021,17,0.0,2021-04-26,,
povisena temperatura,2021,18,0.0,2021-05-03,,
povisena temperatura,2021,19,45.77494215894153,2021-05-10,,
povisena temperatura,2021,20,0.0,2021-05-17,,
povisena temperatura,2021,21,0.0,2021-05-24,,
povisena temperatura,2021,22,0.0,2021-05-31,,
povisena temperatura,2021,23,0.0,2021-06-07,,
povisena temperatura,2021,24,0.0,2021-06-14,,
povisena temperatura,2021,25,0.0,2021-06-21,,
povisena temperatura,2021,26,0.0,2021-06-28,,
povisena temperatura,2021,27,0.0,2021-07-05,,
povisena temperatura,2021,28,59.70644629427156,2021-07-12,,
povisena temperatura,2021,29,50.750479350130824,2021-07-19,,
povisena temperatura,2021,30,0.0,2021-07-26,,
povisena temperatura,2021,31,0.0,2021-08-02,,
povisena temperatura,2021,32,48.760264473655106,2021-08-09,,
povisena temperatura,2021,33,0.0,2021-08-16,,
povisena temperatura,2021,34,61.69666117074728,2021-08-23,,
povisena temperatura,2021,35,0.0,2021-08-30,,
povisena temperatura,2021,36,0.0,2021-09-06,,
povisena temperatura,2021,37,74.63305786783945,2021-09-13,,
povisena temperatura,2021,38,49.755371911892965,2021-09-20,,
povisena temperatura,2021,39,56.72112397955798,2021-09-27,,
povisena temperatura,2021,40,52.74069422660654,2021-10-04,,1.0
povisena temperatura,2021,41,62.691768608985136,2021-10-11,,1.0
povisena temperatura,2021,42,0.0,2021-10-18,,1.0
povisena temperatura,2021,43,51.74558678836868,2021-10-25,,1.0
povisena temperatura,2021,44,0.0,2021-11-01,,1.0
povisena temperatura,2021,45,0.0,2021-11-08,,1.0
povisena temperatura,2021,46,0.0,2021-11-15,,1.0
povisena temperatura,2021,47,48.760264473655106,2021-11-22,,1.0
povisena temperatura,2021,48,81.59880993550446,2021-11-29,,1.0
povisena temperatura,2021,49,0.0,2021-12-06,,1.0
povisena temperatura,2021,50,0.0,2021-12-13,1.0,1.0
povisena temperatura,2021,51,0.0,2021-12-20,1.0,1.0
povisena temperatura,2021,52,57.71623141779584,2021-12-27,12.0,1.0
povisena temperatura,2022,1,0.0,2022-01-03,21.0,1.0
povisena temperatura,2022,2,68.66241323841228,2022-01-10,16.0,1.0
povisena temperatura,2022,3,0.0,2022-01-17,19.0,1.0
povisena temperatura,2022,4,0.0,2022-01-24,7.0,1.0
povisena temperatura,2022,5,44.77983472070367,2022-01-31,4.0,1.0
povisena temperatura,2022,6,59.70644629427156,2022-02-07,31.0,1.0
povisena temperatura,2022,7,36.818975214800794,2022-02-14,25.0,1.0
povisena temperatura,2022,8,0.0,2022-02-21,12.0,1.0
povisena temperatura,2022,9,0.0,2022-02-28,3.0,1.0
povisena temperatura,2022,10,0.0,2022-03-07,34.0,1.0
povisena temperatura,2022,11,0.0,2022-03-14,77.0,1.0
povisena temperatura,2022,12,44.77983472070367,2022-03-21,77.0,1.0
povisena temperatura,2022,13,0.0,2022-03-28,66.0,1.0
povisena temperatura,2022,14,0.0,2022-04-04,43.0,1.0
povisena temperatura,2022,15,0.0,2022-04-11,32.0,1.0
povisena temperatura,2022,16,50.750479350130824,2022-04-18,17.0,1.0
povisena temperatura,2022,17,0.0,2022-04-25,8.0,1.0
povisena temperatura,2022,18,0.0,2022-05-02,4.0,1.0
povisena temperatura,2022,19,49.755371911892965,2022-05-09,3.0,1.0
povisena temperatura,2022,20,0.0,2022-05-16,4.0,1.0
povisena temperatura,2022,21,0.0,2022-05-23,3.0,1.0
povisena temperatura,2022,22,41.79451240599009,2022-05-30,,1.0
povisena temperatura,2022,23,0.0,2022-06-06,,1.0
povisena temperatura,2022,24,0.0,2022-06-13,,1.0
povisena temperatura,2022,25,0.0,2022-06-20,,1.0
povisena temperatura,2022,26,41.79451240599009,2022-06-27,,
povisena temperatura,2022,27,0.0,2022-07-04,,1.0
povisena temperatura,2022,28,48.760264473655106,2022-07-11,,1.0
povisena temperatura,2022,29,0.0,2022-07-18,,1.0
povisena temperatura,2022,30,40.79940496775223,2022-07-25,,1.0
povisena temperatura,2022,31,0.0,2022-08-01,,1.0
povisena temperatura,2022,32,0.0,2022-08-08,,1.0
povisena temperatura,2022,33,0.0,2022-08-15,,
povisena temperatura,2022,34,40.79940496775223,2022-08-22,,
povisena temperatura,2022,35,0.0,2022-08-29,,
povisena temperatura,2022,36,0.0,2022-09-05,,
povisena temperatura,2022,37,0.0,2022-09-12,,
povisena temperatura,2022,38,0.0,2022-09-19,,
povisena temperatura,2022,39,0.0,2022-09-26,,
povisena temperatura,2022,40,45.77494215894153,2022-10-03,,1.0
povisena temperatura,2022,41,0.0,2022-10-10,,1.0
povisena temperatura,2022,42,0.0,2022-10-17,,1.0
povisena temperatura,2022,43,0.0,2022-10-24,,1.0
povisena temperatura,2022,44,36.818975214800794,2022-10-31,,1.0
povisena temperatura,2022,45,0.0,2022-11-07,1.0,1.0
povisena temperatura,2022,46,0.0,2022-11-14,,1.0
povisena temperatura,2022,47,60.70155373250942,2022-11-21,,1.0
povisena temperatura,2022,48,0.0,2022-11-28,2.0,1.0
povisena temperatura,2022,49,0.0,2022-12-05,5.0,1.0
povisena temperatura,2022,50,0.0,2022-12-12,26.0,1.0
povisena temperatura,2022,51,0.0,2022-12-19,36.0,1.0
povisena temperatura,2022,52,50.750479350130824,2022-12-26,31.0,1.0
povisena temperatura,2023,1,0.0,2023-01-02,24.0,1.0
povisena temperatura,2023,2,0.0,2023-01-09,78.0,1.0
povisena temperatura,2023,3,0.0,2023-01-16,72.0,1.0
povisena temperatura,2023,4,39.80429752951437,2023-01-23,58.0,1.0
povisena temperatura,2023,5,46.77004959717939,2023-01-30,75.0,1.0
povisena temperatura,2023,6,0.0,2023-02-06,91.0,1.0
povisena temperatura,2023,7,0.0,2023-02-13,70.0,1.0
povisena temperatura,2023,8,0.0,2023-02-20,85.0,1.0
povisena temperatura,2023,9,34.828760338325075,2023-02-27,33.0,1.0
povisena temperatura,2023,10,0.0,2023-03-06,32.0,1.0
povisena temperatura,2023,11,0.0,2023-03-13,26.0,1.0
povisena temperatura,2023,12,0.0,2023-03-20,25.0,1.0
povisena temperatura,2023,13,0.0,2023-03-27,10.0,1.0
povisena temperatura,2023,14,0.0,2023-04-03,12.0,1.0
povisena temperatura,2023,15,0.0,2023-04-10,3.0,1.0
povisena temperatura,2023,16,0.0,2023-04-17,1.0,1.0
povisena temperatura,2023,17,0.0,2023-04-24,1.0,1.0
povisena temperatura,2023,18,0.0,2023-05-01,,1.0
povisena temperatura,2023,19,0.0,2023-05-08,,1.0
povisena temperatura,2023,20,0.0,2023-05-15,,1.0
povisena temperatura,2023,21,0.0,2023-05-22,,1.0
povisena temperatura,2023,22,0.0,2023-05-29,,1.0
povisena temperatura,2023,23,0.0,2023-06-05,,1.0
povisena temperatura,2023,24,0.0,2023-06-12,,1.0
povisena temperatura,2023,25,0.0,2023-06-19,,1.0
povisena temperatura,2023,26,0.0,2023-06-26,,
povisena temperatura,2023,27,48.80366479806424,2023-07-03,,
povisena temperatura,2023,28,0.0,2023-07-10,,1.0
povisena temperatura,2023,29,0.0,2023-07-17,,1.0
povisena temperatura,2023,30,0.0,2023-07-24,,1.0
povisena temperatura,2023,31,0.0,2023-07-31,,1.0
povisena temperatura,2023,32,0.0,2023-08-07,,1.0
povisena temperatura,2023,33,0.0,2023-08-14,,1.0
povisena temperatura,2023,34,39.686496648975314,2023-08-21,,1.0
povisena temperatura,2023,35,0.0,2023-08-28,,1.0
povisena temperatura,2023,36,53.63040087699367,2023-09-04,,1.0
povisena temperatura,2023,37,0.0,2023-09-11,,1.0
povisena temperatura,2023,38,0.0,2023-09-18,,1.0
povisena temperatura,2023,39,0.0,2023-09-25,,1.0
povisena temperatura,2023,40,0.0,2023-10-02,,1.0
povisena temperatura,2023,41,0.0,2023-10-09,,1.0
povisena temperatura,2023,42,0.0,2023-10-16,,1.0
povisena temperatura,2023,43,40.759104666515185,2023-10-23,,1.0
povisena temperatura,2023,44,36.468672596355695,2023-10-30,,1.0
povisena temperatura,2023,45,0.0,2023-11-06,1.0,1.0
povisena temperatura,2023,46,0.0,2023-11-13,,1.0
povisena temperatura,2023,47,0.0,2023-11-20,1.0,1.0
povisena temperatura,2023,48,0.0,2023-11-27,1.0,1.0
povisena temperatura,2023,49,38.61388863143544,2023-12-04,3.0,1.0
povisena temperatura,2023,50,0.0,2023-12-11,7.0,1.0
povisena temperatura,2023,51,0.0,2023-12-18,7.0,1.0
povisena temperatura,2023,52,0.0,2023-12-25,21.0,1.0
povisena temperatura,2024,1,0.0,2024-01-01,10.0,1.0
povisena temperatura,2024,2,0.0,2024-01-08,21.0,1.0
povisena temperatura,2024,3,52.55779285945379,2024-01-15,46.0,1.0
povisena temperatura,2024,4,0.0,2024-01-22,93.0,1.0
povisena temperatura,2024,5,0.0,2024-01-29,130.0,1.0
povisena temperatura,2024,6,0.0,2024-02-05,119.0,1.0
povisena temperatura,2024,7,0.0,2024-02-12,48.0,1.0
povisena temperatura,2024,8,0.0,2024-02-19,82.0,1.0
povisena temperatura,2024,9,0.0,2024-02-26,32.0,1.0
povisena temperatura,2024,10,0.0,2024-03-04,22.0,1.0
povisena temperatura,2024,11,0.0,2024-03-11,4.0,1.0
povisena temperatura,2024,12,0.0,2024-03-18,1.0,1.0
povisena temperatura,2024,13,0.0,2024-03-25,,1.0
povisena temperatura,2024,14,0.0,2024-04-01,3.0,1.0
povisena temperatura,2024,15,0.0,2024-04-08,2.0,1.0
povisena temperatura,2024,16,0.0,2024-04-15,,1.0
povisena temperatura,2024,17,0.0,2024-04-22,1.0,1.0
povisena temperatura,2024,18,0.0,2024-04-29,,1.0
povisena temperatura,2024,19,0.0,2024-05-06,1.0,1.0
povisena temperatura,2024,20,0.0,2024-05-13,,1.0
povisena temperatura,2024,21,0.0,2024-05-20,,1.0
povisena temperatura,2024,22,0.0,2024-05-27,,1.0
povisena temperatura,2024,23,0.0,2024-06-03,,1.0
povisena temperatura,2024,24,0.0,2024-06-10,,1.0
povisena temperatura,2024,25,0.0,2024-06-17,,1.0
povisena temperatura,2024,26,0.0,2024-06-24,,1.0
povisena temperatura,2024,27,0.0,2024-07-01,,1.0
povisena temperatura,2024,28,0.0,2024-07-08,,1.0
povisena temperatura,2024,29,0.0,2024-07-15,,1.0
povisena temperatura,2024,30,0.0,2024-07-22,,1.0
povisena temperatura,2024,31,0.0,2024-07-29,,1.0
povisena temperatura,2024,32,0.0,2024-08-05,,1.0
povisena temperatura,2024,33,0.0,2024-08-12,,1.0
povisena temperatura,2024,34,0.0,2024-08-19,,1.0
povisena temperatura,2024,35,0.0,2024-08-26,,1.0
povisena temperatura,2024,36,0.0,2024-09-02,,1.0
povisena temperatura,2024,37,0.0,2024-09-09,,1.0
povisena temperatura,2024,38,0.0,2024-09-16,,1.0
povisena temperatura,2024,39,0.0,2024-09-23,,1.0
povisena temperatura,2024,40,0.0,2024-09-30,,1.0
povisena temperatura,2024,41,0.0,2024-10-07,1.0,1.0
povisena temperatura,2024,42,0.0,2024-10-14,,1.0
povisena temperatura,2024,43,0.0,2024-10-21,,1.0
povisena temperatura,2024,44,0.0,2024-10-28,,1.0
povisena temperatura,2024,45,0.0,2024-11-04,,1.0
povisena temperatura,2024,46,0.0,2024-11-11,,1.0
povisena temperatura,2024,47,0.0,2024-11-18,,1.0
povisena temperatura,2024,48,0.0,2024-11-25,,1.0
povisena temperatura,2024,49,0.0,2024-12-02,2.0,1.0
povisena temperatura,2024,50,0.0,2024-12-09,13.0,1.0
povisena temperatura,2024,51,0.0,2024-12-16,3.0,1.0
povisena temperatura,2024,52,0.0,2024-12-23,27.0,1.0
povisena temperatura,2025,1,0.0,2024-12-30,6.0,1.0
povisena temperatura,2025,2,0.0,2025-01-06,15.0,1.0
povisena temperatura,2025,3,0.0,2025-01-13,36.0,1.0
povisena temperatura,2025,4,0.0,2025-01-20,77.0,1.0
povisena temperatura,2025,5,50.94888083314398,2025-01-27,71.0,1.0
povisena temperatura,2025,6,0.0,2025-02-03,36.0,1.0
povisena temperatura,2025,7,0.0,2025-02-10,45.0,1.0
povisena temperatura,2025,8,0.0,2025-02-17,43.0,1.0
povisena temperatura,2025,9,0.0,2025-02-24,54.0,1.0
povisena temperatura,2025,10,0.0,2025-03-03,63.0,1.0
povisena temperatura,2025,11,0.0,2025-03-10,19.0,1.0
povisena temperatura,2025,12,0.0,2025-03-17,18.0,1.0
povisena temperatura,2025,13,0.0,2025-03-24,8.0,1.0
povisena temperatura,2025,14,0.0,2025-03-31,2.0,1.0
povisena temperatura,2025,15,0.0,2025-04-07,2.0,1.0
povisena temperatura,2025,16,0.0,2025-04-14,,1.0
povisena temperatura,2025,17,0.0,2025-04-21,,1.0
povisena temperatura,2025,18,0.0,2025-04-28,2.0,1.0
povisena temperatura,2025,19,0.0,2025-05-05,,1.0
povisena temperatura,2025,20,0.0,2025-05-12,,1.0
povisena temperatura,2025,21,0.0,2025-05-19,,1.0
povisena temperatura,2025,22,0.0,2025-05-26,,1.0
povisena temperatura,2025,23,0.0,2025-06-02,,1.0
povisena temperatura,2025,24,0.0,2025-06-09,,1.0
povisena temperatura,2025,25,0.0,2025-06-16,,1.0
povisena temperatura,2025,26,0.0,2025-06-23,,1.0
povisena temperatura,2025,27,0.0,2025-06-30,,
povisena temperatura,2025,28,0.0,2025-07-07,,1.0
povisena temperatura,2025,29,0.0,2025-07-14,,1.0
povisena temperatura,2025,30,0.0,2025-07-21,,1.0
povisena temperatura,2025,31,0.0,2025-07-28,,1.0
povisena temperatura,2025,32,0.0,2025-08-04,,1.0
povisena temperatura,2025,33,0.0,2025-08-11,,1.0
povisena temperatura,2025,34,0.0,2025-08-18,,1.0
povisena temperatura,2025,35,0.0,2025-08-25,,1.0
povisena temperatura,2025,36,0.0,2025-09-01,,1.0
povisena temperatura,2025,37,0.0,2025-09-08,,1.0
povisena temperatura,2025,38,0.0,2025-09-15,,1.0
povisena temperatura,2025,39,0.0,2025-09-22,,1.0
povisena temperatura,2025,40,0.0,2025-09-29,,1.0
povisena temperatura,2025,41,0.0,2025-10-06,,1.0
povisena temperatura,2025,42,0.0,2025-10-13,2.0,1.0
povisena temperatura,2025,43,0.0,2025-10-20,3.0,1.0
povisena temperatura,2025,44,0.0,2025-10-27,,1.0
povisena temperatura,2025,45,0.0,2025-11-03,4.0,1.0
povisena temperatura,2025,46,0.0,2025-11-10,2.0,1.0
povisena temperatura,2025,47,0.0,2025-11-17,11.0,1.0
povisena temperatura,2025,48,0.0,2025-11-24,14.0,1.0
povisena temperatura,2025,49,0.0,2025-12-01,36.0,1.0
povisena temperatura,2025,50,0.0,2025-12-08,55.0,1.0
povisena temperatura,2025,51,0.0,2025-12-15,54.0,1.0
povisena temperatura,2025,52,0.0,2025-12-22,45.0,1.0
povisena temperatura,2026,1,0.0,2025-12-29,24.0,1.0
povisena temperatura,2026,2,0.0,2026-01-05,8.0,1.0
povisena temperatura,2026,3,0.0,2026-01-12,7.0,1.0
povisena temperatura,2026,4,0.0,2026-01-19,15.0,1.0
povisena temperatura,2026,5,0.0,2026-01-26,3.0,1.0
povisena temperatura,2026,6,0.0,2026-02-02,4.0,1.0
povisena temperatura,2026,7,0.0,2026-02-09,,1.0
povisena temperatura,2026,8,0.0,2026-02-16,1.0,1.0
povisena temperatura,2026,9,0.0,2026-02-23,2.0,1.0
povisena temperatura,2026,10,0.0,2026-03-02,,1.0
povisena temperatura,2026,11,0.0,2026-03-09,,1.0
povisena temperatura,2026,12,0.0,2026-03-16,1.0,1.0
povisena temperatura,2026,13,0.0,2026-03-23,,1.0
povisena temperatura,2026,14,0.0,2026-03-30,,1.0
povisena temperatura,2026,15,0.0,2026-04-06,,1.0
povisena temperatura,2026,16,0.0,2026-04-13,,1.0
povisena temperatura,2026,17,0.0,2026-04-20,,
povisena temperatura,2026,18,0.0,2026-04-27,,1.0
povisena temperatura,2026,19,0.0,2026-05-04,,1.0
povisena temperatura,2026,20,0.0,2026-05-11,,1.0
povisena temperatura,2026,21,0.0,2026-05-18,,1.0
povisena temperatura,2026,22,0.0,2026-05-25,,1.0
povisena temperatura,2026,23,0.0,2026-06-01,,1.0
povisena temperatura,2026,24,0.0,2026-06-08,,1.0
povisena temperatura,2026,25,0.0,2026-06-15,,1.0
povisena temperatura,2026,26,0.0,2026-06-22,,1.0
povisena temperatura,2026,27,0.0,2026-06-29,,1.0
povisena temperatura,2026,28,0.0,2026-07-06,,1.0
povisena temperatura,2026,29,0.0,2026-07-13,,1.0
povisena temperatura,2026,30,100.0,2026-07-20,,
povisena temperatura,2026,31,51.0,2026-07-27,,1.0
prehlada,2013,1,62.0,2012-12-31,,
prehlada,2013,2,52.0,2013-01-07,3.0,3.0
prehlada,2013,3,50.0,2013-01-14,16.0,3.0
prehlada,2013,4,46.0,2013-01-21,14.0,3.0
prehlada,2013,5,59.0,2013-01-28,23.0,5.0
prehlada,2013,6,74.0,2013-02-04,30.0,6.0
prehlada,2013,7,47.0,2013-02-11,66.0,6.0
prehlada,2013,8,42.0,2013-02-18,41.0,6.0
prehlada,2013,9,44.0,2013-02-25,29.0,6.0
prehlada,2013,10,23.0,2013-03-04,25.0,6.0
prehlada,2013,11,39.0,2013-03-11,10.0,5.0
prehlada,2013,12,44.0,2013-03-18,7.0,5.0
prehlada,2013,13,37.0,2013-03-25,3.0,1.0
prehlada,2013,14,40.0,2013-04-01,3.0,3.0
prehlada,2013,15,52.0,2013-04-08,1.0,3.0
prehlada,2013,16,25.0,2013-04-15,3.0,3.0
prehlada,2013,17,0.0,2013-04-22,,2.0
prehlada,2013,18,0.0,2013-04-29,,2.0
prehlada,2013,19,22.0,2013-05-06,,2.0
prehlada,2013,20,24.0,2013-05-13,,2.0
prehlada,2013,21,26.0,2013-05-20,,
prehlada,2013,22,37.0,2013-05-27,,
prehlada,2013,23,24.0,2013-06-03,,
prehlada,2013,24,27.0,2013-06-10,,
prehlada,2013,25,38.0,2013-06-17,,
prehlada,2013,26,0.0,2013-06-24,,
prehlada,2013,27,0.0,2013-07-01,,
prehlada,2013,28,0.0,2013-07-08,,
prehlada,2013,29,0.0,2013-07-15,,
prehlada,2013,30,29.0,2013-07-22,,
prehlada,2013,31,0.0,2013-07-29,,
prehlada,2013,32,0.0,2013-08-05,,
prehlada,2013,33,31.0,2013-08-12,,
prehlada,2013,34,0.0,2013-08-19,,
prehlada,2013,35,38.0,2013-08-26,,
prehlada,2013,36,63.0,2013-09-02,,
prehlada,2013,37,76.0,2013-09-09,,
prehlada,2013,38,89.0,2013-09-16,,
prehlada,2013,39,78.0,2013-09-23,,
prehlada,2013,40,81.0,2013-09-30,,
prehlada,2013,41,41.0,2013-10-07,,1.0
prehlada,2013,42,44.0,2013-10-14,,1.0
prehlada,2013,43,42.0,2013-10-21,,1.0
prehlada,2013,44,45.0,2013-10-28,,1.0
prehlada,2013,45,43.0,2013-11-04,,1.0
prehlada,2013,46,32.0,2013-11-11,,1.0
prehlada,2013,47,54.0,2013-11-18,,1.0
prehlada,2013,48,62.0,2013-11-25,,1.0
prehlada,2013,49,51.0,2013-12-02,,1.0
prehlada,2013,50,71.0,2013-12-09,,1.0
prehlada,2013,51,54.0,2013-12-16,,1.0
prehlada,2013,52,42.0,2013-12-23,,1.0
prehlada,2014,1,53.0,2013-12-30,,1.0
prehlada,2014,2,49.0,2014-01-06,1.0,1.0
prehlada,2014,3,31.0,2014-01-13,2.0,1.0
prehlada,2014,4,53.0,2014-01-20,3.0,1.0
prehlada,2014,5,56.0,2014-01-27,2.0,1.0
prehlada,2014,6,68.0,2014-02-03,3.0,1.0
prehlada,2014,7,50.0,2014-02-10,20.0,1.0
prehlada,2014,8,51.0,2014-02-17,6.0,1.0
prehlada,2014,9,63.0,2014-02-24,15.0,1.0
prehlada,2014,10,58.0,2014-03-03,12.0,1.0
prehlada,2014,11,46.0,2014-03-10,15.0,1.0
prehlada,2014,12,51.0,2014-03-17,16.0,1.0
prehlada,2014,13,45.0,2014-03-24,20.0,1.0
prehlada,2014,14,33.0,2014-03-31,9.0,1.0
prehlada,2014,15,24.0,2014-04-07,5.0,1.0
prehlada,2014,16,45.0,2014-04-14,3.0,1.0
prehlada,2014,17,52.0,2014-04-21,1.0,1.0
prehlada,2014,18,55.0,2014-04-28,,1.0
prehlada,2014,19,39.0,2014-05-05,1.0,1.0
prehlada,2014,20,33.0,2014-05-12,,1.0
prehlada,2014,21,23.0,2014-05-19,,
prehlada,2014,22,40.0,2014-05-26,,
prehlada,2014,23,0.0,2014-06-02,,
prehlada,2014,24,32.0,2014-06-09,,
prehlada,2014,25,27.0,2014-06-16,,
prehlada,2014,26,0.0,2014-06-23,,
prehlada,2014,27,0.0,2014-06-30,,
prehlada,2014,28,0.0,2014-07-07,,
prehlada,2014,29,0.0,2014-07-14,,
prehlada,2014,30,24.0,2014-07-21,,
prehlada,2014,31,0.0,2014-07-28,,
prehlada,2014,32,0.0,2014-08-04,,
prehlada,2014,33,46.0,2014-08-11,,
prehlada,2014,34,0.0,2014-08-18,,
prehlada,2014,35,42.0,2014-08-25,,
prehlada,2014,36,49.0,2014-09-01,,
prehlada,2014,37,68.0,2014-09-08,,
prehlada,2014,38,78.0,2014-09-15,,
prehlada,2014,39,88.0,2014-09-22,1.0,1.0
prehlada,2014,40,83.0,2014-09-29,1.0,1.0
prehlada,2014,41,58.0,2014-10-06,,1.0
prehlada,2014,42,67.0,2014-10-13,,1.0
prehlada,2014,43,68.0,2014-10-20,,1.0
prehlada,2014,44,66.0,2014-10-27,,1.0
prehlada,2014,45,46.0,2014-11-03,,1.0
prehlada,2014,46,48.0,2014-11-10,,1.0
prehlada,2014,47,56.0,2014-11-17,,1.0
prehlada,2014,48,40.0,2014-11-24,,1.0
prehlada,2014,49,59.0,2014-12-01,,1.0
prehlada,2014,50,57.0,2014-12-08,,1.0
prehlada,2014,51,59.0,2014-12-15,,1.0
prehlada,2014,52,81.0,2014-12-22,,1.0
prehlada,2015,1,98.0,2014-12-29,,1.0
prehlada,2015,2,61.0,2015-01-05,,1.0
prehlada,2015,3,50.0,2015-01-12,2.0,1.0
prehlada,2015,4,44.0,2015-01-19,11.0,1.0
prehlada,2015,5,60.0,2015-01-26,22.0,1.0
prehlada,2015,6,71.0,2015-02-02,26.0,1.0
prehlada,2015,7,65.0,2015-02-09,51.0,1.0
prehlada,2015,8,61.0,2015-02-16,28.0,1.0
prehlada,2015,9,67.0,2015-02-23,67.0,1.0
prehlada,2015,10,58.0,2015-03-02,40.0,1.0
prehlada,2015,11,45.0,2015-03-09,58.0,1.0
prehlada,2015,12,42.0,2015-03-16,38.0,1.0
prehlada,2015,13,57.0,2015-03-23,30.0,1.0
prehlada,2015,14,46.0,2015-03-30,23.0,1.0
prehlada,2015,15,46.0,2015-04-06,13.0,1.0
prehlada,2015,16,65.0,2015-04-13,11.0,1.0
prehlada,2015,17,46.0,2015-04-20,5.0,1.0
prehlada,2015,18,46.0,2015-04-27,2.0,1.0
prehlada,2015,19,25.0,2015-05-04,1.0,1.0
prehlada,2015,20,38.0,2015-05-11,,1.0
prehlada,2015,21,46.0,2015-05-18,,
prehlada,2015,22,29.0,2015-05-25,,
prehlada,2015,23,36.0,2015-06-01,,
prehlada,2015,24,27.0,2015-06-08,,
prehlada,2015,25,35.0,2015-06-15,,
prehlada,2015,26,27.0,2015-06-22,,
prehlada,2015,27,33.0,2015-06-29,,
prehlada,2015,28,34.0,2015-07-06,,
prehlada,2015,29,28.0,2015-07-13,,
prehlada,2015,30,33.0,2015-07-20,,
prehlada,2015,31,21.0,2015-07-27,,
prehlada,2015,32,29.0,2015-08-03,,
prehlada,2015,33,46.0,2015-08-10,,
prehlada,2015,34,33.0,2015-08-17,,
prehlada,2015,35,24.0,2015-08-24,,
prehlada,2015,36,61.0,2015-08-31,,
prehlada,2015,37,47.0,2015-09-07,,
prehlada,2015,38,64.0,2015-09-14,,
prehlada,2015,39,79.0,2015-09-21,,
prehlada,2015,40,67.0,2015-09-28,,
prehlada,2015,41,100.0,2015-10-05,,
prehlada,2015,42,63.0,2015-10-12,,
prehlada,2015,43,54.0,2015-10-19,,
prehlada,2015,44,73.0,2015-10-26,,
prehlada,2015,45,57.0,2015-11-02,,1.0
prehlada,2015,46,40.0,2015-11-09,,1.0
prehlada,2015,47,65.0,2015-11-16,,1.0
prehlada,2015,48,46.0,2015-11-23,,1.0
prehlada,2015,49,61.0,2015-11-30,,1.0
prehlada,2015,50,73.0,2015-12-07,,1.0
prehlada,2015,51,58.0,2015-12-14,,1.0
prehlada,2015,52,53.0,2015-12-21,,1.0
prehlada,2015,53,93.76712328767124,2015-12-28,,1.0
prehlada,2016,1,66.262100456621,2016-01-04,3.0,1.0
prehlada,2016,2,73.7634703196347,2016-01-11,6.0,1.0
prehlada,2016,3,55.01004566210046,2016-01-18,16.0,1.0
prehlada,2016,4,61.26118721461187,2016-01-25,14.0,1.0
prehlada,2016,5,78.76438356164384,2016-02-01,26.0,1.0
prehlada,2016,6,60.010958904109586,2016-02-08,36.0,1.0
prehlada,2016,7,50.009132420091326,2016-02-15,14.0,1.0
prehlada,2016,8,46.25844748858447,2016-02-22,33.0,1.0
prehlada,2016,9,53.75981735159817,2016-02-29,44.0,1.0
prehlada,2016,10,62.51141552511415,2016-03-07,50.0,1.0
prehlada,2016,11,60.010958904109586,2016-03-14,35.0,1.0
prehlada,2016,12,75.01369863013699,2016-03-21,54.0,1.0
prehlada,2016,13,37.50684931506849,2016-03-28,57.0,1.0
prehlada,2016,14,43.757990867579906,2016-04-04,39.0,1.0
prehlada,2016,15,38.75707762557078,2016-04-11,26.0,1.0
prehlada,2016,16,41.25753424657534,2016-04-18,2.0,1.0
prehlada,2016,17,41.25753424657534,2016-04-25,2.0,1.0
prehlada,2016,18,56.26027397260274,2016-05-02,4.0,1.0
prehlada,2016,19,43.757990867579906,2016-05-09,,1.0
prehlada,2016,20,31.255707762557076,2016-05-16,,1.0
prehlada,2016,21,22.504109589041096,2016-05-23,,
prehlada,2016,22,25.004566210045663,2016-05-30,,
prehlada,2016,23,27.50502283105023,2016-06-06,,
prehlada,2016,24,23.75433789954338,2016-06-13,,
prehlada,2016,25,0.0,2016-06-20,,
prehlada,2016,26,41.25753424657534,2016-06-27,,
prehlada,2016,27,0.0,2016-07-04,,
prehlada,2016,28,32.50593607305936,2016-07-11,,
prehlada,2016,29,26.254794520547943,2016-07-18,,
prehlada,2016,30,53.75981735159817,2016-07-25,,
prehlada,2016,31,35.006392694063926,2016-08-01,,
prehlada,2016,32,31.255707762557076,2016-08-08,,
prehlada,2016,33,45.00821917808219,2016-08-15,,
prehlada,2016,34,35.006392694063926,2016-08-22,,
prehlada,2016,35,53.75981735159817,2016-08-29,,
prehlada,2016,36,66.262100456621,2016-09-05,,
prehlada,2016,37,58.760730593607306,2016-09-12,,
prehlada,2016,38,80.01461187214612,2016-09-19,,
prehlada,2016,39,101.26849315068492,2016-09-26,,
prehlada,2016,40,108.76986301369864,2016-10-03,,
prehlada,2016,41,97.51780821917808,2016-10-10,,1.0
prehlada,2016,42,72.51324200913243,2016-10-17,,1.0
prehlada,2016,43,86.26575342465753,2016-10-24,,1.0
prehlada,2016,44,61.26118721461187,2016-10-31,,1.0
prehlada,2016,45,67.5123287671233,2016-11-07,,1.0
prehlada,2016,46,62.51141552511415,2016-11-14,,1.0
prehlada,2016,47,68.76255707762557,2016-11-21,,1.0
prehlada,2016,48,93.76712328767124,2016-11-28,,1.0
prehlada,2016,49,83.76529680365297,2016-12-05,9.0,1.0
prehlada,2016,50,107.51963470319636,2016-12-12,84.0,1.0
prehlada,2016,51,125.0228310502283,2016-12-19,109.0,1.0
prehlada,2016,52,115.02100456621004,2016-12-26,162.0,1.0
prehlada,2017,1,90.01643835616439,2017-01-02,77.0,1.0
prehlada,2017,2,55.01004566210046,2017-01-09,,1.0
prehlada,2017,3,53.75981735159817,2017-01-16,,1.0
prehlada,2017,4,80.01461187214612,2017-01-23,,1.0
prehlada,2017,5,67.5123287671233,2017-01-30,,1.0
prehlada,2017,6,62.51141552511415,2017-02-06,,1.0
prehlada,2017,7,60.010958904109586,2017-02-13,5.0,1.0
prehlada,2017,8,47.50867579908676,2017-02-20,11.0,1.0
prehlada,2017,9,40.00730593607306,2017-02-27,4.0,1.0
prehlada,2017,10,63.76164383561644,2017-03-06,2.0,1.0
prehlada,2017,11,27.50502283105023,2017-03-13,,1.0
prehlada,2017,12,46.25844748858447,2017-03-20,,1.0
prehlada,2017,13,47.50867579908676,2017-03-27,,1.0
prehlada,2017,14,46.25844748858447,2017-04-03,,1.0
prehlada,2017,15,66.262100456621,2017-04-10,,1.0
prehlada,2017,16,43.757990867579906,2017-04-17,,1.0
prehlada,2017,17,55.01004566210046,2017-04-24,,1.0
prehlada,2017,18,42.507762557077626,2017-05-01,,1.0
prehlada,2017,19,58.760730593607306,2017-05-08,,1.0
prehlada,2017,20,80.01461187214612,2017-05-15,,1.0
prehlada,2017,21,0.0,2017-05-22,,
prehlada,2017,22,36.25662100456621,2017-05-29,,
prehlada,2017,23,32.50593607305936,2017-06-05,,
prehlada,2017,24,35.006392694063926,2017-06-12,,
prehlada,2017,25,26.254794520547943,2017-06-19,,
prehlada,2017,26,0.0,2017-06-26,,
prehlada,2017,27,28.755251141552513,2017-07-03,,
prehlada,2017,28,52.50958904109589,2017-07-10,,
prehlada,2017,29,27.50502283105023,2017-07-17,,
prehlada,2017,30,0.0,2017-07-24,,
prehlada,2017,31,35.006392694063926,2017-07-31,,
prehlada,2017,32,46.25844748858447,2017-08-07,,
prehlada,2017,33,46.25844748858447,2017-08-14,,
prehlada,2017,34,38.75707762557078,2017-08-21,,
prehlada,2017,35,55.01004566210046,2017-08-28,,
prehlada,2017,36,56.26027397260274,2017-09-04,,
prehlada,2017,37,42.507762557077626,2017-09-11,,
prehlada,2017,38,105.0191780821918,2017-09-18,,
prehlada,2017,39,102.5187214611872,2017-09-25,,
prehlada,2017,40,96.2675799086758,2017-10-02,,1.0
prehlada,2017,41,66.262100456621,2017-10-09,,1.0
prehlada,2017,42,75.01369863013699,2017-10-16,,1.0
prehlada,2017,43,68.76255707762557,2017-10-23,,1.0
prehlada,2017,44,62.51141552511415,2017-10-30,,2.0
prehlada,2017,45,43.757990867579906,2017-11-06,,2.0
prehlada,2017,46,53.75981735159817,2017-11-13,,3.0
prehlada,2017,47,73.7634703196347,2017-11-20,,3.0
prehlada,2017,48,56.26027397260274,2017-11-27,,3.0
prehlada,2017,49,58.760730593607306,2017-12-04,,3.0
prehlada,2017,50,72.51324200913243,2017-12-11,6.0,3.0
prehlada,2017,51,75.01369863013699,2017-12-18,19.0,3.0
prehlada,2017,52,83.76529680365297,2017-12-25,26.0,3.0
prehlada,2018,1,76.26392694063927,2018-01-01,22.0,3.0
prehlada,2018,2,80.01461187214612,2018-01-08,37.0,3.0
prehlada,2018,3,76.26392694063927,2018-01-15,88.0,3.0
prehlada,2018,4,101.26849315068492,2018-01-22,103.0,4.0
prehlada,2018,5,80.01461187214612,2018-01-29,124.0,5.0
prehlada,2018,6,92.51689497716896,2018-02-05,121.0,5.0
prehlada,2018,7,87.51598173515981,2018-02-12,66.0,5.0
prehlada,2018,8,81.2648401826484,2018-02-19,77.0,4.0
prehlada,2018,9,50.009132420091326,2018-02-26,59.0,4.0
prehlada,2018,10,46.25844748858447,2018-03-05,29.0,4.0
prehlada,2018,11,66.262100456621,2018-03-12,20.0,4.0
prehlada,2018,12,53.75981735159817,2018-03-19,14.0,3.0
prehlada,2018,13,60.010958904109586,2018-03-26,30.0,3.0
prehlada,2018,14,41.25753424657534,2018-04-02,21.0,3.0
prehlada,2018,15,25.004566210045663,2018-04-09,16.0,3.0
prehlada,2018,16,23.75433789954338,2018-04-16,1.0,3.0
prehlada,2018,17,32.50593607305936,2018-04-23,,2.0
prehlada,2018,18,35.006392694063926,2018-04-30,,2.0
prehlada,2018,19,28.755251141552513,2018-05-07,,1.0
prehlada,2018,20,36.25662100456621,2018-05-14,,1.0
prehlada,2018,21,25.004566210045663,2018-05-21,,1.0
prehlada,2018,22,27.50502283105023,2018-05-28,,1.0
prehlada,2018,23,36.25662100456621,2018-06-04,,1.0
prehlada,2018,24,22.504109589041096,2018-06-11,,1.0
prehlada,2018,25,47.50867579908676,2018-06-18,,1.0
prehlada,2018,26,31.255707762557076,2018-06-25,,1.0
prehlada,2018,27,49.5048533109006,2018-07-02,,1.0
prehlada,2018,28,0.0,2018-07-09,,1.0
prehlada,2018,29,31.31939699261058,2018-07-16,,1.0
prehlada,2018,30,42.43273140934337,2018-07-23,,1.0
prehlada,2018,31,43.443034538137255,2018-07-30,,1.0
prehlada,2018,32,33.340003250198365,2018-08-06,,1.0
prehlada,2018,33,50.515156439694486,2018-08-13,,1.0
prehlada,2018,34,44.45333766693115,2018-08-20,,1.0
prehlada,2018,35,44.45333766693115,2018-08-27,,1.0
prehlada,2018,36,78.80364404592339,2018-09-03,,1.0
prehlada,2018,37,62.63879398522116,2018-09-10,,1.0
prehlada,2018,38,100.02000975059508,2018-09-17,,1.0
prehlada,2018,39,100.02000975059508,2018-09-24,,1.0
prehlada,2018,40,74.76243153074785,2018-10-01,,1.0
prehlada,2018,41,74.76243153074785,2018-10-08,,1.0
prehlada,2018,42,62.63879398522116,2018-10-15,,1.0
prehlada,2018,43,46.47394392451893,2018-10-22,,1.0
prehlada,2018,44,55.56667208366393,2018-10-29,,1.0
prehlada,2018,45,71.73152214436617,2018-11-05,,1.0
prehlada,2018,46,49.5048533109006,2018-11-12,,1.0
prehlada,2018,47,81.83455343230507,2018-11-19,,1.0
prehlada,2018,48,63.64909711401505,2018-11-26,,1.0
prehlada,2018,49,72.74182527316006,2018-12-03,,1.0
prehlada,2018,50,77.79334091712951,2018-12-10,,1.0
prehlada,2018,51,69.7109158867784,2018-12-17,,1.0
prehlada,2018,52,65.66970337160284,2018-12-24,3.0,1.0
prehlada,2019,1,94.96849410662564,2018-12-31,11.0,2.0
prehlada,2019,2,88.9066753338623,2019-01-07,16.0,2.0
prehlada,2019,3,73.75212840195395,2019-01-14,42.0,2.0
prehlada,2019,4,93.95819097783176,2019-01-21,99.0,2.0
prehlada,2019,5,88.9066753338623,2019-01-28,273.0,4.0
prehlada,2019,6,77.79334091712951,2019-02-04,388.0,4.0
prehlada,2019,7,50.515156439694486,2019-02-11,309.0,4.0
prehlada,2019,8,60.618187727633384,2019-02-18,307.0,4.0
prehlada,2019,9,32.32970012140447,2019-02-25,138.0,3.0
prehlada,2019,10,59.60788459883949,2019-03-04,100.0,3.0
prehlada,2019,11,46.47394392451893,2019-03-11,50.0,3.0
prehlada,2019,12,49.5048533109006,2019-03-18,25.0,2.0
prehlada,2019,13,37.38121576537392,2019-03-25,40.0,2.0
prehlada,2019,14,32.32970012140447,2019-04-01,17.0,2.0
prehlada,2019,15,44.45333766693115,2019-04-08,14.0,2.0
prehlada,2019,16,42.43273140934337,2019-04-15,5.0,2.0
prehlada,2019,17,49.5048533109006,2019-04-22,9.0,2.0
prehlada,2019,18,55.56667208366393,2019-04-29,,2.0
prehlada,2019,19,53.54606582607616,2019-05-06,,2.0
prehlada,2019,20,31.31939699261058,2019-05-13,,2.0
prehlada,2019,21,27.278184477435023,2019-05-20,,1.0
prehlada,2019,22,44.45333766693115,2019-05-27,,1.0
prehlada,2019,23,33.340003250198365,2019-06-03,,1.0
prehlada,2019,24,43.443034538137255,2019-06-10,,1.0
prehlada,2019,25,41.42242828054948,2019-06-17,,1.0
prehlada,2019,26,28.288487606228912,2019-06-24,,1.0
prehlada,2019,27,32.32970012140447,2019-07-01,,1.0
prehlada,2019,28,35.36060950778614,2019-07-08,,1.0
prehlada,2019,29,0.0,2019-07-15,,1.0
prehlada,2019,30,0.0,2019-07-22,,1.0
prehlada,2019,31,40.41212515175559,2019-07-29,,1.0
prehlada,2019,32,34.35030637899225,2019-08-05,,1.0
prehlada,2019,33,34.35030637899225,2019-08-12,,1.0
prehlada,2019,34,51.52545956848837,2019-08-19,,1.0
prehlada,2019,35,28.288487606228912,2019-08-26,,1.0
prehlada,2019,36,50.515156439694486,2019-09-02,,1.0
prehlada,2019,37,81.83455343230507,2019-09-09,,1.0
prehlada,2019,38,79.81394717471728,2019-09-16,,1.0
prehlada,2019,39,67.69030962919061,2019-09-23,,1.0
prehlada,2019,40,80.82425030351118,2019-09-30,,1.0
prehlada,2019,41,47.484247053312814,2019-10-07,,1.0
prehlada,2019,42,74.76243153074785,2019-10-14,,1.0
prehlada,2019,43,46.47394392451893,2019-10-21,,1.0
prehlada,2019,44,51.52545956848837,2019-10-28,,1.0
prehlada,2019,45,59.60788459883949,2019-11-04,,1.0
prehlada,2019,46,61.62849085642728,2019-11-11,,1.0
prehlada,2019,47,54.556368954870045,2019-11-18,,1.0
prehlada,2019,48,74.76243153074785,2019-11-25,,1.0
prehlada,2019,49,70.72121901557227,2019-12-02,6.0,2.0
prehlada,2019,50,76.78303778833562,2019-12-09,9.0,2.0
prehlada,2019,51,75.77273465954173,2019-12-16,10.0,3.0
prehlada,2019,52,66.68000650039673,2019-12-23,8.0,3.0
prehlada,2020,1,68.7006127579845,2019-12-30,10.0,3.0
prehlada,2020,2,85.87576594748063,2020-01-06,24.0,3.0
prehlada,2020,3,77.79334091712951,2020-01-13,60.0,3.0
prehlada,2020,4,88.9066753338623,2020-01-20,179.0,3.0
prehlada,2020,5,85.87576594748063,2020-01-27,235.0,3.0
prehlada,2020,6,69.7109158867784,2020-02-03,290.0,5.0
prehlada,2020,7,50.515156439694486,2020-02-10,191.0,5.0
prehlada,2020,8,42.43273140934337,2020-02-17,83.0,4.0
prehlada,2020,9,48.49455018210671,2020-02-24,93.0,3.0
prehlada,2020,10,74.76243153074785,2020-03-02,34.0,3.0
prehlada,2020,11,70.72121901557227,2020-03-09,37.0,3.0
prehlada,2020,12,65.66970337160284,2020-03-16,6.0,2.0
prehlada,2020,13,45.46364079572504,2020-03-23,,2.0
prehlada,2020,14,37.38121576537392,2020-03-30,,1.0
prehlada,2020,15,32.32970012140447,2020-04-06,,1.0
prehlada,2020,16,27.278184477435023,2020-04-13,,1.0
prehlada,2020,17,21.216365704671684,2020-04-20,,1.0
prehlada,2020,18,19.195759447083905,2020-04-27,,1.0
prehlada,2020,19,0.0,2020-05-04,,1.0
prehlada,2020,20,23.236971962259464,2020-05-11,,1.0
prehlada,2020,21,28.288487606228912,2020-05-18,,1.0
prehlada,2020,22,15.154546931908346,2020-05-25,,1.0
prehlada,2020,23,21.216365704671684,2020-06-01,,1.0
prehlada,2020,24,34.35030637899225,2020-06-08,,1.0
prehlada,2020,25,52.535762697282266,2020-06-15,,1.0
prehlada,2020,26,55.56667208366393,2020-06-22,,1.0
prehlada,2020,27,46.47394392451893,2020-06-29,,1.0
prehlada,2020,28,57.58727834125172,2020-07-06,,1.0
prehlada,2020,29,39.401822022961696,2020-07-13,,1.0
prehlada,2020,30,29.2987907350228,2020-07-20,,1.0
prehlada,2020,31,21.216365704671684,2020-07-27,,1.0
prehlada,2020,32,30.309093863816692,2020-08-03,,1.0
prehlada,2020,33,0.0,2020-08-10,,1.0
prehlada,2020,34,36.37091263658003,2020-08-17,,1.0
prehlada,2020,35,29.2987907350228,2020-08-24,,1.0
prehlada,2020,36,47.484247053312814,2020-08-31,,1.0
prehlada,2020,37,71.73152214436617,2020-09-07,,1.0
prehlada,2020,38,70.72121901557227,2020-09-14,,1.0
prehlada,2020,39,73.75212840195395,2020-09-21,,1.0
prehlada,2020,40,44.45333766693115,2020-09-28,,1.0
prehlada,2020,41,58.5975814700456,2020-10-05,,1.0
prehlada,2020,42,53.54606582607616,2020-10-12,,1.0
prehlada,2020,43,58.5975814700456,2020-10-19,,1.0
prehlada,2020,44,81.83455343230507,2020-10-26,,2.0
prehlada,2020,45,85.87576594748063,2020-11-02,,2.0
prehlada,2020,46,81.83455343230507,2020-11-09,,2.0
prehlada,2020,47,78.80364404592339,2020-11-16,,2.0
prehlada,2020,48,83.85515968989284,2020-11-23,,1.0
prehlada,2020,49,60.618187727633384,2020-11-30,,1.0
prehlada,2020,50,55.56667208366393,2020-12-07,,1.0
prehlada,2020,51,46.47394392451893,2020-12-14,,1.0
prehlada,2020,52,48.49455018210671,2020-12-21,,1.0
prehlada,2020,53,38.91303305231158,2020-12-28,,1.0
prehlada,2021,1,43.90188344363358,2021-01-04,,1.0
prehlada,2021,2,42.904113365369184,2021-01-11,,1.0
prehlada,2021,3,45.89742360016238,2021-01-18,,1.0
prehlada,2021,4,39.910803130575985,2021-01-25,,1.0
prehlada,2021,5,68.84613540024357,2021-02-01,,1.0
prehlada,2021,6,82.81491649594517,2021-02-08,,1.0
prehlada,2021,7,50.88627399148438,2021-02-15,,1.0
prehlada,2021,8,56.87289446107078,2021-02-22,,1.0
prehlada,2021,9,73.83498579156557,2021-03-01,,1.0
prehlada,2021,10,57.87066453933517,2021-03-08,,
prehlada,2021,11,52.88181414801318,2021-03-15,,
prehlada,2021,12,34.92195273925398,2021-03-22,,
prehlada,2021,13,46.89519367842678,2021-03-29,,
prehlada,2021,14,41.90634328710478,2021-04-05,,
prehlada,2021,15,42.904113365369184,2021-04-12,,
prehlada,2021,16,64.85505508718597,2021-04-19,,
prehlada,2021,17,41.90634328710478,2021-04-26,,
prehlada,2021,18,32.926412582725185,2021-05-03,,
prehlada,2021,19,28.935332269667587,2021-05-10,,
prehlada,2021,20,22.94871180008119,2021-05-17,,
prehlada,2021,21,38.91303305231158,2021-05-24,,
prehlada,2021,22,34.92195273925398,2021-05-31,,
prehlada,2021,23,22.94871180008119,2021-06-07,,
prehlada,2021,24,34.92195273925398,2021-06-14,,
prehlada,2021,25,32.926412582725185,2021-06-21,,
prehlada,2021,26,49.88850391321998,2021-06-28,,
prehlada,2021,27,43.90188344363358,2021-07-05,,
prehlada,2021,28,54.877354304541974,2021-07-12,,
prehlada,2021,29,52.88181414801318,2021-07-19,,
prehlada,2021,30,71.83944563503677,2021-07-26,,
prehlada,2021,31,52.88181414801318,2021-08-02,,
prehlada,2021,32,45.89742360016238,2021-08-09,,
prehlada,2021,33,80.81937633941637,2021-08-16,,
prehlada,2021,34,51.884044069748775,2021-08-23,,
prehlada,2021,35,99.77700782643996,2021-08-30,,
prehlada,2021,36,72.83721571330116,2021-09-06,,
prehlada,2021,37,70.84167555677237,2021-09-13,,
prehlada,2021,38,67.84836532197917,2021-09-20,,
prehlada,2021,39,62.85951493065717,2021-09-27,,
prehlada,2021,40,75.83052594809436,2021-10-04,,1.0
prehlada,2021,41,62.85951493065717,2021-10-11,,1.0
prehlada,2021,42,62.85951493065717,2021-10-18,,1.0
prehlada,2021,43,55.875124382806376,2021-10-25,,1.0
prehlada,2021,44,50.88627399148438,2021-11-01,,1.0
prehlada,2021,45,48.890733834955576,2021-11-08,,1.0
prehlada,2021,46,48.890733834955576,2021-11-15,,1.0
prehlada,2021,47,60.86397477412837,2021-11-22,,1.0
prehlada,2021,48,60.86397477412837,2021-11-29,,1.0
prehlada,2021,49,58.868434617599576,2021-12-06,,1.0
prehlada,2021,50,64.85505508718597,2021-12-13,1.0,1.0
prehlada,2021,51,85.80822673073837,2021-12-20,1.0,1.0
prehlada,2021,52,79.82160626115197,2021-12-27,12.0,1.0
prehlada,2022,1,87.80376688726716,2022-01-03,21.0,1.0
prehlada,2022,2,48.890733834955576,2022-01-10,16.0,1.0
prehlada,2022,3,65.85282516545037,2022-01-17,19.0,1.0
prehlada,2022,4,48.890733834955576,2022-01-24,7.0,1.0
prehlada,2022,5,28.935332269667587,2022-01-31,4.0,1.0
prehlada,2022,6,32.926412582725185,2022-02-07,31.0,1.0
prehlada,2022,7,37.91526297404718,2022-02-14,25.0,1.0
prehlada,2022,8,29.933102347931985,2022-02-21,12.0,1.0
prehlada,2022,9,29.933102347931985,2022-02-28,3.0,1.0
prehlada,2022,10,59.86620469586397,2022-03-07,34.0,1.0
prehlada,2022,11,64.85505508718597,2022-03-14,77.0,1.0
prehlada,2022,12,29.933102347931985,2022-03-21,77.0,1.0
prehlada,2022,13,47.89296375669118,2022-03-28,66.0,1.0
prehlada,2022,14,39.910803130575985,2022-04-04,43.0,1.0
prehlada,2022,15,39.910803130575985,2022-04-11,32.0,1.0
prehlada,2022,16,43.90188344363358,2022-04-18,17.0,1.0
prehlada,2022,17,26.93979211313879,2022-04-25,8.0,1.0
prehlada,2022,18,31.928642504460782,2022-05-02,4.0,1.0
prehlada,2022,19,30.930872426196387,2022-05-09,3.0,1.0
prehlada,2022,20,0.0,2022-05-16,4.0,1.0
prehlada,2022,21,31.928642504460782,2022-05-23,3.0,1.0
prehlada,2022,22,25.942022034874388,2022-05-30,,1.0
prehlada,2022,23,26.93979211313879,2022-06-06,,1.0
prehlada,2022,24,38.91303305231158,2022-06-13,,1.0
prehlada,2022,25,29.933102347931985,2022-06-20,,1.0
prehlada,2022,26,35.919722817518384,2022-06-27,,
prehlada,2022,27,34.92195273925398,2022-07-04,,1.0
prehlada,2022,28,46.89519367842678,2022-07-11,,1.0
prehlada,2022,29,42.904113365369184,2022-07-18,,1.0
prehlada,2022,30,47.89296375669118,2022-07-25,,1.0
prehlada,2022,31,31.928642504460782,2022-08-01,,1.0
prehlada,2022,32,34.92195273925398,2022-08-08,,1.0
prehlada,2022,33,26.93979211313879,2022-08-15,,
prehlada,2022,34,39.910803130575985,2022-08-22,,
prehlada,2022,35,44.89965352189798,2022-08-29,,
prehlada,2022,36,40.90857320884038,2022-09-05,,
prehlada,2022,37,63.85728500892157,2022-09-12,,
prehlada,2022,38,68.84613540024357,2022-09-19,,
prehlada,2022,39,61.861744852392775,2022-09-26,,
prehlada,2022,40,64.85505508718597,2022-10-03,,1.0
prehlada,2022,41,51.884044069748775,2022-10-10,,1.0
prehlada,2022,42,47.89296375669118,2022-10-17,,1.0
prehlada,2022,43,48.890733834955576,2022-10-24,,1.0
prehlada,2022,44,45.89742360016238,2022-10-31,,1.0
prehlada,2022,45,54.877354304541974,2022-11-07,1.0,1.0
prehlada,2022,46,61.861744852392775,2022-11-14,,1.0
prehlada,2022,47,65.85282516545037,2022-11-21,,1.0
prehlada,2022,48,55.875124382806376,2022-11-28,2.0,1.0
prehlada,2022,49,60.86397477412837,2022-12-05,5.0,1.0
prehlada,2022,50,69.84390547850796,2022-12-12,26.0,1.0
prehlada,2022,51,60.86397477412837,2022-12-19,36.0,1.0
prehlada,2022,52,75.83052594809436,2022-12-26,31.0,1.0
prehlada,2023,1,81.81714641768076,2023-01-02,24.0,1.0
prehlada,2023,2,55.875124382806376,2023-01-09,78.0,1.0
prehlada,2023,3,53.87958422627758,2023-01-16,72.0,1.0
prehlada,2023,4,55.875124382806376,2023-01-23,58.0,1.0
prehlada,2023,5,73.83498579156557,2023-01-30,75.0,1.0
prehlada,2023,6,41.90634328710478,2023-02-06,91.0,1.0
prehlada,2023,7,62.85951493065717,2023-02-13,70.0,1.0
prehlada,2023,8,45.89742360016238,2023-02-20,85.0,1.0
prehlada,2023,9,45.89742360016238,2023-02-27,33.0,1.0
prehlada,2023,10,39.910803130575985,2023-03-06,32.0,1.0
prehlada,2023,11,34.92195273925398,2023-03-13,26.0,1.0
prehlada,2023,12,39.910803130575985,2023-03-20,25.0,1.0
prehlada,2023,13,41.90634328710478,2023-03-27,10.0,1.0
prehlada,2023,14,46.89519367842678,2023-04-03,12.0,1.0
prehlada,2023,15,27.937562191403188,2023-04-10,3.0,1.0
prehlada,2023,16,36.917492895782786,2023-04-17,1.0,1.0
prehlada,2023,17,34.92195273925398,2023-04-24,1.0,1.0
prehlada,2023,18,23.94648187834559,2023-05-01,,1.0
prehlada,2023,19,17.959861408759192,2023-05-08,,1.0
prehlada,2023,20,17.959861408759192,2023-05-15,,1.0
prehlada,2023,21,31.928642504460782,2023-05-22,,1.0
prehlada,2023,22,33.92418266098959,2023-05-29,,1.0
prehlada,2023,23,21.95094172181679,2023-06-05,,1.0
prehlada,2023,24,19.955401565287993,2023-06-12,,1.0
prehlada,2023,25,29.933102347931985,2023-06-19,,1.0
prehlada,2023,26,20.95317164355239,2023-06-26,,
prehlada,2023,27,17.273538714337715,2023-07-03,,
prehlada,2023,28,38.18361189485179,2023-07-10,,1.0
prehlada,2023,29,38.18361189485179,2023-07-17,,1.0
prehlada,2023,30,23.637474030146347,2023-07-24,,1.0
prehlada,2023,31,22.728340413602258,2023-07-31,,1.0
prehlada,2023,32,23.637474030146347,2023-08-07,,1.0
prehlada,2023,33,19.091805947425897,2023-08-14,,1.0
prehlada,2023,34,30.910542962499072,2023-08-21,,1.0
prehlada,2023,35,43.63841359411634,2023-08-28,,1.0
prehlada,2023,36,43.63841359411634,2023-09-04,,1.0
prehlada,2023,37,29.09227572941089,2023-09-11,,1.0
prehlada,2023,38,45.456680827204515,2023-09-18,,1.0
prehlada,2023,39,61.821085924998144,2023-09-25,,1.0
prehlada,2023,40,61.821085924998144,2023-10-02,,1.0
prehlada,2023,41,53.638883376101326,2023-10-09,,1.0
prehlada,2023,42,39.09274551139588,2023-10-16,,1.0
prehlada,2023,43,57.27541784227769,2023-10-23,,1.0
prehlada,2023,44,42.72927997757225,2023-10-30,,1.0
prehlada,2023,45,49.09321529338088,2023-11-06,1.0,1.0
prehlada,2023,46,42.72927997757225,2023-11-13,,1.0
prehlada,2023,47,43.63841359411634,2023-11-20,1.0,1.0
prehlada,2023,48,69.09415485735086,2023-11-27,1.0,1.0
prehlada,2023,49,71.82155570698313,2023-12-04,3.0,1.0
prehlada,2023,50,57.27541784227769,2023-12-11,7.0,1.0
prehlada,2023,51,90.91336165440904,2023-12-18,7.0,1.0
prehlada,2023,52,58.18455145882178,2023-12-25,21.0,1.0
prehlada,2024,1,79.09462463933586,2024-01-01,10.0,1.0
prehlada,2024,2,50.91148252646906,2024-01-08,21.0,1.0
prehlada,2024,3,53.638883376101326,2024-01-15,46.0,1.0
prehlada,2024,4,61.821085924998144,2024-01-22,93.0,1.0
prehlada,2024,5,58.18455145882178,2024-01-29,130.0,1.0
prehlada,2024,6,35.45621104521952,2024-02-05,119.0,1.0
prehlada,2024,7,41.82014636102815,2024-02-12,48.0,1.0
prehlada,2024,8,31.81967657904316,2024-02-19,82.0,1.0
prehlada,2024,9,28.1831421128668,2024-02-26,32.0,1.0
prehlada,2024,10,38.18361189485179,2024-03-04,22.0,1.0
prehlada,2024,11,40.00187912793997,2024-03-11,4.0,1.0
prehlada,2024,12,38.18361189485179,2024-03-18,1.0,1.0
prehlada,2024,13,28.1831421128668,2024-03-25,,1.0
prehlada,2024,14,30.00140934595498,2024-04-01,3.0,1.0
prehlada,2024,15,24.54660764669044,2024-04-08,2.0,1.0
prehlada,2024,16,32.72881019558725,2024-04-15,,1.0
prehlada,2024,17,33.63794381213134,2024-04-22,1.0,1.0
prehlada,2024,18,23.637474030146347,2024-04-29,,1.0
prehlada,2024,19,26.36487487977862,2024-05-06,1.0,1.0
prehlada,2024,20,23.637474030146347,2024-05-13,,1.0
prehlada,2024,21,45.456680827204515,2024-05-20,,1.0
prehlada,2024,22,20.000939563969983,2024-05-27,,1.0
prehlada,2024,23,0.0,2024-06-03,,1.0
prehlada,2024,24,22.728340413602258,2024-06-10,,1.0
prehlada,2024,25,26.36487487977862,2024-06-17,,1.0
prehlada,2024,26,30.910542962499072,2024-06-24,,1.0
prehlada,2024,27,22.728340413602258,2024-07-01,,1.0
prehlada,2024,28,22.728340413602258,2024-07-08,,1.0
prehlada,2024,29,0.0,2024-07-15,,1.0
prehlada,2024,30,29.09227572941089,2024-07-22,,1.0
prehlada,2024,31,33.63794381213134,2024-07-29,,1.0
prehlada,2024,32,37.274478278307704,2024-08-05,,1.0
prehlada,2024,33,22.728340413602258,2024-08-12,,1.0
prehlada,2024,34,25.45574126323453,2024-08-19,,1.0
prehlada,2024,35,23.637474030146347,2024-08-26,,1.0
prehlada,2024,36,37.274478278307704,2024-09-02,,1.0
prehlada,2024,37,46.36581444374861,2024-09-09,,1.0
prehlada,2024,38,37.274478278307704,2024-09-16,,1.0
prehlada,2024,39,57.27541784227769,2024-09-23,,1.0
prehlada,2024,40,40.91101274448406,2024-09-30,,1.0
prehlada,2024,41,70.91242209043904,2024-10-07,1.0,1.0
prehlada,2024,42,80.91289187242404,2024-10-14,,1.0
prehlada,2024,43,50.00234890992497,2024-10-21,,1.0
prehlada,2024,44,41.82014636102815,2024-10-28,,1.0
prehlada,2024,45,46.36581444374861,2024-11-04,,1.0
prehlada,2024,46,44.547547210660426,2024-11-11,,1.0
prehlada,2024,47,52.72974975955724,2024-11-18,,1.0
prehlada,2024,48,27.274008496322708,2024-11-25,,1.0
prehlada,2024,49,60.91195230845405,2024-12-02,2.0,1.0
prehlada,2024,50,47.274948060292694,2024-12-09,13.0,1.0
prehlada,2024,51,46.36581444374861,2024-12-16,3.0,1.0
prehlada,2024,52,44.547547210660426,2024-12-23,27.0,1.0
prehlada,2025,1,54.548016992645415,2024-12-30,6.0,1.0
prehlada,2025,2,69.09415485735086,2025-01-06,15.0,1.0
prehlada,2025,3,37.274478278307704,2025-01-13,36.0,1.0
prehlada,2025,4,58.18455145882178,2025-01-20,77.0,1.0
prehlada,2025,5,30.910542962499072,2025-01-27,71.0,1.0
prehlada,2025,6,52.72974975955724,2025-02-03,36.0,1.0
prehlada,2025,7,56.3662842257336,2025-02-10,45.0,1.0
prehlada,2025,8,47.274948060292694,2025-02-17,43.0,1.0
prehlada,2025,9,61.821085924998144,2025-02-24,54.0,1.0
prehlada,2025,10,43.63841359411634,2025-03-03,63.0,1.0
prehlada,2025,11,33.63794381213134,2025-03-10,19.0,1.0
prehlada,2025,12,0.0,2025-03-17,18.0,1.0
prehlada,2025,13,21.81920679705817,2025-03-24,8.0,1.0
prehlada,2025,14,39.09274551139588,2025-03-31,2.0,1.0
prehlada,2025,15,30.00140934595498,2025-04-07,2.0,1.0
prehlada,2025,16,31.81967657904316,2025-04-14,,1.0
prehlada,2025,17,37.274478278307704,2025-04-21,,1.0
prehlada,2025,18,30.910542962499072,2025-04-28,2.0,1.0
prehlada,2025,19,27.274008496322708,2025-05-05,,1.0
prehlada,2025,20,20.910073180514075,2025-05-12,,1.0
prehlada,2025,21,26.36487487977862,2025-05-19,,1.0
prehlada,2025,22,0.0,2025-05-26,,1.0
prehlada,2025,23,33.63794381213134,2025-06-02,,1.0
prehlada,2025,24,23.637474030146347,2025-06-09,,1.0
prehlada,2025,25,0.0,2025-06-16,,1.0
prehlada,2025,26,0.0,2025-06-23,,1.0
prehlada,2025,27,0.0,2025-06-30,,
prehlada,2025,28,27.274008496322708,2025-07-07,,1.0
prehlada,2025,29,0.0,2025-07-14,,1.0
prehlada,2025,30,22.728340413602258,2025-07-21,,1.0
prehlada,2025,31,0.0,2025-07-28,,1.0
prehlada,2025,32,0.0,2025-08-04,,1.0
prehlada,2025,33,0.0,2025-08-11,,1.0
prehlada,2025,34,0.0,2025-08-18,,1.0
prehlada,2025,35,39.09274551139588,2025-08-25,,1.0
prehlada,2025,36,0.0,2025-09-01,,1.0
prehlada,2025,37,24.54660764669044,2025-09-08,,1.0
prehlada,2025,38,50.91148252646906,2025-09-15,,1.0
prehlada,2025,39,37.274478278307704,2025-09-22,,1.0
prehlada,2025,40,43.63841359411634,2025-09-29,,1.0
prehlada,2025,41,45.456680827204515,2025-10-06,,1.0
prehlada,2025,42,41.82014636102815,2025-10-13,2.0,1.0
prehlada,2025,43,31.81967657904316,2025-10-20,3.0,1.0
prehlada,2025,44,40.00187912793997,2025-10-27,,1.0
prehlada,2025,45,0.0,2025-11-03,4.0,1.0
prehlada,2025,46,0.0,2025-11-10,2.0,1.0
prehlada,2025,47,23.637474030146347,2025-11-17,11.0,1.0
prehlada,2025,48,37.274478278307704,2025-11-24,14.0,1.0
prehlada,2025,49,0.0,2025-12-01,36.0,1.0
prehlada,2025,50,40.91101274448406,2025-12-08,55.0,1.0
prehlada,2025,51,34.54707742867543,2025-12-15,54.0,1.0
prehlada,2025,52,59.09368507536587,2025-12-22,45.0,1.0
prehlada,2026,1,62.43789666171693,2025-12-29,24.0,1.0
prehlada,2026,2,37.46273799703016,2026-01-05,8.0,1.0
prehlada,2026,3,28.097053497772617,2026-01-12,7.0,1.0
prehlada,2026,4,34.340843163944314,2026-01-19,15.0,1.0
prehlada,2026,5,28.097053497772617,2026-01-26,3.0,1.0
prehlada,2026,6,24.975158664686777,2026-02-02,4.0,1.0
prehlada,2026,7,41.20901179673317,2026-02-09,,1.0
prehlada,2026,8,30.594569364241295,2026-02-16,1.0,1.0
prehlada,2026,9,31.218948330858463,2026-02-23,2.0,1.0
prehlada,2026,10,33.71646419732714,2026-03-02,,1.0
prehlada,2026,11,38.087116963647325,2026-03-09,,1.0
prehlada,2026,12,44.95528559643619,2026-03-16,1.0,1.0
prehlada,2026,13,23.102021764835264,2026-03-23,,1.0
prehlada,2026,14,0.0,2026-03-30,,1.0
prehlada,2026,15,23.102021764835264,2026-04-06,,1.0
prehlada,2026,16,25.599537631303946,2026-04-13,,1.0
prehlada,2026,17,0.0,2026-04-20,,
prehlada,2026,18,0.0,2026-04-27,,1.0
prehlada,2026,19,19.35574796513225,2026-05-04,,1.0
prehlada,2026,20,34.340843163944314,2026-05-11,,1.0
prehlada,2026,21,0.0,2026-05-18,,1.0
prehlada,2026,22,23.726400731452433,2026-05-25,,1.0
prehlada,2026,23,0.0,2026-06-01,,1.0
prehlada,2026,24,0.0,2026-06-08,,1.0
prehlada,2026,25,0.0,2026-06-15,,1.0
prehlada,2026,26,0.0,2026-06-22,,1.0
prehlada,2026,27,0.0,2026-06-29,,1.0
prehlada,2026,28,0.0,2026-07-06,,1.0
prehlada,2026,29,0.0,2026-07-13,,1.0
prehlada,2026,30,12.487579332343389,2026-07-20,,
prehlada,2026,31,13.111958298960555,2026-07-27,,1.0
recept za kolac,2013,1,37.0,2012-12-31,,
recept za kolac,2013,2,49.0,2013-01-07,3.0,3.0
recept za kolac,2013,3,50.0,2013-01-14,16.0,3.0
recept za kolac,2013,4,39.0,2013-01-21,14.0,3.0
recept za kolac,2013,5,40.0,2013-01-28,23.0,5.0
recept za kolac,2013,6,32.0,2013-02-04,30.0,6.0
recept za kolac,2013,7,54.0,2013-02-11,66.0,6.0
recept za kolac,2013,8,52.0,2013-02-18,41.0,6.0
recept za kolac,2013,9,32.0,2013-02-25,29.0,6.0
recept za kolac,2013,10,37.0,2013-03-04,25.0,6.0
recept za kolac,2013,11,34.0,2013-03-11,10.0,5.0
recept za kolac,2013,12,44.0,2013-03-18,7.0,5.0
recept za kolac,2013,13,32.0,2013-03-25,3.0,1.0
recept za kolac,2013,14,43.0,2013-04-01,3.0,3.0
recept za kolac,2013,15,0.0,2013-04-08,1.0,3.0
recept za kolac,2013,16,0.0,2013-04-15,3.0,3.0
recept za kolac,2013,17,66.0,2013-04-22,,2.0
recept za kolac,2013,18,0.0,2013-04-29,,2.0
recept za kolac,2013,19,0.0,2013-05-06,,2.0
recept za kolac,2013,20,47.0,2013-05-13,,2.0
recept za kolac,2013,21,0.0,2013-05-20,,
recept za kolac,2013,22,31.0,2013-05-27,,
recept za kolac,2013,23,0.0,2013-06-03,,
recept za kolac,2013,24,41.0,2013-06-10,,
recept za kolac,2013,25,32.0,2013-06-17,,
recept za kolac,2013,26,32.0,2013-06-24,,
recept za kolac,2013,27,0.0,2013-07-01,,
recept za kolac,2013,28,49.0,2013-07-08,,
recept za kolac,2013,29,35.0,2013-07-15,,
recept za kolac,2013,30,53.0,2013-07-22,,
recept za kolac,2013,31,0.0,2013-07-29,,
recept za kolac,2013,32,0.0,2013-08-05,,
recept za kolac,2013,33,40.0,2013-08-12,,
recept za kolac,2013,34,42.0,2013-08-19,,
recept za kolac,2013,35,0.0,2013-08-26,,
recept za kolac,2013,36,33.0,2013-09-02,,
recept za kolac,2013,37,0.0,2013-09-09,,
recept za kolac,2013,38,0.0,2013-09-16,,
recept za kolac,2013,39,61.0,2013-09-23,,
recept za kolac,2013,40,37.0,2013-09-30,,
recept za kolac,2013,41,43.0,2013-10-07,,1.0
recept za kolac,2013,42,61.0,2013-10-14,,1.0
recept za kolac,2013,43,54.0,2013-10-21,,1.0
recept za kolac,2013,44,42.0,2013-10-28,,1.0
recept za kolac,2013,45,61.0,2013-11-04,,1.0
recept za kolac,2013,46,63.0,2013-11-11,,1.0
recept za kolac,2013,47,46.0,2013-11-18,,1.0
recept za kolac,2013,48,46.0,2013-11-25,,1.0
recept za kolac,2013,49,66.0,2013-12-02,,1.0
recept za kolac,2013,50,71.0,2013-12-09,,1.0
recept za kolac,2013,51,33.0,2013-12-16,,1.0
recept za kolac,2013,52,63.0,2013-12-23,,1.0
recept za kolac,2014,1,53.0,2013-12-30,,1.0
recept za kolac,2014,2,38.0,2014-01-06,1.0,1.0
recept za kolac,2014,3,42.0,2014-01-13,2.0,1.0
recept za kolac,2014,4,56.0,2014-01-20,3.0,1.0
recept za kolac,2014,5,45.0,2014-01-27,2.0,1.0
recept za kolac,2014,6,59.0,2014-02-03,3.0,1.0
recept za kolac,2014,7,41.0,2014-02-10,20.0,1.0
recept za kolac,2014,8,50.0,2014-02-17,6.0,1.0
recept za kolac,2014,9,42.0,2014-02-24,15.0,1.0
recept za kolac,2014,10,49.0,2014-03-03,12.0,1.0
recept za kolac,2014,11,31.0,2014-03-10,15.0,1.0
recept za kolac,2014,12,45.0,2014-03-17,16.0,1.0
recept za kolac,2014,13,35.0,2014-03-24,20.0,1.0
recept za kolac,2014,14,52.0,2014-03-31,9.0,1.0
recept za kolac,2014,15,52.0,2014-04-07,5.0,1.0
recept za kolac,2014,16,0.0,2014-04-14,3.0,1.0
recept za kolac,2014,17,73.0,2014-04-21,1.0,1.0
recept za kolac,2014,18,61.0,2014-04-28,,1.0
recept za kolac,2014,19,37.0,2014-05-05,1.0,1.0
recept za kolac,2014,20,31.0,2014-05-12,,1.0
recept za kolac,2014,21,47.0,2014-05-19,,
recept za kolac,2014,22,37.0,2014-05-26,,
recept za kolac,2014,23,0.0,2014-06-02,,
recept za kolac,2014,24,50.0,2014-06-09,,
recept za kolac,2014,25,30.0,2014-06-16,,
recept za kolac,2014,26,66.0,2014-06-23,,
recept za kolac,2014,27,0.0,2014-06-30,,
recept za kolac,2014,28,37.0,2014-07-07,,
recept za kolac,2014,29,37.0,2014-07-14,,
recept za kolac,2014,30,39.0,2014-07-21,,
recept za kolac,2014,31,0.0,2014-07-28,,
recept za kolac,2014,32,51.0,2014-08-04,,
recept za kolac,2014,33,0.0,2014-08-11,,
recept za kolac,2014,34,0.0,2014-08-18,,
recept za kolac,2014,35,0.0,2014-08-25,,
recept za kolac,2014,36,44.0,2014-09-01,,
recept za kolac,2014,37,46.0,2014-09-08,,
recept za kolac,2014,38,50.0,2014-09-15,,
recept za kolac,2014,39,58.0,2014-09-22,1.0,1.0
recept za kolac,2014,40,70.0,2014-09-29,1.0,1.0
recept za kolac,2014,41,40.0,2014-10-06,,1.0
recept za kolac,2014,42,0.0,2014-10-13,,1.0
recept za kolac,2014,43,80.0,2014-10-20,,1.0
recept za kolac,2014,44,74.0,2014-10-27,,1.0
recept za kolac,2014,45,65.0,2014-11-03,,1.0
recept za kolac,2014,46,80.0,2014-11-10,,1.0
recept za kolac,2014,47,50.0,2014-11-17,,1.0
recept za kolac,2014,48,32.0,2014-11-24,,1.0
recept za kolac,2014,49,54.0,2014-12-01,,1.0
recept za kolac,2014,50,92.0,2014-12-08,,1.0
recept za kolac,2014,51,0.0,2014-12-15,,1.0
recept za kolac,2014,52,56.0,2014-12-22,,1.0
recept za kolac,2015,1,100.0,2014-12-29,,1.0
recept za kolac,2015,2,55.0,2015-01-05,,1.0
recept za kolac,2015,3,44.0,2015-01-12,2.0,1.0
recept za kolac,2015,4,34.0,2015-01-19,11.0,1.0
recept za kolac,2015,5,64.0,2015-01-26,22.0,1.0
recept za kolac,2015,6,46.0,2015-02-02,26.0,1.0
recept za kolac,2015,7,39.0,2015-02-09,51.0,1.0
recept za kolac,2015,8,60.0,2015-02-16,28.0,1.0
recept za kolac,2015,9,59.0,2015-02-23,67.0,1.0
recept za kolac,2015,10,51.0,2015-03-02,40.0,1.0
recept za kolac,2015,11,35.0,2015-03-09,58.0,1.0
recept za kolac,2015,12,33.0,2015-03-16,38.0,1.0
recept za kolac,2015,13,46.0,2015-03-23,30.0,1.0
recept za kolac,2015,14,53.0,2015-03-30,23.0,1.0
recept za kolac,2015,15,38.0,2015-04-06,13.0,1.0
recept za kolac,2015,16,42.0,2015-04-13,11.0,1.0
recept za kolac,2015,17,50.0,2015-04-20,5.0,1.0
recept za kolac,2015,18,42.0,2015-04-27,2.0,1.0
recept za kolac,2015,19,44.0,2015-05-04,1.0,1.0
recept za kolac,2015,20,0.0,2015-05-11,,1.0
recept za kolac,2015,21,0.0,2015-05-18,,
recept za kolac,2015,22,34.0,2015-05-25,,
recept za kolac,2015,23,0.0,2015-06-01,,
recept za kolac,2015,24,0.0,2015-06-08,,
recept za kolac,2015,25,42.0,2015-06-15,,
recept za kolac,2015,26,37.0,2015-06-22,,
recept za kolac,2015,27,37.0,2015-06-29,,
recept za kolac,2015,28,30.0,2015-07-06,,
recept za kolac,2015,29,40.0,2015-07-13,,
recept za kolac,2015,30,42.0,2015-07-20,,
recept za kolac,2015,31,0.0,2015-07-27,,
recept za kolac,2015,32,47.0,2015-08-03,,
recept za kolac,2015,33,45.0,2015-08-10,,
recept za kolac,2015,34,31.0,2015-08-17,,
recept za kolac,2015,35,41.0,2015-08-24,,
recept za kolac,2015,36,46.0,2015-08-31,,
recept za kolac,2015,37,52.0,2015-09-07,,
recept za kolac,2015,38,38.0,2015-09-14,,
recept za kolac,2015,39,29.0,2015-09-21,,
recept za kolac,2015,40,41.0,2015-09-28,,
recept za kolac,2015,41,54.0,2015-10-05,,
recept za kolac,2015,42,63.0,2015-10-12,,
recept za kolac,2015,43,64.0,2015-10-19,,
recept za kolac,2015,44,61.0,2015-10-26,,
recept za kolac,2015,45,90.0,2015-11-02,,1.0
recept za kolac,2015,46,76.0,2015-11-09,,1.0
recept za kolac,2015,47,50.0,2015-11-16,,1.0
recept za kolac,2015,48,34.0,2015-11-23,,1.0
recept za kolac,2015,49,74.0,2015-11-30,,1.0
recept za kolac,2015,50,89.0,2015-12-07,,1.0
recept za kolac,2015,51,36.0,2015-12-14,,1.0
recept za kolac,2015,52,64.0,2015-12-21,,1.0
recept za kolac,2015,53,73.60374288039057,2015-12-28,,1.0
recept za kolac,2016,1,37.335231895850285,2016-01-04,3.0,1.0
recept za kolac,2016,2,53.33604556550041,2016-01-11,6.0,1.0
recept za kolac,2016,3,59.73637103336046,2016-01-18,16.0,1.0
recept za kolac,2016,4,26.668022782750207,2016-01-25,14.0,1.0
recept za kolac,2016,5,56.536208299430434,2016-02-01,26.0,1.0
recept za kolac,2016,6,48.00244100895037,2016-02-08,36.0,1.0
recept za kolac,2016,7,40.53539462978031,2016-02-15,14.0,1.0
recept za kolac,2016,8,54.40276647681042,2016-02-22,33.0,1.0
recept za kolac,2016,9,55.46948738812043,2016-02-29,44.0,1.0
recept za kolac,2016,10,33.068348250610256,2016-03-07,50.0,1.0
recept za kolac,2016,11,52.269324654190406,2016-03-14,35.0,1.0
recept za kolac,2016,12,0.0,2016-03-21,54.0,1.0
recept za kolac,2016,13,35.20179007323027,2016-03-28,57.0,1.0
recept za kolac,2016,14,52.269324654190406,2016-04-04,39.0,1.0
recept za kolac,2016,15,43.735557363710335,2016-04-11,26.0,1.0
recept za kolac,2016,16,60.80309194467047,2016-04-18,2.0,1.0
recept za kolac,2016,17,67.20341741253051,2016-04-25,2.0,1.0
recept za kolac,2016,18,29.86818551668023,2016-05-02,4.0,1.0
recept za kolac,2016,19,33.068348250610256,2016-05-09,,1.0
recept za kolac,2016,20,35.20179007323027,2016-05-16,,1.0
recept za kolac,2016,21,43.735557363710335,2016-05-23,,
recept za kolac,2016,22,37.335231895850285,2016-05-30,,
recept za kolac,2016,23,55.46948738812043,2016-06-06,,
recept za kolac,2016,24,43.735557363710335,2016-06-13,,
recept za kolac,2016,25,43.735557363710335,2016-06-20,,
recept za kolac,2016,26,0.0,2016-06-27,,
recept za kolac,2016,27,30.93490642799024,2016-07-04,,
recept za kolac,2016,28,0.0,2016-07-11,,
recept za kolac,2016,29,62.93653376729048,2016-07-18,,
recept za kolac,2016,30,42.66883645240033,2016-07-25,,
recept za kolac,2016,31,39.468673718470306,2016-08-01,,
recept za kolac,2016,32,34.13506916192026,2016-08-08,,
recept za kolac,2016,33,52.269324654190406,2016-08-15,,
recept za kolac,2016,34,0.0,2016-08-22,,
recept za kolac,2016,35,32.00162733930025,2016-08-29,,
recept za kolac,2016,36,52.269324654190406,2016-09-05,,
recept za kolac,2016,37,53.33604556550041,2016-09-12,,
recept za kolac,2016,38,0.0,2016-09-19,,
recept za kolac,2016,39,55.46948738812043,2016-09-26,,
recept za kolac,2016,40,46.93572009764036,2016-10-03,,
recept za kolac,2016,41,53.33604556550041,2016-10-10,,1.0
recept za kolac,2016,42,36.26851098454028,2016-10-17,,1.0
recept za kolac,2016,43,85.33767290480066,2016-10-24,,1.0
recept za kolac,2016,44,80.00406834825061,2016-10-31,,1.0
recept za kolac,2016,45,74.67046379170057,2016-11-07,,1.0
recept za kolac,2016,46,50.135882831570385,2016-11-14,,1.0
recept za kolac,2016,47,57.60292921074044,2016-11-21,,1.0
recept za kolac,2016,48,52.269324654190406,2016-11-28,,1.0
recept za kolac,2016,49,88.53783563873068,2016-12-05,9.0,1.0
recept za kolac,2016,50,57.60292921074044,2016-12-12,84.0,1.0
recept za kolac,2016,51,65.0699755899105,2016-12-19,109.0,1.0
recept za kolac,2016,52,106.67209113100084,2016-12-26,162.0,1.0
recept za kolac,2017,1,61.86981285598048,2017-01-02,77.0,1.0
recept za kolac,2017,2,68.27013832384053,2017-01-09,,1.0
recept za kolac,2017,3,43.735557363710335,2017-01-16,,1.0
recept za kolac,2017,4,44.80227827502035,2017-01-23,,1.0
recept za kolac,2017,5,62.93653376729048,2017-01-30,,1.0
recept za kolac,2017,6,44.80227827502035,2017-02-06,,1.0
recept za kolac,2017,7,43.735557363710335,2017-02-13,5.0,1.0
recept za kolac,2017,8,50.135882831570385,2017-02-20,11.0,1.0
recept za kolac,2017,9,46.93572009764036,2017-02-27,4.0,1.0
recept za kolac,2017,10,44.80227827502035,2017-03-06,2.0,1.0
recept za kolac,2017,11,0.0,2017-03-13,,1.0
recept za kolac,2017,12,37.335231895850285,2017-03-20,,1.0
recept za kolac,2017,13,29.86818551668023,2017-03-27,,1.0
recept za kolac,2017,14,66.13669650122051,2017-04-03,,1.0
recept za kolac,2017,15,42.66883645240033,2017-04-10,,1.0
recept za kolac,2017,16,40.53539462978031,2017-04-17,,1.0
recept za kolac,2017,17,48.00244100895037,2017-04-24,,1.0
recept za kolac,2017,18,37.335231895850285,2017-05-01,,1.0
recept za kolac,2017,19,0.0,2017-05-08,,1.0
recept za kolac,2017,20,39.468673718470306,2017-05-15,,1.0
recept za kolac,2017,21,43.735557363710335,2017-05-22,,
recept za kolac,2017,22,33.068348250610256,2017-05-29,,
recept za kolac,2017,23,0.0,2017-06-05,,
recept za kolac,2017,24,0.0,2017-06-12,,
recept za kolac,2017,25,35.20179007323027,2017-06-19,,
recept za kolac,2017,26,38.4019528071603,2017-06-26,,
recept za kolac,2017,27,0.0,2017-07-03,,
recept za kolac,2017,28,53.33604556550041,2017-07-10,,
recept za kolac,2017,29,38.4019528071603,2017-07-17,,
recept za kolac,2017,30,37.335231895850285,2017-07-24,,
recept za kolac,2017,31,35.20179007323027,2017-07-31,,
recept za kolac,2017,32,38.4019528071603,2017-08-07,,
recept za kolac,2017,33,35.20179007323027,2017-08-14,,
recept za kolac,2017,34,35.20179007323027,2017-08-21,,
recept za kolac,2017,35,37.335231895850285,2017-08-28,,
recept za kolac,2017,36,32.00162733930025,2017-09-04,,
recept za kolac,2017,37,0.0,2017-09-11,,
recept za kolac,2017,38,38.4019528071603,2017-09-18,,
recept za kolac,2017,39,30.93490642799024,2017-09-25,,
recept za kolac,2017,40,51.2026037428804,2017-10-02,,1.0
recept za kolac,2017,41,0.0,2017-10-09,,1.0
recept za kolac,2017,42,52.269324654190406,2017-10-16,,1.0
recept za kolac,2017,43,34.13506916192026,2017-10-23,,1.0
recept za kolac,2017,44,46.93572009764036,2017-10-30,,2.0
recept za kolac,2017,45,65.0699755899105,2017-11-06,,2.0
recept za kolac,2017,46,71.47030105777056,2017-11-13,,3.0
recept za kolac,2017,47,35.20179007323027,2017-11-20,,3.0
recept za kolac,2017,48,77.8706265256306,2017-11-27,,3.0
recept za kolac,2017,49,75.73718470301058,2017-12-04,,3.0
recept za kolac,2017,50,69.33685923515054,2017-12-11,6.0,3.0
recept za kolac,2017,51,74.67046379170057,2017-12-18,19.0,3.0
recept za kolac,2017,52,89.6045565500407,2017-12-25,26.0,3.0
recept za kolac,2018,1,40.53539462978031,2018-01-01,22.0,3.0
recept za kolac,2018,2,51.2026037428804,2018-01-08,37.0,3.0
recept za kolac,2018,3,56.536208299430434,2018-01-15,88.0,3.0
recept za kolac,2018,4,45.86899918633035,2018-01-22,103.0,4.0
recept za kolac,2018,5,61.86981285598048,2018-01-29,124.0,5.0
recept za kolac,2018,6,39.468673718470306,2018-02-05,121.0,5.0
recept za kolac,2018,7,45.86899918633035,2018-02-12,66.0,5.0
recept za kolac,2018,8,69.33685923515054,2018-02-19,77.0,4.0
recept za kolac,2018,9,42.66883645240033,2018-02-26,59.0,4.0
recept za kolac,2018,10,35.20179007323027,2018-03-05,29.0,4.0
recept za kolac,2018,11,52.269324654190406,2018-03-12,20.0,4.0
recept za kolac,2018,12,52.269324654190406,2018-03-19,14.0,3.0
recept za kolac,2018,13,65.0699755899105,2018-03-26,30.0,3.0
recept za kolac,2018,14,0.0,2018-04-02,21.0,3.0
recept za kolac,2018,15,33.068348250610256,2018-04-09,16.0,3.0
recept za kolac,2018,16,53.33604556550041,2018-04-16,1.0,3.0
recept za kolac,2018,17,82.13751017087064,2018-04-23,,2.0
recept za kolac,2018,18,0.0,2018-04-30,,2.0
recept za kolac,2018,19,29.86818551668023,2018-05-07,,1.0
recept za kolac,2018,20,35.20179007323027,2018-05-14,,1.0
recept za kolac,2018,21,38.4019528071603,2018-05-21,,1.0
recept za kolac,2018,22,0.0,2018-05-28,,1.0
recept za kolac,2018,23,29.86818551668023,2018-06-04,,1.0
recept za kolac,2018,24,40.53539462978031,2018-06-11,,1.0
recept za kolac,2018,25,41.60211554109032,2018-06-18,,1.0
recept za kolac,2018,26,48.00244100895037,2018-06-25,,1.0
recept za kolac,2018,27,34.66981257467722,2018-07-02,,1.0
recept za kolac,2018,28,0.0,2018-07-09,,1.0
recept za kolac,2018,29,33.650112204833775,2018-07-16,,1.0
recept za kolac,2018,30,42.827415533424805,2018-07-23,,1.0
recept za kolac,2018,31,0.0,2018-07-30,,1.0
recept za kolac,2018,32,0.0,2018-08-06,,1.0
recept za kolac,2018,33,32.630411834990326,2018-08-13,,1.0
recept za kolac,2018,34,38.74861405405101,2018-08-20,,1.0
recept za kolac,2018,35,53.02441923185928,2018-08-27,,1.0
recept za kolac,2018,36,0.0,2018-09-03,,1.0
recept za kolac,2018,37,0.0,2018-09-10,,1.0
recept za kolac,2018,38,36.70921331436412,2018-09-17,,1.0
recept za kolac,2018,39,32.630411834990326,2018-09-24,,1.0
recept za kolac,2018,40,46.90621701279859,2018-10-01,,1.0
recept za kolac,2018,41,0.0,2018-10-08,,1.0
recept za kolac,2018,42,48.94561775248549,2018-10-15,,1.0
recept za kolac,2018,43,53.02441923185928,2018-10-22,,1.0
recept za kolac,2018,44,0.0,2018-10-29,,1.0
recept za kolac,2018,45,59.14262145091997,2018-11-05,,1.0
recept za kolac,2018,46,63.221422930293755,2018-11-12,,1.0
recept za kolac,2018,47,44.866816273111695,2018-11-19,,1.0
recept za kolac,2018,48,49.96531812232894,2018-11-26,,1.0
recept za kolac,2018,49,84.63513069700616,2018-12-03,,1.0
recept za kolac,2018,50,38.74861405405101,2018-12-10,,1.0
recept za kolac,2018,51,41.80771516358136,2018-12-17,,1.0
recept za kolac,2018,52,63.221422930293755,2018-12-24,3.0,1.0
recept za kolac,2019,1,68.319924779511,2018-12-31,11.0,2.0
recept za kolac,2019,2,59.14262145091997,2019-01-07,16.0,2.0
recept za kolac,2019,3,42.827415533424805,2019-01-14,42.0,2.0
recept za kolac,2019,4,25.492509246086193,2019-01-21,99.0,2.0
recept za kolac,2019,5,54.044119601702725,2019-01-28,273.0,4.0
recept za kolac,2019,6,39.76831442389446,2019-02-04,388.0,4.0
recept za kolac,2019,7,39.76831442389446,2019-02-11,309.0,4.0
recept za kolac,2019,8,49.96531812232894,2019-02-18,307.0,4.0
recept za kolac,2019,9,33.650112204833775,2019-02-25,138.0,3.0
recept za kolac,2019,10,0.0,2019-03-04,100.0,3.0
recept za kolac,2019,11,29.571310725459984,2019-03-11,50.0,3.0
recept za kolac,2019,12,0.0,2019-03-18,25.0,2.0
recept za kolac,2019,13,31.61071146514688,2019-03-25,40.0,2.0
recept za kolac,2019,14,49.96531812232894,2019-04-01,17.0,2.0
recept za kolac,2019,15,33.650112204833775,2019-04-08,14.0,2.0
recept za kolac,2019,16,58.12292108107652,2019-04-15,5.0,2.0
recept za kolac,2019,17,33.650112204833775,2019-04-22,9.0,2.0
recept za kolac,2019,18,52.004718862015835,2019-04-29,,2.0
recept za kolac,2019,19,34.66981257467722,2019-05-06,,2.0
recept za kolac,2019,20,28.551610355616535,2019-05-13,,2.0
recept za kolac,2019,21,0.0,2019-05-20,,1.0
recept za kolac,2019,22,54.044119601702725,2019-05-27,,1.0
recept za kolac,2019,23,29.571310725459984,2019-06-03,,1.0
recept za kolac,2019,24,39.76831442389446,2019-06-10,,1.0
recept za kolac,2019,25,41.80771516358136,2019-06-17,,1.0
recept za kolac,2019,26,0.0,2019-06-24,,1.0
recept za kolac,2019,27,0.0,2019-07-01,,1.0
recept za kolac,2019,28,30.59101109530343,2019-07-08,,1.0
recept za kolac,2019,29,0.0,2019-07-15,,1.0
recept za kolac,2019,30,47.92591738264204,2019-07-22,,1.0
recept za kolac,2019,31,40.78801479373791,2019-07-29,,1.0
recept za kolac,2019,32,32.630411834990326,2019-08-05,,1.0
recept za kolac,2019,33,0.0,2019-08-12,,1.0
recept za kolac,2019,34,28.551610355616535,2019-08-19,,1.0
recept za kolac,2019,35,28.551610355616535,2019-08-26,,1.0
recept za kolac,2019,36,0.0,2019-09-02,,1.0
recept za kolac,2019,37,45.886516642955144,2019-09-09,,1.0
recept za kolac,2019,38,0.0,2019-09-16,,1.0
recept za kolac,2019,39,27.531909985773087,2019-09-23,,1.0
recept za kolac,2019,40,32.630411834990326,2019-09-30,,1.0
recept za kolac,2019,41,58.12292108107652,2019-10-07,,1.0
recept za kolac,2019,42,52.004718862015835,2019-10-14,,1.0
recept za kolac,2019,43,56.08352034138962,2019-10-21,,1.0
recept za kolac,2019,44,72.39872625888479,2019-10-28,,1.0
recept za kolac,2019,45,96.87153513512752,2019-11-04,,1.0
recept za kolac,2019,46,77.49722810810202,2019-11-11,,1.0
recept za kolac,2019,47,42.827415533424805,2019-11-18,,1.0
recept za kolac,2019,48,62.20172256045031,2019-11-25,,1.0
recept za kolac,2019,49,89.73363254622339,2019-12-02,6.0,2.0
recept za kolac,2019,50,90.75333291606684,2019-12-09,9.0,2.0
recept za kolac,2019,51,33.650112204833775,2019-12-16,10.0,3.0
recept za kolac,2019,52,59.14262145091997,2019-12-23,8.0,3.0
recept za kolac,2020,1,73.41842662872824,2019-12-30,10.0,3.0
recept za kolac,2020,2,63.221422930293755,2020-01-06,24.0,3.0
recept za kolac,2020,3,32.630411834990326,2020-01-13,60.0,3.0
recept za kolac,2020,4,29.571310725459984,2020-01-20,179.0,3.0
recept za kolac,2020,5,43.847115903268254,2020-01-27,235.0,3.0
recept za kolac,2020,6,34.66981257467722,2020-02-03,290.0,5.0
recept za kolac,2020,7,38.74861405405101,2020-02-10,191.0,5.0
recept za kolac,2020,8,28.551610355616535,2020-02-17,83.0,4.0
recept za kolac,2020,9,41.80771516358136,2020-02-24,93.0,3.0
recept za kolac,2020,10,0.0,2020-03-02,34.0,3.0
recept za kolac,2020,11,37.72891368420756,2020-03-09,37.0,3.0
recept za kolac,2020,12,65.26082366998065,2020-03-16,6.0,2.0
recept za kolac,2020,13,99.93063624465788,2020-03-23,,2.0
recept za kolac,2020,14,88.71393217637996,2020-03-30,,1.0
recept za kolac,2020,15,92.79273365575374,2020-04-06,,1.0
recept za kolac,2020,16,36.70921331436412,2020-04-13,,1.0
recept za kolac,2020,17,59.14262145091997,2020-04-20,,1.0
recept za kolac,2020,18,74.43812699857168,2020-04-27,,1.0
recept za kolac,2020,19,30.59101109530343,2020-05-04,,1.0
recept za kolac,2020,20,0.0,2020-05-11,,1.0
recept za kolac,2020,21,31.61071146514688,2020-05-18,,1.0
recept za kolac,2020,22,28.551610355616535,2020-05-25,,1.0
recept za kolac,2020,23,0.0,2020-06-01,,1.0
recept za kolac,2020,24,0.0,2020-06-08,,1.0
recept za kolac,2020,25,0.0,2020-06-15,,1.0
recept za kolac,2020,26,40.78801479373791,2020-06-22,,1.0
recept za kolac,2020,27,38.74861405405101,2020-06-29,,1.0
recept za kolac,2020,28,33.650112204833775,2020-07-06,,1.0
recept za kolac,2020,29,27.531909985773087,2020-07-13,,1.0
recept za kolac,2020,30,37.72891368420756,2020-07-20,,1.0
recept za kolac,2020,31,24.472808876242745,2020-07-27,,1.0
recept za kolac,2020,32,0.0,2020-08-03,,1.0
recept za kolac,2020,33,24.472808876242745,2020-08-10,,1.0
recept za kolac,2020,34,39.76831442389446,2020-08-17,,1.0
recept za kolac,2020,35,0.0,2020-08-24,,1.0
recept za kolac,2020,36,0.0,2020-08-31,,1.0
recept za kolac,2020,37,0.0,2020-09-07,,1.0
recept za kolac,2020,38,40.78801479373791,2020-09-14,,1.0
recept za kolac,2020,39,0.0,2020-09-21,,1.0
recept za kolac,2020,40,42.827415533424805,2020-09-28,,1.0
recept za kolac,2020,41,30.59101109530343,2020-10-05,,1.0
recept za kolac,2020,42,32.630411834990326,2020-10-12,,1.0
recept za kolac,2020,43,44.866816273111695,2020-10-19,,1.0
recept za kolac,2020,44,37.72891368420756,2020-10-26,,2.0
recept za kolac,2020,45,50.98501849217239,2020-11-02,,2.0
recept za kolac,2020,46,96.87153513512752,2020-11-09,,2.0
recept za kolac,2020,47,39.76831442389446,2020-11-16,,2.0
recept za kolac,2020,48,49.96531812232894,2020-11-23,,1.0
recept za kolac,2020,49,39.76831442389446,2020-11-30,,1.0
recept za kolac,2020,50,101.97003698434476,2020-12-07,,1.0
recept za kolac,2020,51,49.96531812232894,2020-12-14,,1.0
recept za kolac,2020,52,46.90621701279859,2020-12-21,,1.0
recept za kolac,2020,53,61.18202219060686,2020-12-28,,1.0
recept za kolac,2021,1,23.453108506399296,2021-01-04,,1.0
recept za kolac,2021,2,60.16232182076342,2021-01-11,,1.0
recept za kolac,2021,3,26.51220961592964,2021-01-18,,1.0
recept za kolac,2021,4,24.472808876242745,2021-01-25,,1.0
recept za kolac,2021,5,36.70921331436412,2021-02-01,,1.0
recept za kolac,2021,6,55.063819971546174,2021-02-08,,1.0
recept za kolac,2021,7,41.80771516358136,2021-02-15,,1.0
recept za kolac,2021,8,33.650112204833775,2021-02-22,,1.0
recept za kolac,2021,9,22.433408136555848,2021-03-01,,1.0
recept za kolac,2021,10,28.551610355616535,2021-03-08,,
recept za kolac,2021,11,27.531909985773087,2021-03-15,,
recept za kolac,2021,12,40.78801479373791,2021-03-22,,
recept za kolac,2021,13,24.472808876242745,2021-03-29,,
recept za kolac,2021,14,36.70921331436412,2021-04-05,,
recept za kolac,2021,15,40.78801479373791,2021-04-12,,
recept za kolac,2021,16,46.90621701279859,2021-04-19,,
recept za kolac,2021,17,33.650112204833775,2021-04-26,,
recept za kolac,2021,18,31.61071146514688,2021-05-03,,
recept za kolac,2021,19,25.492509246086193,2021-05-10,,
recept za kolac,2021,20,31.61071146514688,2021-05-17,,
recept za kolac,2021,21,0.0,2021-05-24,,
recept za kolac,2021,22,0.0,2021-05-31,,
recept za kolac,2021,23,28.551610355616535,2021-06-07,,
recept za kolac,2021,24,0.0,2021-06-14,,
recept za kolac,2021,25,0.0,2021-06-21,,
recept za kolac,2021,26,0.0,2021-06-28,,
recept za kolac,2021,27,27.531909985773087,2021-07-05,,
recept za kolac,2021,28,0.0,2021-07-12,,
recept za kolac,2021,29,0.0,2021-07-19,,
recept za kolac,2021,30,0.0,2021-07-26,,
recept za kolac,2021,31,0.0,2021-08-02,,
recept za kolac,2021,32,0.0,2021-08-09,,
recept za kolac,2021,33,0.0,2021-08-16,,
recept za kolac,2021,34,0.0,2021-08-23,,
recept za kolac,2021,35,0.0,2021-08-30,,
recept za kolac,2021,36,0.0,2021-09-06,,
recept za kolac,2021,37,26.51220961592964,2021-09-13,,
recept za kolac,2021,38,0.0,2021-09-20,,
recept za kolac,2021,39,0.0,2021-09-27,,
recept za kolac,2021,40,34.66981257467722,2021-10-04,,1.0
recept za kolac,2021,41,31.61071146514688,2021-10-11,,1.0
recept za kolac,2021,42,35.68951294452067,2021-10-18,,1.0
recept za kolac,2021,43,43.847115903268254,2021-10-25,,1.0
recept za kolac,2021,44,54.044119601702725,2021-11-01,,1.0
recept za kolac,2021,45,31.61071146514688,2021-11-08,,1.0
recept za kolac,2021,46,0.0,2021-11-15,,1.0
recept za kolac,2021,47,26.51220961592964,2021-11-22,,1.0
recept za kolac,2021,48,28.551610355616535,2021-11-29,,1.0
recept za kolac,2021,49,64.2411233001372,2021-12-06,,1.0
recept za kolac,2021,50,0.0,2021-12-13,1.0,1.0
recept za kolac,2021,51,34.66981257467722,2021-12-20,1.0,1.0
recept za kolac,2021,52,81.57602958747582,2021-12-27,12.0,1.0
recept za kolac,2022,1,31.61071146514688,2022-01-03,21.0,1.0
recept za kolac,2022,2,36.70921331436412,2022-01-10,16.0,1.0
recept za kolac,2022,3,27.531909985773087,2022-01-17,19.0,1.0
recept za kolac,2022,4,0.0,2022-01-24,7.0,1.0
recept za kolac,2022,5,0.0,2022-01-31,4.0,1.0
recept za kolac,2022,6,60.16232182076342,2022-02-07,31.0,1.0
recept za kolac,2022,7,28.551610355616535,2022-02-14,25.0,1.0
recept za kolac,2022,8,24.472808876242745,2022-02-21,12.0,1.0
recept za kolac,2022,9,31.61071146514688,2022-02-28,3.0,1.0
recept za kolac,2022,10,21.413707766712403,2022-03-07,34.0,1.0
recept za kolac,2022,11,26.51220961592964,2022-03-14,77.0,1.0
recept za kolac,2022,12,28.551610355616535,2022-03-21,77.0,1.0
recept za kolac,2022,13,28.551610355616535,2022-03-28,66.0,1.0
recept za kolac,2022,14,28.551610355616535,2022-04-04,43.0,1.0
recept za kolac,2022,15,57.10322071123307,2022-04-11,32.0,1.0
recept za kolac,2022,16,29.571310725459984,2022-04-18,17.0,1.0
recept za kolac,2022,17,55.063819971546174,2022-04-25,8.0,1.0
recept za kolac,2022,18,20.39400739686895,2022-05-02,4.0,1.0
recept za kolac,2022,19,29.571310725459984,2022-05-09,3.0,1.0
recept za kolac,2022,20,0.0,2022-05-16,4.0,1.0
recept za kolac,2022,21,0.0,2022-05-23,3.0,1.0
recept za kolac,2022,22,41.80771516358136,2022-05-30,,1.0
recept za kolac,2022,23,23.453108506399296,2022-06-06,,1.0
recept za kolac,2022,24,29.571310725459984,2022-06-13,,1.0
recept za kolac,2022,25,21.413707766712403,2022-06-20,,1.0
recept za kolac,2022,26,20.39400739686895,2022-06-27,,
recept za kolac,2022,27,0.0,2022-07-04,,1.0
recept za kolac,2022,28,0.0,2022-07-11,,1.0
recept za kolac,2022,29,31.61071146514688,2022-07-18,,1.0
recept za kolac,2022,30,29.571310725459984,2022-07-25,,1.0
recept za kolac,2022,31,25.492509246086193,2022-08-01,,1.0
recept za kolac,2022,32,23.453108506399296,2022-08-08,,1.0
recept za kolac,2022,33,29.571310725459984,2022-08-15,,
recept za kolac,2022,34,27.531909985773087,2022-08-22,,
recept za kolac,2022,35,22.433408136555848,2022-08-29,,
recept za kolac,2022,36,24.472808876242745,2022-09-05,,
recept za kolac,2022,37,25.492509246086193,2022-09-12,,
recept za kolac,2022,38,25.492509246086193,2022-09-19,,
recept za kolac,2022,39,38.74861405405101,2022-09-26,,
recept za kolac,2022,40,44.866816273111695,2022-10-03,,1.0
recept za kolac,2022,41,48.94561775248549,2022-10-10,,1.0
recept za kolac,2022,42,50.98501849217239,2022-10-17,,1.0
recept za kolac,2022,43,34.66981257467722,2022-10-24,,1.0
recept za kolac,2022,44,48.94561775248549,2022-10-31,,1.0
recept za kolac,2022,45,75.45782736841512,2022-11-07,1.0,1.0
recept za kolac,2022,46,68.319924779511,2022-11-14,,1.0
recept za kolac,2022,47,36.70921331436412,2022-11-21,,1.0
recept za kolac,2022,48,39.76831442389446,2022-11-28,2.0,1.0
recept za kolac,2022,49,66.2805240398241,2022-12-05,5.0,1.0
recept za kolac,2022,50,54.044119601702725,2022-12-12,26.0,1.0
recept za kolac,2022,51,38.74861405405101,2022-12-19,36.0,1.0
recept za kolac,2022,52,69.33962514935445,2022-12-26,31.0,1.0
recept za kolac,2023,1,49.96531812232894,2023-01-02,24.0,1.0
recept za kolac,2023,2,39.76831442389446,2023-01-09,78.0,1.0
recept za kolac,2023,3,40.78801479373791,2023-01-16,72.0,1.0
recept za kolac,2023,4,27.531909985773087,2023-01-23,58.0,1.0
recept za kolac,2023,5,31.61071146514688,2023-01-30,75.0,1.0
recept za kolac,2023,6,36.70921331436412,2023-02-06,91.0,1.0
recept za kolac,2023,7,38.74861405405101,2023-02-13,70.0,1.0
recept za kolac,2023,8,33.650112204833775,2023-02-20,85.0,1.0
recept za kolac,2023,9,40.78801479373791,2023-02-27,33.0,1.0
recept za kolac,2023,10,52.004718862015835,2023-03-06,32.0,1.0
recept za kolac,2023,11,35.68951294452067,2023-03-13,26.0,1.0
recept za kolac,2023,12,29.571310725459984,2023-03-20,25.0,1.0
recept za kolac,2023,13,20.39400739686895,2023-03-27,10.0,1.0
recept za kolac,2023,14,46.90621701279859,2023-04-03,12.0,1.0
recept za kolac,2023,15,0.0,2023-04-10,3.0,1.0
recept za kolac,2023,16,45.886516642955144,2023-04-17,1.0,1.0
recept za kolac,2023,17,42.827415533424805,2023-04-24,1.0,1.0
recept za kolac,2023,18,25.492509246086193,2023-05-01,,1.0
recept za kolac,2023,19,41.80771516358136,2023-05-08,,1.0
recept za kolac,2023,20,40.78801479373791,2023-05-15,,1.0
recept za kolac,2023,21,23.453108506399296,2023-05-22,,1.0
recept za kolac,2023,22,21.413707766712403,2023-05-29,,1.0
recept za kolac,2023,23,21.413707766712403,2023-06-05,,1.0
recept za kolac,2023,24,27.531909985773087,2023-06-12,,1.0
recept za kolac,2023,25,23.453108506399296,2023-06-19,,1.0
recept za kolac,2023,26,22.433408136555848,2023-06-26,,
recept za kolac,2023,27,25.492509246086183,2023-07-03,,
recept za kolac,2023,28,23.453108506399293,2023-07-10,,1.0
recept za kolac,2023,29,28.55161035561653,2023-07-17,,1.0
recept za kolac,2023,30,33.65011220483377,2023-07-24,,1.0
recept za kolac,2023,31,34.669812574677216,2023-07-31,,1.0
recept za kolac,2023,32,36.709213314364106,2023-08-07,,1.0
recept za kolac,2023,33,38.74861405405101,2023-08-14,,1.0
recept za kolac,2023,34,29.571310725459977,2023-08-21,,1.0
recept za kolac,2023,35,0.0,2023-08-28,,1.0
recept za kolac,2023,36,0.0,2023-09-04,,1.0
recept za kolac,2023,37,28.55161035561653,2023-09-11,,1.0
recept za kolac,2023,38,30.591011095303426,2023-09-18,,1.0
recept za kolac,2023,39,36.709213314364106,2023-09-25,,1.0
recept za kolac,2023,40,0.0,2023-10-02,,1.0
recept za kolac,2023,41,21.413707766712395,2023-10-09,,1.0
recept za kolac,2023,42,31.61071146514687,2023-10-16,,1.0
recept za kolac,2023,43,50.98501849217237,2023-10-23,,1.0
recept za kolac,2023,44,58.122921081076505,2023-10-30,,1.0
recept za kolac,2023,45,52.00471886201582,2023-11-06,1.0,1.0
recept za kolac,2023,46,58.122921081076505,2023-11-13,,1.0
recept za kolac,2023,47,44.86681627311169,2023-11-20,1.0,1.0
recept za kolac,2023,48,40.7880147937379,2023-11-27,1.0,1.0
recept za kolac,2023,49,39.76831442389445,2023-12-04,3.0,1.0
recept za kolac,2023,50,66.28052403982409,2023-12-11,7.0,1.0
recept za kolac,2023,51,39.76831442389445,2023-12-18,7.0,1.0
recept za kolac,2023,52,44.86681627311169,2023-12-25,21.0,1.0
recept za kolac,2024,1,44.86681627311169,2024-01-01,10.0,1.0
recept za kolac,2024,2,77.49722810810201,2024-01-08,21.0,1.0
recept za kolac,2024,3,0.0,2024-01-15,46.0,1.0
recept za kolac,2024,4,23.453108506399293,2024-01-22,93.0,1.0
recept za kolac,2024,5,35.689512944520665,2024-01-29,130.0,1.0
recept za kolac,2024,6,30.591011095303426,2024-02-05,119.0,1.0
recept za kolac,2024,7,0.0,2024-02-12,48.0,1.0
recept za kolac,2024,8,0.0,2024-02-19,82.0,1.0
recept za kolac,2024,9,0.0,2024-02-26,32.0,1.0
recept za kolac,2024,10,0.0,2024-03-04,22.0,1.0
recept za kolac,2024,11,27.531909985773083,2024-03-11,4.0,1.0
recept za kolac,2024,12,0.0,2024-03-18,1.0,1.0
recept za kolac,2024,13,0.0,2024-03-25,,1.0
recept za kolac,2024,14,24.472808876242738,2024-04-01,3.0,1.0
recept za kolac,2024,15,0.0,2024-04-08,2.0,1.0
recept za kolac,2024,16,34.669812574677216,2024-04-15,,1.0
recept za kolac,2024,17,38.74861405405101,2024-04-22,1.0,1.0
recept za kolac,2024,18,26.512209615929635,2024-04-29,,1.0
recept za kolac,2024,19,0.0,2024-05-06,1.0,1.0
recept za kolac,2024,20,25.492509246086183,2024-05-13,,1.0
recept za kolac,2024,21,0.0,2024-05-20,,1.0
recept za kolac,2024,22,0.0,2024-05-27,,1.0
recept za kolac,2024,23,0.0,2024-06-03,,1.0
recept za kolac,2024,24,0.0,2024-06-10,,1.0
recept za kolac,2024,25,0.0,2024-06-17,,1.0
recept za kolac,2024,26,0.0,2024-06-24,,1.0
recept za kolac,2024,27,27.531909985773083,2024-07-01,,1.0
recept za kolac,2024,28,0.0,2024-07-08,,1.0
recept za kolac,2024,29,0.0,2024-07-15,,1.0
recept za kolac,2024,30,0.0,2024-07-22,,1.0
recept za kolac,2024,31,0.0,2024-07-29,,1.0
recept za kolac,2024,32,0.0,2024-08-05,,1.0
recept za kolac,2024,33,0.0,2024-08-12,,1.0
recept za kolac,2024,34,0.0,2024-08-19,,1.0
recept za kolac,2024,35,0.0,2024-08-26,,1.0
recept za kolac,2024,36,0.0,2024-09-02,,1.0
recept za kolac,2024,37,38.74861405405101,2024-09-09,,1.0
recept za kolac,2024,38,0.0,2024-09-16,,1.0
recept za kolac,2024,39,0.0,2024-09-23,,1.0
recept za kolac,2024,40,0.0,2024-09-30,,1.0
recept za kolac,2024,41,0.0,2024-10-07,1.0,1.0
recept za kolac,2024,42,50.98501849217237,2024-10-14,,1.0
recept za kolac,2024,43,34.669812574677216,2024-10-21,,1.0
recept za kolac,2024,44,25.492509246086183,2024-10-28,,1.0
recept za kolac,2024,45,49.96531812232893,2024-11-04,,1.0
recept za kolac,2024,46,40.7880147937379,2024-11-11,,1.0
recept za kolac,2024,47,0.0,2024-11-18,,1.0
recept za kolac,2024,48,0.0,2024-11-25,,1.0
recept za kolac,2024,49,34.669812574677216,2024-12-02,2.0,1.0
recept za kolac,2024,50,70.35932551919788,2024-12-09,13.0,1.0
recept za kolac,2024,51,0.0,2024-12-16,3.0,1.0
recept za kolac,2024,52,50.98501849217237,2024-12-23,27.0,1.0
recept za kolac,2025,1,43.84711590326824,2024-12-30,6.0,1.0
recept za kolac,2025,2,0.0,2025-01-06,15.0,1.0
recept za kolac,2025,3,57.10322071123306,2025-01-13,36.0,1.0
recept za kolac,2025,4,0.0,2025-01-20,77.0,1.0
recept za kolac,2025,5,31.61071146514687,2025-01-27,71.0,1.0
recept za kolac,2025,6,0.0,2025-02-03,36.0,1.0
recept za kolac,2025,7,0.0,2025-02-10,45.0,1.0
recept za kolac,2025,8,0.0,2025-02-17,43.0,1.0
recept za kolac,2025,9,0.0,2025-02-24,54.0,1.0
recept za kolac,2025,10,27.531909985773083,2025-03-03,63.0,1.0
recept za kolac,2025,11,29.571310725459977,2025-03-10,19.0,1.0
recept za kolac,2025,12,28.55161035561653,2025-03-17,18.0,1.0
recept za kolac,2025,13,29.571310725459977,2025-03-24,8.0,1.0
recept za kolac,2025,14,45.88651664295514,2025-03-31,2.0,1.0
recept za kolac,2025,15,0.0,2025-04-07,2.0,1.0
recept za kolac,2025,16,0.0,2025-04-14,,1.0
recept za kolac,2025,17,0.0,2025-04-21,,1.0
recept za kolac,2025,18,0.0,2025-04-28,2.0,1.0
recept za kolac,2025,19,0.0,2025-05-05,,1.0
recept za kolac,2025,20,30.591011095303426,2025-05-12,,1.0
recept za kolac,2025,21,0.0,2025-05-19,,1.0
recept za kolac,2025,22,0.0,2025-05-26,,1.0
recept za kolac,2025,23,0.0,2025-06-02,,1.0
recept za kolac,2025,24,0.0,2025-06-09,,1.0
recept za kolac,2025,25,0.0,2025-06-16,,1.0
recept za kolac,2025,26,0.0,2025-06-23,,1.0
recept za kolac,2025,27,0.0,2025-06-30,,
recept za kolac,2025,28,0.0,2025-07-07,,1.0
recept za kolac,2025,29,33.65011220483377,2025-07-14,,1.0
recept za kolac,2025,30,31.61071146514687,2025-07-21,,1.0
recept za kolac,2025,31,0.0,2025-07-28,,1.0
recept za kolac,2025,32,0.0,2025-08-04,,1.0
recept za kolac,2025,33,30.591011095303426,2025-08-11,,1.0
recept za kolac,2025,34,0.0,2025-08-18,,1.0
recept za kolac,2025,35,0.0,2025-08-25,,1.0
recept za kolac,2025,36,0.0,2025-09-01,,1.0
recept za kolac,2025,37,0.0,2025-09-08,,1.0
recept za kolac,2025,38,0.0,2025-09-15,,1.0
recept za kolac,2025,39,0.0,2025-09-22,,1.0
recept za kolac,2025,40,0.0,2025-09-29,,1.0
recept za kolac,2025,41,28.55161035561653,2025-10-06,,1.0
recept za kolac,2025,42,33.65011220483377,2025-10-13,2.0,1.0
recept za kolac,2025,43,45.88651664295514,2025-10-20,3.0,1.0
recept za kolac,2025,44,32.63041183499032,2025-10-27,,1.0
recept za kolac,2025,45,46.906217012798585,2025-11-03,4.0,1.0
recept za kolac,2025,46,56.08352034138961,2025-11-10,2.0,1.0
recept za kolac,2025,47,0.0,2025-11-17,11.0,1.0
recept za kolac,2025,48,28.55161035561653,2025-11-24,14.0,1.0
recept za kolac,2025,49,41.80771516358135,2025-12-01,36.0,1.0
recept za kolac,2025,50,101.97003698434474,2025-12-08,55.0,1.0
recept za kolac,2025,51,34.669812574677216,2025-12-15,54.0,1.0
recept za kolac,2025,52,37.728913684207555,2025-12-22,45.0,1.0
recept za kolac,2026,1,0.0,2025-12-29,24.0,1.0
recept za kolac,2026,2,38.748614054051,2026-01-05,8.0,1.0
recept za kolac,2026,3,50.985018492172365,2026-01-12,7.0,1.0
recept za kolac,2026,4,0.0,2026-01-19,15.0,1.0
recept za kolac,2026,5,0.0,2026-01-26,3.0,1.0
recept za kolac,2026,6,0.0,2026-02-02,4.0,1.0
recept za kolac,2026,7,0.0,2026-02-09,,1.0
recept za kolac,2026,8,28.551610355616525,2026-02-16,1.0,1.0
recept za kolac,2026,9,0.0,2026-02-23,2.0,1.0
recept za kolac,2026,10,0.0,2026-03-02,,1.0
recept za kolac,2026,11,42.827415533424784,2026-03-09,,1.0
recept za kolac,2026,12,32.63041183499031,2026-03-16,1.0,1.0
recept za kolac,2026,13,0.0,2026-03-23,,1.0
recept za kolac,2026,14,31.610711465146863,2026-03-30,,1.0
recept za kolac,2026,15,0.0,2026-04-06,,1.0
recept za kolac,2026,16,0.0,2026-04-13,,1.0
recept za kolac,2026,17,31.610711465146863,2026-04-20,,
recept za kolac,2026,18,31.610711465146863,2026-04-27,,1.0
recept za kolac,2026,19,0.0,2026-05-04,,1.0
recept za kolac,2026,20,0.0,2026-05-11,,1.0
recept za kolac,2026,21,0.0,2026-05-18,,1.0
recept za kolac,2026,22,0.0,2026-05-25,,1.0
recept za kolac,2026,23,0.0,2026-06-01,,1.0
recept za kolac,2026,24,0.0,2026-06-08,,1.0
recept za kolac,2026,25,0.0,2026-06-15,,1.0
recept za kolac,2026,26,38.748614054051,2026-06-22,,1.0
recept za kolac,2026,27,0.0,2026-06-29,,1.0
recept za kolac,2026,28,0.0,2026-07-06,,1.0
recept za kolac,2026,29,0.0,2026-07-13,,1.0
recept za kolac,2026,30,20.394007396868943,2026-07-20,,
recept za kolac,2026,31,19.3743070270255,2026-07-27,,1.0
simptomi gripa,2013,1,0.0,2012-12-31,,
simptomi gripa,2013,2,0.0,2013-01-07,3.0,3.0
simptomi gripa,2013,3,0.0,2013-01-14,16.0,3.0
simptomi gripa,2013,4,0.0,2013-01-21,14.0,3.0
simptomi gripa,2013,5,0.0,2013-01-28,23.0,5.0
simptomi gripa,2013,6,18.0,2013-02-04,30.0,6.0
simptomi gripa,2013,7,20.0,2013-02-11,66.0,6.0
simptomi gripa,2013,8,0.0,2013-02-18,41.0,6.0
simptomi gripa,2013,9,0.0,2013-02-25,29.0,6.0
simptomi gripa,2013,10,0.0,2013-03-04,25.0,6.0
simptomi gripa,2013,11,0.0,2013-03-11,10.0,5.0
simptomi gripa,2013,12,0.0,2013-03-18,7.0,5.0
simptomi gripa,2013,13,0.0,2013-03-25,3.0,1.0
simptomi gripa,2013,14,0.0,2013-04-01,3.0,3.0
simptomi gripa,2013,15,0.0,2013-04-08,1.0,3.0
simptomi gripa,2013,16,0.0,2013-04-15,3.0,3.0
simptomi gripa,2013,17,0.0,2013-04-22,,2.0
simptomi gripa,2013,18,0.0,2013-04-29,,2.0
simptomi gripa,2013,19,0.0,2013-05-06,,2.0
simptomi gripa,2013,20,0.0,2013-05-13,,2.0
simptomi gripa,2013,21,0.0,2013-05-20,,
simptomi gripa,2013,22,0.0,2013-05-27,,
simptomi gripa,2013,23,0.0,2013-06-03,,
simptomi gripa,2013,24,0.0,2013-06-10,,
simptomi gripa,2013,25,0.0,2013-06-17,,
simptomi gripa,2013,26,0.0,2013-06-24,,
simptomi gripa,2013,27,0.0,2013-07-01,,
simptomi gripa,2013,28,0.0,2013-07-08,,
simptomi gripa,2013,29,0.0,2013-07-15,,
simptomi gripa,2013,30,0.0,2013-07-22,,
simptomi gripa,2013,31,0.0,2013-07-29,,
simptomi gripa,2013,32,0.0,2013-08-05,,
simptomi gripa,2013,33,0.0,2013-08-12,,
simptomi gripa,2013,34,0.0,2013-08-19,,
simptomi gripa,2013,35,0.0,2013-08-26,,
simptomi gripa,2013,36,0.0,2013-09-02,,
simptomi gripa,2013,37,0.0,2013-09-09,,
simptomi gripa,2013,38,0.0,2013-09-16,,
simptomi gripa,2013,39,0.0,2013-09-23,,
simptomi gripa,2013,40,0.0,2013-09-30,,
simptomi gripa,2013,41,0.0,2013-10-07,,1.0
simptomi gripa,2013,42,0.0,2013-10-14,,1.0
simptomi gripa,2013,43,0.0,2013-10-21,,1.0
simptomi gripa,2013,44,0.0,2013-10-28,,1.0
simptomi gripa,2013,45,0.0,2013-11-04,,1.0
simptomi gripa,2013,46,0.0,2013-11-11,,1.0
simptomi gripa,2013,47,0.0,2013-11-18,,1.0
simptomi gripa,2013,48,0.0,2013-11-25,,1.0
simptomi gripa,2013,49,0.0,2013-12-02,,1.0
simptomi gripa,2013,50,0.0,2013-12-09,,1.0
simptomi gripa,2013,51,0.0,2013-12-16,,1.0
simptomi gripa,2013,52,0.0,2013-12-23,,1.0
simptomi gripa,2014,1,0.0,2013-12-30,,1.0
simptomi gripa,2014,2,0.0,2014-01-06,1.0,1.0
simptomi gripa,2014,3,0.0,2014-01-13,2.0,1.0
simptomi gripa,2014,4,0.0,2014-01-20,3.0,1.0
simptomi gripa,2014,5,0.0,2014-01-27,2.0,1.0
simptomi gripa,2014,6,0.0,2014-02-03,3.0,1.0
simptomi gripa,2014,7,0.0,2014-02-10,20.0,1.0
simptomi gripa,2014,8,0.0,2014-02-17,6.0,1.0
simptomi gripa,2014,9,0.0,2014-02-24,15.0,1.0
simptomi gripa,2014,10,0.0,2014-03-03,12.0,1.0
simptomi gripa,2014,11,0.0,2014-03-10,15.0,1.0
simptomi gripa,2014,12,0.0,2014-03-17,16.0,1.0
simptomi gripa,2014,13,0.0,2014-03-24,20.0,1.0
simptomi gripa,2014,14,0.0,2014-03-31,9.0,1.0
simptomi gripa,2014,15,0.0,2014-04-07,5.0,1.0
simptomi gripa,2014,16,0.0,2014-04-14,3.0,1.0
simptomi gripa,2014,17,0.0,2014-04-21,1.0,1.0
simptomi gripa,2014,18,0.0,2014-04-28,,1.0
simptomi gripa,2014,19,0.0,2014-05-05,1.0,1.0
simptomi gripa,2014,20,0.0,2014-05-12,,1.0
simptomi gripa,2014,21,0.0,2014-05-19,,
simptomi gripa,2014,22,0.0,2014-05-26,,
simptomi gripa,2014,23,0.0,2014-06-02,,
simptomi gripa,2014,24,0.0,2014-06-09,,
simptomi gripa,2014,25,0.0,2014-06-16,,
simptomi gripa,2014,26,0.0,2014-06-23,,
simptomi gripa,2014,27,0.0,2014-06-30,,
simptomi gripa,2014,28,0.0,2014-07-07,,
simptomi gripa,2014,29,0.0,2014-07-14,,
simptomi gripa,2014,30,0.0,2014-07-21,,
simptomi gripa,2014,31,0.0,2014-07-28,,
simptomi gripa,2014,32,0.0,2014-08-04,,
simptomi gripa,2014,33,0.0,2014-08-11,,
simptomi gripa,2014,34,0.0,2014-08-18,,
simptomi gripa,2014,35,0.0,2014-08-25,,
simptomi gripa,2014,36,0.0,2014-09-01,,
simptomi gripa,2014,37,0.0,2014-09-08,,
simptomi gripa,2014,38,0.0,2014-09-15,,
simptomi gripa,2014,39,0.0,2014-09-22,1.0,1.0
simptomi gripa,2014,40,0.0,2014-09-29,1.0,1.0
simptomi gripa,2014,41,0.0,2014-10-06,,1.0
simptomi gripa,2014,42,0.0,2014-10-13,,1.0
simptomi gripa,2014,43,0.0,2014-10-20,,1.0
simptomi gripa,2014,44,0.0,2014-10-27,,1.0
simptomi gripa,2014,45,0.0,2014-11-03,,1.0
simptomi gripa,2014,46,0.0,2014-11-10,,1.0
simptomi gripa,2014,47,0.0,2014-11-17,,1.0
simptomi gripa,2014,48,0.0,2014-11-24,,1.0
simptomi gripa,2014,49,0.0,2014-12-01,,1.0
simptomi gripa,2014,50,0.0,2014-12-08,,1.0
simptomi gripa,2014,51,0.0,2014-12-15,,1.0
simptomi gripa,2014,52,0.0,2014-12-22,,1.0
simptomi gripa,2015,1,0.0,2014-12-29,,1.0
simptomi gripa,2015,2,0.0,2015-01-05,,1.0
simptomi gripa,2015,3,0.0,2015-01-12,2.0,1.0
simptomi gripa,2015,4,0.0,2015-01-19,11.0,1.0
simptomi gripa,2015,5,0.0,2015-01-26,22.0,1.0
simptomi gripa,2015,6,0.0,2015-02-02,26.0,1.0
simptomi gripa,2015,7,0.0,2015-02-09,51.0,1.0
simptomi gripa,2015,8,0.0,2015-02-16,28.0,1.0
simptomi gripa,2015,9,75.0,2015-02-23,67.0,1.0
simptomi gripa,2015,10,100.0,2015-03-02,40.0,1.0
simptomi gripa,2015,11,36.0,2015-03-09,58.0,1.0
simptomi gripa,2015,12,22.0,2015-03-16,38.0,1.0
simptomi gripa,2015,13,16.0,2015-03-23,30.0,1.0
simptomi gripa,2015,14,15.0,2015-03-30,23.0,1.0
simptomi gripa,2015,15,0.0,2015-04-06,13.0,1.0
simptomi gripa,2015,16,0.0,2015-04-13,11.0,1.0
simptomi gripa,2015,17,0.0,2015-04-20,5.0,1.0
simptomi gripa,2015,18,0.0,2015-04-27,2.0,1.0
simptomi gripa,2015,19,0.0,2015-05-04,1.0,1.0
simptomi gripa,2015,20,0.0,2015-05-11,,1.0
simptomi gripa,2015,21,0.0,2015-05-18,,
simptomi gripa,2015,22,0.0,2015-05-25,,
simptomi gripa,2015,23,0.0,2015-06-01,,
simptomi gripa,2015,24,0.0,2015-06-08,,
simptomi gripa,2015,25,0.0,2015-06-15,,
simptomi gripa,2015,26,0.0,2015-06-22,,
simptomi gripa,2015,27,0.0,2015-06-29,,
simptomi gripa,2015,28,0.0,2015-07-06,,
simptomi gripa,2015,29,0.0,2015-07-13,,
simptomi gripa,2015,30,0.0,2015-07-20,,
simptomi gripa,2015,31,0.0,2015-07-27,,
simptomi gripa,2015,32,0.0,2015-08-03,,
simptomi gripa,2015,33,0.0,2015-08-10,,
simptomi gripa,2015,34,0.0,2015-08-17,,
simptomi gripa,2015,35,0.0,2015-08-24,,
simptomi gripa,2015,36,0.0,2015-08-31,,
simptomi gripa,2015,37,0.0,2015-09-07,,
simptomi gripa,2015,38,0.0,2015-09-14,,
simptomi gripa,2015,39,0.0,2015-09-21,,
simptomi gripa,2015,40,0.0,2015-09-28,,
simptomi gripa,2015,41,0.0,2015-10-05,,
simptomi gripa,2015,42,0.0,2015-10-12,,
simptomi gripa,2015,43,0.0,2015-10-19,,
simptomi gripa,2015,44,0.0,2015-10-26,,
simptomi gripa,2015,45,0.0,2015-11-02,,1.0
simptomi gripa,2015,46,0.0,2015-11-09,,1.0
simptomi gripa,2015,47,0.0,2015-11-16,,1.0
simptomi gripa,2015,48,0.0,2015-11-23,,1.0
simptomi gripa,2015,49,0.0,2015-11-30,,1.0
simptomi gripa,2015,50,0.0,2015-12-07,,1.0
simptomi gripa,2015,51,0.0,2015-12-14,,1.0
simptomi gripa,2015,52,0.0,2015-12-21,,1.0
simptomi gripa,2015,53,0.0,2015-12-28,,1.0
simptomi gripa,2016,1,0.0,2016-01-04,3.0,1.0
simptomi gripa,2016,2,0.0,2016-01-11,6.0,1.0
simptomi gripa,2016,3,0.0,2016-01-18,16.0,1.0
simptomi gripa,2016,4,0.0,2016-01-25,14.0,1.0
simptomi gripa,2016,5,0.0,2016-02-01,26.0,1.0
simptomi gripa,2016,6,70.0,2016-02-08,36.0,1.0
simptomi gripa,2016,7,0.0,2016-02-15,14.0,1.0
simptomi gripa,2016,8,0.0,2016-02-22,33.0,1.0
simptomi gripa,2016,9,0.0,2016-02-29,44.0,1.0
simptomi gripa,2016,10,0.0,2016-03-07,50.0,1.0
simptomi gripa,2016,11,0.0,2016-03-14,35.0,1.0
simptomi gripa,2016,12,0.0,2016-03-21,54.0,1.0
simptomi gripa,2016,13,0.0,2016-03-28,57.0,1.0
simptomi gripa,2016,14,0.0,2016-04-04,39.0,1.0
simptomi gripa,2016,15,0.0,2016-04-11,26.0,1.0
simptomi gripa,2016,16,0.0,2016-04-18,2.0,1.0
simptomi gripa,2016,17,0.0,2016-04-25,2.0,1.0
simptomi gripa,2016,18,0.0,2016-05-02,4.0,1.0
simptomi gripa,2016,19,0.0,2016-05-09,,1.0
simptomi gripa,2016,20,0.0,2016-05-16,,1.0
simptomi gripa,2016,21,0.0,2016-05-23,,
simptomi gripa,2016,22,0.0,2016-05-30,,
simptomi gripa,2016,23,0.0,2016-06-06,,
simptomi gripa,2016,24,0.0,2016-06-13,,
simptomi gripa,2016,25,0.0,2016-06-20,,
simptomi gripa,2016,26,0.0,2016-06-27,,
simptomi gripa,2016,27,0.0,2016-07-04,,
simptomi gripa,2016,28,0.0,2016-07-11,,
simptomi gripa,2016,29,0.0,2016-07-18,,
simptomi gripa,2016,30,0.0,2016-07-25,,
simptomi gripa,2016,31,0.0,2016-08-01,,
simptomi gripa,2016,32,0.0,2016-08-08,,
simptomi gripa,2016,33,0.0,2016-08-15,,
simptomi gripa,2016,34,0.0,2016-08-22,,
simptomi gripa,2016,35,0.0,2016-08-29,,
simptomi gripa,2016,36,0.0,2016-09-05,,
simptomi gripa,2016,37,0.0,2016-09-12,,
simptomi gripa,2016,38,0.0,2016-09-19,,
simptomi gripa,2016,39,0.0,2016-09-26,,
simptomi gripa,2016,40,0.0,2016-10-03,,
simptomi gripa,2016,41,0.0,2016-10-10,,1.0
simptomi gripa,2016,42,0.0,2016-10-17,,1.0
simptomi gripa,2016,43,0.0,2016-10-24,,1.0
simptomi gripa,2016,44,0.0,2016-10-31,,1.0
simptomi gripa,2016,45,49.0,2016-11-07,,1.0
simptomi gripa,2016,46,0.0,2016-11-14,,1.0
simptomi gripa,2016,47,0.0,2016-11-21,,1.0
simptomi gripa,2016,48,0.0,2016-11-28,,1.0
simptomi gripa,2016,49,0.0,2016-12-05,9.0,1.0
simptomi gripa,2016,50,46.0,2016-12-12,84.0,1.0
simptomi gripa,2016,51,82.0,2016-12-19,109.0,1.0
simptomi gripa,2016,52,100.0,2016-12-26,162.0,1.0
simptomi gripa,2017,1,56.0,2017-01-02,77.0,1.0
simptomi gripa,2017,2,0.0,2017-01-09,,1.0
simptomi gripa,2017,3,0.0,2017-01-16,,1.0
simptomi gripa,2017,4,0.0,2017-01-23,,1.0
simptomi gripa,2017,5,0.0,2017-01-30,,1.0
simptomi gripa,2017,6,0.0,2017-02-06,,1.0
simptomi gripa,2017,7,0.0,2017-02-13,5.0,1.0
simptomi gripa,2017,8,0.0,2017-02-20,11.0,1.0
simptomi gripa,2017,9,0.0,2017-02-27,4.0,1.0
simptomi gripa,2017,10,0.0,2017-03-06,2.0,1.0
simptomi gripa,2017,11,0.0,2017-03-13,,1.0
simptomi gripa,2017,12,0.0,2017-03-20,,1.0
simptomi gripa,2017,13,0.0,2017-03-27,,1.0
simptomi gripa,2017,14,0.0,2017-04-03,,1.0
simptomi gripa,2017,15,0.0,2017-04-10,,1.0
simptomi gripa,2017,16,0.0,2017-04-17,,1.0
simptomi gripa,2017,17,0.0,2017-04-24,,1.0
simptomi gripa,2017,18,0.0,2017-05-01,,1.0
simptomi gripa,2017,19,0.0,2017-05-08,,1.0
simptomi gripa,2017,20,0.0,2017-05-15,,1.0
simptomi gripa,2017,21,0.0,2017-05-22,,
simptomi gripa,2017,22,0.0,2017-05-29,,
simptomi gripa,2017,23,0.0,2017-06-05,,
simptomi gripa,2017,24,0.0,2017-06-12,,
simptomi gripa,2017,25,0.0,2017-06-19,,
simptomi gripa,2017,26,0.0,2017-06-26,,
simptomi gripa,2017,27,0.0,2017-07-03,,
simptomi gripa,2017,28,0.0,2017-07-10,,
simptomi gripa,2017,29,0.0,2017-07-17,,
simptomi gripa,2017,30,0.0,2017-07-24,,
simptomi gripa,2017,31,0.0,2017-07-31,,
simptomi gripa,2017,32,0.0,2017-08-07,,
simptomi gripa,2017,33,0.0,2017-08-14,,
simptomi gripa,2017,34,0.0,2017-08-21,,
simptomi gripa,2017,35,53.0,2017-08-28,,
simptomi gripa,2017,36,0.0,2017-09-04,,
simptomi gripa,2017,37,0.0,2017-09-11,,
simptomi gripa,2017,38,0.0,2017-09-18,,
simptomi gripa,2017,39,0.0,2017-09-25,,
simptomi gripa,2017,40,0.0,2017-10-02,,1.0
simptomi gripa,2017,41,0.0,2017-10-09,,1.0
simptomi gripa,2017,42,0.0,2017-10-16,,1.0
simptomi gripa,2017,43,0.0,2017-10-23,,1.0
simptomi gripa,2017,44,0.0,2017-10-30,,2.0
simptomi gripa,2017,45,0.0,2017-11-06,,2.0
simptomi gripa,2017,46,0.0,2017-11-13,,3.0
simptomi gripa,2017,47,0.0,2017-11-20,,3.0
simptomi gripa,2017,48,0.0,2017-11-27,,3.0
simptomi gripa,2017,49,0.0,2017-12-04,,3.0
simptomi gripa,2017,50,0.0,2017-12-11,6.0,3.0
simptomi gripa,2017,51,0.0,2017-12-18,19.0,3.0
simptomi gripa,2017,52,0.0,2017-12-25,26.0,3.0
simptomi gripa,2018,1,0.0,2018-01-01,22.0,3.0
simptomi gripa,2018,2,0.0,2018-01-08,37.0,3.0
simptomi gripa,2018,3,0.0,2018-01-15,88.0,3.0
simptomi gripa,2018,4,0.0,2018-01-22,103.0,4.0
simptomi gripa,2018,5,42.0,2018-01-29,124.0,5.0
simptomi gripa,2018,6,42.0,2018-02-05,121.0,5.0
simptomi gripa,2018,7,0.0,2018-02-12,66.0,5.0
simptomi gripa,2018,8,0.0,2018-02-19,77.0,4.0
simptomi gripa,2018,9,0.0,2018-02-26,59.0,4.0
simptomi gripa,2018,10,0.0,2018-03-05,29.0,4.0
simptomi gripa,2018,11,0.0,2018-03-12,20.0,4.0
simptomi gripa,2018,12,0.0,2018-03-19,14.0,3.0
simptomi gripa,2018,13,0.0,2018-03-26,30.0,3.0
simptomi gripa,2018,14,0.0,2018-04-02,21.0,3.0
simptomi gripa,2018,15,0.0,2018-04-09,16.0,3.0
simptomi gripa,2018,16,0.0,2018-04-16,1.0,3.0
simptomi gripa,2018,17,0.0,2018-04-23,,2.0
simptomi gripa,2018,18,0.0,2018-04-30,,2.0
simptomi gripa,2018,19,0.0,2018-05-07,,1.0
simptomi gripa,2018,20,0.0,2018-05-14,,1.0
simptomi gripa,2018,21,0.0,2018-05-21,,1.0
simptomi gripa,2018,22,0.0,2018-05-28,,1.0
simptomi gripa,2018,23,0.0,2018-06-04,,1.0
simptomi gripa,2018,24,0.0,2018-06-11,,1.0
simptomi gripa,2018,25,0.0,2018-06-18,,1.0
simptomi gripa,2018,26,0.0,2018-06-25,,1.0
simptomi gripa,2018,27,0.0,2018-07-02,,1.0
simptomi gripa,2018,28,0.0,2018-07-09,,1.0
simptomi gripa,2018,29,0.0,2018-07-16,,1.0
simptomi gripa,2018,30,0.0,2018-07-23,,1.0
simptomi gripa,2018,31,0.0,2018-07-30,,1.0
simptomi gripa,2018,32,0.0,2018-08-06,,1.0
simptomi gripa,2018,33,0.0,2018-08-13,,1.0
simptomi gripa,2018,34,0.0,2018-08-20,,1.0
simptomi gripa,2018,35,0.0,2018-08-27,,1.0
simptomi gripa,2018,36,0.0,2018-09-03,,1.0
simptomi gripa,2018,37,0.0,2018-09-10,,1.0
simptomi gripa,2018,38,0.0,2018-09-17,,1.0
simptomi gripa,2018,39,0.0,2018-09-24,,1.0
simptomi gripa,2018,40,0.0,2018-10-01,,1.0
simptomi gripa,2018,41,0.0,2018-10-08,,1.0
simptomi gripa,2018,42,0.0,2018-10-15,,1.0
simptomi gripa,2018,43,0.0,2018-10-22,,1.0
simptomi gripa,2018,44,0.0,2018-10-29,,1.0
simptomi gripa,2018,45,0.0,2018-11-05,,1.0
simptomi gripa,2018,46,0.0,2018-11-12,,1.0
simptomi gripa,2018,47,0.0,2018-11-19,,1.0
simptomi gripa,2018,48,0.0,2018-11-26,,1.0
simptomi gripa,2018,49,0.0,2018-12-03,,1.0
simptomi gripa,2018,50,0.0,2018-12-10,,1.0
simptomi gripa,2018,51,0.0,2018-12-17,,1.0
simptomi gripa,2018,52,0.0,2018-12-24,3.0,1.0
simptomi gripa,2019,1,0.0,2018-12-31,11.0,2.0
simptomi gripa,2019,2,0.0,2019-01-07,16.0,2.0
simptomi gripa,2019,3,50.400000000000006,2019-01-14,42.0,2.0
simptomi gripa,2019,4,67.2,2019-01-21,99.0,2.0
simptomi gripa,2019,5,529.2,2019-01-28,273.0,4.0
simptomi gripa,2019,6,840.0,2019-02-04,388.0,4.0
simptomi gripa,2019,7,420.0,2019-02-11,309.0,4.0
simptomi gripa,2019,8,142.8,2019-02-18,307.0,4.0
simptomi gripa,2019,9,75.60000000000001,2019-02-25,138.0,3.0
simptomi gripa,2019,10,50.400000000000006,2019-03-04,100.0,3.0
simptomi gripa,2019,11,0.0,2019-03-11,50.0,3.0
simptomi gripa,2019,12,0.0,2019-03-18,25.0,2.0
simptomi gripa,2019,13,0.0,2019-03-25,40.0,2.0
simptomi gripa,2019,14,0.0,2019-04-01,17.0,2.0
simptomi gripa,2019,15,0.0,2019-04-08,14.0,2.0
simptomi gripa,2019,16,0.0,2019-04-15,5.0,2.0
simptomi gripa,2019,17,0.0,2019-04-22,9.0,2.0
simptomi gripa,2019,18,0.0,2019-04-29,,2.0
simptomi gripa,2019,19,0.0,2019-05-06,,2.0
simptomi gripa,2019,20,0.0,2019-05-13,,2.0
simptomi gripa,2019,21,0.0,2019-05-20,,1.0
simptomi gripa,2019,22,0.0,2019-05-27,,1.0
simptomi gripa,2019,23,0.0,2019-06-03,,1.0
simptomi gripa,2019,24,0.0,2019-06-10,,1.0
simptomi gripa,2019,25,0.0,2019-06-17,,1.0
simptomi gripa,2019,26,0.0,2019-06-24,,1.0
simptomi gripa,2019,27,0.0,2019-07-01,,1.0
simptomi gripa,2019,28,0.0,2019-07-08,,1.0
simptomi gripa,2019,29,0.0,2019-07-15,,1.0
simptomi gripa,2019,30,0.0,2019-07-22,,1.0
simptomi gripa,2019,31,0.0,2019-07-29,,1.0
simptomi gripa,2019,32,0.0,2019-08-05,,1.0
simptomi gripa,2019,33,0.0,2019-08-12,,1.0
simptomi gripa,2019,34,0.0,2019-08-19,,1.0
simptomi gripa,2019,35,0.0,2019-08-26,,1.0
simptomi gripa,2019,36,0.0,2019-09-02,,1.0
simptomi gripa,2019,37,0.0,2019-09-09,,1.0
simptomi gripa,2019,38,0.0,2019-09-16,,1.0
simptomi gripa,2019,39,0.0,2019-09-23,,1.0
simptomi gripa,2019,40,0.0,2019-09-30,,1.0
simptomi gripa,2019,41,0.0,2019-10-07,,1.0
simptomi gripa,2019,42,0.0,2019-10-14,,1.0
simptomi gripa,2019,43,0.0,2019-10-21,,1.0
simptomi gripa,2019,44,0.0,2019-10-28,,1.0
simptomi gripa,2019,45,0.0,2019-11-04,,1.0
simptomi gripa,2019,46,0.0,2019-11-11,,1.0
simptomi gripa,2019,47,0.0,2019-11-18,,1.0
simptomi gripa,2019,48,0.0,2019-11-25,,1.0
simptomi gripa,2019,49,0.0,2019-12-02,6.0,2.0
simptomi gripa,2019,50,0.0,2019-12-09,9.0,2.0
simptomi gripa,2019,51,0.0,2019-12-16,10.0,3.0
simptomi gripa,2019,52,0.0,2019-12-23,8.0,3.0
simptomi gripa,2020,1,0.0,2019-12-30,10.0,3.0
simptomi gripa,2020,2,0.0,2020-01-06,24.0,3.0
simptomi gripa,2020,3,0.0,2020-01-13,60.0,3.0
simptomi gripa,2020,4,58.8,2020-01-20,179.0,3.0
simptomi gripa,2020,5,126.0,2020-01-27,235.0,3.0
simptomi gripa,2020,6,84.0,2020-02-03,290.0,5.0
simptomi gripa,2020,7,50.400000000000006,2020-02-10,191.0,5.0
simptomi gripa,2020,8,67.2,2020-02-17,83.0,4.0
simptomi gripa,2020,9,0.0,2020-02-24,93.0,3.0
simptomi gripa,2020,10,285.6,2020-03-02,34.0,3.0
simptomi gripa,2020,11,369.6,2020-03-09,37.0,3.0
simptomi gripa,2020,12,100.8,2020-03-16,6.0,2.0
simptomi gripa,2020,13,42.0,2020-03-23,,2.0
simptomi gripa,2020,14,50.400000000000006,2020-03-30,,1.0
simptomi gripa,2020,15,0.0,2020-04-06,,1.0
simptomi gripa,2020,16,0.0,2020-04-13,,1.0
simptomi gripa,2020,17,0.0,2020-04-20,,1.0
simptomi gripa,2020,18,0.0,2020-04-27,,1.0
simptomi gripa,2020,19,0.0,2020-05-04,,1.0
simptomi gripa,2020,20,0.0,2020-05-11,,1.0
simptomi gripa,2020,21,0.0,2020-05-18,,1.0
simptomi gripa,2020,22,0.0,2020-05-25,,1.0
simptomi gripa,2020,23,0.0,2020-06-01,,1.0
simptomi gripa,2020,24,0.0,2020-06-08,,1.0
simptomi gripa,2020,25,0.0,2020-06-15,,1.0
simptomi gripa,2020,26,0.0,2020-06-22,,1.0
simptomi gripa,2020,27,0.0,2020-06-29,,1.0
simptomi gripa,2020,28,0.0,2020-07-06,,1.0
simptomi gripa,2020,29,0.0,2020-07-13,,1.0
simptomi gripa,2020,30,0.0,2020-07-20,,1.0
simptomi gripa,2020,31,0.0,2020-07-27,,1.0
simptomi gripa,2020,32,0.0,2020-08-03,,1.0
simptomi gripa,2020,33,0.0,2020-08-10,,1.0
simptomi gripa,2020,34,0.0,2020-08-17,,1.0
simptomi gripa,2020,35,0.0,2020-08-24,,1.0
simptomi gripa,2020,36,0.0,2020-08-31,,1.0
simptomi gripa,2020,37,0.0,2020-09-07,,1.0
simptomi gripa,2020,38,0.0,2020-09-14,,1.0
simptomi gripa,2020,39,0.0,2020-09-21,,1.0
simptomi gripa,2020,40,0.0,2020-09-28,,1.0
simptomi gripa,2020,41,0.0,2020-10-05,,1.0
simptomi gripa,2020,42,0.0,2020-10-12,,1.0
simptomi gripa,2020,43,0.0,2020-10-19,,1.0
simptomi gripa,2020,44,0.0,2020-10-26,,2.0
simptomi gripa,2020,45,0.0,2020-11-02,,2.0
simptomi gripa,2020,46,0.0,2020-11-09,,2.0
simptomi gripa,2020,47,0.0,2020-11-16,,2.0
simptomi gripa,2020,48,0.0,2020-11-23,,1.0
simptomi gripa,2020,49,0.0,2020-11-30,,1.0
simptomi gripa,2020,50,0.0,2020-12-07,,1.0
simptomi gripa,2020,51,0.0,2020-12-14,,1.0
simptomi gripa,2020,52,0.0,2020-12-21,,1.0
simptomi gripa,2020,53,0.0,2020-12-28,,1.0
simptomi gripa,2021,1,0.0,2021-01-04,,1.0
simptomi gripa,2021,2,0.0,2021-01-11,,1.0
simptomi gripa,2021,3,0.0,2021-01-18,,1.0
simptomi gripa,2021,4,0.0,2021-01-25,,1.0
simptomi gripa,2021,5,0.0,2021-02-01,,1.0
simptomi gripa,2021,6,0.0,2021-02-08,,1.0
simptomi gripa,2021,7,0.0,2021-02-15,,1.0
simptomi gripa,2021,8,0.0,2021-02-22,,1.0
simptomi gripa,2021,9,0.0,2021-03-01,,1.0
simptomi gripa,2021,10,0.0,2021-03-08,,
simptomi gripa,2021,11,0.0,2021-03-15,,
simptomi gripa,2021,12,0.0,2021-03-22,,
simptomi gripa,2021,13,0.0,2021-03-29,,
simptomi gripa,2021,14,0.0,2021-04-05,,
simptomi gripa,2021,15,0.0,2021-04-12,,
simptomi gripa,2021,16,0.0,2021-04-19,,
simptomi gripa,2021,17,0.0,2021-04-26,,
simptomi gripa,2021,18,0.0,2021-05-03,,
simptomi gripa,2021,19,0.0,2021-05-10,,
simptomi gripa,2021,20,0.0,2021-05-17,,
simptomi gripa,2021,21,0.0,2021-05-24,,
simptomi gripa,2021,22,0.0,2021-05-31,,
simptomi gripa,2021,23,0.0,2021-06-07,,
simptomi gripa,2021,24,0.0,2021-06-14,,
simptomi gripa,2021,25,0.0,2021-06-21,,
simptomi gripa,2021,26,0.0,2021-06-28,,
simptomi gripa,2021,27,0.0,2021-07-05,,
simptomi gripa,2021,28,0.0,2021-07-12,,
simptomi gripa,2021,29,0.0,2021-07-19,,
simptomi gripa,2021,30,0.0,2021-07-26,,
simptomi gripa,2021,31,0.0,2021-08-02,,
simptomi gripa,2021,32,0.0,2021-08-09,,
simptomi gripa,2021,33,0.0,2021-08-16,,
simptomi gripa,2021,34,0.0,2021-08-23,,
simptomi gripa,2021,35,0.0,2021-08-30,,
simptomi gripa,2021,36,0.0,2021-09-06,,
simptomi gripa,2021,37,0.0,2021-09-13,,
simptomi gripa,2021,38,0.0,2021-09-20,,
simptomi gripa,2021,39,0.0,2021-09-27,,
simptomi gripa,2021,40,0.0,2021-10-04,,1.0
simptomi gripa,2021,41,0.0,2021-10-11,,1.0
simptomi gripa,2021,42,0.0,2021-10-18,,1.0
simptomi gripa,2021,43,0.0,2021-10-25,,1.0
simptomi gripa,2021,44,0.0,2021-11-01,,1.0
simptomi gripa,2021,45,0.0,2021-11-08,,1.0
simptomi gripa,2021,46,0.0,2021-11-15,,1.0
simptomi gripa,2021,47,0.0,2021-11-22,,1.0
simptomi gripa,2021,48,0.0,2021-11-29,,1.0
simptomi gripa,2021,49,0.0,2021-12-06,,1.0
simptomi gripa,2021,50,0.0,2021-12-13,1.0,1.0
simptomi gripa,2021,51,0.0,2021-12-20,1.0,1.0
simptomi gripa,2021,52,100.0,2021-12-27,12.0,1.0
simptomi gripa,2022,1,0.0,2022-01-03,21.0,1.0
simptomi gripa,2022,2,0.0,2022-01-10,16.0,1.0
simptomi gripa,2022,3,0.0,2022-01-17,19.0,1.0
simptomi gripa,2022,4,0.0,2022-01-24,7.0,1.0
simptomi gripa,2022,5,0.0,2022-01-31,4.0,1.0
simptomi gripa,2022,6,56.0,2022-02-07,31.0,1.0
simptomi gripa,2022,7,0.0,2022-02-14,25.0,1.0
simptomi gripa,2022,8,0.0,2022-02-21,12.0,1.0
simptomi gripa,2022,9,0.0,2022-02-28,3.0,1.0
simptomi gripa,2022,10,0.0,2022-03-07,34.0,1.0
simptomi gripa,2022,11,0.0,2022-03-14,77.0,1.0
simptomi gripa,2022,12,0.0,2022-03-21,77.0,1.0
simptomi gripa,2022,13,0.0,2022-03-28,66.0,1.0
simptomi gripa,2022,14,0.0,2022-04-04,43.0,1.0
simptomi gripa,2022,15,0.0,2022-04-11,32.0,1.0
simptomi gripa,2022,16,0.0,2022-04-18,17.0,1.0
simptomi gripa,2022,17,0.0,2022-04-25,8.0,1.0
simptomi gripa,2022,18,0.0,2022-05-02,4.0,1.0
simptomi gripa,2022,19,0.0,2022-05-09,3.0,1.0
simptomi gripa,2022,20,0.0,2022-05-16,4.0,1.0
simptomi gripa,2022,21,0.0,2022-05-23,3.0,1.0
simptomi gripa,2022,22,0.0,2022-05-30,,1.0
simptomi gripa,2022,23,0.0,2022-06-06,,1.0
simptomi gripa,2022,24,0.0,2022-06-13,,1.0
simptomi gripa,2022,25,0.0,2022-06-20,,1.0
simptomi gripa,2022,26,0.0,2022-06-27,,
simptomi gripa,2022,27,0.0,2022-07-04,,1.0
simptomi gripa,2022,28,0.0,2022-07-11,,1.0
simptomi gripa,2022,29,0.0,2022-07-18,,1.0
simptomi gripa,2022,30,0.0,2022-07-25,,1.0
simptomi gripa,2022,31,0.0,2022-08-01,,1.0
simptomi gripa,2022,32,0.0,2022-08-08,,1.0
simptomi gripa,2022,33,0.0,2022-08-15,,
simptomi gripa,2022,34,0.0,2022-08-22,,
simptomi gripa,2022,35,0.0,2022-08-29,,
simptomi gripa,2022,36,0.0,2022-09-05,,
simptomi gripa,2022,37,0.0,2022-09-12,,
simptomi gripa,2022,38,0.0,2022-09-19,,
simptomi gripa,2022,39,0.0,2022-09-26,,
simptomi gripa,2022,40,0.0,2022-10-03,,1.0
simptomi gripa,2022,41,0.0,2022-10-10,,1.0
simptomi gripa,2022,42,0.0,2022-10-17,,1.0
simptomi gripa,2022,43,0.0,2022-10-24,,1.0
simptomi gripa,2022,44,0.0,2022-10-31,,1.0
simptomi gripa,2022,45,0.0,2022-11-07,1.0,1.0
simptomi gripa,2022,46,0.0,2022-11-14,,1.0
simptomi gripa,2022,47,0.0,2022-11-21,,1.0
simptomi gripa,2022,48,0.0,2022-11-28,2.0,1.0
simptomi gripa,2022,49,0.0,2022-12-05,5.0,1.0
simptomi gripa,2022,50,0.0,2022-12-12,26.0,1.0
simptomi gripa,2022,51,0.0,2022-12-19,36.0,1.0
simptomi gripa,2022,52,0.0,2022-12-26,31.0,1.0
simptomi gripa,2023,1,0.0,2023-01-02,24.0,1.0
simptomi gripa,2023,2,0.0,2023-01-09,78.0,1.0
simptomi gripa,2023,3,0.0,2023-01-16,72.0,1.0
simptomi gripa,2023,4,0.0,2023-01-23,58.0,1.0
simptomi gripa,2023,5,0.0,2023-01-30,75.0,1.0
simptomi gripa,2023,6,0.0,2023-02-06,91.0,1.0
simptomi gripa,2023,7,0.0,2023-02-13,70.0,1.0
simptomi gripa,2023,8,0.0,2023-02-20,85.0,1.0
simptomi gripa,2023,9,0.0,2023-02-27,33.0,1.0
simptomi gripa,2023,10,0.0,2023-03-06,32.0,1.0
simptomi gripa,2023,11,0.0,2023-03-13,26.0,1.0
simptomi gripa,2023,12,0.0,2023-03-20,25.0,1.0
simptomi gripa,2023,13,0.0,2023-03-27,10.0,1.0
simptomi gripa,2023,14,0.0,2023-04-03,12.0,1.0
simptomi gripa,2023,15,0.0,2023-04-10,3.0,1.0
simptomi gripa,2023,16,0.0,2023-04-17,1.0,1.0
simptomi gripa,2023,17,0.0,2023-04-24,1.0,1.0
simptomi gripa,2023,18,0.0,2023-05-01,,1.0
simptomi gripa,2023,19,0.0,2023-05-08,,1.0
simptomi gripa,2023,20,0.0,2023-05-15,,1.0
simptomi gripa,2023,21,0.0,2023-05-22,,1.0
simptomi gripa,2023,22,0.0,2023-05-29,,1.0
simptomi gripa,2023,23,0.0,2023-06-05,,1.0
simptomi gripa,2023,24,0.0,2023-06-12,,1.0
simptomi gripa,2023,25,0.0,2023-06-19,,1.0
simptomi gripa,2023,26,0.0,2023-06-26,,
simptomi gripa,2025,26,0.0,2025-06-23,,1.0
simptomi gripa,2025,27,0.0,2025-06-30,,
simptomi gripa,2025,28,0.0,2025-07-07,,1.0
simptomi gripa,2025,29,0.0,2025-07-14,,1.0
simptomi gripa,2025,30,0.0,2025-07-21,,1.0
simptomi gripa,2025,31,0.0,2025-07-28,,1.0
simptomi gripa,2025,32,0.0,2025-08-04,,1.0
simptomi gripa,2025,33,0.0,2025-08-11,,1.0
simptomi gripa,2025,34,0.0,2025-08-18,,1.0
simptomi gripa,2025,35,0.0,2025-08-25,,1.0
simptomi gripa,2025,36,0.0,2025-09-01,,1.0
simptomi gripa,2025,37,0.0,2025-09-08,,1.0
simptomi gripa,2025,38,0.0,2025-09-15,,1.0
simptomi gripa,2025,39,0.0,2025-09-22,,1.0
simptomi gripa,2025,40,0.0,2025-09-29,,1.0
simptomi gripa,2025,41,0.0,2025-10-06,,1.0
simptomi gripa,2025,42,0.0,2025-10-13,2.0,1.0
simptomi gripa,2025,43,0.0,2025-10-20,3.0,1.0
simptomi gripa,2025,44,0.0,2025-10-27,,1.0
simptomi gripa,2025,45,0.0,2025-11-03,4.0,1.0
simptomi gripa,2025,46,0.0,2025-11-10,2.0,1.0
simptomi gripa,2025,47,0.0,2025-11-17,11.0,1.0
simptomi gripa,2025,48,0.0,2025-11-24,14.0,1.0
simptomi gripa,2025,49,0.0,2025-12-01,36.0,1.0
simptomi gripa,2025,50,0.0,2025-12-08,55.0,1.0
simptomi gripa,2025,51,0.0,2025-12-15,54.0,1.0
simptomi gripa,2025,52,0.0,2025-12-22,45.0,1.0
simptomi gripa,2026,1,0.0,2025-12-29,24.0,1.0
simptomi gripa,2026,2,0.0,2026-01-05,8.0,1.0
simptomi gripa,2026,3,100.0,2026-01-12,7.0,1.0
simptomi gripa,2026,4,0.0,2026-01-19,15.0,1.0
simptomi gripa,2026,5,0.0,2026-01-26,3.0,1.0
simptomi gripa,2026,6,0.0,2026-02-02,4.0,1.0
simptomi gripa,2026,7,0.0,2026-02-09,,1.0
simptomi gripa,2026,8,0.0,2026-02-16,1.0,1.0
simptomi gripa,2026,9,0.0,2026-02-23,2.0,1.0
simptomi gripa,2026,10,0.0,2026-03-02,,1.0
simptomi gripa,2026,11,0.0,2026-03-09,,1.0
simptomi gripa,2026,12,0.0,2026-03-16,1.0,1.0
simptomi gripa,2026,13,0.0,2026-03-23,,1.0
simptomi gripa,2026,14,0.0,2026-03-30,,1.0
simptomi gripa,2026,15,0.0,2026-04-06,,1.0
simptomi gripa,2026,16,0.0,2026-04-13,,1.0
simptomi gripa,2026,17,0.0,2026-04-20,,
simptomi gripa,2026,18,0.0,2026-04-27,,1.0
simptomi gripa,2026,19,0.0,2026-05-04,,1.0
simptomi gripa,2026,20,0.0,2026-05-11,,1.0
simptomi gripa,2026,21,0.0,2026-05-18,,1.0
simptomi gripa,2026,22,0.0,2026-05-25,,1.0
simptomi gripa,2026,23,0.0,2026-06-01,,1.0
simptomi gripa,2026,24,0.0,2026-06-08,,1.0
simptomi gripa,2026,25,0.0,2026-06-15,,1.0
simptomi gripa,2026,26,0.0,2026-06-22,,1.0
simptomi gripa,2026,27,0.0,2026-06-29,,1.0
simptomi gripa,2026,28,0.0,2026-07-06,,1.0
simptomi gripa,2026,29,0.0,2026-07-13,,1.0
simptomi gripa,2026,30,0.0,2026-07-20,,
simptomi gripa,2026,31,0.0,2026-07-27,,1.0
simptomi prehlade,2015,26,0.0,2015-06-22,,
simptomi prehlade,2015,27,0.0,2015-06-29,,
simptomi prehlade,2015,28,0.0,2015-07-06,,
simptomi prehlade,2015,29,0.0,2015-07-13,,
simptomi prehlade,2015,30,0.0,2015-07-20,,
simptomi prehlade,2015,31,0.0,2015-07-27,,
simptomi prehlade,2015,32,0.0,2015-08-03,,
simptomi prehlade,2015,33,0.0,2015-08-10,,
simptomi prehlade,2015,34,0.0,2015-08-17,,
simptomi prehlade,2015,35,0.0,2015-08-24,,
simptomi prehlade,2015,36,0.0,2015-08-31,,
simptomi prehlade,2015,37,0.0,2015-09-07,,
simptomi prehlade,2015,38,0.0,2015-09-14,,
simptomi prehlade,2015,39,0.0,2015-09-21,,
simptomi prehlade,2015,40,0.0,2015-09-28,,
simptomi prehlade,2015,41,0.0,2015-10-05,,
simptomi prehlade,2015,42,0.0,2015-10-12,,
simptomi prehlade,2015,43,0.0,2015-10-19,,
simptomi prehlade,2015,44,0.0,2015-10-26,,
simptomi prehlade,2015,45,0.0,2015-11-02,,1.0
simptomi prehlade,2015,46,0.0,2015-11-09,,1.0
simptomi prehlade,2015,47,0.0,2015-11-16,,1.0
simptomi prehlade,2015,48,0.0,2015-11-23,,1.0
simptomi prehlade,2015,49,0.0,2015-11-30,,1.0
simptomi prehlade,2015,50,0.0,2015-12-07,,1.0
simptomi prehlade,2015,51,0.0,2015-12-14,,1.0
simptomi prehlade,2015,52,0.0,2015-12-21,,1.0
simptomi prehlade,2015,53,0.0,2015-12-28,,1.0
simptomi prehlade,2016,1,0.0,2016-01-04,3.0,1.0
simptomi prehlade,2016,2,0.0,2016-01-11,6.0,1.0
simptomi prehlade,2016,3,0.0,2016-01-18,16.0,1.0
simptomi prehlade,2016,4,0.0,2016-01-25,14.0,1.0
simptomi prehlade,2016,5,0.0,2016-02-01,26.0,1.0
simptomi prehlade,2016,6,0.0,2016-02-08,36.0,1.0
simptomi prehlade,2016,7,0.0,2016-02-15,14.0,1.0
simptomi prehlade,2016,8,0.0,2016-02-22,33.0,1.0
simptomi prehlade,2016,9,0.0,2016-02-29,44.0,1.0
simptomi prehlade,2016,10,0.0,2016-03-07,50.0,1.0
simptomi prehlade,2016,11,0.0,2016-03-14,35.0,1.0
simptomi prehlade,2016,12,0.0,2016-03-21,54.0,1.0
simptomi prehlade,2016,13,0.0,2016-03-28,57.0,1.0
simptomi prehlade,2016,14,0.0,2016-04-04,39.0,1.0
simptomi prehlade,2016,15,0.0,2016-04-11,26.0,1.0
simptomi prehlade,2016,16,0.0,2016-04-18,2.0,1.0
simptomi prehlade,2016,17,0.0,2016-04-25,2.0,1.0
simptomi prehlade,2016,18,0.0,2016-05-02,4.0,1.0
simptomi prehlade,2016,19,0.0,2016-05-09,,1.0
simptomi prehlade,2016,20,0.0,2016-05-16,,1.0
simptomi prehlade,2016,21,0.0,2016-05-23,,
simptomi prehlade,2016,22,0.0,2016-05-30,,
simptomi prehlade,2016,23,0.0,2016-06-06,,
simptomi prehlade,2016,24,0.0,2016-06-13,,
simptomi prehlade,2016,25,0.0,2016-06-20,,
simptomi prehlade,2016,26,0.0,2016-06-27,,
simptomi prehlade,2016,27,0.0,2016-07-04,,
simptomi prehlade,2016,28,0.0,2016-07-11,,
simptomi prehlade,2016,29,100.0,2016-07-18,,
simptomi prehlade,2016,30,0.0,2016-07-25,,
simptomi prehlade,2016,31,0.0,2016-08-01,,
simptomi prehlade,2016,32,0.0,2016-08-08,,
simptomi prehlade,2016,33,0.0,2016-08-15,,
simptomi prehlade,2016,34,0.0,2016-08-22,,
simptomi prehlade,2016,35,0.0,2016-08-29,,
simptomi prehlade,2016,36,0.0,2016-09-05,,
simptomi prehlade,2016,37,0.0,2016-09-12,,
simptomi prehlade,2016,38,0.0,2016-09-19,,
simptomi prehlade,2016,39,0.0,2016-09-26,,
simptomi prehlade,2016,40,0.0,2016-10-03,,
simptomi prehlade,2016,41,0.0,2016-10-10,,1.0
simptomi prehlade,2016,42,0.0,2016-10-17,,1.0
simptomi prehlade,2016,43,0.0,2016-10-24,,1.0
simptomi prehlade,2016,44,0.0,2016-10-31,,1.0
simptomi prehlade,2016,45,0.0,2016-11-07,,1.0
simptomi prehlade,2016,46,0.0,2016-11-14,,1.0
simptomi prehlade,2016,47,0.0,2016-11-21,,1.0
simptomi prehlade,2016,48,0.0,2016-11-28,,1.0
simptomi prehlade,2016,49,0.0,2016-12-05,9.0,1.0
simptomi prehlade,2016,50,0.0,2016-12-12,84.0,1.0
simptomi prehlade,2016,51,0.0,2016-12-19,109.0,1.0
simptomi prehlade,2016,52,0.0,2016-12-26,162.0,1.0
simptomi prehlade,2017,1,0.0,2017-01-02,77.0,1.0
simptomi prehlade,2017,2,0.0,2017-01-09,,1.0
simptomi prehlade,2017,3,0.0,2017-01-16,,1.0
simptomi prehlade,2017,4,0.0,2017-01-23,,1.0
simptomi prehlade,2017,5,0.0,2017-01-30,,1.0
simptomi prehlade,2017,6,0.0,2017-02-06,,1.0
simptomi prehlade,2017,7,0.0,2017-02-13,5.0,1.0
simptomi prehlade,2017,8,0.0,2017-02-20,11.0,1.0
simptomi prehlade,2017,9,0.0,2017-02-27,4.0,1.0
simptomi prehlade,2017,10,0.0,2017-03-06,2.0,1.0
simptomi prehlade,2017,11,0.0,2017-03-13,,1.0
simptomi prehlade,2017,12,0.0,2017-03-20,,1.0
simptomi prehlade,2017,13,0.0,2017-03-27,,1.0
simptomi prehlade,2017,14,0.0,2017-04-03,,1.0
simptomi prehlade,2017,15,0.0,2017-04-10,,1.0
simptomi prehlade,2017,16,0.0,2017-04-17,,1.0
simptomi prehlade,2017,17,0.0,2017-04-24,,1.0
simptomi prehlade,2017,18,0.0,2017-05-01,,1.0
simptomi prehlade,2017,19,0.0,2017-05-08,,1.0
simptomi prehlade,2017,20,0.0,2017-05-15,,1.0
simptomi prehlade,2017,21,0.0,2017-05-22,,
simptomi prehlade,2017,22,0.0,2017-05-29,,
simptomi prehlade,2017,23,0.0,2017-06-05,,
simptomi prehlade,2017,24,0.0,2017-06-12,,
simptomi prehlade,2017,25,0.0,2017-06-19,,
simptomi prehlade,2017,26,0.0,2017-06-26,,
simptomi prehlade,2017,27,0.0,2017-07-03,,
simptomi prehlade,2017,28,0.0,2017-07-10,,
simptomi prehlade,2017,29,0.0,2017-07-17,,
simptomi prehlade,2017,30,0.0,2017-07-24,,
simptomi prehlade,2017,31,0.0,2017-07-31,,
simptomi prehlade,2017,32,0.0,2017-08-07,,
simptomi prehlade,2017,33,0.0,2017-08-14,,
simptomi prehlade,2017,34,0.0,2017-08-21,,
simptomi prehlade,2017,35,0.0,2017-08-28,,
simptomi prehlade,2017,36,0.0,2017-09-04,,
simptomi prehlade,2017,37,0.0,2017-09-11,,
simptomi prehlade,2017,38,0.0,2017-09-18,,
simptomi prehlade,2017,39,0.0,2017-09-25,,
simptomi prehlade,2017,40,0.0,2017-10-02,,1.0
simptomi prehlade,2017,41,0.0,2017-10-09,,1.0
simptomi prehlade,2017,42,0.0,2017-10-16,,1.0
simptomi prehlade,2017,43,0.0,2017-10-23,,1.0
simptomi prehlade,2017,44,0.0,2017-10-30,,2.0
simptomi prehlade,2017,45,0.0,2017-11-06,,2.0
simptomi prehlade,2017,46,0.0,2017-11-13,,3.0
simptomi prehlade,2017,47,0.0,2017-11-20,,3.0
simptomi prehlade,2017,48,0.0,2017-11-27,,3.0
simptomi prehlade,2017,49,0.0,2017-12-04,,3.0
simptomi prehlade,2017,50,0.0,2017-12-11,6.0,3.0
simptomi prehlade,2017,51,0.0,2017-12-18,19.0,3.0
simptomi prehlade,2017,52,0.0,2017-12-25,26.0,3.0
simptomi prehlade,2018,1,0.0,2018-01-01,22.0,3.0
simptomi prehlade,2018,2,0.0,2018-01-08,37.0,3.0
simptomi prehlade,2018,3,0.0,2018-01-15,88.0,3.0
simptomi prehlade,2018,4,0.0,2018-01-22,103.0,4.0
simptomi prehlade,2018,5,0.0,2018-01-29,124.0,5.0
simptomi prehlade,2018,6,0.0,2018-02-05,121.0,5.0
simptomi prehlade,2018,7,0.0,2018-02-12,66.0,5.0
simptomi prehlade,2018,8,0.0,2018-02-19,77.0,4.0
simptomi prehlade,2018,9,0.0,2018-02-26,59.0,4.0
simptomi prehlade,2018,10,0.0,2018-03-05,29.0,4.0
simptomi prehlade,2018,11,0.0,2018-03-12,20.0,4.0
simptomi prehlade,2018,12,0.0,2018-03-19,14.0,3.0
simptomi prehlade,2018,13,0.0,2018-03-26,30.0,3.0
simptomi prehlade,2018,14,0.0,2018-04-02,21.0,3.0
simptomi prehlade,2018,15,0.0,2018-04-09,16.0,3.0
simptomi prehlade,2018,16,0.0,2018-04-16,1.0,3.0
simptomi prehlade,2018,17,0.0,2018-04-23,,2.0
simptomi prehlade,2018,18,0.0,2018-04-30,,2.0
simptomi prehlade,2018,19,0.0,2018-05-07,,1.0
simptomi prehlade,2018,20,0.0,2018-05-14,,1.0
simptomi prehlade,2018,21,0.0,2018-05-21,,1.0
simptomi prehlade,2018,22,0.0,2018-05-28,,1.0
simptomi prehlade,2018,23,0.0,2018-06-04,,1.0
simptomi prehlade,2018,24,0.0,2018-06-11,,1.0
simptomi prehlade,2018,25,0.0,2018-06-18,,1.0
simptomi prehlade,2018,26,0.0,2018-06-25,,1.0
simptomi prehlade,2018,27,0.0,2018-07-02,,1.0
simptomi prehlade,2018,28,0.0,2018-07-09,,1.0
simptomi prehlade,2018,29,0.0,2018-07-16,,1.0
simptomi prehlade,2018,30,0.0,2018-07-23,,1.0
simptomi prehlade,2018,31,0.0,2018-07-30,,1.0
simptomi prehlade,2018,32,0.0,2018-08-06,,1.0
simptomi prehlade,2018,33,0.0,2018-08-13,,1.0
simptomi prehlade,2018,34,0.0,2018-08-20,,1.0
simptomi prehlade,2018,35,0.0,2018-08-27,,1.0
simptomi prehlade,2018,36,0.0,2018-09-03,,1.0
simptomi prehlade,2018,37,0.0,2018-09-10,,1.0
simptomi prehlade,2018,38,0.0,2018-09-17,,1.0
simptomi prehlade,2018,39,0.0,2018-09-24,,1.0
simptomi prehlade,2018,40,0.0,2018-10-01,,1.0
simptomi prehlade,2018,41,0.0,2018-10-08,,1.0
simptomi prehlade,2018,42,0.0,2018-10-15,,1.0
simptomi prehlade,2018,43,0.0,2018-10-22,,1.0
simptomi prehlade,2018,44,0.0,2018-10-29,,1.0
simptomi prehlade,2018,45,0.0,2018-11-05,,1.0
simptomi prehlade,2018,46,0.0,2018-11-12,,1.0
simptomi prehlade,2018,47,0.0,2018-11-19,,1.0
simptomi prehlade,2018,48,0.0,2018-11-26,,1.0
simptomi prehlade,2018,49,0.0,2018-12-03,,1.0
simptomi prehlade,2018,50,0.0,2018-12-10,,1.0
simptomi prehlade,2018,51,0.0,2018-12-17,,1.0
simptomi prehlade,2018,52,0.0,2018-12-24,3.0,1.0
simptomi prehlade,2019,1,0.0,2018-12-31,11.0,2.0
simptomi prehlade,2019,2,0.0,2019-01-07,16.0,2.0
simptomi prehlade,2019,3,0.0,2019-01-14,42.0,2.0
simptomi prehlade,2019,4,0.0,2019-01-21,99.0,2.0
simptomi prehlade,2019,5,0.0,2019-01-28,273.0,4.0
simptomi prehlade,2019,6,0.0,2019-02-04,388.0,4.0
simptomi prehlade,2019,7,0.0,2019-02-11,309.0,4.0
simptomi prehlade,2019,8,0.0,2019-02-18,307.0,4.0
simptomi prehlade,2019,9,0.0,2019-02-25,138.0,3.0
simptomi prehlade,2019,10,0.0,2019-03-04,100.0,3.0
simptomi prehlade,2019,11,0.0,2019-03-11,50.0,3.0
simptomi prehlade,2019,12,0.0,2019-03-18,25.0,2.0
simptomi prehlade,2019,13,0.0,2019-03-25,40.0,2.0
simptomi prehlade,2019,14,0.0,2019-04-01,17.0,2.0
simptomi prehlade,2019,15,0.0,2019-04-08,14.0,2.0
simptomi prehlade,2019,16,0.0,2019-04-15,5.0,2.0
simptomi prehlade,2019,17,0.0,2019-04-22,9.0,2.0
simptomi prehlade,2019,18,0.0,2019-04-29,,2.0
simptomi prehlade,2019,19,0.0,2019-05-06,,2.0
simptomi prehlade,2019,20,0.0,2019-05-13,,2.0
simptomi prehlade,2019,21,0.0,2019-05-20,,1.0
simptomi prehlade,2019,22,0.0,2019-05-27,,1.0
simptomi prehlade,2019,23,0.0,2019-06-03,,1.0
simptomi prehlade,2019,24,0.0,2019-06-10,,1.0
simptomi prehlade,2019,25,0.0,2019-06-17,,1.0
simptomi prehlade,2019,26,0.0,2019-06-24,,1.0
simptomi prehlade,2019,27,0.0,2019-07-01,,1.0
simptomi prehlade,2019,28,0.0,2019-07-08,,1.0
simptomi prehlade,2019,29,0.0,2019-07-15,,1.0
simptomi prehlade,2019,30,0.0,2019-07-22,,1.0
simptomi prehlade,2019,31,0.0,2019-07-29,,1.0
simptomi prehlade,2019,32,0.0,2019-08-05,,1.0
simptomi prehlade,2019,33,0.0,2019-08-12,,1.0
simptomi prehlade,2019,34,0.0,2019-08-19,,1.0
simptomi prehlade,2019,35,0.0,2019-08-26,,1.0
simptomi prehlade,2019,36,0.0,2019-09-02,,1.0
simptomi prehlade,2019,37,0.0,2019-09-09,,1.0
simptomi prehlade,2019,38,0.0,2019-09-16,,1.0
simptomi prehlade,2019,39,0.0,2019-09-23,,1.0
simptomi prehlade,2019,40,0.0,2019-09-30,,1.0
simptomi prehlade,2019,41,0.0,2019-10-07,,1.0
simptomi prehlade,2019,42,0.0,2019-10-14,,1.0
simptomi prehlade,2019,43,0.0,2019-10-21,,1.0
simptomi prehlade,2019,44,0.0,2019-10-28,,1.0
simptomi prehlade,2019,45,0.0,2019-11-04,,1.0
simptomi prehlade,2019,46,0.0,2019-11-11,,1.0
simptomi prehlade,2019,47,0.0,2019-11-18,,1.0
simptomi prehlade,2019,48,0.0,2019-11-25,,1.0
simptomi prehlade,2019,49,0.0,2019-12-02,6.0,2.0
simptomi prehlade,2019,50,0.0,2019-12-09,9.0,2.0
simptomi prehlade,2019,51,0.0,2019-12-16,10.0,3.0
simptomi prehlade,2019,52,0.0,2019-12-23,8.0,3.0
simptomi prehlade,2020,1,0.0,2019-12-30,10.0,3.0
simptomi prehlade,2020,2,0.0,2020-01-06,24.0,3.0
simptomi prehlade,2020,3,0.0,2020-01-13,60.0,3.0
simptomi prehlade,2020,4,0.0,2020-01-20,179.0,3.0
simptomi prehlade,2020,5,0.0,2020-01-27,235.0,3.0
simptomi prehlade,2020,6,0.0,2020-02-03,290.0,5.0
simptomi prehlade,2020,7,0.0,2020-02-10,191.0,5.0
simptomi prehlade,2020,8,0.0,2020-02-17,83.0,4.0
simptomi prehlade,2020,9,0.0,2020-02-24,93.0,3.0
simptomi prehlade,2020,10,0.0,2020-03-02,34.0,3.0
simptomi prehlade,2020,11,0.0,2020-03-09,37.0,3.0
simptomi prehlade,2020,12,48.0,2020-03-16,6.0,2.0
simptomi prehlade,2020,13,0.0,2020-03-23,,2.0
simptomi prehlade,2020,14,0.0,2020-03-30,,1.0
simptomi prehlade,2020,15,0.0,2020-04-06,,1.0
simptomi prehlade,2020,16,0.0,2020-04-13,,1.0
simptomi prehlade,2020,17,0.0,2020-04-20,,1.0
simptomi prehlade,2020,18,0.0,2020-04-27,,1.0
simptomi prehlade,2020,19,0.0,2020-05-04,,1.0
simptomi prehlade,2020,20,0.0,2020-05-11,,1.0
simptomi prehlade,2020,21,0.0,2020-05-18,,1.0
simptomi prehlade,2020,22,0.0,2020-05-25,,1.0
simptomi prehlade,2020,23,0.0,2020-06-01,,1.0
simptomi prehlade,2020,24,0.0,2020-06-08,,1.0
simptomi prehlade,2020,25,0.0,2020-06-15,,1.0
simptomi prehlade,2020,26,0.0,2020-06-22,,1.0
simptomi prehlade,2020,27,0.0,2020-06-29,,1.0
simptomi prehlade,2020,28,0.0,2020-07-06,,1.0
simptomi prehlade,2020,29,0.0,2020-07-13,,1.0
simptomi prehlade,2020,30,0.0,2020-07-20,,1.0
simptomi prehlade,2020,31,0.0,2020-07-27,,1.0
simptomi prehlade,2020,32,0.0,2020-08-03,,1.0
simptomi prehlade,2020,33,0.0,2020-08-10,,1.0
simptomi prehlade,2020,34,0.0,2020-08-17,,1.0
simptomi prehlade,2020,35,0.0,2020-08-24,,1.0
simptomi prehlade,2020,36,0.0,2020-08-31,,1.0
simptomi prehlade,2020,37,0.0,2020-09-07,,1.0
simptomi prehlade,2020,38,56.0,2020-09-14,,1.0
simptomi prehlade,2020,39,0.0,2020-09-21,,1.0
simptomi prehlade,2020,40,0.0,2020-09-28,,1.0
simptomi prehlade,2020,41,0.0,2020-10-05,,1.0
simptomi prehlade,2020,42,0.0,2020-10-12,,1.0
simptomi prehlade,2020,43,0.0,2020-10-19,,1.0
simptomi prehlade,2020,44,57.0,2020-10-26,,2.0
simptomi prehlade,2020,45,56.0,2020-11-02,,2.0
simptomi prehlade,2020,46,0.0,2020-11-09,,2.0
simptomi prehlade,2020,47,100.0,2020-11-16,,2.0
simptomi prehlade,2020,48,0.0,2020-11-23,,1.0
simptomi prehlade,2020,49,0.0,2020-11-30,,1.0
simptomi prehlade,2020,50,0.0,2020-12-07,,1.0
simptomi prehlade,2020,51,0.0,2020-12-14,,1.0
simptomi prehlade,2020,52,0.0,2020-12-21,,1.0
simptomi prehlade,2020,53,0.0,2020-12-28,,1.0
simptomi prehlade,2021,1,0.0,2021-01-04,,1.0
simptomi prehlade,2021,2,0.0,2021-01-11,,1.0
simptomi prehlade,2021,3,0.0,2021-01-18,,1.0
simptomi prehlade,2021,4,0.0,2021-01-25,,1.0
simptomi prehlade,2021,5,0.0,2021-02-01,,1.0
simptomi prehlade,2021,6,0.0,2021-02-08,,1.0
simptomi prehlade,2021,7,0.0,2021-02-15,,1.0
simptomi prehlade,2021,8,0.0,2021-02-22,,1.0
simptomi prehlade,2021,9,0.0,2021-03-01,,1.0
simptomi prehlade,2021,10,0.0,2021-03-08,,
simptomi prehlade,2021,11,0.0,2021-03-15,,
simptomi prehlade,2021,12,0.0,2021-03-22,,
simptomi prehlade,2021,13,0.0,2021-03-29,,
simptomi prehlade,2021,14,0.0,2021-04-05,,
simptomi prehlade,2021,15,0.0,2021-04-12,,
simptomi prehlade,2021,16,70.52434456928839,2021-04-19,,
simptomi prehlade,2021,17,0.0,2021-04-26,,
simptomi prehlade,2021,18,0.0,2021-05-03,,
simptomi prehlade,2021,19,0.0,2021-05-10,,
simptomi prehlade,2021,20,0.0,2021-05-17,,
simptomi prehlade,2021,21,0.0,2021-05-24,,
simptomi prehlade,2021,22,0.0,2021-05-31,,
simptomi prehlade,2021,23,0.0,2021-06-07,,
simptomi prehlade,2021,24,0.0,2021-06-14,,
simptomi prehlade,2021,25,0.0,2021-06-21,,
simptomi prehlade,2021,26,0.0,2021-06-28,,
simptomi prehlade,2021,27,0.0,2021-07-05,,
simptomi prehlade,2021,28,0.0,2021-07-12,,
simptomi prehlade,2021,29,0.0,2021-07-19,,
simptomi prehlade,2021,30,0.0,2021-07-26,,
simptomi prehlade,2021,31,0.0,2021-08-02,,
simptomi prehlade,2021,32,0.0,2021-08-09,,
simptomi prehlade,2021,33,0.0,2021-08-16,,
simptomi prehlade,2021,34,0.0,2021-08-23,,
simptomi prehlade,2021,35,0.0,2021-08-30,,
simptomi prehlade,2021,36,0.0,2021-09-06,,
simptomi prehlade,2021,37,0.0,2021-09-13,,
simptomi prehlade,2021,38,0.0,2021-09-20,,
simptomi prehlade,2021,39,0.0,2021-09-27,,
simptomi prehlade,2021,40,0.0,2021-10-04,,1.0
simptomi prehlade,2021,41,63.47191011235955,2021-10-11,,1.0
simptomi prehlade,2021,42,0.0,2021-10-18,,1.0
simptomi prehlade,2021,43,0.0,2021-10-25,,1.0
simptomi prehlade,2021,44,0.0,2021-11-01,,1.0
simptomi prehlade,2021,45,0.0,2021-11-08,,1.0
simptomi prehlade,2021,46,0.0,2021-11-15,,1.0
simptomi prehlade,2021,47,0.0,2021-11-22,,1.0
simptomi prehlade,2021,48,0.0,2021-11-29,,1.0
simptomi prehlade,2021,49,0.0,2021-12-06,,1.0
simptomi prehlade,2021,50,0.0,2021-12-13,1.0,1.0
simptomi prehlade,2021,51,0.0,2021-12-20,1.0,1.0
simptomi prehlade,2021,52,100.749063670412,2021-12-27,12.0,1.0
simptomi prehlade,2022,1,0.0,2022-01-03,21.0,1.0
simptomi prehlade,2022,2,0.0,2022-01-10,16.0,1.0
simptomi prehlade,2022,3,0.0,2022-01-17,19.0,1.0
simptomi prehlade,2022,4,0.0,2022-01-24,7.0,1.0
simptomi prehlade,2022,5,0.0,2022-01-31,4.0,1.0
simptomi prehlade,2022,6,0.0,2022-02-07,31.0,1.0
simptomi prehlade,2022,7,0.0,2022-02-14,25.0,1.0
simptomi prehlade,2022,8,0.0,2022-02-21,12.0,1.0
simptomi prehlade,2022,9,0.0,2022-02-28,3.0,1.0
simptomi prehlade,2022,10,0.0,2022-03-07,34.0,1.0
simptomi prehlade,2022,11,0.0,2022-03-14,77.0,1.0
simptomi prehlade,2022,12,0.0,2022-03-21,77.0,1.0
simptomi prehlade,2022,13,0.0,2022-03-28,66.0,1.0
simptomi prehlade,2022,14,0.0,2022-04-04,43.0,1.0
simptomi prehlade,2022,15,0.0,2022-04-11,32.0,1.0
simptomi prehlade,2022,16,0.0,2022-04-18,17.0,1.0
simptomi prehlade,2022,17,0.0,2022-04-25,8.0,1.0
simptomi prehlade,2022,18,0.0,2022-05-02,4.0,1.0
simptomi prehlade,2022,19,0.0,2022-05-09,3.0,1.0
simptomi prehlade,2022,20,0.0,2022-05-16,4.0,1.0
simptomi prehlade,2022,21,0.0,2022-05-23,3.0,1.0
simptomi prehlade,2022,22,0.0,2022-05-30,,1.0
simptomi prehlade,2022,23,0.0,2022-06-06,,1.0
simptomi prehlade,2022,24,0.0,2022-06-13,,1.0
simptomi prehlade,2022,25,0.0,2022-06-20,,1.0
simptomi prehlade,2022,26,0.0,2022-06-27,,
simptomi prehlade,2022,27,0.0,2022-07-04,,1.0
simptomi prehlade,2022,28,0.0,2022-07-11,,1.0
simptomi prehlade,2022,29,0.0,2022-07-18,,1.0
simptomi prehlade,2022,30,0.0,2022-07-25,,1.0
simptomi prehlade,2022,31,0.0,2022-08-01,,1.0
simptomi prehlade,2022,32,0.0,2022-08-08,,1.0
simptomi prehlade,2022,33,0.0,2022-08-15,,
simptomi prehlade,2022,34,0.0,2022-08-22,,
simptomi prehlade,2022,35,0.0,2022-08-29,,
simptomi prehlade,2022,36,0.0,2022-09-05,,
simptomi prehlade,2022,37,0.0,2022-09-12,,
simptomi prehlade,2022,38,0.0,2022-09-19,,
simptomi prehlade,2022,39,0.0,2022-09-26,,
simptomi prehlade,2022,40,0.0,2022-10-03,,1.0
simptomi prehlade,2022,41,0.0,2022-10-10,,1.0
simptomi prehlade,2022,42,0.0,2022-10-17,,1.0
simptomi prehlade,2022,43,45.337078651685395,2022-10-24,,1.0
simptomi prehlade,2022,44,0.0,2022-10-31,,1.0
simptomi prehlade,2022,45,0.0,2022-11-07,1.0,1.0
simptomi prehlade,2022,46,0.0,2022-11-14,,1.0
simptomi prehlade,2022,47,0.0,2022-11-21,,1.0
simptomi prehlade,2022,48,0.0,2022-11-28,2.0,1.0
simptomi prehlade,2022,49,0.0,2022-12-05,5.0,1.0
simptomi prehlade,2022,50,0.0,2022-12-12,26.0,1.0
simptomi prehlade,2022,51,0.0,2022-12-19,36.0,1.0
simptomi prehlade,2022,52,0.0,2022-12-26,31.0,1.0
simptomi prehlade,2023,1,0.0,2023-01-02,24.0,1.0
simptomi prehlade,2023,2,0.0,2023-01-09,78.0,1.0
simptomi prehlade,2023,3,0.0,2023-01-16,72.0,1.0
simptomi prehlade,2023,4,0.0,2023-01-23,58.0,1.0
simptomi prehlade,2023,5,0.0,2023-01-30,75.0,1.0
simptomi prehlade,2023,6,0.0,2023-02-06,91.0,1.0
simptomi prehlade,2023,7,0.0,2023-02-13,70.0,1.0
simptomi prehlade,2023,8,0.0,2023-02-20,85.0,1.0
simptomi prehlade,2023,9,0.0,2023-02-27,33.0,1.0
simptomi prehlade,2023,10,0.0,2023-03-06,32.0,1.0
simptomi prehlade,2023,11,0.0,2023-03-13,26.0,1.0
simptomi prehlade,2023,12,0.0,2023-03-20,25.0,1.0
simptomi prehlade,2023,13,0.0,2023-03-27,10.0,1.0
simptomi prehlade,2023,14,0.0,2023-04-03,12.0,1.0
simptomi prehlade,2023,15,0.0,2023-04-10,3.0,1.0
simptomi prehlade,2023,16,0.0,2023-04-17,1.0,1.0
simptomi prehlade,2023,17,0.0,2023-04-24,1.0,1.0
simptomi prehlade,2023,18,0.0,2023-05-01,,1.0
simptomi prehlade,2023,19,0.0,2023-05-08,,1.0
simptomi prehlade,2023,20,0.0,2023-05-15,,1.0
simptomi prehlade,2023,21,0.0,2023-05-22,,1.0
simptomi prehlade,2023,22,0.0,2023-05-29,,1.0
simptomi prehlade,2023,23,0.0,2023-06-05,,1.0
simptomi prehlade,2023,24,0.0,2023-06-12,,1.0
simptomi prehlade,2023,25,0.0,2023-06-19,,1.0
simptomi prehlade,2023,26,0.0,2023-06-26,,
simptomi prehlade,2023,27,0.0,2023-07-03,,
simptomi prehlade,2023,28,0.0,2023-07-10,,1.0
simptomi prehlade,2023,29,0.0,2023-07-17,,1.0
simptomi prehlade,2023,30,0.0,2023-07-24,,1.0
simptomi prehlade,2023,31,0.0,2023-07-31,,1.0
simptomi prehlade,2023,32,0.0,2023-08-07,,1.0
simptomi prehlade,2023,33,0.0,2023-08-14,,1.0
simptomi prehlade,2023,34,0.0,2023-08-21,,1.0
simptomi prehlade,2023,35,0.0,2023-08-28,,1.0
simptomi prehlade,2023,36,0.0,2023-09-04,,1.0
simptomi prehlade,2023,37,0.0,2023-09-11,,1.0
simptomi prehlade,2023,38,0.0,2023-09-18,,1.0
simptomi prehlade,2023,39,0.0,2023-09-25,,1.0
simptomi prehlade,2023,40,0.0,2023-10-02,,1.0
simptomi prehlade,2023,41,0.0,2023-10-09,,1.0
simptomi prehlade,2023,42,0.0,2023-10-16,,1.0
simptomi prehlade,2023,43,0.0,2023-10-23,,1.0
simptomi prehlade,2023,44,0.0,2023-10-30,,1.0
simptomi prehlade,2023,45,0.0,2023-11-06,1.0,1.0
simptomi prehlade,2023,46,0.0,2023-11-13,,1.0
simptomi prehlade,2023,47,0.0,2023-11-20,1.0,1.0
simptomi prehlade,2023,48,0.0,2023-11-27,1.0,1.0
simptomi prehlade,2023,49,0.0,2023-12-04,3.0,1.0
simptomi prehlade,2023,50,0.0,2023-12-11,7.0,1.0
simptomi prehlade,2023,51,0.0,2023-12-18,7.0,1.0
simptomi prehlade,2023,52,0.0,2023-12-25,21.0,1.0
simptomi prehlade,2024,1,0.0,2024-01-01,10.0,1.0
simptomi prehlade,2024,2,0.0,2024-01-08,21.0,1.0
simptomi prehlade,2024,3,0.0,2024-01-15,46.0,1.0
simptomi prehlade,2024,4,0.0,2024-01-22,93.0,1.0
simptomi prehlade,2024,5,0.0,2024-01-29,130.0,1.0
simptomi prehlade,2024,6,0.0,2024-02-05,119.0,1.0
simptomi prehlade,2024,7,0.0,2024-02-12,48.0,1.0
simptomi prehlade,2024,8,0.0,2024-02-19,82.0,1.0
simptomi prehlade,2024,9,0.0,2024-02-26,32.0,1.0
simptomi prehlade,2024,10,0.0,2024-03-04,22.0,1.0
simptomi prehlade,2024,11,0.0,2024-03-11,4.0,1.0
simptomi prehlade,2024,12,0.0,2024-03-18,1.0,1.0
simptomi prehlade,2024,13,0.0,2024-03-25,,1.0
simptomi prehlade,2024,14,0.0,2024-04-01,3.0,1.0
simptomi prehlade,2024,15,0.0,2024-04-08,2.0,1.0
simptomi prehlade,2024,16,0.0,2024-04-15,,1.0
simptomi prehlade,2024,17,0.0,2024-04-22,1.0,1.0
simptomi prehlade,2024,18,0.0,2024-04-29,,1.0
simptomi prehlade,2024,19,0.0,2024-05-06,1.0,1.0
simptomi prehlade,2024,20,0.0,2024-05-13,,1.0
simptomi prehlade,2024,21,0.0,2024-05-20,,1.0
simptomi prehlade,2024,22,0.0,2024-05-27,,1.0
simptomi prehlade,2024,23,0.0,2024-06-03,,1.0
simptomi prehlade,2024,24,0.0,2024-06-10,,1.0
simptomi prehlade,2024,25,0.0,2024-06-17,,1.0
simptomi prehlade,2024,26,0.0,2024-06-24,,1.0
simptomi prehlade,2024,27,0.0,2024-07-01,,1.0
simptomi prehlade,2024,28,0.0,2024-07-08,,1.0
simptomi prehlade,2024,29,0.0,2024-07-15,,1.0
simptomi prehlade,2024,30,0.0,2024-07-22,,1.0
simptomi prehlade,2024,31,0.0,2024-07-29,,1.0
simptomi prehlade,2024,32,0.0,2024-08-05,,1.0
simptomi prehlade,2024,33,0.0,2024-08-12,,1.0
simptomi prehlade,2024,34,0.0,2024-08-19,,1.0
simptomi prehlade,2024,35,0.0,2024-08-26,,1.0
simptomi prehlade,2024,36,0.0,2024-09-02,,1.0
simptomi prehlade,2024,37,0.0,2024-09-09,,1.0
simptomi prehlade,2024,38,0.0,2024-09-16,,1.0
simptomi prehlade,2024,39,0.0,2024-09-23,,1.0
simptomi prehlade,2024,40,0.0,2024-09-30,,1.0
simptomi prehlade,2024,41,0.0,2024-10-07,1.0,1.0
simptomi prehlade,2024,42,0.0,2024-10-14,,1.0
simptomi prehlade,2024,43,0.0,2024-10-21,,1.0
simptomi prehlade,2024,44,0.0,2024-10-28,,1.0
simptomi prehlade,2024,45,0.0,2024-11-04,,1.0
simptomi prehlade,2024,46,0.0,2024-11-11,,1.0
simptomi prehlade,2024,47,0.0,2024-11-18,,1.0
simptomi prehlade,2024,48,0.0,2024-11-25,,1.0
simptomi prehlade,2024,49,0.0,2024-12-02,2.0,1.0
simptomi prehlade,2024,50,0.0,2024-12-09,13.0,1.0
simptomi prehlade,2024,51,0.0,2024-12-16,3.0,1.0
simptomi prehlade,2024,52,0.0,2024-12-23,27.0,1.0
simptomi prehlade,2025,1,0.0,2024-12-30,6.0,1.0
simptomi prehlade,2025,2,100.0,2025-01-06,15.0,1.0
simptomi prehlade,2025,3,0.0,2025-01-13,36.0,1.0
simptomi prehlade,2025,4,0.0,2025-01-20,77.0,1.0
simptomi prehlade,2025,5,0.0,2025-01-27,71.0,1.0
simptomi prehlade,2025,6,0.0,2025-02-03,36.0,1.0
simptomi prehlade,2025,7,0.0,2025-02-10,45.0,1.0
simptomi prehlade,2025,8,0.0,2025-02-17,43.0,1.0
simptomi prehlade,2025,9,0.0,2025-02-24,54.0,1.0
simptomi prehlade,2025,10,0.0,2025-03-03,63.0,1.0
simptomi prehlade,2025,11,0.0,2025-03-10,19.0,1.0
simptomi prehlade,2025,12,0.0,2025-03-17,18.0,1.0
simptomi prehlade,2025,13,0.0,2025-03-24,8.0,1.0
simptomi prehlade,2025,14,0.0,2025-03-31,2.0,1.0
simptomi prehlade,2025,15,0.0,2025-04-07,2.0,1.0
simptomi prehlade,2025,16,0.0,2025-04-14,,1.0
simptomi prehlade,2025,17,0.0,2025-04-21,,1.0
simptomi prehlade,2025,18,0.0,2025-04-28,2.0,1.0
simptomi prehlade,2025,19,0.0,2025-05-05,,1.0
simptomi prehlade,2025,20,0.0,2025-05-12,,1.0
simptomi prehlade,2025,21,0.0,2025-05-19,,1.0
simptomi prehlade,2025,22,0.0,2025-05-26,,1.0
simptomi prehlade,2025,23,0.0,2025-06-02,,1.0
simptomi prehlade,2025,24,0.0,2025-06-09,,1.0
simptomi prehlade,2025,25,0.0,2025-06-16,,1.0
simptomi prehlade,2025,26,0.0,2025-06-23,,1.0
simptomi prehlade,2025,27,0.0,2025-06-30,,
simptomi prehlade,2025,28,0.0,2025-07-07,,1.0
simptomi prehlade,2025,29,0.0,2025-07-14,,1.0
simptomi prehlade,2025,30,0.0,2025-07-21,,1.0
simptomi prehlade,2025,31,0.0,2025-07-28,,1.0
simptomi prehlade,2025,32,0.0,2025-08-04,,1.0
simptomi prehlade,2025,33,0.0,2025-08-11,,1.0
simptomi prehlade,2025,34,0.0,2025-08-18,,1.0
simptomi prehlade,2025,35,0.0,2025-08-25,,1.0
simptomi prehlade,2025,36,0.0,2025-09-01,,1.0
simptomi prehlade,2025,37,0.0,2025-09-08,,1.0
simptomi prehlade,2025,38,0.0,2025-09-15,,1.0
simptomi prehlade,2025,39,0.0,2025-09-22,,1.0
simptomi prehlade,2025,40,0.0,2025-09-29,,1.0
simptomi prehlade,2025,41,0.0,2025-10-06,,1.0
simptomi prehlade,2025,42,0.0,2025-10-13,2.0,1.0
simptomi prehlade,2025,43,0.0,2025-10-20,3.0,1.0
simptomi prehlade,2025,44,0.0,2025-10-27,,1.0
simptomi prehlade,2025,45,0.0,2025-11-03,4.0,1.0
simptomi prehlade,2025,46,0.0,2025-11-10,2.0,1.0
simptomi prehlade,2025,47,0.0,2025-11-17,11.0,1.0
simptomi prehlade,2025,48,0.0,2025-11-24,14.0,1.0
simptomi prehlade,2025,49,0.0,2025-12-01,36.0,1.0
simptomi prehlade,2025,50,0.0,2025-12-08,55.0,1.0
simptomi prehlade,2025,51,0.0,2025-12-15,54.0,1.0
simptomi prehlade,2025,52,0.0,2025-12-22,45.0,1.0
simptomi prehlade,2026,1,0.0,2025-12-29,24.0,1.0
simptomi prehlade,2026,2,0.0,2026-01-05,8.0,1.0
simptomi prehlade,2026,3,0.0,2026-01-12,7.0,1.0
simptomi prehlade,2026,4,0.0,2026-01-19,15.0,1.0
simptomi prehlade,2026,5,0.0,2026-01-26,3.0,1.0
simptomi prehlade,2026,6,0.0,2026-02-02,4.0,1.0
simptomi prehlade,2026,7,0.0,2026-02-09,,1.0
simptomi prehlade,2026,8,0.0,2026-02-16,1.0,1.0
simptomi prehlade,2026,9,0.0,2026-02-23,2.0,1.0
simptomi prehlade,2026,10,0.0,2026-03-02,,1.0
simptomi prehlade,2026,11,0.0,2026-03-09,,1.0
simptomi prehlade,2026,12,0.0,2026-03-16,1.0,1.0
simptomi prehlade,2026,13,0.0,2026-03-23,,1.0
simptomi prehlade,2026,14,0.0,2026-03-30,,1.0
simptomi prehlade,2026,15,0.0,2026-04-06,,1.0
simptomi prehlade,2026,16,0.0,2026-04-13,,1.0
simptomi prehlade,2026,17,0.0,2026-04-20,,
simptomi prehlade,2026,18,0.0,2026-04-27,,1.0
simptomi prehlade,2026,19,0.0,2026-05-04,,1.0
simptomi prehlade,2026,20,0.0,2026-05-11,,1.0
simptomi prehlade,2026,21,0.0,2026-05-18,,1.0
simptomi prehlade,2026,22,0.0,2026-05-25,,1.0
simptomi prehlade,2026,23,0.0,2026-06-01,,1.0
simptomi prehlade,2026,24,0.0,2026-06-08,,1.0
simptomi prehlade,2026,25,0.0,2026-06-15,,1.0
simptomi prehlade,2026,26,0.0,2026-06-22,,1.0
simptomi prehlade,2026,27,0.0,2026-06-29,,1.0
simptomi prehlade,2026,28,0.0,2026-07-06,,1.0
simptomi prehlade,2026,29,0.0,2026-07-13,,1.0
simptomi prehlade,2026,30,0.0,2026-07-20,,
simptomi prehlade,2026,31,100.0,2026-07-27,,1.0
sirup za kasalj,2013,1,0.0,2012-12-31,,
sirup za kasalj,2013,2,0.0,2013-01-07,3.0,3.0
sirup za kasalj,2013,3,54.0,2013-01-14,16.0,3.0
sirup za kasalj,2013,4,75.0,2013-01-21,14.0,3.0
sirup za kasalj,2013,5,56.0,2013-01-28,23.0,5.0
sirup za kasalj,2013,6,0.0,2013-02-04,30.0,6.0
sirup za kasalj,2013,7,66.0,2013-02-11,66.0,6.0
sirup za kasalj,2013,8,56.0,2013-02-18,41.0,6.0
sirup za kasalj,2013,9,0.0,2013-02-25,29.0,6.0
sirup za kasalj,2013,10,72.0,2013-03-04,25.0,6.0
sirup za kasalj,2013,11,0.0,2013-03-11,10.0,5.0
sirup za kasalj,2013,12,0.0,2013-03-18,7.0,5.0
sirup za kasalj,2013,13,0.0,2013-03-25,3.0,1.0
sirup za kasalj,2013,14,0.0,2013-04-01,3.0,3.0
sirup za kasalj,2013,15,0.0,2013-04-08,1.0,3.0
sirup za kasalj,2013,16,0.0,2013-04-15,3.0,3.0
sirup za kasalj,2013,17,0.0,2013-04-22,,2.0
sirup za kasalj,2013,18,0.0,2013-04-29,,2.0
sirup za kasalj,2013,19,0.0,2013-05-06,,2.0
sirup za kasalj,2013,20,0.0,2013-05-13,,2.0
sirup za kasalj,2013,21,0.0,2013-05-20,,
sirup za kasalj,2013,22,0.0,2013-05-27,,
sirup za kasalj,2013,23,0.0,2013-06-03,,
sirup za kasalj,2013,24,0.0,2013-06-10,,
sirup za kasalj,2013,25,0.0,2013-06-17,,
sirup za kasalj,2013,26,0.0,2013-06-24,,
sirup za kasalj,2013,27,0.0,2013-07-01,,
sirup za kasalj,2013,28,59.0,2013-07-08,,
sirup za kasalj,2013,29,0.0,2013-07-15,,
sirup za kasalj,2013,30,62.0,2013-07-22,,
sirup za kasalj,2013,31,0.0,2013-07-29,,
sirup za kasalj,2013,32,0.0,2013-08-05,,
sirup za kasalj,2013,33,0.0,2013-08-12,,
sirup za kasalj,2013,34,0.0,2013-08-19,,
sirup za kasalj,2013,35,0.0,2013-08-26,,
sirup za kasalj,2013,36,0.0,2013-09-02,,
sirup za kasalj,2013,37,0.0,2013-09-09,,
sirup za kasalj,2013,38,0.0,2013-09-16,,
sirup za kasalj,2013,39,0.0,2013-09-23,,
sirup za kasalj,2013,40,0.0,2013-09-30,,
sirup za kasalj,2013,41,0.0,2013-10-07,,1.0
sirup za kasalj,2013,42,0.0,2013-10-14,,1.0
sirup za kasalj,2013,43,0.0,2013-10-21,,1.0
sirup za kasalj,2013,44,65.0,2013-10-28,,1.0
sirup za kasalj,2013,45,0.0,2013-11-04,,1.0
sirup za kasalj,2013,46,0.0,2013-11-11,,1.0
sirup za kasalj,2013,47,0.0,2013-11-18,,1.0
sirup za kasalj,2013,48,0.0,2013-11-25,,1.0
sirup za kasalj,2013,49,0.0,2013-12-02,,1.0
sirup za kasalj,2013,50,0.0,2013-12-09,,1.0
sirup za kasalj,2013,51,0.0,2013-12-16,,1.0
sirup za kasalj,2013,52,0.0,2013-12-23,,1.0
sirup za kasalj,2014,1,0.0,2013-12-30,,1.0
sirup za kasalj,2014,2,46.0,2014-01-06,1.0,1.0
sirup za kasalj,2014,3,47.0,2014-01-13,2.0,1.0
sirup za kasalj,2014,4,0.0,2014-01-20,3.0,1.0
sirup za kasalj,2014,5,0.0,2014-01-27,2.0,1.0
sirup za kasalj,2014,6,0.0,2014-02-03,3.0,1.0
sirup za kasalj,2014,7,50.0,2014-02-10,20.0,1.0
sirup za kasalj,2014,8,47.0,2014-02-17,6.0,1.0
sirup za kasalj,2014,9,67.0,2014-02-24,15.0,1.0
sirup za kasalj,2014,10,0.0,2014-03-03,12.0,1.0
sirup za kasalj,2014,11,0.0,2014-03-10,15.0,1.0
sirup za kasalj,2014,12,0.0,2014-03-17,16.0,1.0
sirup za kasalj,2014,13,66.0,2014-03-24,20.0,1.0
sirup za kasalj,2014,14,0.0,2014-03-31,9.0,1.0
sirup za kasalj,2014,15,0.0,2014-04-07,5.0,1.0
sirup za kasalj,2014,16,0.0,2014-04-14,3.0,1.0
sirup za kasalj,2014,17,0.0,2014-04-21,1.0,1.0
sirup za kasalj,2014,18,0.0,2014-04-28,,1.0
sirup za kasalj,2014,19,0.0,2014-05-05,1.0,1.0
sirup za kasalj,2014,20,0.0,2014-05-12,,1.0
sirup za kasalj,2014,21,0.0,2014-05-19,,
sirup za kasalj,2014,22,0.0,2014-05-26,,
sirup za kasalj,2014,23,0.0,2014-06-02,,
sirup za kasalj,2014,24,0.0,2014-06-09,,
sirup za kasalj,2014,25,0.0,2014-06-16,,
sirup za kasalj,2014,26,0.0,2014-06-23,,
sirup za kasalj,2014,27,0.0,2014-06-30,,
sirup za kasalj,2014,28,0.0,2014-07-07,,
sirup za kasalj,2014,29,0.0,2014-07-14,,
sirup za kasalj,2014,30,0.0,2014-07-21,,
sirup za kasalj,2014,31,0.0,2014-07-28,,
sirup za kasalj,2014,32,0.0,2014-08-04,,
sirup za kasalj,2014,33,0.0,2014-08-11,,
sirup za kasalj,2014,34,0.0,2014-08-18,,
sirup za kasalj,2014,35,0.0,2014-08-25,,
sirup za kasalj,2014,36,0.0,2014-09-01,,
sirup za kasalj,2014,37,0.0,2014-09-08,,
sirup za kasalj,2014,38,0.0,2014-09-15,,
sirup za kasalj,2014,39,0.0,2014-09-22,1.0,1.0
sirup za kasalj,2014,40,85.0,2014-09-29,1.0,1.0
sirup za kasalj,2014,41,0.0,2014-10-06,,1.0
sirup za kasalj,2014,42,67.0,2014-10-13,,1.0
sirup za kasalj,2014,43,0.0,2014-10-20,,1.0
sirup za kasalj,2014,44,66.0,2014-10-27,,1.0
sirup za kasalj,2014,45,81.0,2014-11-03,,1.0
sirup za kasalj,2014,46,64.0,2014-11-10,,1.0
sirup za kasalj,2014,47,63.0,2014-11-17,,1.0
sirup za kasalj,2014,48,65.0,2014-11-24,,1.0
sirup za kasalj,2014,49,57.0,2014-12-01,,1.0
sirup za kasalj,2014,50,50.0,2014-12-08,,1.0
sirup za kasalj,2014,51,77.0,2014-12-15,,1.0
sirup za kasalj,2014,52,74.0,2014-12-22,,1.0
sirup za kasalj,2015,1,64.0,2014-12-29,,1.0
sirup za kasalj,2015,2,100.0,2015-01-05,,1.0
sirup za kasalj,2015,3,49.0,2015-01-12,2.0,1.0
sirup za kasalj,2015,4,59.0,2015-01-19,11.0,1.0
sirup za kasalj,2015,5,56.0,2015-01-26,22.0,1.0
sirup za kasalj,2015,6,65.0,2015-02-02,26.0,1.0
sirup za kasalj,2015,7,82.0,2015-02-09,51.0,1.0
sirup za kasalj,2015,8,69.0,2015-02-16,28.0,1.0
sirup za kasalj,2015,9,0.0,2015-02-23,67.0,1.0
sirup za kasalj,2015,10,69.0,2015-03-02,40.0,1.0
sirup za kasalj,2015,11,0.0,2015-03-09,58.0,1.0
sirup za kasalj,2015,12,0.0,2015-03-16,38.0,1.0
sirup za kasalj,2015,13,0.0,2015-03-23,30.0,1.0
sirup za kasalj,2015,14,0.0,2015-03-30,23.0,1.0
sirup za kasalj,2015,15,0.0,2015-04-06,13.0,1.0
sirup za kasalj,2015,16,0.0,2015-04-13,11.0,1.0
sirup za kasalj,2015,17,0.0,2015-04-20,5.0,1.0
sirup za kasalj,2015,18,0.0,2015-04-27,2.0,1.0
sirup za kasalj,2015,19,0.0,2015-05-04,1.0,1.0
sirup za kasalj,2015,20,0.0,2015-05-11,,1.0
sirup za kasalj,2015,21,0.0,2015-05-18,,
sirup za kasalj,2015,22,58.0,2015-05-25,,
sirup za kasalj,2015,23,0.0,2015-06-01,,
sirup za kasalj,2015,24,0.0,2015-06-08,,
sirup za kasalj,2015,25,49.0,2015-06-15,,
sirup za kasalj,2015,26,0.0,2015-06-22,,
sirup za kasalj,2015,27,0.0,2015-06-29,,
sirup za kasalj,2015,28,0.0,2015-07-06,,
sirup za kasalj,2015,29,0.0,2015-07-13,,
sirup za kasalj,2015,30,0.0,2015-07-20,,
sirup za kasalj,2015,31,0.0,2015-07-27,,
sirup za kasalj,2015,32,0.0,2015-08-03,,
sirup za kasalj,2015,33,0.0,2015-08-10,,
sirup za kasalj,2015,34,0.0,2015-08-17,,
sirup za kasalj,2015,35,0.0,2015-08-24,,
sirup za kasalj,2015,36,0.0,2015-08-31,,
sirup za kasalj,2015,37,0.0,2015-09-07,,
sirup za kasalj,2015,38,57.0,2015-09-14,,
sirup za kasalj,2015,39,0.0,2015-09-21,,
sirup za kasalj,2015,40,0.0,2015-09-28,,
sirup za kasalj,2015,41,61.0,2015-10-05,,
sirup za kasalj,2015,42,66.0,2015-10-12,,
sirup za kasalj,2015,43,69.0,2015-10-19,,
sirup za kasalj,2015,44,65.0,2015-10-26,,
sirup za kasalj,2015,45,56.0,2015-11-02,,1.0
sirup za kasalj,2015,46,69.0,2015-11-09,,1.0
sirup za kasalj,2015,47,79.0,2015-11-16,,1.0
sirup za kasalj,2015,48,75.0,2015-11-23,,1.0
sirup za kasalj,2015,49,79.0,2015-11-30,,1.0
sirup za kasalj,2015,50,93.0,2015-12-07,,1.0
sirup za kasalj,2015,51,57.0,2015-12-14,,1.0
sirup za kasalj,2015,52,76.0,2015-12-21,,1.0
sirup za kasalj,2015,53,44.83101391650099,2015-12-28,,1.0
sirup za kasalj,2016,1,44.83101391650099,2016-01-04,3.0,1.0
sirup za kasalj,2016,2,0.0,2016-01-11,6.0,1.0
sirup za kasalj,2016,3,0.0,2016-01-18,16.0,1.0
sirup za kasalj,2016,4,57.38369781312127,2016-01-25,14.0,1.0
sirup za kasalj,2016,5,50.210735586481114,2016-02-01,26.0,1.0
sirup za kasalj,2016,6,52.00397614314115,2016-02-08,36.0,1.0
sirup za kasalj,2016,7,71.72962226640159,2016-02-15,14.0,1.0
sirup za kasalj,2016,8,48.41749502982107,2016-02-22,33.0,1.0
sirup za kasalj,2016,9,41.24453280318092,2016-02-29,44.0,1.0
sirup za kasalj,2016,10,53.7972166998012,2016-03-07,50.0,1.0
sirup za kasalj,2016,11,0.0,2016-03-14,35.0,1.0
sirup za kasalj,2016,12,78.90258449304176,2016-03-21,54.0,1.0
sirup za kasalj,2016,13,62.763419483101394,2016-03-28,57.0,1.0
sirup za kasalj,2016,14,55.590457256461235,2016-04-04,39.0,1.0
sirup za kasalj,2016,15,0.0,2016-04-11,26.0,1.0
sirup za kasalj,2016,16,0.0,2016-04-18,2.0,1.0
sirup za kasalj,2016,17,0.0,2016-04-25,2.0,1.0
sirup za kasalj,2016,18,0.0,2016-05-02,4.0,1.0
sirup za kasalj,2016,19,66.34990059642148,2016-05-09,,1.0
sirup za kasalj,2016,20,0.0,2016-05-16,,1.0
sirup za kasalj,2016,21,0.0,2016-05-23,,
sirup za kasalj,2016,22,0.0,2016-05-30,,
sirup za kasalj,2016,23,0.0,2016-06-06,,
sirup za kasalj,2016,24,0.0,2016-06-13,,
sirup za kasalj,2016,25,0.0,2016-06-20,,
sirup za kasalj,2016,26,0.0,2016-06-27,,
sirup za kasalj,2016,27,0.0,2016-07-04,,
sirup za kasalj,2016,28,0.0,2016-07-11,,
sirup za kasalj,2016,29,0.0,2016-07-18,,
sirup za kasalj,2016,30,0.0,2016-07-25,,
sirup za kasalj,2016,31,0.0,2016-08-01,,
sirup za kasalj,2016,32,0.0,2016-08-08,,
sirup za kasalj,2016,33,0.0,2016-08-15,,
sirup za kasalj,2016,34,0.0,2016-08-22,,
sirup za kasalj,2016,35,0.0,2016-08-29,,
sirup za kasalj,2016,36,0.0,2016-09-05,,
sirup za kasalj,2016,37,0.0,2016-09-12,,
sirup za kasalj,2016,38,0.0,2016-09-19,,
sirup za kasalj,2016,39,0.0,2016-09-26,,
sirup za kasalj,2016,40,78.90258449304176,2016-10-03,,
sirup za kasalj,2016,41,68.14314115308152,2016-10-10,,1.0
sirup za kasalj,2016,42,95.04174950298211,2016-10-17,,1.0
sirup za kasalj,2016,43,77.1093439363817,2016-10-24,,1.0
sirup za kasalj,2016,44,0.0,2016-10-31,,1.0
sirup za kasalj,2016,45,53.7972166998012,2016-11-07,,1.0
sirup za kasalj,2016,46,86.07554671968191,2016-11-14,,1.0
sirup za kasalj,2016,47,0.0,2016-11-21,,1.0
sirup za kasalj,2016,48,69.93638170974155,2016-11-28,,1.0
sirup za kasalj,2016,49,84.28230616302187,2016-12-05,9.0,1.0
sirup za kasalj,2016,50,175.7375745526839,2016-12-12,84.0,1.0
sirup za kasalj,2016,51,154.2186878727634,2016-12-19,109.0,1.0
sirup za kasalj,2016,52,163.18489065606363,2016-12-26,162.0,1.0
sirup za kasalj,2017,1,116.56063618290258,2017-01-02,77.0,1.0
sirup za kasalj,2017,2,44.83101391650099,2017-01-09,,1.0
sirup za kasalj,2017,3,82.48906560636183,2017-01-16,,1.0
sirup za kasalj,2017,4,69.93638170974155,2017-01-23,,1.0
sirup za kasalj,2017,5,43.037773359840955,2017-01-30,,1.0
sirup za kasalj,2017,6,87.86878727634195,2017-02-06,,1.0
sirup za kasalj,2017,7,77.1093439363817,2017-02-13,5.0,1.0
sirup za kasalj,2017,8,73.52286282306163,2017-02-20,11.0,1.0
sirup za kasalj,2017,9,50.210735586481114,2017-02-27,4.0,1.0
sirup za kasalj,2017,10,48.41749502982107,2017-03-06,2.0,1.0
sirup za kasalj,2017,11,71.72962226640159,2017-03-13,,1.0
sirup za kasalj,2017,12,77.1093439363817,2017-03-20,,1.0
sirup za kasalj,2017,13,73.52286282306163,2017-03-27,,1.0
sirup za kasalj,2017,14,50.210735586481114,2017-04-03,,1.0
sirup za kasalj,2017,15,77.1093439363817,2017-04-10,,1.0
sirup za kasalj,2017,16,0.0,2017-04-17,,1.0
sirup za kasalj,2017,17,0.0,2017-04-24,,1.0
sirup za kasalj,2017,18,48.41749502982107,2017-05-01,,1.0
sirup za kasalj,2017,19,68.14314115308152,2017-05-08,,1.0
sirup za kasalj,2017,20,0.0,2017-05-15,,1.0
sirup za kasalj,2017,21,0.0,2017-05-22,,
sirup za kasalj,2017,22,62.763419483101394,2017-05-29,,
sirup za kasalj,2017,23,0.0,2017-06-05,,
sirup za kasalj,2017,24,0.0,2017-06-12,,
sirup za kasalj,2017,25,0.0,2017-06-19,,
sirup za kasalj,2017,26,0.0,2017-06-26,,
sirup za kasalj,2017,27,0.0,2017-07-03,,
sirup za kasalj,2017,28,0.0,2017-07-10,,
sirup za kasalj,2017,29,0.0,2017-07-17,,
sirup za kasalj,2017,30,0.0,2017-07-24,,
sirup za kasalj,2017,31,0.0,2017-07-31,,
sirup za kasalj,2017,32,0.0,2017-08-07,,
sirup za kasalj,2017,33,0.0,2017-08-14,,
sirup za kasalj,2017,34,0.0,2017-08-21,,
sirup za kasalj,2017,35,0.0,2017-08-28,,
sirup za kasalj,2017,36,55.590457256461235,2017-09-04,,
sirup za kasalj,2017,37,57.38369781312127,2017-09-11,,
sirup za kasalj,2017,38,0.0,2017-09-18,,
sirup za kasalj,2017,39,80.6958250497018,2017-09-25,,
sirup za kasalj,2017,40,96.83499005964217,2017-10-02,,1.0
sirup za kasalj,2017,41,82.48906560636183,2017-10-09,,1.0
sirup za kasalj,2017,42,112.97415506958252,2017-10-16,,1.0
sirup za kasalj,2017,43,77.1093439363817,2017-10-23,,1.0
sirup za kasalj,2017,44,95.04174950298211,2017-10-30,,2.0
sirup za kasalj,2017,45,60.97017892644135,2017-11-06,,2.0
sirup za kasalj,2017,46,78.90258449304176,2017-11-13,,3.0
sirup za kasalj,2017,47,105.80119284294234,2017-11-20,,3.0
sirup za kasalj,2017,48,55.590457256461235,2017-11-27,,3.0
sirup za kasalj,2017,49,69.93638170974155,2017-12-04,,3.0
sirup za kasalj,2017,50,78.90258449304176,2017-12-11,6.0,3.0
sirup za kasalj,2017,51,89.66202783300199,2017-12-18,19.0,3.0
sirup za kasalj,2017,52,105.80119284294234,2017-12-25,26.0,3.0
sirup za kasalj,2018,1,84.28230616302187,2018-01-01,22.0,3.0
sirup za kasalj,2018,2,77.1093439363817,2018-01-08,37.0,3.0
sirup za kasalj,2018,3,129.11332007952285,2018-01-15,88.0,3.0
sirup za kasalj,2018,4,152.42544731610337,2018-01-22,103.0,4.0
sirup za kasalj,2018,5,179.32405566600397,2018-01-29,124.0,5.0
sirup za kasalj,2018,6,156.01192842942345,2018-02-05,121.0,5.0
sirup za kasalj,2018,7,118.35387673956262,2018-02-12,66.0,5.0
sirup za kasalj,2018,8,89.66202783300199,2018-02-19,77.0,4.0
sirup za kasalj,2018,9,86.07554671968191,2018-02-26,59.0,4.0
sirup za kasalj,2018,10,102.21471172962228,2018-03-05,29.0,4.0
sirup za kasalj,2018,11,116.56063618290258,2018-03-12,20.0,4.0
sirup za kasalj,2018,12,46.62425447316103,2018-03-19,14.0,3.0
sirup za kasalj,2018,13,86.07554671968191,2018-03-26,30.0,3.0
sirup za kasalj,2018,14,69.93638170974155,2018-04-02,21.0,3.0
sirup za kasalj,2018,15,50.210735586481114,2018-04-09,16.0,3.0
sirup za kasalj,2018,16,0.0,2018-04-16,1.0,3.0
sirup za kasalj,2018,17,0.0,2018-04-23,,2.0
sirup za kasalj,2018,18,52.00397614314115,2018-04-30,,2.0
sirup za kasalj,2018,19,0.0,2018-05-07,,1.0
sirup za kasalj,2018,20,0.0,2018-05-14,,1.0
sirup za kasalj,2018,21,0.0,2018-05-21,,1.0
sirup za kasalj,2018,22,0.0,2018-05-28,,1.0
sirup za kasalj,2018,23,0.0,2018-06-04,,1.0
sirup za kasalj,2018,24,0.0,2018-06-11,,1.0
sirup za kasalj,2018,25,0.0,2018-06-18,,1.0
sirup za kasalj,2018,26,0.0,2018-06-25,,1.0
sirup za kasalj,2018,27,0.0,2018-07-02,,1.0
sirup za kasalj,2018,28,0.0,2018-07-09,,1.0
sirup za kasalj,2018,29,60.06301017424863,2018-07-16,,1.0
sirup za kasalj,2018,30,0.0,2018-07-23,,1.0
sirup za kasalj,2018,31,0.0,2018-07-30,,1.0
sirup za kasalj,2018,32,0.0,2018-08-06,,1.0
sirup za kasalj,2018,33,50.05250847854053,2018-08-13,,1.0
sirup za kasalj,2018,34,0.0,2018-08-20,,1.0
sirup za kasalj,2018,35,0.0,2018-08-27,,1.0
sirup za kasalj,2018,36,0.0,2018-09-03,,1.0
sirup za kasalj,2018,37,86.09031458308971,2018-09-10,,1.0
sirup za kasalj,2018,38,68.07141153081511,2018-09-17,,1.0
sirup za kasalj,2018,39,92.09661560051455,2018-09-24,,1.0
sirup za kasalj,2018,40,124.1302210267805,2018-10-01,,1.0
sirup za kasalj,2018,41,140.14702373991346,2018-10-08,,1.0
sirup za kasalj,2018,42,120.12602034849726,2018-10-15,,1.0
sirup za kasalj,2018,43,84.08821424394809,2018-10-22,,1.0
sirup za kasalj,2018,44,98.10291661793944,2018-10-29,,1.0
sirup za kasalj,2018,45,122.12812068763888,2018-11-05,,1.0
sirup za kasalj,2018,46,94.0987159396562,2018-11-12,,1.0
sirup za kasalj,2018,47,146.15332475733834,2018-11-19,,1.0
sirup za kasalj,2018,48,128.13442170506374,2018-11-26,,1.0
sirup za kasalj,2018,49,98.10291661793944,2018-12-03,,1.0
sirup za kasalj,2018,50,124.1302210267805,2018-12-10,,1.0
sirup za kasalj,2018,51,132.13862238334698,2018-12-17,,1.0
sirup za kasalj,2018,52,130.13652204420538,2018-12-24,3.0,1.0
sirup za kasalj,2019,1,118.12392000935564,2018-12-31,11.0,2.0
sirup za kasalj,2019,2,92.09661560051455,2019-01-07,16.0,2.0
sirup za kasalj,2019,3,144.1512244181967,2019-01-14,42.0,2.0
sirup za kasalj,2019,4,128.13442170506374,2019-01-21,99.0,2.0
sirup za kasalj,2019,5,172.1806291661794,2019-01-28,273.0,4.0
sirup za kasalj,2019,6,156.16382645304645,2019-02-04,388.0,4.0
sirup za kasalj,2019,7,130.13652204420538,2019-02-11,309.0,4.0
sirup za kasalj,2019,8,76.07981288738159,2019-02-18,307.0,4.0
sirup za kasalj,2019,9,118.12392000935564,2019-02-25,138.0,3.0
sirup za kasalj,2019,10,48.050408139398904,2019-03-04,100.0,3.0
sirup za kasalj,2019,11,86.09031458308971,2019-03-11,50.0,3.0
sirup za kasalj,2019,12,78.08191322652321,2019-03-18,25.0,2.0
sirup za kasalj,2019,13,72.07561220909835,2019-03-25,40.0,2.0
sirup za kasalj,2019,14,64.06721085253187,2019-04-01,17.0,2.0
sirup za kasalj,2019,15,86.09031458308971,2019-04-08,14.0,2.0
sirup za kasalj,2019,16,54.05670915682376,2019-04-15,5.0,2.0
sirup za kasalj,2019,17,92.09661560051455,2019-04-22,9.0,2.0
sirup za kasalj,2019,18,52.054608817682144,2019-04-29,,2.0
sirup za kasalj,2019,19,58.06090983510701,2019-05-06,,2.0
sirup za kasalj,2019,20,62.06511051339025,2019-05-13,,2.0
sirup za kasalj,2019,21,66.06931119167349,2019-05-20,,1.0
sirup za kasalj,2019,22,56.05880949596539,2019-05-27,,1.0
sirup za kasalj,2019,23,46.04830780025728,2019-06-03,,1.0
sirup za kasalj,2019,24,52.054608817682144,2019-06-10,,1.0
sirup za kasalj,2019,25,0.0,2019-06-17,,1.0
sirup za kasalj,2019,26,0.0,2019-06-24,,1.0
sirup za kasalj,2019,27,0.0,2019-07-01,,1.0
sirup za kasalj,2019,28,0.0,2019-07-08,,1.0
sirup za kasalj,2019,29,0.0,2019-07-15,,1.0
sirup za kasalj,2019,30,0.0,2019-07-22,,1.0
sirup za kasalj,2019,31,0.0,2019-07-29,,1.0
sirup za kasalj,2019,32,0.0,2019-08-05,,1.0
sirup za kasalj,2019,33,0.0,2019-08-12,,1.0
sirup za kasalj,2019,34,50.05250847854053,2019-08-19,,1.0
sirup za kasalj,2019,35,46.04830780025728,2019-08-26,,1.0
sirup za kasalj,2019,36,0.0,2019-09-02,,1.0
sirup za kasalj,2019,37,86.09031458308971,2019-09-09,,1.0
sirup za kasalj,2019,38,142.1491240790551,2019-09-16,,1.0
sirup za kasalj,2019,39,114.1197193310724,2019-09-23,,1.0
sirup za kasalj,2019,40,104.10921763536427,2019-09-30,,1.0
sirup za kasalj,2019,41,134.14072272248862,2019-10-07,,1.0
sirup za kasalj,2019,42,136.14282306163022,2019-10-14,,1.0
sirup za kasalj,2019,43,116.12181967021402,2019-10-21,,1.0
sirup za kasalj,2019,44,86.09031458308971,2019-10-28,,1.0
sirup za kasalj,2019,45,114.1197193310724,2019-11-04,,1.0
sirup za kasalj,2019,46,92.09661560051455,2019-11-11,,1.0
sirup za kasalj,2019,47,66.06931119167349,2019-11-18,,1.0
sirup za kasalj,2019,48,120.12602034849726,2019-11-25,,1.0
sirup za kasalj,2019,49,88.09241492223133,2019-12-02,6.0,2.0
sirup za kasalj,2019,50,98.10291661793944,2019-12-09,9.0,2.0
sirup za kasalj,2019,51,104.10921763536427,2019-12-16,10.0,3.0
sirup za kasalj,2019,52,102.10711729622268,2019-12-23,8.0,3.0
sirup za kasalj,2020,1,156.16382645304645,2019-12-30,10.0,3.0
sirup za kasalj,2020,2,126.13232136592212,2020-01-06,24.0,3.0
sirup za kasalj,2020,3,166.17432814875454,2020-01-13,60.0,3.0
sirup za kasalj,2020,4,150.15752543562158,2020-01-20,179.0,3.0
sirup za kasalj,2020,5,200.2100339141621,2020-01-27,235.0,3.0
sirup za kasalj,2020,6,138.14492340077186,2020-02-03,290.0,5.0
sirup za kasalj,2020,7,86.09031458308971,2020-02-10,191.0,5.0
sirup za kasalj,2020,8,0.0,2020-02-17,83.0,4.0
sirup za kasalj,2020,9,78.08191322652321,2020-02-24,93.0,3.0
sirup za kasalj,2020,10,110.11551865278916,2020-03-02,34.0,3.0
sirup za kasalj,2020,11,102.10711729622268,2020-03-09,37.0,3.0
sirup za kasalj,2020,12,82.08611390480647,2020-03-16,6.0,2.0
sirup za kasalj,2020,13,80.08401356566483,2020-03-23,,2.0
sirup za kasalj,2020,14,0.0,2020-03-30,,1.0
sirup za kasalj,2020,15,0.0,2020-04-06,,1.0
sirup za kasalj,2020,16,0.0,2020-04-13,,1.0
sirup za kasalj,2020,17,0.0,2020-04-20,,1.0
sirup za kasalj,2020,18,0.0,2020-04-27,,1.0
sirup za kasalj,2020,19,0.0,2020-05-04,,1.0
sirup za kasalj,2020,20,0.0,2020-05-11,,1.0
sirup za kasalj,2020,21,0.0,2020-05-18,,1.0
sirup za kasalj,2020,22,0.0,2020-05-25,,1.0
sirup za kasalj,2020,23,0.0,2020-06-01,,1.0
sirup za kasalj,2020,24,0.0,2020-06-08,,1.0
sirup za kasalj,2020,25,0.0,2020-06-15,,1.0
sirup za kasalj,2020,26,0.0,2020-06-22,,1.0
sirup za kasalj,2020,27,0.0,2020-06-29,,1.0
sirup za kasalj,2020,28,70.07351186995673,2020-07-06,,1.0
sirup za kasalj,2020,29,0.0,2020-07-13,,1.0
sirup za kasalj,2020,30,46.04830780025728,2020-07-20,,1.0
sirup za kasalj,2020,31,0.0,2020-07-27,,1.0
sirup za kasalj,2020,32,0.0,2020-08-03,,1.0
sirup za kasalj,2020,33,0.0,2020-08-10,,1.0
sirup za kasalj,2020,34,0.0,2020-08-17,,1.0
sirup za kasalj,2020,35,46.04830780025728,2020-08-24,,1.0
sirup za kasalj,2020,36,68.07141153081511,2020-08-31,,1.0
sirup za kasalj,2020,37,68.07141153081511,2020-09-07,,1.0
sirup za kasalj,2020,38,0.0,2020-09-14,,1.0
sirup za kasalj,2020,39,70.07351186995673,2020-09-21,,1.0
sirup za kasalj,2020,40,56.05880949596539,2020-09-28,,1.0
sirup za kasalj,2020,41,0.0,2020-10-05,,1.0
sirup za kasalj,2020,42,58.06090983510701,2020-10-12,,1.0
sirup za kasalj,2020,43,80.08401356566483,2020-10-19,,1.0
sirup za kasalj,2020,44,76.07981288738159,2020-10-26,,2.0
sirup za kasalj,2020,45,110.11551865278916,2020-11-02,,2.0
sirup za kasalj,2020,46,104.10921763536427,2020-11-09,,2.0
sirup za kasalj,2020,47,114.1197193310724,2020-11-16,,2.0
sirup za kasalj,2020,48,94.0987159396562,2020-11-23,,1.0
sirup za kasalj,2020,49,82.08611390480647,2020-11-30,,1.0
sirup za kasalj,2020,50,96.1008162787978,2020-12-07,,1.0
sirup za kasalj,2020,51,64.06721085253187,2020-12-14,,1.0
sirup za kasalj,2020,52,54.05670915682376,2020-12-21,,1.0
sirup za kasalj,2020,53,42.65472922171224,2020-12-28,,1.0
sirup za kasalj,2021,1,0.0,2021-01-04,,1.0
sirup za kasalj,2021,2,42.65472922171224,2021-01-11,,1.0
sirup za kasalj,2021,3,60.21844125418198,2021-01-18,,1.0
sirup za kasalj,2021,4,100.36406875696996,2021-01-25,,1.0
sirup za kasalj,2021,5,87.81856016234872,2021-02-01,,1.0
sirup za kasalj,2021,6,132.98239110298522,2021-02-08,,1.0
sirup za kasalj,2021,7,97.85496703804571,2021-02-15,,1.0
sirup za kasalj,2021,8,95.34586531912149,2021-02-22,,1.0
sirup za kasalj,2021,9,130.47328938406096,2021-03-01,,1.0
sirup za kasalj,2021,10,85.30945844342448,2021-03-08,,
sirup za kasalj,2021,11,77.78215328665172,2021-03-15,,
sirup za kasalj,2021,12,70.25484812987898,2021-03-22,,
sirup za kasalj,2021,13,105.38227219481848,2021-03-29,,
sirup za kasalj,2021,14,112.90957735159122,2021-04-05,,
sirup za kasalj,2021,15,72.76394984880324,2021-04-12,,
sirup za kasalj,2021,16,77.78215328665172,2021-04-19,,
sirup za kasalj,2021,17,60.21844125418198,2021-04-26,,
sirup za kasalj,2021,18,60.21844125418198,2021-05-03,,
sirup za kasalj,2021,19,97.85496703804571,2021-05-10,,
sirup za kasalj,2021,20,0.0,2021-05-17,,
sirup za kasalj,2021,21,55.20023781633349,2021-05-24,,
sirup za kasalj,2021,22,107.89137391374273,2021-05-31,,
sirup za kasalj,2021,23,0.0,2021-06-07,,
sirup za kasalj,2021,24,40.14562750278799,2021-06-14,,
sirup za kasalj,2021,25,57.70933953525773,2021-06-21,,
sirup za kasalj,2021,26,47.672932659560736,2021-06-28,,
sirup za kasalj,2021,27,47.672932659560736,2021-07-05,,
sirup za kasalj,2021,28,57.70933953525773,2021-07-12,,
sirup za kasalj,2021,29,52.691136097409235,2021-07-19,,
sirup za kasalj,2021,30,62.72754297310623,2021-07-26,,
sirup za kasalj,2021,31,80.29125500557598,2021-08-02,,
sirup za kasalj,2021,32,0.0,2021-08-09,,
sirup za kasalj,2021,33,97.85496703804571,2021-08-16,,
sirup za kasalj,2021,34,77.78215328665172,2021-08-23,,
sirup za kasalj,2021,35,100.36406875696996,2021-08-30,,
sirup za kasalj,2021,36,143.01879797868222,2021-09-06,,
sirup za kasalj,2021,37,135.49149282190945,2021-09-13,,
sirup za kasalj,2021,38,213.2736461085612,2021-09-20,,
sirup za kasalj,2021,39,135.49149282190945,2021-09-27,,
sirup za kasalj,2021,40,175.63712032469743,2021-10-04,,1.0
sirup za kasalj,2021,41,168.1098151679247,2021-10-11,,1.0
sirup za kasalj,2021,42,168.1098151679247,2021-10-18,,1.0
sirup za kasalj,2021,43,155.56430657330344,2021-10-25,,1.0
sirup za kasalj,2021,44,168.1098151679247,2021-11-01,,1.0
sirup za kasalj,2021,45,112.90957735159122,2021-11-08,,1.0
sirup za kasalj,2021,46,100.36406875696996,2021-11-15,,1.0
sirup za kasalj,2021,47,95.34586531912149,2021-11-22,,1.0
sirup za kasalj,2021,48,120.43688250836396,2021-11-29,,1.0
sirup za kasalj,2021,49,160.58251001115195,2021-12-06,,1.0
sirup za kasalj,2021,50,117.92778078943972,2021-12-13,1.0,1.0
sirup za kasalj,2021,51,120.43688250836396,2021-12-20,1.0,1.0
sirup za kasalj,2021,52,245.89196845457644,2021-12-27,12.0,1.0
sirup za kasalj,2022,1,170.61891688684895,2022-01-03,21.0,1.0
sirup za kasalj,2022,2,228.32825642210668,2022-01-10,16.0,1.0
sirup za kasalj,2022,3,205.74634095178843,2022-01-17,19.0,1.0
sirup za kasalj,2022,4,203.2372392328642,2022-01-24,7.0,1.0
sirup za kasalj,2022,5,117.92778078943972,2022-01-31,4.0,1.0
sirup za kasalj,2022,6,117.92778078943972,2022-02-07,31.0,1.0
sirup za kasalj,2022,7,127.9641876651367,2022-02-14,25.0,1.0
sirup za kasalj,2022,8,77.78215328665172,2022-02-21,12.0,1.0
sirup za kasalj,2022,9,140.50969625975796,2022-02-28,3.0,1.0
sirup za kasalj,2022,10,173.1280186057732,2022-03-07,34.0,1.0
sirup za kasalj,2022,11,127.9641876651367,2022-03-14,77.0,1.0
sirup za kasalj,2022,12,120.43688250836396,2022-03-21,77.0,1.0
sirup za kasalj,2022,13,138.0005945408337,2022-03-28,66.0,1.0
sirup za kasalj,2022,14,122.94598422728822,2022-04-04,43.0,1.0
sirup za kasalj,2022,15,100.36406875696996,2022-04-11,32.0,1.0
sirup za kasalj,2022,16,130.47328938406096,2022-04-18,17.0,1.0
sirup za kasalj,2022,17,120.43688250836396,2022-04-25,8.0,1.0
sirup za kasalj,2022,18,85.30945844342448,2022-05-02,4.0,1.0
sirup za kasalj,2022,19,57.70933953525773,2022-05-09,3.0,1.0
sirup za kasalj,2022,20,85.30945844342448,2022-05-16,4.0,1.0
sirup za kasalj,2022,21,57.70933953525773,2022-05-23,3.0,1.0
sirup za kasalj,2022,22,87.81856016234872,2022-05-30,,1.0
sirup za kasalj,2022,23,72.76394984880324,2022-06-06,,1.0
sirup za kasalj,2022,24,62.72754297310623,2022-06-13,,1.0
sirup za kasalj,2022,25,67.74574641095472,2022-06-20,,1.0
sirup za kasalj,2022,26,50.182034378484985,2022-06-27,,
sirup za kasalj,2022,27,67.74574641095472,2022-07-04,,1.0
sirup za kasalj,2022,28,95.34586531912149,2022-07-11,,1.0
sirup za kasalj,2022,29,60.21844125418198,2022-07-18,,1.0
sirup za kasalj,2022,30,92.83676360019724,2022-07-25,,1.0
sirup za kasalj,2022,31,80.29125500557598,2022-08-01,,1.0
sirup za kasalj,2022,32,50.182034378484985,2022-08-08,,1.0
sirup za kasalj,2022,33,52.691136097409235,2022-08-15,,
sirup za kasalj,2022,34,67.74574641095472,2022-08-22,,
sirup za kasalj,2022,35,62.72754297310623,2022-08-29,,
sirup za kasalj,2022,36,115.41867907051548,2022-09-05,,
sirup za kasalj,2022,37,117.92778078943972,2022-09-12,,
sirup za kasalj,2022,38,153.0552048543792,2022-09-19,,
sirup za kasalj,2022,39,160.58251001115195,2022-09-26,,
sirup za kasalj,2022,40,178.1462220436217,2022-10-03,,1.0
sirup za kasalj,2022,41,233.3464598599552,2022-10-10,,1.0
sirup za kasalj,2022,42,205.74634095178843,2022-10-17,,1.0
sirup za kasalj,2022,43,203.2372392328642,2022-10-24,,1.0
sirup za kasalj,2022,44,208.25544267071268,2022-10-31,,1.0
sirup za kasalj,2022,45,158.0734082922277,2022-11-07,1.0,1.0
sirup za kasalj,2022,46,153.0552048543792,2022-11-14,,1.0
sirup za kasalj,2022,47,163.0916117300762,2022-11-21,,1.0
sirup za kasalj,2022,48,158.0734082922277,2022-11-28,2.0,1.0
sirup za kasalj,2022,49,170.61891688684895,2022-12-05,5.0,1.0
sirup za kasalj,2022,50,160.58251001115195,2022-12-12,26.0,1.0
sirup za kasalj,2022,51,193.2008323571672,2022-12-19,36.0,1.0
sirup za kasalj,2022,52,218.29184954640968,2022-12-26,31.0,1.0
sirup za kasalj,2023,1,233.3464598599552,2023-01-02,24.0,1.0
sirup za kasalj,2023,2,173.1280186057732,2023-01-09,78.0,1.0
sirup za kasalj,2023,3,160.58251001115195,2023-01-16,72.0,1.0
sirup za kasalj,2023,4,148.0370014165307,2023-01-23,58.0,1.0
sirup za kasalj,2023,5,220.8009512653339,2023-01-30,75.0,1.0
sirup za kasalj,2023,6,250.91017189242493,2023-02-06,91.0,1.0
sirup za kasalj,2023,7,178.1462220436217,2023-02-13,70.0,1.0
sirup za kasalj,2023,8,155.56430657330344,2023-02-20,85.0,1.0
sirup za kasalj,2023,9,107.89137391374273,2023-02-27,33.0,1.0
sirup za kasalj,2023,10,155.56430657330344,2023-03-06,32.0,1.0
sirup za kasalj,2023,11,160.58251001115195,2023-03-13,26.0,1.0
sirup za kasalj,2023,12,112.90957735159122,2023-03-20,25.0,1.0
sirup za kasalj,2023,13,110.40047563266695,2023-03-27,10.0,1.0
sirup za kasalj,2023,14,90.32766188127296,2023-04-03,12.0,1.0
sirup za kasalj,2023,15,95.34586531912149,2023-04-10,3.0,1.0
sirup za kasalj,2023,16,62.72754297310623,2023-04-17,1.0,1.0
sirup za kasalj,2023,17,120.43688250836396,2023-04-24,1.0,1.0
sirup za kasalj,2023,18,82.80035672450023,2023-05-01,,1.0
sirup za kasalj,2023,19,85.30945844342448,2023-05-08,,1.0
sirup za kasalj,2023,20,65.23664469203048,2023-05-15,,1.0
sirup za kasalj,2023,21,85.30945844342448,2023-05-22,,1.0
sirup za kasalj,2023,22,70.25484812987898,2023-05-29,,1.0
sirup za kasalj,2023,23,67.74574641095472,2023-06-05,,1.0
sirup za kasalj,2023,24,57.70933953525773,2023-06-12,,1.0
sirup za kasalj,2023,25,35.12742406493949,2023-06-19,,1.0
sirup za kasalj,2023,26,40.14562750278799,2023-06-26,,
sirup za kasalj,2023,27,61.79459753027296,2023-07-03,,
sirup za kasalj,2023,28,54.07027283898884,2023-07-10,,1.0
sirup za kasalj,2023,29,0.0,2023-07-17,,1.0
sirup za kasalj,2023,30,54.07027283898884,2023-07-24,,1.0
sirup za kasalj,2023,31,56.64504773608355,2023-07-31,,1.0
sirup za kasalj,2023,32,66.94414732446238,2023-08-07,,1.0
sirup za kasalj,2023,33,56.64504773608355,2023-08-14,,1.0
sirup za kasalj,2023,34,61.79459753027296,2023-08-21,,1.0
sirup za kasalj,2023,35,118.43964526635652,2023-08-28,,1.0
sirup za kasalj,2023,36,87.54234650122002,2023-09-04,,1.0
sirup za kasalj,2023,37,72.09369711865179,2023-09-11,,1.0
sirup za kasalj,2023,38,118.43964526635652,2023-09-18,,1.0
sirup za kasalj,2023,39,126.16396995764065,2023-09-25,,1.0
sirup za kasalj,2023,40,180.23424279662947,2023-10-02,,1.0
sirup za kasalj,2023,41,151.9117189285877,2023-10-09,,1.0
sirup za kasalj,2023,42,146.76216913439828,2023-10-16,,1.0
sirup za kasalj,2023,43,128.73874485473533,2023-10-23,,1.0
sirup za kasalj,2023,44,187.9585674879136,2023-10-30,,1.0
sirup za kasalj,2023,45,162.21081851696653,2023-11-06,1.0,1.0
sirup za kasalj,2023,46,208.55676666467124,2023-11-13,,1.0
sirup za kasalj,2023,47,159.6360436198718,2023-11-20,1.0,1.0
sirup za kasalj,2023,48,157.0612687227771,2023-11-27,1.0,1.0
sirup za kasalj,2023,49,208.55676666467124,2023-12-04,3.0,1.0
sirup za kasalj,2023,50,216.28109135595537,2023-12-11,7.0,1.0
sirup za kasalj,2023,51,247.17839012109184,2023-12-18,7.0,1.0
sirup za kasalj,2023,52,257.47748970947066,2023-12-25,21.0,1.0
sirup za kasalj,2024,1,224.00541604723944,2024-01-01,10.0,1.0
sirup za kasalj,2024,2,187.9585674879136,2024-01-08,21.0,1.0
sirup za kasalj,2024,3,180.23424279662947,2024-01-15,46.0,1.0
sirup za kasalj,2024,4,205.98199176757652,2024-01-22,93.0,1.0
sirup za kasalj,2024,5,205.98199176757652,2024-01-29,130.0,1.0
sirup za kasalj,2024,6,136.46306954601943,2024-02-05,119.0,1.0
sirup za kasalj,2024,7,72.09369711865179,2024-02-12,48.0,1.0
sirup za kasalj,2024,8,90.11712139831474,2024-02-19,82.0,1.0
sirup za kasalj,2024,9,90.11712139831474,2024-02-26,32.0,1.0
sirup za kasalj,2024,10,92.69189629540944,2024-03-04,22.0,1.0
sirup za kasalj,2024,11,74.66847201574649,2024-03-11,4.0,1.0
sirup za kasalj,2024,12,84.96757160412533,2024-03-18,1.0,1.0
sirup za kasalj,2024,13,64.36937242736767,2024-03-25,,1.0
sirup za kasalj,2024,14,43.77117325061001,2024-04-01,3.0,1.0
sirup za kasalj,2024,15,56.64504773608355,2024-04-08,2.0,1.0
sirup za kasalj,2024,16,66.94414732446238,2024-04-15,,1.0
sirup za kasalj,2024,17,48.92072304479942,2024-04-22,1.0,1.0
sirup za kasalj,2024,18,46.34594814770472,2024-04-29,,1.0
sirup za kasalj,2024,19,54.07027283898884,2024-05-06,1.0,1.0
sirup za kasalj,2024,20,54.07027283898884,2024-05-13,,1.0
sirup za kasalj,2024,21,72.09369711865179,2024-05-20,,1.0
sirup za kasalj,2024,22,69.51892222155708,2024-05-27,,1.0
sirup za kasalj,2024,23,48.92072304479942,2024-06-03,,1.0
sirup za kasalj,2024,24,0.0,2024-06-10,,1.0
sirup za kasalj,2024,25,0.0,2024-06-17,,1.0
sirup za kasalj,2024,26,0.0,2024-06-24,,1.0
sirup za kasalj,2024,27,43.77117325061001,2024-07-01,,1.0
sirup za kasalj,2024,28,74.66847201574649,2024-07-08,,1.0
sirup za kasalj,2024,29,0.0,2024-07-15,,1.0
sirup za kasalj,2024,30,48.92072304479942,2024-07-22,,1.0
sirup za kasalj,2024,31,43.77117325061001,2024-07-29,,1.0
sirup za kasalj,2024,32,0.0,2024-08-05,,1.0
sirup za kasalj,2024,33,48.92072304479942,2024-08-12,,1.0
sirup za kasalj,2024,34,0.0,2024-08-19,,1.0
sirup za kasalj,2024,35,61.79459753027296,2024-08-26,,1.0
sirup za kasalj,2024,36,0.0,2024-09-02,,1.0
sirup za kasalj,2024,37,82.39279670703061,2024-09-09,,1.0
sirup za kasalj,2024,38,100.41622098669356,2024-09-16,,1.0
sirup za kasalj,2024,39,82.39279670703061,2024-09-23,,1.0
sirup za kasalj,2024,40,105.56577078088296,2024-09-30,,1.0
sirup za kasalj,2024,41,128.73874485473533,2024-10-07,1.0,1.0
sirup za kasalj,2024,42,180.23424279662947,2024-10-14,,1.0
sirup za kasalj,2024,43,144.18739423730358,2024-10-21,,1.0
sirup za kasalj,2024,44,77.2432469128412,2024-10-28,,1.0
sirup za kasalj,2024,45,0.0,2024-11-04,,1.0
sirup za kasalj,2024,46,157.0612687227771,2024-11-11,,1.0
sirup za kasalj,2024,47,146.76216913439828,2024-11-18,,1.0
sirup za kasalj,2024,48,108.14054567797768,2024-11-25,,1.0
sirup za kasalj,2024,49,90.11712139831474,2024-12-02,2.0,1.0
sirup za kasalj,2024,50,121.0144201634512,2024-12-09,13.0,1.0
sirup za kasalj,2024,51,136.46306954601943,2024-12-16,3.0,1.0
sirup za kasalj,2024,52,175.08469300244005,2024-12-23,27.0,1.0
sirup za kasalj,2025,1,141.61261934020885,2024-12-30,6.0,1.0
sirup za kasalj,2025,2,105.56577078088296,2025-01-06,15.0,1.0
sirup za kasalj,2025,3,82.39279670703061,2025-01-13,36.0,1.0
sirup za kasalj,2025,4,139.03784444311415,2025-01-20,77.0,1.0
sirup za kasalj,2025,5,131.31351975183003,2025-01-27,71.0,1.0
sirup za kasalj,2025,6,128.73874485473533,2025-02-03,36.0,1.0
sirup za kasalj,2025,7,121.0144201634512,2025-02-10,45.0,1.0
sirup za kasalj,2025,8,136.46306954601943,2025-02-17,43.0,1.0
sirup za kasalj,2025,9,126.16396995764065,2025-02-24,54.0,1.0
sirup za kasalj,2025,10,90.11712139831474,2025-03-03,63.0,1.0
sirup za kasalj,2025,11,59.219822633178254,2025-03-10,19.0,1.0
sirup za kasalj,2025,12,110.71532057507238,2025-03-17,18.0,1.0
sirup za kasalj,2025,13,82.39279670703061,2025-03-24,8.0,1.0
sirup za kasalj,2025,14,92.69189629540944,2025-03-31,2.0,1.0
sirup za kasalj,2025,15,0.0,2025-04-07,2.0,1.0
sirup za kasalj,2025,16,74.66847201574649,2025-04-14,,1.0
sirup za kasalj,2025,17,56.64504773608355,2025-04-21,,1.0
sirup za kasalj,2025,18,61.79459753027296,2025-04-28,2.0,1.0
sirup za kasalj,2025,19,54.07027283898884,2025-05-05,,1.0
sirup za kasalj,2025,20,87.54234650122002,2025-05-12,,1.0
sirup za kasalj,2025,21,72.09369711865179,2025-05-19,,1.0
sirup za kasalj,2025,22,0.0,2025-05-26,,1.0
sirup za kasalj,2025,23,64.36937242736767,2025-06-02,,1.0
sirup za kasalj,2025,24,0.0,2025-06-09,,1.0
sirup za kasalj,2025,25,82.39279670703061,2025-06-16,,1.0
sirup za kasalj,2025,26,0.0,2025-06-23,,1.0
sirup za kasalj,2025,27,0.0,2025-06-30,,
sirup za kasalj,2025,28,74.66847201574649,2025-07-07,,1.0
sirup za kasalj,2025,29,51.49549794189413,2025-07-14,,1.0
sirup za kasalj,2025,30,0.0,2025-07-21,,1.0
sirup za kasalj,2025,31,0.0,2025-07-28,,1.0
sirup za kasalj,2025,32,0.0,2025-08-04,,1.0
sirup za kasalj,2025,33,0.0,2025-08-11,,1.0
sirup za kasalj,2025,34,0.0,2025-08-18,,1.0
sirup za kasalj,2025,35,0.0,2025-08-25,,1.0
sirup za kasalj,2025,36,48.92072304479942,2025-09-01,,1.0
sirup za kasalj,2025,37,61.79459753027296,2025-09-08,,1.0
sirup za kasalj,2025,38,69.51892222155708,2025-09-15,,1.0
sirup za kasalj,2025,39,74.66847201574649,2025-09-22,,1.0
sirup za kasalj,2025,40,100.41622098669356,2025-09-29,,1.0
sirup za kasalj,2025,41,128.73874485473533,2025-10-06,,1.0
sirup za kasalj,2025,42,136.46306954601943,2025-10-13,2.0,1.0
sirup za kasalj,2025,43,105.56577078088296,2025-10-20,3.0,1.0
sirup za kasalj,2025,44,64.36937242736767,2025-10-27,,1.0
sirup za kasalj,2025,45,139.03784444311415,2025-11-03,4.0,1.0
sirup za kasalj,2025,46,69.51892222155708,2025-11-10,2.0,1.0
sirup za kasalj,2025,47,48.92072304479942,2025-11-17,11.0,1.0
sirup za kasalj,2025,48,74.66847201574649,2025-11-24,14.0,1.0
sirup za kasalj,2025,49,154.4864938256824,2025-12-01,36.0,1.0
sirup za kasalj,2025,50,187.9585674879136,2025-12-08,55.0,1.0
sirup za kasalj,2025,51,236.879290532713,2025-12-15,54.0,1.0
sirup za kasalj,2025,52,167.36036831115592,2025-12-22,45.0,1.0
sirup za kasalj,2026,1,171.24247825731186,2025-12-29,24.0,1.0
sirup za kasalj,2026,2,92.75634238937724,2026-01-05,8.0,1.0
sirup za kasalj,2026,3,123.67512318583634,2026-01-12,7.0,1.0
sirup za kasalj,2026,4,126.05349093941012,2026-01-19,15.0,1.0
sirup za kasalj,2026,5,83.24287137508215,2026-01-26,3.0,1.0
sirup za kasalj,2026,6,133.18859420013143,2026-02-02,4.0,1.0
sirup za kasalj,2026,7,90.37797463580348,2026-02-09,,1.0
sirup za kasalj,2026,8,59.459193839344394,2026-02-16,1.0,1.0
sirup za kasalj,2026,9,102.26981340367236,2026-02-23,2.0,1.0
sirup za kasalj,2026,10,83.24287137508215,2026-03-02,,1.0
sirup za kasalj,2026,11,66.59429710006572,2026-03-09,,1.0
sirup za kasalj,2026,12,71.35103260721327,2026-03-16,1.0,1.0
sirup za kasalj,2026,13,83.24287137508215,2026-03-23,,1.0
sirup za kasalj,2026,14,90.37797463580348,2026-03-30,,1.0
sirup za kasalj,2026,15,68.9726648536395,2026-04-06,,1.0
sirup za kasalj,2026,16,76.10776811436082,2026-04-13,,1.0
sirup za kasalj,2026,17,73.72940036078705,2026-04-20,,
sirup za kasalj,2026,18,71.35103260721327,2026-04-27,,1.0
sirup za kasalj,2026,19,92.75634238937724,2026-05-04,,1.0
sirup za kasalj,2026,20,61.83756159291817,2026-05-11,,1.0
sirup za kasalj,2026,21,61.83756159291817,2026-05-18,,1.0
sirup za kasalj,2026,22,45.18898731790174,2026-05-25,,1.0
sirup za kasalj,2026,23,104.64818115724611,2026-06-01,,1.0
sirup za kasalj,2026,24,0.0,2026-06-08,,1.0
sirup za kasalj,2026,25,0.0,2026-06-15,,1.0
sirup za kasalj,2026,26,0.0,2026-06-22,,1.0
sirup za kasalj,2026,27,0.0,2026-06-29,,1.0
sirup za kasalj,2026,28,0.0,2026-07-06,,1.0
sirup za kasalj,2026,29,0.0,2026-07-13,,1.0
sirup za kasalj,2026,30,26.162045289311532,2026-07-20,,
sirup za kasalj,2026,31,33.29714855003286,2026-07-27,,1.0
tenis,2013,1,18.0,2012-12-31,,
tenis,2013,2,42.0,2013-01-07,3.0,3.0
tenis,2013,3,66.0,2013-01-14,16.0,3.0
tenis,2013,4,39.0,2013-01-21,14.0,3.0
tenis,2013,5,21.0,2013-01-28,23.0,5.0
tenis,2013,6,22.0,2013-02-04,30.0,6.0
tenis,2013,7,21.0,2013-02-11,66.0,6.0
tenis,2013,8,37.0,2013-02-18,41.0,6.0
tenis,2013,9,23.0,2013-02-25,29.0,6.0
tenis,2013,10,47.0,2013-03-04,25.0,6.0
tenis,2013,11,28.0,2013-03-11,10.0,5.0
tenis,2013,12,36.0,2013-03-18,7.0,5.0
tenis,2013,13,28.0,2013-03-25,3.0,1.0
tenis,2013,14,26.0,2013-04-01,3.0,3.0
tenis,2013,15,40.0,2013-04-08,1.0,3.0
tenis,2013,16,34.0,2013-04-15,3.0,3.0
tenis,2013,17,19.0,2013-04-22,,2.0
tenis,2013,18,41.0,2013-04-29,,2.0
tenis,2013,19,49.0,2013-05-06,,2.0
tenis,2013,20,24.0,2013-05-13,,2.0
tenis,2013,21,61.0,2013-05-20,,
tenis,2013,22,70.0,2013-05-27,,
tenis,2013,23,28.0,2013-06-03,,
tenis,2013,24,21.0,2013-06-10,,
tenis,2013,25,47.0,2013-06-17,,
tenis,2013,26,58.0,2013-06-24,,
tenis,2013,27,29.0,2013-07-01,,
tenis,2013,28,19.0,2013-07-08,,
tenis,2013,29,20.0,2013-07-15,,
tenis,2013,30,20.0,2013-07-22,,
tenis,2013,31,31.0,2013-07-29,,
tenis,2013,32,48.0,2013-08-05,,
tenis,2013,33,23.0,2013-08-12,,
tenis,2013,34,38.0,2013-08-19,,
tenis,2013,35,55.0,2013-08-26,,
tenis,2013,36,36.0,2013-09-02,,
tenis,2013,37,22.0,2013-09-09,,
tenis,2013,38,18.0,2013-09-16,,
tenis,2013,39,39.0,2013-09-23,,
tenis,2013,40,61.0,2013-09-30,,
tenis,2013,41,30.0,2013-10-07,,1.0
tenis,2013,42,30.0,2013-10-14,,1.0
tenis,2013,43,46.0,2013-10-21,,1.0
tenis,2013,44,46.0,2013-10-28,,1.0
tenis,2013,45,35.0,2013-11-04,,1.0
tenis,2013,46,22.0,2013-11-11,,1.0
tenis,2013,47,14.0,2013-11-18,,1.0
tenis,2013,48,12.0,2013-11-25,,1.0
tenis,2013,49,11.0,2013-12-02,,1.0
tenis,2013,50,12.0,2013-12-09,,1.0
tenis,2013,51,15.0,2013-12-16,,1.0
tenis,2013,52,20.0,2013-12-23,,1.0
tenis,2014,1,17.0,2013-12-30,,1.0
tenis,2014,2,44.0,2014-01-06,1.0,1.0
tenis,2014,3,57.0,2014-01-13,2.0,1.0
tenis,2014,4,22.0,2014-01-20,3.0,1.0
tenis,2014,5,16.0,2014-01-27,2.0,1.0
tenis,2014,6,21.0,2014-02-03,3.0,1.0
tenis,2014,7,22.0,2014-02-10,20.0,1.0
tenis,2014,8,30.0,2014-02-17,6.0,1.0
tenis,2014,9,21.0,2014-02-24,15.0,1.0
tenis,2014,10,41.0,2014-03-03,12.0,1.0
tenis,2014,11,31.0,2014-03-10,15.0,1.0
tenis,2014,12,50.0,2014-03-17,16.0,1.0
tenis,2014,13,28.0,2014-03-24,20.0,1.0
tenis,2014,14,20.0,2014-03-31,9.0,1.0
tenis,2014,15,40.0,2014-04-07,5.0,1.0
tenis,2014,16,29.0,2014-04-14,3.0,1.0
tenis,2014,17,20.0,2014-04-21,1.0,1.0
tenis,2014,18,29.0,2014-04-28,,1.0
tenis,2014,19,53.0,2014-05-05,1.0,1.0
tenis,2014,20,25.0,2014-05-12,,1.0
tenis,2014,21,57.0,2014-05-19,,
tenis,2014,22,69.0,2014-05-26,,
tenis,2014,23,32.0,2014-06-02,,
tenis,2014,24,21.0,2014-06-09,,
tenis,2014,25,45.0,2014-06-16,,
tenis,2014,26,55.0,2014-06-23,,
tenis,2014,27,25.0,2014-06-30,,
tenis,2014,28,19.0,2014-07-07,,
tenis,2014,29,22.0,2014-07-14,,
tenis,2014,30,20.0,2014-07-21,,
tenis,2014,31,33.0,2014-07-28,,
tenis,2014,32,37.0,2014-08-04,,
tenis,2014,33,23.0,2014-08-11,,
tenis,2014,34,38.0,2014-08-18,,
tenis,2014,35,55.0,2014-08-25,,
tenis,2014,36,25.0,2014-09-01,,
tenis,2014,37,22.0,2014-09-08,,
tenis,2014,38,21.0,2014-09-15,,
tenis,2014,39,41.0,2014-09-22,1.0,1.0
tenis,2014,40,47.0,2014-09-29,1.0,1.0
tenis,2014,41,20.0,2014-10-06,,1.0
tenis,2014,42,29.0,2014-10-13,,1.0
tenis,2014,43,39.0,2014-10-20,,1.0
tenis,2014,44,18.0,2014-10-27,,1.0
tenis,2014,45,40.0,2014-11-03,,1.0
tenis,2014,46,24.0,2014-11-10,,1.0
tenis,2014,47,12.0,2014-11-17,,1.0
tenis,2014,48,11.0,2014-11-24,,1.0
tenis,2014,49,12.0,2014-12-01,,1.0
tenis,2014,50,10.0,2014-12-08,,1.0
tenis,2014,51,8.0,2014-12-15,,1.0
tenis,2014,52,14.0,2014-12-22,,1.0
tenis,2015,1,27.0,2014-12-29,,1.0
tenis,2015,2,19.0,2015-01-05,,1.0
tenis,2015,3,38.0,2015-01-12,2.0,1.0
tenis,2015,4,68.0,2015-01-19,11.0,1.0
tenis,2015,5,29.0,2015-01-26,22.0,1.0
tenis,2015,6,18.0,2015-02-02,26.0,1.0
tenis,2015,7,22.0,2015-02-09,51.0,1.0
tenis,2015,8,47.0,2015-02-16,28.0,1.0
tenis,2015,9,23.0,2015-02-23,67.0,1.0
tenis,2015,10,25.0,2015-03-02,40.0,1.0
tenis,2015,11,40.0,2015-03-09,58.0,1.0
tenis,2015,12,45.0,2015-03-16,38.0,1.0
tenis,2015,13,45.0,2015-03-23,30.0,1.0
tenis,2015,14,30.0,2015-03-30,23.0,1.0
tenis,2015,15,49.0,2015-04-06,13.0,1.0
tenis,2015,16,31.0,2015-04-13,11.0,1.0
tenis,2015,17,23.0,2015-04-20,5.0,1.0
tenis,2015,18,31.0,2015-04-27,2.0,1.0
tenis,2015,19,58.0,2015-05-04,1.0,1.0
tenis,2015,20,30.0,2015-05-11,,1.0
tenis,2015,21,61.0,2015-05-18,,
tenis,2015,22,100.0,2015-05-25,,
tenis,2015,23,36.0,2015-06-01,,
tenis,2015,24,28.0,2015-06-08,,
tenis,2015,25,20.0,2015-06-15,,
tenis,2015,26,53.0,2015-06-22,,
tenis,2015,27,73.0,2015-06-29,,
tenis,2015,28,33.0,2015-07-06,,
tenis,2015,29,17.0,2015-07-13,,
tenis,2015,30,17.0,2015-07-20,,
tenis,2015,31,17.0,2015-07-27,,
tenis,2015,32,45.0,2015-08-03,,
tenis,2015,33,59.0,2015-08-10,,
tenis,2015,34,25.0,2015-08-17,,
tenis,2015,35,46.0,2015-08-24,,
tenis,2015,36,52.0,2015-08-31,,
tenis,2015,37,31.0,2015-09-07,,
tenis,2015,38,16.0,2015-09-14,,
tenis,2015,39,16.0,2015-09-21,,
tenis,2015,40,38.0,2015-09-28,,
tenis,2015,41,55.0,2015-10-05,,
tenis,2015,42,28.0,2015-10-12,,
tenis,2015,43,20.0,2015-10-19,,
tenis,2015,44,48.0,2015-10-26,,
tenis,2015,45,21.0,2015-11-02,,1.0
tenis,2015,46,47.0,2015-11-09,,1.0
tenis,2015,47,21.0,2015-11-16,,1.0
tenis,2015,48,11.0,2015-11-23,,1.0
tenis,2015,49,10.0,2015-11-30,,1.0
tenis,2015,50,10.0,2015-12-07,,1.0
tenis,2015,51,10.0,2015-12-14,,1.0
tenis,2015,52,11.0,2015-12-21,,1.0
tenis,2015,53,35.4077791718946,2015-12-28,,1.0
tenis,2016,1,19.786700125470517,2016-01-04,3.0,1.0
tenis,2016,2,52.0702634880803,2016-01-11,6.0,1.0
tenis,2016,3,79.14680050188207,2016-01-18,16.0,1.0
tenis,2016,4,30.200752823086574,2016-01-25,14.0,1.0
tenis,2016,5,20.82810539523212,2016-02-01,26.0,1.0
tenis,2016,6,24.993726474278542,2016-02-08,36.0,1.0
tenis,2016,7,37.49058971141782,2016-02-15,14.0,1.0
tenis,2016,8,18.74529485570891,2016-02-22,33.0,1.0
tenis,2016,9,30.200752823086574,2016-02-29,44.0,1.0
tenis,2016,10,52.0702634880803,2016-03-07,50.0,1.0
tenis,2016,11,42.69761606022585,2016-03-14,35.0,1.0
tenis,2016,12,62.484316185696365,2016-03-21,54.0,1.0
tenis,2016,13,26.03513174404015,2016-03-28,57.0,1.0
tenis,2016,14,38.53199498117942,2016-04-04,39.0,1.0
tenis,2016,15,23.95232120451694,2016-04-11,26.0,1.0
tenis,2016,16,18.74529485570891,2016-04-18,2.0,1.0
tenis,2016,17,52.0702634880803,2016-04-25,2.0,1.0
tenis,2016,18,81.22961104140528,2016-05-02,4.0,1.0
tenis,2016,19,32.28356336260979,2016-05-09,,1.0
tenis,2016,20,82.27101631116687,2016-05-16,,1.0
tenis,2016,21,104.1405269761606,2016-05-23,,
tenis,2016,22,42.69761606022585,2016-05-30,,
tenis,2016,23,30.200752823086574,2016-06-06,,
tenis,2016,24,21.86951066499373,2016-06-13,,
tenis,2016,25,67.6913425345044,2016-06-20,,
tenis,2016,26,38.53199498117942,2016-06-27,,
tenis,2016,27,22.910915934755337,2016-07-04,,
tenis,2016,28,19.786700125470517,2016-07-11,,
tenis,2016,29,33.324968632371395,2016-07-18,,
tenis,2016,30,30.200752823086574,2016-07-25,,
tenis,2016,31,40.61480552070264,2016-08-01,,
tenis,2016,32,28.11794228356337,2016-08-08,,
tenis,2016,33,17.7038895859473,2016-08-15,,
tenis,2016,34,52.0702634880803,2016-08-22,,
tenis,2016,35,67.6913425345044,2016-08-29,,
tenis,2016,36,28.11794228356337,2016-09-05,,
tenis,2016,37,16.662484316185697,2016-09-12,,
tenis,2016,38,19.786700125470517,2016-09-19,,
tenis,2016,39,20.82810539523212,2016-09-26,,
tenis,2016,40,56.23588456712673,2016-10-03,,
tenis,2016,41,19.786700125470517,2016-10-10,,1.0
tenis,2016,42,23.95232120451694,2016-10-17,,1.0
tenis,2016,43,65.60853199498118,2016-10-24,,1.0
tenis,2016,44,19.786700125470517,2016-10-31,,1.0
tenis,2016,45,76.02258469259725,2016-11-07,,1.0
tenis,2016,46,27.07653701380176,2016-11-14,,1.0
tenis,2016,47,15.621079046424091,2016-11-21,,1.0
tenis,2016,48,11.455457967377669,2016-11-28,,1.0
tenis,2016,49,9.372647427854456,2016-12-05,9.0,1.0
tenis,2016,50,9.372647427854456,2016-12-12,84.0,1.0
tenis,2016,51,10.41405269761606,2016-12-19,109.0,1.0
tenis,2016,52,62.484316185696365,2016-12-26,162.0,1.0
tenis,2017,1,20.82810539523212,2017-01-02,77.0,1.0
tenis,2017,2,70.8155583437892,2017-01-09,,1.0
tenis,2017,3,57.277289836888336,2017-01-16,,1.0
tenis,2017,4,33.324968632371395,2017-01-23,,1.0
tenis,2017,5,21.86951066499373,2017-01-30,,1.0
tenis,2017,6,16.662484316185697,2017-02-06,,1.0
tenis,2017,7,15.621079046424091,2017-02-13,5.0,1.0
tenis,2017,8,34.366373902133,2017-02-20,11.0,1.0
tenis,2017,9,22.910915934755337,2017-02-27,4.0,1.0
tenis,2017,10,56.23588456712673,2017-03-06,2.0,1.0
tenis,2017,11,24.993726474278542,2017-03-13,,1.0
tenis,2017,12,31.242158092848182,2017-03-20,,1.0
tenis,2017,13,20.82810539523212,2017-03-27,,1.0
tenis,2017,14,17.7038895859473,2017-04-03,,1.0
tenis,2017,15,56.23588456712673,2017-04-10,,1.0
tenis,2017,16,24.993726474278542,2017-04-17,,1.0
tenis,2017,17,21.86951066499373,2017-04-24,,1.0
tenis,2017,18,56.23588456712673,2017-05-01,,1.0
tenis,2017,19,76.02258469259725,2017-05-08,,1.0
tenis,2017,20,29.15934755332497,2017-05-15,,1.0
tenis,2017,21,78.10539523212046,2017-05-22,,
tenis,2017,22,89.56085319949813,2017-05-29,,
tenis,2017,23,21.86951066499373,2017-06-05,,
tenis,2017,24,20.82810539523212,2017-06-12,,
tenis,2017,25,45.82183186951067,2017-06-19,,
tenis,2017,26,66.64993726474279,2017-06-26,,
tenis,2017,27,83.31242158092849,2017-07-03,,
tenis,2017,28,19.786700125470517,2017-07-10,,
tenis,2017,29,14.579673776662483,2017-07-17,,
tenis,2017,30,15.621079046424091,2017-07-24,,
tenis,2017,31,19.786700125470517,2017-07-31,,
tenis,2017,32,23.95232120451694,2017-08-07,,
tenis,2017,33,17.7038895859473,2017-08-14,,
tenis,2017,34,32.28356336260979,2017-08-21,,
tenis,2017,35,30.200752823086574,2017-08-28,,
tenis,2017,36,18.74529485570891,2017-09-04,,
tenis,2017,37,16.662484316185697,2017-09-11,,
tenis,2017,38,13.53826850690088,2017-09-18,,
tenis,2017,39,15.621079046424091,2017-09-25,,
tenis,2017,40,22.910915934755337,2017-10-02,,1.0
tenis,2017,41,15.621079046424091,2017-10-09,,1.0
tenis,2017,42,14.579673776662483,2017-10-16,,1.0
tenis,2017,43,23.95232120451694,2017-10-23,,1.0
tenis,2017,44,18.74529485570891,2017-10-30,,2.0
tenis,2017,45,21.86951066499373,2017-11-06,,2.0
tenis,2017,46,11.455457967377669,2017-11-13,,3.0
tenis,2017,47,8.331242158092849,2017-11-20,,3.0
tenis,2017,48,8.331242158092849,2017-11-27,,3.0
tenis,2017,49,8.331242158092849,2017-12-04,,3.0
tenis,2017,50,7.289836888331243,2017-12-11,6.0,3.0
tenis,2017,51,12.496863237139271,2017-12-18,19.0,3.0
tenis,2017,52,14.579673776662483,2017-12-25,26.0,3.0
tenis,2018,1,17.7038895859473,2018-01-01,22.0,3.0
tenis,2018,2,61.44291091593476,2018-01-08,37.0,3.0
tenis,2018,3,65.60853199498118,2018-01-15,88.0,3.0
tenis,2018,4,20.82810539523212,2018-01-22,103.0,4.0
tenis,2018,5,15.621079046424091,2018-01-29,124.0,5.0
tenis,2018,6,17.7038895859473,2018-02-05,121.0,5.0
tenis,2018,7,16.662484316185697,2018-02-12,66.0,5.0
tenis,2018,8,17.7038895859473,2018-02-19,77.0,4.0
tenis,2018,9,20.82810539523212,2018-02-26,59.0,4.0
tenis,2018,10,29.15934755332497,2018-03-05,29.0,4.0
tenis,2018,11,31.242158092848182,2018-03-12,20.0,4.0
tenis,2018,12,31.242158092848182,2018-03-19,14.0,3.0
tenis,2018,13,16.662484316185697,2018-03-26,30.0,3.0
tenis,2018,14,15.621079046424091,2018-04-02,21.0,3.0
tenis,2018,15,47.90464240903388,2018-04-09,16.0,3.0
tenis,2018,16,31.242158092848182,2018-04-16,1.0,3.0
tenis,2018,17,19.786700125470517,2018-04-23,,2.0
tenis,2018,18,56.23588456712673,2018-04-30,,2.0
tenis,2018,19,97.89209535759096,2018-05-07,,1.0
tenis,2018,20,27.07653701380176,2018-05-14,,1.0
tenis,2018,21,82.27101631116687,2018-05-21,,1.0
tenis,2018,22,79.14680050188207,2018-05-28,,1.0
tenis,2018,23,20.82810539523212,2018-06-04,,1.0
tenis,2018,24,46.86323713927227,2018-06-11,,1.0
tenis,2018,25,35.4077791718946,2018-06-18,,1.0
tenis,2018,26,57.277289836888336,2018-06-25,,1.0
tenis,2018,27,105.62946424910407,2018-07-02,,1.0
tenis,2018,28,43.87685438039709,2018-07-09,,1.0
tenis,2018,29,24.376030211331713,2018-07-16,,1.0
tenis,2018,30,26.00109889208716,2018-07-23,,1.0
tenis,2018,31,60.12754118795156,2018-07-30,,1.0
tenis,2018,32,104.00439556834864,2018-08-06,,1.0
tenis,2018,33,50.37712910341887,2018-08-13,,1.0
tenis,2018,34,87.75370876079417,2018-08-20,,1.0
tenis,2018,35,107.25453292985954,2018-08-27,,1.0
tenis,2018,36,39.00164833813074,2018-09-03,,1.0
tenis,2018,37,21.12589284982082,2018-09-10,,1.0
tenis,2018,38,22.750961530576262,2018-09-17,,1.0
tenis,2018,39,21.12589284982082,2018-09-24,,1.0
tenis,2018,40,63.37767854946245,2018-10-01,,1.0
tenis,2018,41,30.876304934353502,2018-10-08,,1.0
tenis,2018,42,24.376030211331713,2018-10-15,,1.0
tenis,2018,43,76.37822799550604,2018-10-22,,1.0
tenis,2018,44,27.626167572842608,2018-10-29,,1.0
tenis,2018,45,66.62781591097335,2018-11-05,,1.0
tenis,2018,46,21.12589284982082,2018-11-12,,1.0
tenis,2018,47,9.750412084532686,2018-11-19,,1.0
tenis,2018,48,8.125343403777238,2018-11-26,,1.0
tenis,2018,49,8.125343403777238,2018-12-03,,1.0
tenis,2018,50,8.125343403777238,2018-12-10,,1.0
tenis,2018,51,19.50082416906537,2018-12-17,,1.0
tenis,2018,52,61.752609868707005,2018-12-24,3.0,1.0
tenis,2019,1,17.875755488309924,2018-12-31,11.0,2.0
tenis,2019,2,76.37822799550604,2019-01-07,16.0,2.0
tenis,2019,3,104.00439556834864,2019-01-14,42.0,2.0
tenis,2019,4,42.25178569964164,2019-01-21,99.0,2.0
tenis,2019,5,19.50082416906537,2019-01-28,273.0,4.0
tenis,2019,6,17.875755488309924,2019-02-04,388.0,4.0
tenis,2019,7,19.50082416906537,2019-02-11,309.0,4.0
tenis,2019,8,34.1264422958644,2019-02-18,307.0,4.0
tenis,2019,9,29.251236253598055,2019-02-25,138.0,3.0
tenis,2019,10,71.5030219532397,2019-03-04,100.0,3.0
tenis,2019,11,60.12754118795156,2019-03-11,50.0,3.0
tenis,2019,12,81.25343403777238,2019-03-18,25.0,2.0
tenis,2019,13,19.50082416906537,2019-03-25,40.0,2.0
tenis,2019,14,17.875755488309924,2019-04-01,17.0,2.0
tenis,2019,15,66.62781591097335,2019-04-08,14.0,2.0
tenis,2019,16,45.50192306115253,2019-04-15,5.0,2.0
tenis,2019,17,30.876304934353502,2019-04-22,9.0,2.0
tenis,2019,18,87.75370876079417,2019-04-29,,2.0
tenis,2019,19,121.88015105665856,2019-05-06,,2.0
tenis,2019,20,47.12699174190798,2019-05-13,,2.0
tenis,2019,21,105.62946424910407,2019-05-20,,1.0
tenis,2019,22,147.88124994874573,2019-05-27,,1.0
tenis,2019,23,29.251236253598055,2019-06-03,,1.0
tenis,2019,24,22.750961530576262,2019-06-10,,1.0
tenis,2019,25,26.00109889208716,2019-06-17,,1.0
tenis,2019,26,97.50412084532684,2019-06-24,,1.0
tenis,2019,27,92.62891480306052,2019-07-01,,1.0
tenis,2019,28,66.62781591097335,2019-07-08,,1.0
tenis,2019,29,32.50137361510895,2019-07-15,,1.0
tenis,2019,30,22.750961530576262,2019-07-22,,1.0
tenis,2019,31,37.376579657375295,2019-07-29,,1.0
tenis,2019,32,89.37877744154962,2019-08-05,,1.0
tenis,2019,33,35.75151097661985,2019-08-12,,1.0
tenis,2019,34,84.50357139928327,2019-08-19,,1.0
tenis,2019,35,68.2528845917288,2019-08-26,,1.0
tenis,2019,36,29.251236253598055,2019-09-02,,1.0
tenis,2019,37,17.875755488309924,2019-09-09,,1.0
tenis,2019,38,17.875755488309924,2019-09-16,,1.0
tenis,2019,39,47.12699174190798,2019-09-23,,1.0
tenis,2019,40,78.00329667626148,2019-09-30,,1.0
tenis,2019,41,27.626167572842608,2019-10-07,,1.0
tenis,2019,42,26.00109889208716,2019-10-14,,1.0
tenis,2019,43,71.5030219532397,2019-10-21,,1.0
tenis,2019,44,29.251236253598055,2019-10-28,,1.0
tenis,2019,45,97.50412084532684,2019-11-04,,1.0
tenis,2019,46,55.252335145685215,2019-11-11,,1.0
tenis,2019,47,13.00054944604358,2019-11-18,,1.0
tenis,2019,48,9.750412084532686,2019-11-25,,1.0
tenis,2019,49,11.375480765288131,2019-12-02,6.0,2.0
tenis,2019,50,19.50082416906537,2019-12-09,9.0,2.0
tenis,2019,51,9.750412084532686,2019-12-16,10.0,3.0
tenis,2019,52,16.250686807554477,2019-12-23,8.0,3.0
tenis,2020,1,55.252335145685215,2019-12-30,10.0,3.0
tenis,2020,2,56.87740382644066,2020-01-06,24.0,3.0
tenis,2020,3,81.25343403777238,2020-01-13,60.0,3.0
tenis,2020,4,162.50686807554476,2020-01-20,179.0,3.0
tenis,2020,5,69.87795327248425,2020-01-27,235.0,3.0
tenis,2020,6,29.251236253598055,2020-02-03,290.0,5.0
tenis,2020,7,24.376030211331713,2020-02-10,191.0,5.0
tenis,2020,8,89.37877744154962,2020-02-17,83.0,4.0
tenis,2020,9,22.750961530576262,2020-02-24,93.0,3.0
tenis,2020,10,14.625618126799028,2020-03-02,34.0,3.0
tenis,2020,11,8.125343403777238,2020-03-09,37.0,3.0
tenis,2020,12,8.125343403777238,2020-03-16,6.0,2.0
tenis,2020,13,8.125343403777238,2020-03-23,,2.0
tenis,2020,14,11.375480765288131,2020-03-30,,1.0
tenis,2020,15,9.750412084532686,2020-04-06,,1.0
tenis,2020,16,9.750412084532686,2020-04-13,,1.0
tenis,2020,17,9.750412084532686,2020-04-20,,1.0
tenis,2020,18,9.750412084532686,2020-04-27,,1.0
tenis,2020,19,8.125343403777238,2020-05-04,,1.0
tenis,2020,20,8.125343403777238,2020-05-11,,1.0
tenis,2020,21,9.750412084532686,2020-05-18,,1.0
tenis,2020,22,9.750412084532686,2020-05-25,,1.0
tenis,2020,23,16.250686807554477,2020-06-01,,1.0
tenis,2020,24,16.250686807554477,2020-06-08,,1.0
tenis,2020,25,11.375480765288131,2020-06-15,,1.0
tenis,2020,26,8.125343403777238,2020-06-22,,1.0
tenis,2020,27,8.125343403777238,2020-06-29,,1.0
tenis,2020,28,8.125343403777238,2020-07-06,,1.0
tenis,2020,29,9.750412084532686,2020-07-13,,1.0
tenis,2020,30,9.750412084532686,2020-07-20,,1.0
tenis,2020,31,8.125343403777238,2020-07-27,,1.0
tenis,2020,32,11.375480765288131,2020-08-03,,1.0
tenis,2020,33,13.00054944604358,2020-08-10,,1.0
tenis,2020,34,78.00329667626148,2020-08-17,,1.0
tenis,2020,35,68.2528845917288,2020-08-24,,1.0
tenis,2020,36,52.00219778417432,2020-08-31,,1.0
tenis,2020,37,94.25398348381596,2020-09-07,,1.0
tenis,2020,38,74.75315931475059,2020-09-14,,1.0
tenis,2020,39,82.87850271852783,2020-09-21,,1.0
tenis,2020,40,102.3793268875932,2020-09-28,,1.0
tenis,2020,41,35.75151097661985,2020-10-05,,1.0
tenis,2020,42,17.875755488309924,2020-10-12,,1.0
tenis,2020,43,63.37767854946245,2020-10-19,,1.0
tenis,2020,44,29.251236253598055,2020-10-26,,2.0
tenis,2020,45,19.50082416906537,2020-11-02,,2.0
tenis,2020,46,100.75425820683776,2020-11-09,,2.0
tenis,2020,47,22.750961530576262,2020-11-16,,2.0
tenis,2020,48,8.125343403777238,2020-11-23,,1.0
tenis,2020,49,8.125343403777238,2020-11-30,,1.0
tenis,2020,50,8.125343403777238,2020-12-07,,1.0
tenis,2020,51,8.125343403777238,2020-12-14,,1.0
tenis,2020,52,8.125343403777238,2020-12-21,,1.0
tenis,2020,53,9.231820703603852,2020-12-28,,1.0
tenis,2021,1,9.231820703603852,2021-01-04,,1.0
tenis,2021,2,9.231820703603852,2021-01-11,,1.0
tenis,2021,3,10.550652232690116,2021-01-18,,1.0
tenis,2021,4,34.28961975624288,2021-01-25,,1.0
tenis,2021,5,77.8110602160896,2021-02-01,,1.0
tenis,2021,6,113.41951150141874,2021-02-08,,1.0
tenis,2021,7,35.60845128532914,2021-02-15,,1.0
tenis,2021,8,21.10130446538023,2021-02-22,,1.0
tenis,2021,9,23.73896752355276,2021-03-01,,1.0
tenis,2021,10,21.10130446538023,2021-03-08,,
tenis,2021,11,22.420135994466495,2021-03-15,,
tenis,2021,12,22.420135994466495,2021-03-22,,
tenis,2021,13,17.14480987812144,2021-03-29,,
tenis,2021,14,52.753261163450574,2021-04-05,,
tenis,2021,15,46.15910351801926,2021-04-12,,
tenis,2021,16,19.782472936293967,2021-04-19,,
tenis,2021,17,29.01429363989782,2021-04-26,,
tenis,2021,18,129.2454898504539,2021-05-03,,
tenis,2021,19,63.30391339614069,2021-05-10,,
tenis,2021,20,36.927282814415406,2021-05-17,,
tenis,2021,21,88.36171244877971,2021-05-24,,
tenis,2021,22,120.01366914685006,2021-05-31,,
tenis,2021,23,60.666250337968165,2021-06-07,,
tenis,2021,24,27.695462110811555,2021-06-14,,
tenis,2021,25,98.91236468146984,2021-06-21,,
tenis,2021,26,108.14418538507368,2021-06-28,,
tenis,2021,27,55.39092422162311,2021-07-05,,
tenis,2021,28,40.883777401674195,2021-07-12,,
tenis,2021,29,123.97016373410884,2021-07-19,,
tenis,2021,30,26.376630581725287,2021-07-26,,
tenis,2021,31,23.73896752355276,2021-08-02,,
tenis,2021,32,32.97078822715661,2021-08-09,,
tenis,2021,33,25.057799052639023,2021-08-16,,
tenis,2021,34,80.44872327426214,2021-08-23,,
tenis,2021,35,106.82535385598742,2021-08-30,,
tenis,2021,36,50.115598105278046,2021-09-06,,
tenis,2021,37,15.825978349035172,2021-09-13,,
tenis,2021,38,19.782472936293967,2021-09-20,,
tenis,2021,39,15.825978349035172,2021-09-27,,
tenis,2021,40,30.333125168984083,2021-10-04,,1.0
tenis,2021,41,19.782472936293967,2021-10-11,,1.0
tenis,2021,42,18.463641407207703,2021-10-18,,1.0
tenis,2021,43,81.76755480334839,2021-10-25,,1.0
tenis,2021,44,58.02858727979564,2021-11-01,,1.0
tenis,2021,45,96.2747016232973,2021-11-08,,1.0
tenis,2021,46,44.84027198893299,2021-11-15,,1.0
tenis,2021,47,94.95587009421104,2021-11-22,,1.0
tenis,2021,48,17.14480987812144,2021-11-29,,1.0
tenis,2021,49,11.86948376177638,2021-12-06,,1.0
tenis,2021,50,10.550652232690116,2021-12-13,1.0,1.0
tenis,2021,51,13.188315290862644,2021-12-20,1.0,1.0
tenis,2021,52,27.695462110811555,2021-12-27,12.0,1.0
tenis,2022,1,38.24611434350167,2022-01-03,21.0,1.0
tenis,2022,2,50.115598105278046,2022-01-10,16.0,1.0
tenis,2022,3,71.21690257065828,2022-01-17,19.0,1.0
tenis,2022,4,46.15910351801926,2022-01-24,7.0,1.0
tenis,2022,5,19.782472936293967,2022-01-31,4.0,1.0
tenis,2022,6,23.73896752355276,2022-02-07,31.0,1.0
tenis,2022,7,61.985081867054426,2022-02-14,25.0,1.0
tenis,2022,8,15.825978349035172,2022-02-21,12.0,1.0
tenis,2022,9,15.825978349035172,2022-02-28,3.0,1.0
tenis,2022,10,40.883777401674195,2022-03-07,34.0,1.0
tenis,2022,11,27.695462110811555,2022-03-14,77.0,1.0
tenis,2022,12,43.52144045984673,2022-03-21,77.0,1.0
tenis,2022,13,19.782472936293967,2022-03-28,66.0,1.0
tenis,2022,14,40.883777401674195,2022-04-04,43.0,1.0
tenis,2022,15,50.115598105278046,2022-04-11,32.0,1.0
tenis,2022,16,30.333125168984083,2022-04-18,17.0,1.0
tenis,2022,17,117.37600608867754,2022-04-25,8.0,1.0
tenis,2022,18,121.33250067593632,2022-05-02,4.0,1.0
tenis,2022,19,50.115598105278046,2022-05-09,3.0,1.0
tenis,2022,20,109.46301691415997,2022-05-16,4.0,1.0
tenis,2022,21,122.6513322050226,2022-05-23,3.0,1.0
tenis,2022,22,22.420135994466495,2022-05-30,,1.0
tenis,2022,23,23.73896752355276,2022-06-06,,1.0
tenis,2022,24,25.057799052639023,2022-06-13,,1.0
tenis,2022,25,71.21690257065828,2022-06-20,,1.0
tenis,2022,26,97.59353315238356,2022-06-27,,
tenis,2022,27,43.52144045984673,2022-07-04,,1.0
tenis,2022,28,22.420135994466495,2022-07-11,,1.0
tenis,2022,29,18.463641407207703,2022-07-18,,1.0
tenis,2022,30,17.14480987812144,2022-07-25,,1.0
tenis,2022,31,21.10130446538023,2022-08-01,,1.0
tenis,2022,32,27.695462110811555,2022-08-08,,1.0
tenis,2022,33,21.10130446538023,2022-08-15,,
tenis,2022,34,36.927282814415406,2022-08-22,,
tenis,2022,35,46.15910351801926,2022-08-29,,
tenis,2022,36,22.420135994466495,2022-09-05,,
tenis,2022,37,21.10130446538023,2022-09-12,,
tenis,2022,38,31.651956698070347,2022-09-19,,
tenis,2022,39,55.39092422162311,2022-09-26,,
tenis,2022,40,23.73896752355276,2022-10-03,,1.0
tenis,2022,41,15.825978349035172,2022-10-10,,1.0
tenis,2022,42,18.463641407207703,2022-10-17,,1.0
tenis,2022,43,79.12989174517587,2022-10-24,,1.0
tenis,2022,44,40.883777401674195,2022-10-31,,1.0
tenis,2022,45,96.2747016232973,2022-11-07,1.0,1.0
tenis,2022,46,43.52144045984673,2022-11-14,,1.0
tenis,2022,47,13.188315290862644,2022-11-21,,1.0
tenis,2022,48,11.86948376177638,2022-11-28,2.0,1.0
tenis,2022,49,10.550652232690116,2022-12-05,5.0,1.0
tenis,2022,50,15.825978349035172,2022-12-12,26.0,1.0
tenis,2022,51,10.550652232690116,2022-12-19,36.0,1.0
tenis,2022,52,44.84027198893299,2022-12-26,31.0,1.0
tenis,2023,1,42.20260893076046,2023-01-02,24.0,1.0
tenis,2023,2,105.50652232690116,2023-01-09,78.0,1.0
tenis,2023,3,106.82535385598742,2023-01-16,72.0,1.0
tenis,2023,4,50.115598105278046,2023-01-23,58.0,1.0
tenis,2023,5,14.50714681994891,2023-01-30,75.0,1.0
tenis,2023,6,26.376630581725287,2023-02-06,91.0,1.0
tenis,2023,7,31.651956698070347,2023-02-13,70.0,1.0
tenis,2023,8,69.89807104157201,2023-02-20,85.0,1.0
tenis,2023,9,21.10130446538023,2023-02-27,33.0,1.0
tenis,2023,10,36.927282814415406,2023-03-06,32.0,1.0
tenis,2023,11,34.28961975624288,2023-03-13,26.0,1.0
tenis,2023,12,42.20260893076046,2023-03-20,25.0,1.0
tenis,2023,13,23.73896752355276,2023-03-27,10.0,1.0
tenis,2023,14,64.62274492522695,2023-04-03,12.0,1.0
tenis,2023,15,52.753261163450574,2023-04-10,3.0,1.0
tenis,2023,16,29.01429363989782,2023-04-17,1.0,1.0
tenis,2023,17,40.883777401674195,2023-04-24,1.0,1.0
tenis,2023,18,47.47793504710552,2023-05-01,,1.0
tenis,2023,19,79.12989174517587,2023-05-08,,1.0
tenis,2023,20,27.695462110811555,2023-05-15,,1.0
tenis,2023,21,96.2747016232973,2023-05-22,,1.0
tenis,2023,22,131.88315290862644,2023-05-29,,1.0
tenis,2023,23,55.39092422162311,2023-06-05,,1.0
tenis,2023,24,30.333125168984083,2023-06-12,,1.0
tenis,2023,25,26.376630581725287,2023-06-19,,1.0
tenis,2023,26,113.41951150141874,2023-06-26,,
tenis,2023,27,164.67030636591028,2023-07-03,,
tenis,2023,28,60.379112334167104,2023-07-10,,1.0
tenis,2023,29,23.785710919520376,2023-07-17,,1.0
tenis,2023,30,27.445051060985048,2023-07-24,,1.0
tenis,2023,31,27.445051060985048,2023-07-31,,1.0
tenis,2023,32,78.67581304149047,2023-08-07,,1.0
tenis,2023,33,69.52746268782879,2023-08-14,,1.0
tenis,2023,34,84.16482325368749,2023-08-21,,1.0
tenis,2023,35,117.09888452686954,2023-08-28,,1.0
tenis,2023,36,71.35713275856112,2023-09-04,,1.0
tenis,2023,37,20.1263707780557,2023-09-11,,1.0
tenis,2023,38,20.1263707780557,2023-09-18,,1.0
tenis,2023,39,34.763731343914394,2023-09-25,,1.0
tenis,2023,40,38.42307148537907,2023-10-02,,1.0
tenis,2023,41,29.274721131717385,2023-10-09,,1.0
tenis,2023,42,25.61538099025271,2023-10-16,,1.0
tenis,2023,43,126.24723488053122,2023-10-23,,1.0
tenis,2023,44,51.23076198050542,2023-10-30,,1.0
tenis,2023,45,182.96700707323365,2023-11-06,1.0,1.0
tenis,2023,46,148.20327572931927,2023-11-13,,1.0
tenis,2023,47,23.785710919520376,2023-11-20,1.0,1.0
tenis,2023,48,12.807690495126357,2023-11-27,1.0,1.0
tenis,2023,49,10.97802042439402,2023-12-04,3.0,1.0
tenis,2023,50,10.97802042439402,2023-12-11,7.0,1.0
tenis,2023,51,16.46703063659103,2023-12-18,7.0,1.0
tenis,2023,52,40.2527415561114,2023-12-25,21.0,1.0
tenis,2024,1,21.95604084878804,2024-01-01,10.0,1.0
tenis,2024,2,93.31317360734916,2024-01-08,21.0,1.0
tenis,2024,3,150.0329458000516,2024-01-15,46.0,1.0
tenis,2024,4,23.785710919520376,2024-01-22,93.0,1.0
tenis,2024,5,10.97802042439402,2024-01-29,130.0,1.0
tenis,2024,6,16.46703063659103,2024-02-05,119.0,1.0
tenis,2024,7,16.46703063659103,2024-02-12,48.0,1.0
tenis,2024,8,14.637360565858692,2024-02-19,82.0,1.0
tenis,2024,9,23.785710919520376,2024-02-26,32.0,1.0
tenis,2024,10,34.763731343914394,2024-03-04,22.0,1.0
tenis,2024,11,21.95604084878804,2024-03-11,4.0,1.0
tenis,2024,12,23.785710919520376,2024-03-18,1.0,1.0
tenis,2024,13,14.637360565858692,2024-03-25,,1.0
tenis,2024,14,67.69779261709645,2024-04-01,3.0,1.0
tenis,2024,15,25.61538099025271,2024-04-08,2.0,1.0
tenis,2024,16,20.1263707780557,2024-04-15,,1.0
tenis,2024,17,31.10439120244972,2024-04-22,1.0,1.0
tenis,2024,18,40.2527415561114,2024-04-29,,1.0
tenis,2024,19,34.763731343914394,2024-05-06,1.0,1.0
tenis,2024,20,36.593401414646735,2024-05-13,,1.0
tenis,2024,21,71.35713275856112,2024-05-20,,1.0
tenis,2024,22,64.03845247563179,2024-05-27,,1.0
tenis,2024,23,20.1263707780557,2024-06-03,,1.0
tenis,2024,24,12.807690495126357,2024-06-10,,1.0
tenis,2024,25,12.807690495126357,2024-06-17,,1.0
tenis,2024,26,51.23076198050542,2024-06-24,,1.0
tenis,2024,27,78.67581304149047,2024-07-01,,1.0
tenis,2024,28,25.61538099025271,2024-07-08,,1.0
tenis,2024,29,25.61538099025271,2024-07-15,,1.0
tenis,2024,30,102.46152396101084,2024-07-22,,1.0
tenis,2024,31,54.890102121970095,2024-07-29,,1.0
tenis,2024,32,20.1263707780557,2024-08-05,,1.0
tenis,2024,33,21.95604084878804,2024-08-12,,1.0
tenis,2024,34,43.91208169757608,2024-08-19,,1.0
tenis,2024,35,51.23076198050542,2024-08-26,,1.0
tenis,2024,36,20.1263707780557,2024-09-02,,1.0
tenis,2024,37,14.637360565858692,2024-09-09,,1.0
tenis,2024,38,12.807690495126357,2024-09-16,,1.0
tenis,2024,39,21.95604084878804,2024-09-23,,1.0
tenis,2024,40,47.57142183904075,2024-09-30,,1.0
tenis,2024,41,49.401091909773086,2024-10-07,1.0,1.0
tenis,2024,42,16.46703063659103,2024-10-14,,1.0
tenis,2024,43,18.296700707323367,2024-10-21,,1.0
tenis,2024,44,18.296700707323367,2024-10-28,,1.0
tenis,2024,45,18.296700707323367,2024-11-04,,1.0
tenis,2024,46,10.97802042439402,2024-11-11,,1.0
tenis,2024,47,9.148350353661684,2024-11-18,,1.0
tenis,2024,48,9.148350353661684,2024-11-25,,1.0
tenis,2024,49,7.318680282929346,2024-12-02,2.0,1.0
tenis,2024,50,7.318680282929346,2024-12-09,13.0,1.0
tenis,2024,51,7.318680282929346,2024-12-16,3.0,1.0
tenis,2024,52,21.95604084878804,2024-12-23,27.0,1.0
tenis,2025,1,14.637360565858692,2024-12-30,6.0,1.0
tenis,2025,2,49.401091909773086,2025-01-06,15.0,1.0
tenis,2025,3,69.52746268782879,2025-01-13,36.0,1.0
tenis,2025,4,18.296700707323367,2025-01-20,77.0,1.0
tenis,2025,5,10.97802042439402,2025-01-27,71.0,1.0
tenis,2025,6,14.637360565858692,2025-02-03,36.0,1.0
tenis,2025,7,25.61538099025271,2025-02-10,45.0,1.0
tenis,2025,8,12.807690495126357,2025-02-17,43.0,1.0
tenis,2025,9,18.296700707323367,2025-02-24,54.0,1.0
tenis,2025,10,14.637360565858692,2025-03-03,63.0,1.0
tenis,2025,11,20.1263707780557,2025-03-10,19.0,1.0
tenis,2025,12,49.401091909773086,2025-03-17,18.0,1.0
tenis,2025,13,36.593401414646735,2025-03-24,8.0,1.0
tenis,2025,14,23.785710919520376,2025-03-31,2.0,1.0
tenis,2025,15,16.46703063659103,2025-04-07,2.0,1.0
tenis,2025,16,25.61538099025271,2025-04-14,,1.0
tenis,2025,17,20.1263707780557,2025-04-21,,1.0
tenis,2025,18,16.46703063659103,2025-04-28,2.0,1.0
tenis,2025,19,20.1263707780557,2025-05-05,,1.0
tenis,2025,20,34.763731343914394,2025-05-12,,1.0
tenis,2025,21,51.23076198050542,2025-05-19,,1.0
tenis,2025,22,71.35713275856112,2025-05-26,,1.0
tenis,2025,23,23.785710919520376,2025-06-02,,1.0
tenis,2025,24,18.296700707323367,2025-06-09,,1.0
tenis,2025,25,14.637360565858692,2025-06-16,,1.0
tenis,2025,26,47.57142183904075,2025-06-23,,1.0
tenis,2025,27,75.0164729000258,2025-06-30,,
tenis,2025,28,21.95604084878804,2025-07-07,,1.0
tenis,2025,29,14.637360565858692,2025-07-14,,1.0
tenis,2025,30,14.637360565858692,2025-07-21,,1.0
tenis,2025,31,14.637360565858692,2025-07-28,,1.0
tenis,2025,32,18.296700707323367,2025-08-04,,1.0
tenis,2025,33,18.296700707323367,2025-08-11,,1.0
tenis,2025,34,36.593401414646735,2025-08-18,,1.0
tenis,2025,35,49.401091909773086,2025-08-25,,1.0
tenis,2025,36,18.296700707323367,2025-09-01,,1.0
tenis,2025,37,10.97802042439402,2025-09-08,,1.0
tenis,2025,38,12.807690495126357,2025-09-15,,1.0
tenis,2025,39,16.46703063659103,2025-09-22,,1.0
tenis,2025,40,49.401091909773086,2025-09-29,,1.0
tenis,2025,41,21.95604084878804,2025-10-06,,1.0
tenis,2025,42,10.97802042439402,2025-10-13,2.0,1.0
tenis,2025,43,12.807690495126357,2025-10-20,3.0,1.0
tenis,2025,44,31.10439120244972,2025-10-27,,1.0
tenis,2025,45,18.296700707323367,2025-11-03,4.0,1.0
tenis,2025,46,10.97802042439402,2025-11-10,2.0,1.0
tenis,2025,47,7.318680282929346,2025-11-17,11.0,1.0
tenis,2025,48,7.318680282929346,2025-11-24,14.0,1.0
tenis,2025,49,7.318680282929346,2025-12-01,36.0,1.0
tenis,2025,50,7.318680282929346,2025-12-08,55.0,1.0
tenis,2025,51,7.318680282929346,2025-12-15,54.0,1.0
tenis,2025,52,9.148350353661684,2025-12-22,45.0,1.0
tenis,2026,1,9.700838963255372,2025-12-29,24.0,1.0
tenis,2026,2,11.939494108621997,2026-01-05,8.0,1.0
tenis,2026,3,32.833608798710486,2026-01-12,7.0,1.0
tenis,2026,4,67.9058727427876,2026-01-19,15.0,1.0
tenis,2026,5,32.08739041692161,2026-01-26,3.0,1.0
tenis,2026,6,11.19327572683312,2026-02-02,4.0,1.0
tenis,2026,7,12.68571249041087,2026-02-09,,1.0
tenis,2026,8,11.939494108621997,2026-02-16,1.0,1.0
tenis,2026,9,15.670586017566368,2026-02-23,2.0,1.0
tenis,2026,10,29.848735271554983,2026-03-02,,1.0
tenis,2026,11,15.670586017566368,2026-03-09,,1.0
tenis,2026,12,15.670586017566368,2026-03-16,1.0,1.0
tenis,2026,13,11.19327572683312,2026-03-23,,1.0
tenis,2026,14,14.178149253988618,2026-03-30,,1.0
tenis,2026,15,13.431930872199745,2026-04-06,,1.0
tenis,2026,16,13.431930872199745,2026-04-13,,1.0
tenis,2026,17,17.163022781144118,2026-04-20,,
tenis,2026,18,22.38655145366624,2026-04-27,,1.0
tenis,2026,19,19.401677926510743,2026-05-04,,1.0
tenis,2026,20,14.924367635777491,2026-05-11,,1.0
tenis,2026,21,43.28066614375473,2026-05-18,,1.0
tenis,2026,22,26.117643362610615,2026-05-25,,1.0
tenis,2026,23,14.924367635777491,2026-06-01,,1.0
tenis,2026,24,12.68571249041087,2026-06-08,,1.0
tenis,2026,25,13.431930872199745,2026-06-15,,1.0
tenis,2026,26,35.07226394407711,2026-06-22,,1.0
tenis,2026,27,56.71259701595447,2026-06-29,,1.0
tenis,2026,28,16.416804399355243,2026-07-06,,1.0
tenis,2026,29,11.19327572683312,2026-07-13,,1.0
tenis,2026,30,10.447057345044245,2026-07-20,,
tenis,2026,31,11.19327572683312,2026-07-27,,1.0
vakcina protiv gripa,2013,1,0.0,2012-12-31,,
vakcina protiv gripa,2013,2,0.0,2013-01-07,3.0,3.0
vakcina protiv gripa,2013,3,0.0,2013-01-14,16.0,3.0
vakcina protiv gripa,2013,4,0.0,2013-01-21,14.0,3.0
vakcina protiv gripa,2013,5,0.0,2013-01-28,23.0,5.0
vakcina protiv gripa,2013,6,0.0,2013-02-04,30.0,6.0
vakcina protiv gripa,2013,7,0.0,2013-02-11,66.0,6.0
vakcina protiv gripa,2013,8,0.0,2013-02-18,41.0,6.0
vakcina protiv gripa,2013,9,0.0,2013-02-25,29.0,6.0
vakcina protiv gripa,2013,10,0.0,2013-03-04,25.0,6.0
vakcina protiv gripa,2013,11,0.0,2013-03-11,10.0,5.0
vakcina protiv gripa,2013,12,0.0,2013-03-18,7.0,5.0
vakcina protiv gripa,2013,13,0.0,2013-03-25,3.0,1.0
vakcina protiv gripa,2013,14,0.0,2013-04-01,3.0,3.0
vakcina protiv gripa,2013,15,0.0,2013-04-08,1.0,3.0
vakcina protiv gripa,2013,16,0.0,2013-04-15,3.0,3.0
vakcina protiv gripa,2013,17,0.0,2013-04-22,,2.0
vakcina protiv gripa,2013,18,0.0,2013-04-29,,2.0
vakcina protiv gripa,2013,19,0.0,2013-05-06,,2.0
vakcina protiv gripa,2013,20,0.0,2013-05-13,,2.0
vakcina protiv gripa,2013,21,0.0,2013-05-20,,
vakcina protiv gripa,2013,22,0.0,2013-05-27,,
vakcina protiv gripa,2013,23,0.0,2013-06-03,,
vakcina protiv gripa,2013,24,0.0,2013-06-10,,
vakcina protiv gripa,2013,25,0.0,2013-06-17,,
vakcina protiv gripa,2013,26,0.0,2013-06-24,,
vakcina protiv gripa,2013,27,0.0,2013-07-01,,
vakcina protiv gripa,2013,28,0.0,2013-07-08,,
vakcina protiv gripa,2013,29,0.0,2013-07-15,,
vakcina protiv gripa,2013,30,0.0,2013-07-22,,
vakcina protiv gripa,2013,31,0.0,2013-07-29,,
vakcina protiv gripa,2013,32,0.0,2013-08-05,,
vakcina protiv gripa,2013,33,0.0,2013-08-12,,
vakcina protiv gripa,2013,34,0.0,2013-08-19,,
vakcina protiv gripa,2013,35,0.0,2013-08-26,,
vakcina protiv gripa,2013,36,0.0,2013-09-02,,
vakcina protiv gripa,2013,37,0.0,2013-09-09,,
vakcina protiv gripa,2013,38,0.0,2013-09-16,,
vakcina protiv gripa,2013,39,0.0,2013-09-23,,
vakcina protiv gripa,2013,40,0.0,2013-09-30,,
vakcina protiv gripa,2013,41,0.0,2013-10-07,,1.0
vakcina protiv gripa,2013,42,0.0,2013-10-14,,1.0
vakcina protiv gripa,2013,43,0.0,2013-10-21,,1.0
vakcina protiv gripa,2013,44,0.0,2013-10-28,,1.0
vakcina protiv gripa,2013,45,0.0,2013-11-04,,1.0
vakcina protiv gripa,2013,46,0.0,2013-11-11,,1.0
vakcina protiv gripa,2013,47,0.0,2013-11-18,,1.0
vakcina protiv gripa,2013,48,0.0,2013-11-25,,1.0
vakcina protiv gripa,2013,49,0.0,2013-12-02,,1.0
vakcina protiv gripa,2013,50,0.0,2013-12-09,,1.0
vakcina protiv gripa,2013,51,0.0,2013-12-16,,1.0
vakcina protiv gripa,2013,52,0.0,2013-12-23,,1.0
vakcina protiv gripa,2014,1,0.0,2013-12-30,,1.0
vakcina protiv gripa,2014,2,0.0,2014-01-06,1.0,1.0
vakcina protiv gripa,2014,3,0.0,2014-01-13,2.0,1.0
vakcina protiv gripa,2014,4,0.0,2014-01-20,3.0,1.0
vakcina protiv gripa,2014,5,0.0,2014-01-27,2.0,1.0
vakcina protiv gripa,2014,6,0.0,2014-02-03,3.0,1.0
vakcina protiv gripa,2014,7,0.0,2014-02-10,20.0,1.0
vakcina protiv gripa,2014,8,0.0,2014-02-17,6.0,1.0
vakcina protiv gripa,2014,9,0.0,2014-02-24,15.0,1.0
vakcina protiv gripa,2014,10,0.0,2014-03-03,12.0,1.0
vakcina protiv gripa,2014,11,0.0,2014-03-10,15.0,1.0
vakcina protiv gripa,2014,12,0.0,2014-03-17,16.0,1.0
vakcina protiv gripa,2014,13,0.0,2014-03-24,20.0,1.0
vakcina protiv gripa,2014,14,0.0,2014-03-31,9.0,1.0
vakcina protiv gripa,2014,15,0.0,2014-04-07,5.0,1.0
vakcina protiv gripa,2014,16,0.0,2014-04-14,3.0,1.0
vakcina protiv gripa,2014,17,0.0,2014-04-21,1.0,1.0
vakcina protiv gripa,2014,18,0.0,2014-04-28,,1.0
vakcina protiv gripa,2014,19,0.0,2014-05-05,1.0,1.0
vakcina protiv gripa,2014,20,0.0,2014-05-12,,1.0
vakcina protiv gripa,2014,21,0.0,2014-05-19,,
vakcina protiv gripa,2014,22,0.0,2014-05-26,,
vakcina protiv gripa,2014,23,0.0,2014-06-02,,
vakcina protiv gripa,2014,24,0.0,2014-06-09,,
vakcina protiv gripa,2014,25,0.0,2014-06-16,,
vakcina protiv gripa,2014,26,0.0,2014-06-23,,
vakcina protiv gripa,2014,27,0.0,2014-06-30,,
vakcina protiv gripa,2014,28,0.0,2014-07-07,,
vakcina protiv gripa,2014,29,0.0,2014-07-14,,
vakcina protiv gripa,2014,30,0.0,2014-07-21,,
vakcina protiv gripa,2014,31,0.0,2014-07-28,,
vakcina protiv gripa,2014,32,0.0,2014-08-04,,
vakcina protiv gripa,2014,33,0.0,2014-08-11,,
vakcina protiv gripa,2014,34,0.0,2014-08-18,,
vakcina protiv gripa,2014,35,0.0,2014-08-25,,
vakcina protiv gripa,2014,36,0.0,2014-09-01,,
vakcina protiv gripa,2014,37,0.0,2014-09-08,,
vakcina protiv gripa,2014,38,0.0,2014-09-15,,
vakcina protiv gripa,2014,39,100.0,2014-09-22,1.0,1.0
vakcina protiv gripa,2014,40,0.0,2014-09-29,1.0,1.0
vakcina protiv gripa,2014,41,0.0,2014-10-06,,1.0
vakcina protiv gripa,2014,42,0.0,2014-10-13,,1.0
vakcina protiv gripa,2014,43,0.0,2014-10-20,,1.0
vakcina protiv gripa,2014,44,0.0,2014-10-27,,1.0
vakcina protiv gripa,2014,45,0.0,2014-11-03,,1.0
vakcina protiv gripa,2014,46,0.0,2014-11-10,,1.0
vakcina protiv gripa,2014,47,0.0,2014-11-17,,1.0
vakcina protiv gripa,2014,48,0.0,2014-11-24,,1.0
vakcina protiv gripa,2014,49,0.0,2014-12-01,,1.0
vakcina protiv gripa,2014,50,0.0,2014-12-08,,1.0
vakcina protiv gripa,2014,51,0.0,2014-12-15,,1.0
vakcina protiv gripa,2014,52,0.0,2014-12-22,,1.0
vakcina protiv gripa,2015,1,0.0,2014-12-29,,1.0
vakcina protiv gripa,2015,2,0.0,2015-01-05,,1.0
vakcina protiv gripa,2015,3,0.0,2015-01-12,2.0,1.0
vakcina protiv gripa,2015,4,0.0,2015-01-19,11.0,1.0
vakcina protiv gripa,2015,5,0.0,2015-01-26,22.0,1.0
vakcina protiv gripa,2015,6,0.0,2015-02-02,26.0,1.0
vakcina protiv gripa,2015,7,0.0,2015-02-09,51.0,1.0
vakcina protiv gripa,2015,8,0.0,2015-02-16,28.0,1.0
vakcina protiv gripa,2015,9,0.0,2015-02-23,67.0,1.0
vakcina protiv gripa,2015,10,0.0,2015-03-02,40.0,1.0
vakcina protiv gripa,2015,11,0.0,2015-03-09,58.0,1.0
vakcina protiv gripa,2015,12,0.0,2015-03-16,38.0,1.0
vakcina protiv gripa,2015,13,0.0,2015-03-23,30.0,1.0
vakcina protiv gripa,2015,14,0.0,2015-03-30,23.0,1.0
vakcina protiv gripa,2015,15,0.0,2015-04-06,13.0,1.0
vakcina protiv gripa,2015,16,0.0,2015-04-13,11.0,1.0
vakcina protiv gripa,2015,17,0.0,2015-04-20,5.0,1.0
vakcina protiv gripa,2015,18,0.0,2015-04-27,2.0,1.0
vakcina protiv gripa,2015,19,0.0,2015-05-04,1.0,1.0
vakcina protiv gripa,2015,20,0.0,2015-05-11,,1.0
vakcina protiv gripa,2015,21,0.0,2015-05-18,,
vakcina protiv gripa,2015,22,0.0,2015-05-25,,
vakcina protiv gripa,2015,23,0.0,2015-06-01,,
vakcina protiv gripa,2015,24,0.0,2015-06-08,,
vakcina protiv gripa,2015,25,0.0,2015-06-15,,
vakcina protiv gripa,2015,26,0.0,2015-06-22,,
vakcina protiv gripa,2015,27,0.0,2015-06-29,,
vakcina protiv gripa,2015,28,0.0,2015-07-06,,
vakcina protiv gripa,2015,29,0.0,2015-07-13,,
vakcina protiv gripa,2015,30,0.0,2015-07-20,,
vakcina protiv gripa,2015,31,0.0,2015-07-27,,
vakcina protiv gripa,2015,32,0.0,2015-08-03,,
vakcina protiv gripa,2015,33,0.0,2015-08-10,,
vakcina protiv gripa,2015,34,0.0,2015-08-17,,
vakcina protiv gripa,2015,35,0.0,2015-08-24,,
vakcina protiv gripa,2015,36,0.0,2015-08-31,,
vakcina protiv gripa,2015,37,0.0,2015-09-07,,
vakcina protiv gripa,2015,38,0.0,2015-09-14,,
vakcina protiv gripa,2015,39,0.0,2015-09-21,,
vakcina protiv gripa,2015,40,0.0,2015-09-28,,
vakcina protiv gripa,2015,41,0.0,2015-10-05,,
vakcina protiv gripa,2015,42,0.0,2015-10-12,,
vakcina protiv gripa,2015,43,0.0,2015-10-19,,
vakcina protiv gripa,2015,44,0.0,2015-10-26,,
vakcina protiv gripa,2015,45,0.0,2015-11-02,,1.0
vakcina protiv gripa,2015,46,0.0,2015-11-09,,1.0
vakcina protiv gripa,2015,47,0.0,2015-11-16,,1.0
vakcina protiv gripa,2015,48,0.0,2015-11-23,,1.0
vakcina protiv gripa,2015,49,0.0,2015-11-30,,1.0
vakcina protiv gripa,2015,50,0.0,2015-12-07,,1.0
vakcina protiv gripa,2015,51,0.0,2015-12-14,,1.0
vakcina protiv gripa,2015,52,0.0,2015-12-21,,1.0
vakcina protiv gripa,2015,53,0.0,2015-12-28,,1.0
vakcina protiv gripa,2016,1,0.0,2016-01-04,3.0,1.0
vakcina protiv gripa,2016,2,0.0,2016-01-11,6.0,1.0
vakcina protiv gripa,2016,3,0.0,2016-01-18,16.0,1.0
vakcina protiv gripa,2016,4,0.0,2016-01-25,14.0,1.0
vakcina protiv gripa,2016,5,0.0,2016-02-01,26.0,1.0
vakcina protiv gripa,2016,6,0.0,2016-02-08,36.0,1.0
vakcina protiv gripa,2016,7,0.0,2016-02-15,14.0,1.0
vakcina protiv gripa,2016,8,0.0,2016-02-22,33.0,1.0
vakcina protiv gripa,2016,9,0.0,2016-02-29,44.0,1.0
vakcina protiv gripa,2016,10,0.0,2016-03-07,50.0,1.0
vakcina protiv gripa,2016,11,0.0,2016-03-14,35.0,1.0
vakcina protiv gripa,2016,12,0.0,2016-03-21,54.0,1.0
vakcina protiv gripa,2016,13,0.0,2016-03-28,57.0,1.0
vakcina protiv gripa,2016,14,0.0,2016-04-04,39.0,1.0
vakcina protiv gripa,2016,15,0.0,2016-04-11,26.0,1.0
vakcina protiv gripa,2016,16,0.0,2016-04-18,2.0,1.0
vakcina protiv gripa,2016,17,0.0,2016-04-25,2.0,1.0
vakcina protiv gripa,2016,18,0.0,2016-05-02,4.0,1.0
vakcina protiv gripa,2016,19,0.0,2016-05-09,,1.0
vakcina protiv gripa,2016,20,0.0,2016-05-16,,1.0
vakcina protiv gripa,2016,21,0.0,2016-05-23,,
vakcina protiv gripa,2016,22,0.0,2016-05-30,,
vakcina protiv gripa,2016,23,0.0,2016-06-06,,
vakcina protiv gripa,2016,24,0.0,2016-06-13,,
vakcina protiv gripa,2016,25,0.0,2016-06-20,,
vakcina protiv gripa,2016,26,0.0,2016-06-27,,
vakcina protiv gripa,2016,27,0.0,2016-07-04,,
vakcina protiv gripa,2016,28,0.0,2016-07-11,,
vakcina protiv gripa,2016,29,0.0,2016-07-18,,
vakcina protiv gripa,2016,30,0.0,2016-07-25,,
vakcina protiv gripa,2016,31,0.0,2016-08-01,,
vakcina protiv gripa,2016,32,0.0,2016-08-08,,
vakcina protiv gripa,2016,33,0.0,2016-08-15,,
vakcina protiv gripa,2016,34,0.0,2016-08-22,,
vakcina protiv gripa,2016,35,0.0,2016-08-29,,
vakcina protiv gripa,2016,36,0.0,2016-09-05,,
vakcina protiv gripa,2016,37,0.0,2016-09-12,,
vakcina protiv gripa,2016,38,0.0,2016-09-19,,
vakcina protiv gripa,2016,39,0.0,2016-09-26,,
vakcina protiv gripa,2016,40,0.0,2016-10-03,,
vakcina protiv gripa,2016,41,100.0,2016-10-10,,1.0
vakcina protiv gripa,2016,42,0.0,2016-10-17,,1.0
vakcina protiv gripa,2016,43,0.0,2016-10-24,,1.0
vakcina protiv gripa,2016,44,0.0,2016-10-31,,1.0
vakcina protiv gripa,2016,45,0.0,2016-11-07,,1.0
vakcina protiv gripa,2016,46,0.0,2016-11-14,,1.0
vakcina protiv gripa,2016,47,0.0,2016-11-21,,1.0
vakcina protiv gripa,2016,48,0.0,2016-11-28,,1.0
vakcina protiv gripa,2016,49,0.0,2016-12-05,9.0,1.0
vakcina protiv gripa,2016,50,0.0,2016-12-12,84.0,1.0
vakcina protiv gripa,2016,51,0.0,2016-12-19,109.0,1.0
vakcina protiv gripa,2016,52,0.0,2016-12-26,162.0,1.0
vakcina protiv gripa,2017,1,0.0,2017-01-02,77.0,1.0
vakcina protiv gripa,2017,2,0.0,2017-01-09,,1.0
vakcina protiv gripa,2017,3,0.0,2017-01-16,,1.0
vakcina protiv gripa,2017,4,0.0,2017-01-23,,1.0
vakcina protiv gripa,2017,5,0.0,2017-01-30,,1.0
vakcina protiv gripa,2017,6,0.0,2017-02-06,,1.0
vakcina protiv gripa,2017,7,0.0,2017-02-13,5.0,1.0
vakcina protiv gripa,2017,8,0.0,2017-02-20,11.0,1.0
vakcina protiv gripa,2017,9,0.0,2017-02-27,4.0,1.0
vakcina protiv gripa,2017,10,0.0,2017-03-06,2.0,1.0
vakcina protiv gripa,2017,11,0.0,2017-03-13,,1.0
vakcina protiv gripa,2017,12,0.0,2017-03-20,,1.0
vakcina protiv gripa,2017,13,0.0,2017-03-27,,1.0
vakcina protiv gripa,2017,14,0.0,2017-04-03,,1.0
vakcina protiv gripa,2017,15,0.0,2017-04-10,,1.0
vakcina protiv gripa,2017,16,0.0,2017-04-17,,1.0
vakcina protiv gripa,2017,17,0.0,2017-04-24,,1.0
vakcina protiv gripa,2017,18,0.0,2017-05-01,,1.0
vakcina protiv gripa,2017,19,0.0,2017-05-08,,1.0
vakcina protiv gripa,2017,20,0.0,2017-05-15,,1.0
vakcina protiv gripa,2017,21,0.0,2017-05-22,,
vakcina protiv gripa,2017,22,0.0,2017-05-29,,
vakcina protiv gripa,2017,23,0.0,2017-06-05,,
vakcina protiv gripa,2017,24,0.0,2017-06-12,,
vakcina protiv gripa,2017,25,0.0,2017-06-19,,
vakcina protiv gripa,2017,26,0.0,2017-06-26,,
vakcina protiv gripa,2017,27,0.0,2017-07-03,,
vakcina protiv gripa,2017,28,0.0,2017-07-10,,
vakcina protiv gripa,2017,29,0.0,2017-07-17,,
vakcina protiv gripa,2017,30,0.0,2017-07-24,,
vakcina protiv gripa,2017,31,0.0,2017-07-31,,
vakcina protiv gripa,2017,32,0.0,2017-08-07,,
vakcina protiv gripa,2017,33,0.0,2017-08-14,,
vakcina protiv gripa,2017,34,0.0,2017-08-21,,
vakcina protiv gripa,2017,35,0.0,2017-08-28,,
vakcina protiv gripa,2017,36,0.0,2017-09-04,,
vakcina protiv gripa,2017,37,0.0,2017-09-11,,
vakcina protiv gripa,2017,38,0.0,2017-09-18,,
vakcina protiv gripa,2017,39,0.0,2017-09-25,,
vakcina protiv gripa,2017,40,0.0,2017-10-02,,1.0
vakcina protiv gripa,2017,41,100.0,2017-10-09,,1.0
vakcina protiv gripa,2017,42,0.0,2017-10-16,,1.0
vakcina protiv gripa,2017,43,0.0,2017-10-23,,1.0
vakcina protiv gripa,2017,44,0.0,2017-10-30,,2.0
vakcina protiv gripa,2017,45,0.0,2017-11-06,,2.0
vakcina protiv gripa,2017,46,0.0,2017-11-13,,3.0
vakcina protiv gripa,2017,47,0.0,2017-11-20,,3.0
vakcina protiv gripa,2017,48,0.0,2017-11-27,,3.0
vakcina protiv gripa,2017,49,0.0,2017-12-04,,3.0
vakcina protiv gripa,2017,50,0.0,2017-12-11,6.0,3.0
vakcina protiv gripa,2017,51,0.0,2017-12-18,19.0,3.0
vakcina protiv gripa,2017,52,0.0,2017-12-25,26.0,3.0
vakcina protiv gripa,2018,1,0.0,2018-01-01,22.0,3.0
vakcina protiv gripa,2018,2,0.0,2018-01-08,37.0,3.0
vakcina protiv gripa,2018,3,0.0,2018-01-15,88.0,3.0
vakcina protiv gripa,2018,4,0.0,2018-01-22,103.0,4.0
vakcina protiv gripa,2018,5,0.0,2018-01-29,124.0,5.0
vakcina protiv gripa,2018,6,0.0,2018-02-05,121.0,5.0
vakcina protiv gripa,2018,7,0.0,2018-02-12,66.0,5.0
vakcina protiv gripa,2018,8,0.0,2018-02-19,77.0,4.0
vakcina protiv gripa,2018,9,0.0,2018-02-26,59.0,4.0
vakcina protiv gripa,2018,10,0.0,2018-03-05,29.0,4.0
vakcina protiv gripa,2018,11,0.0,2018-03-12,20.0,4.0
vakcina protiv gripa,2018,12,0.0,2018-03-19,14.0,3.0
vakcina protiv gripa,2018,13,0.0,2018-03-26,30.0,3.0
vakcina protiv gripa,2018,14,0.0,2018-04-02,21.0,3.0
vakcina protiv gripa,2018,15,0.0,2018-04-09,16.0,3.0
vakcina protiv gripa,2018,16,0.0,2018-04-16,1.0,3.0
vakcina protiv gripa,2018,17,0.0,2018-04-23,,2.0
vakcina protiv gripa,2018,18,0.0,2018-04-30,,2.0
vakcina protiv gripa,2018,19,0.0,2018-05-07,,1.0
vakcina protiv gripa,2018,20,0.0,2018-05-14,,1.0
vakcina protiv gripa,2018,21,0.0,2018-05-21,,1.0
vakcina protiv gripa,2018,22,0.0,2018-05-28,,1.0
vakcina protiv gripa,2018,23,0.0,2018-06-04,,1.0
vakcina protiv gripa,2018,24,0.0,2018-06-11,,1.0
vakcina protiv gripa,2018,25,0.0,2018-06-18,,1.0
vakcina protiv gripa,2018,26,0.0,2018-06-25,,1.0
vakcina protiv gripa,2018,27,0.0,2018-07-02,,1.0
vakcina protiv gripa,2018,28,0.0,2018-07-09,,1.0
vakcina protiv gripa,2018,29,0.0,2018-07-16,,1.0
vakcina protiv gripa,2018,30,0.0,2018-07-23,,1.0
vakcina protiv gripa,2018,31,0.0,2018-07-30,,1.0
vakcina protiv gripa,2018,32,0.0,2018-08-06,,1.0
vakcina protiv gripa,2018,33,0.0,2018-08-13,,1.0
vakcina protiv gripa,2018,34,0.0,2018-08-20,,1.0
vakcina protiv gripa,2018,35,0.0,2018-08-27,,1.0
vakcina protiv gripa,2018,36,0.0,2018-09-03,,1.0
vakcina protiv gripa,2018,37,0.0,2018-09-10,,1.0
vakcina protiv gripa,2018,38,0.0,2018-09-17,,1.0
vakcina protiv gripa,2018,39,0.0,2018-09-24,,1.0
vakcina protiv gripa,2018,40,0.0,2018-10-01,,1.0
vakcina protiv gripa,2018,41,0.0,2018-10-08,,1.0
vakcina protiv gripa,2018,42,0.0,2018-10-15,,1.0
vakcina protiv gripa,2018,43,0.0,2018-10-22,,1.0
vakcina protiv gripa,2018,44,0.0,2018-10-29,,1.0
vakcina protiv gripa,2018,45,0.0,2018-11-05,,1.0
vakcina protiv gripa,2018,46,0.0,2018-11-12,,1.0
vakcina protiv gripa,2018,47,0.0,2018-11-19,,1.0
vakcina protiv gripa,2018,48,0.0,2018-11-26,,1.0
vakcina protiv gripa,2018,49,0.0,2018-12-03,,1.0
vakcina protiv gripa,2018,50,0.0,2018-12-10,,1.0
vakcina protiv gripa,2018,51,0.0,2018-12-17,,1.0
vakcina protiv gripa,2018,52,0.0,2018-12-24,3.0,1.0
vakcina protiv gripa,2019,1,0.0,2018-12-31,11.0,2.0
vakcina protiv gripa,2019,2,0.0,2019-01-07,16.0,2.0
vakcina protiv gripa,2019,3,0.0,2019-01-14,42.0,2.0
vakcina protiv gripa,2019,4,0.0,2019-01-21,99.0,2.0
vakcina protiv gripa,2019,5,38.0,2019-01-28,273.0,4.0
vakcina protiv gripa,2019,6,30.0,2019-02-04,388.0,4.0
vakcina protiv gripa,2019,7,0.0,2019-02-11,309.0,4.0
vakcina protiv gripa,2019,8,0.0,2019-02-18,307.0,4.0
vakcina protiv gripa,2019,9,0.0,2019-02-25,138.0,3.0
vakcina protiv gripa,2019,10,0.0,2019-03-04,100.0,3.0
vakcina protiv gripa,2019,11,0.0,2019-03-11,50.0,3.0
vakcina protiv gripa,2019,12,0.0,2019-03-18,25.0,2.0
vakcina protiv gripa,2019,13,0.0,2019-03-25,40.0,2.0
vakcina protiv gripa,2019,14,0.0,2019-04-01,17.0,2.0
vakcina protiv gripa,2019,15,0.0,2019-04-08,14.0,2.0
vakcina protiv gripa,2019,16,0.0,2019-04-15,5.0,2.0
vakcina protiv gripa,2019,17,0.0,2019-04-22,9.0,2.0
vakcina protiv gripa,2019,18,0.0,2019-04-29,,2.0
vakcina protiv gripa,2019,19,0.0,2019-05-06,,2.0
vakcina protiv gripa,2019,20,0.0,2019-05-13,,2.0
vakcina protiv gripa,2019,21,0.0,2019-05-20,,1.0
vakcina protiv gripa,2019,22,0.0,2019-05-27,,1.0
vakcina protiv gripa,2019,23,0.0,2019-06-03,,1.0
vakcina protiv gripa,2019,24,0.0,2019-06-10,,1.0
vakcina protiv gripa,2019,25,0.0,2019-06-17,,1.0
vakcina protiv gripa,2019,26,0.0,2019-06-24,,1.0
vakcina protiv gripa,2019,27,0.0,2019-07-01,,1.0
vakcina protiv gripa,2019,28,0.0,2019-07-08,,1.0
vakcina protiv gripa,2019,29,0.0,2019-07-15,,1.0
vakcina protiv gripa,2019,30,0.0,2019-07-22,,1.0
vakcina protiv gripa,2019,31,0.0,2019-07-29,,1.0
vakcina protiv gripa,2019,32,0.0,2019-08-05,,1.0
vakcina protiv gripa,2019,33,0.0,2019-08-12,,1.0
vakcina protiv gripa,2019,34,0.0,2019-08-19,,1.0
vakcina protiv gripa,2019,35,0.0,2019-08-26,,1.0
vakcina protiv gripa,2019,36,0.0,2019-09-02,,1.0
vakcina protiv gripa,2019,37,0.0,2019-09-09,,1.0
vakcina protiv gripa,2019,38,0.0,2019-09-16,,1.0
vakcina protiv gripa,2019,39,0.0,2019-09-23,,1.0
vakcina protiv gripa,2019,40,0.0,2019-09-30,,1.0
vakcina protiv gripa,2019,41,91.0,2019-10-07,,1.0
vakcina protiv gripa,2019,42,54.0,2019-10-14,,1.0
vakcina protiv gripa,2019,43,39.0,2019-10-21,,1.0
vakcina protiv gripa,2019,44,23.0,2019-10-28,,1.0
vakcina protiv gripa,2019,45,23.0,2019-11-04,,1.0
vakcina protiv gripa,2019,46,21.0,2019-11-11,,1.0
vakcina protiv gripa,2019,47,0.0,2019-11-18,,1.0
vakcina protiv gripa,2019,48,0.0,2019-11-25,,1.0
vakcina protiv gripa,2019,49,28.0,2019-12-02,6.0,2.0
vakcina protiv gripa,2019,50,27.0,2019-12-09,9.0,2.0
vakcina protiv gripa,2019,51,0.0,2019-12-16,10.0,3.0
vakcina protiv gripa,2019,52,0.0,2019-12-23,8.0,3.0
vakcina protiv gripa,2020,1,0.0,2019-12-30,10.0,3.0
vakcina protiv gripa,2020,2,0.0,2020-01-06,24.0,3.0
vakcina protiv gripa,2020,3,0.0,2020-01-13,60.0,3.0
vakcina protiv gripa,2020,4,0.0,2020-01-20,179.0,3.0
vakcina protiv gripa,2020,5,0.0,2020-01-27,235.0,3.0
vakcina protiv gripa,2020,6,0.0,2020-02-03,290.0,5.0
vakcina protiv gripa,2020,7,0.0,2020-02-10,191.0,5.0
vakcina protiv gripa,2020,8,0.0,2020-02-17,83.0,4.0
vakcina protiv gripa,2020,9,0.0,2020-02-24,93.0,3.0
vakcina protiv gripa,2020,10,0.0,2020-03-02,34.0,3.0
vakcina protiv gripa,2020,11,0.0,2020-03-09,37.0,3.0
vakcina protiv gripa,2020,12,0.0,2020-03-16,6.0,2.0
vakcina protiv gripa,2020,13,0.0,2020-03-23,,2.0
vakcina protiv gripa,2020,14,0.0,2020-03-30,,1.0
vakcina protiv gripa,2020,15,0.0,2020-04-06,,1.0
vakcina protiv gripa,2020,16,0.0,2020-04-13,,1.0
vakcina protiv gripa,2020,17,0.0,2020-04-20,,1.0
vakcina protiv gripa,2020,18,0.0,2020-04-27,,1.0
vakcina protiv gripa,2020,19,0.0,2020-05-04,,1.0
vakcina protiv gripa,2020,20,0.0,2020-05-11,,1.0
vakcina protiv gripa,2020,21,0.0,2020-05-18,,1.0
vakcina protiv gripa,2020,22,0.0,2020-05-25,,1.0
vakcina protiv gripa,2020,23,0.0,2020-06-01,,1.0
vakcina protiv gripa,2020,24,0.0,2020-06-08,,1.0
vakcina protiv gripa,2020,25,0.0,2020-06-15,,1.0
vakcina protiv gripa,2020,26,0.0,2020-06-22,,1.0
vakcina protiv gripa,2020,27,0.0,2020-06-29,,1.0
vakcina protiv gripa,2020,28,0.0,2020-07-06,,1.0
vakcina protiv gripa,2020,29,0.0,2020-07-13,,1.0
vakcina protiv gripa,2020,30,0.0,2020-07-20,,1.0
vakcina protiv gripa,2020,31,0.0,2020-07-27,,1.0
vakcina protiv gripa,2020,32,0.0,2020-08-03,,1.0
vakcina protiv gripa,2020,33,0.0,2020-08-10,,1.0
vakcina protiv gripa,2020,34,0.0,2020-08-17,,1.0
vakcina protiv gripa,2020,35,0.0,2020-08-24,,1.0
vakcina protiv gripa,2020,36,0.0,2020-08-31,,1.0
vakcina protiv gripa,2020,37,19.0,2020-09-07,,1.0
vakcina protiv gripa,2020,38,21.0,2020-09-14,,1.0
vakcina protiv gripa,2020,39,81.0,2020-09-21,,1.0
vakcina protiv gripa,2020,40,98.0,2020-09-28,,1.0
vakcina protiv gripa,2020,41,100.0,2020-10-05,,1.0
vakcina protiv gripa,2020,42,84.0,2020-10-12,,1.0
vakcina protiv gripa,2020,43,48.0,2020-10-19,,1.0
vakcina protiv gripa,2020,44,37.0,2020-10-26,,2.0
vakcina protiv gripa,2020,45,25.0,2020-11-02,,2.0
vakcina protiv gripa,2020,46,29.0,2020-11-09,,2.0
vakcina protiv gripa,2020,47,0.0,2020-11-16,,2.0
vakcina protiv gripa,2020,48,35.0,2020-11-23,,1.0
vakcina protiv gripa,2020,49,0.0,2020-11-30,,1.0
vakcina protiv gripa,2020,50,0.0,2020-12-07,,1.0
vakcina protiv gripa,2020,51,0.0,2020-12-14,,1.0
vakcina protiv gripa,2020,52,0.0,2020-12-21,,1.0
vakcina protiv gripa,2020,53,0.0,2020-12-28,,1.0
vakcina protiv gripa,2021,1,25.0,2021-01-04,,1.0
vakcina protiv gripa,2021,2,35.0,2021-01-11,,1.0
vakcina protiv gripa,2021,3,24.0,2021-01-18,,1.0
vakcina protiv gripa,2021,4,0.0,2021-01-25,,1.0
vakcina protiv gripa,2021,5,0.0,2021-02-01,,1.0
vakcina protiv gripa,2021,6,0.0,2021-02-08,,1.0
vakcina protiv gripa,2021,7,0.0,2021-02-15,,1.0
vakcina protiv gripa,2021,8,0.0,2021-02-22,,1.0
vakcina protiv gripa,2021,9,0.0,2021-03-01,,1.0
vakcina protiv gripa,2021,10,0.0,2021-03-08,,
vakcina protiv gripa,2021,11,0.0,2021-03-15,,
vakcina protiv gripa,2021,12,0.0,2021-03-22,,
vakcina protiv gripa,2021,13,0.0,2021-03-29,,
vakcina protiv gripa,2021,14,0.0,2021-04-05,,
vakcina protiv gripa,2021,15,0.0,2021-04-12,,
vakcina protiv gripa,2021,16,0.0,2021-04-19,,
vakcina protiv gripa,2021,17,0.0,2021-04-26,,
vakcina protiv gripa,2021,18,0.0,2021-05-03,,
vakcina protiv gripa,2021,19,0.0,2021-05-10,,
vakcina protiv gripa,2021,20,0.0,2021-05-17,,
vakcina protiv gripa,2021,21,0.0,2021-05-24,,
vakcina protiv gripa,2021,22,0.0,2021-05-31,,
vakcina protiv gripa,2021,23,0.0,2021-06-07,,
vakcina protiv gripa,2021,24,0.0,2021-06-14,,
vakcina protiv gripa,2021,25,0.0,2021-06-21,,
vakcina protiv gripa,2021,26,0.0,2021-06-28,,
vakcina protiv gripa,2021,27,0.0,2021-07-05,,
vakcina protiv gripa,2021,28,0.0,2021-07-12,,
vakcina protiv gripa,2021,29,0.0,2021-07-19,,
vakcina protiv gripa,2021,30,0.0,2021-07-26,,
vakcina protiv gripa,2021,31,0.0,2021-08-02,,
vakcina protiv gripa,2021,32,0.0,2021-08-09,,
vakcina protiv gripa,2021,33,0.0,2021-08-16,,
vakcina protiv gripa,2021,34,0.0,2021-08-23,,
vakcina protiv gripa,2021,35,0.0,2021-08-30,,
vakcina protiv gripa,2021,36,21.0,2021-09-06,,
vakcina protiv gripa,2021,37,28.0,2021-09-13,,
vakcina protiv gripa,2021,38,0.0,2021-09-20,,
vakcina protiv gripa,2021,39,20.0,2021-09-27,,
vakcina protiv gripa,2021,40,44.0,2021-10-04,,1.0
vakcina protiv gripa,2021,41,54.0,2021-10-11,,1.0
vakcina protiv gripa,2021,42,0.0,2021-10-18,,1.0
vakcina protiv gripa,2021,43,40.0,2021-10-25,,1.0
vakcina protiv gripa,2021,44,34.0,2021-11-01,,1.0
vakcina protiv gripa,2021,45,22.0,2021-11-08,,1.0
vakcina protiv gripa,2021,46,0.0,2021-11-15,,1.0
vakcina protiv gripa,2021,47,0.0,2021-11-22,,1.0
vakcina protiv gripa,2021,48,0.0,2021-11-29,,1.0
vakcina protiv gripa,2021,49,0.0,2021-12-06,,1.0
vakcina protiv gripa,2021,50,0.0,2021-12-13,1.0,1.0
vakcina protiv gripa,2021,51,0.0,2021-12-20,1.0,1.0
vakcina protiv gripa,2021,52,0.0,2021-12-27,12.0,1.0
vakcina protiv gripa,2022,1,0.0,2022-01-03,21.0,1.0
vakcina protiv gripa,2022,2,0.0,2022-01-10,16.0,1.0
vakcina protiv gripa,2022,3,0.0,2022-01-17,19.0,1.0
vakcina protiv gripa,2022,4,0.0,2022-01-24,7.0,1.0
vakcina protiv gripa,2022,5,0.0,2022-01-31,4.0,1.0
vakcina protiv gripa,2022,6,0.0,2022-02-07,31.0,1.0
vakcina protiv gripa,2022,7,0.0,2022-02-14,25.0,1.0
vakcina protiv gripa,2022,8,0.0,2022-02-21,12.0,1.0
vakcina protiv gripa,2022,9,0.0,2022-02-28,3.0,1.0
vakcina protiv gripa,2022,10,0.0,2022-03-07,34.0,1.0
vakcina protiv gripa,2022,11,0.0,2022-03-14,77.0,1.0
vakcina protiv gripa,2022,12,0.0,2022-03-21,77.0,1.0
vakcina protiv gripa,2022,13,0.0,2022-03-28,66.0,1.0
vakcina protiv gripa,2022,14,0.0,2022-04-04,43.0,1.0
vakcina protiv gripa,2022,15,0.0,2022-04-11,32.0,1.0
vakcina protiv gripa,2022,16,0.0,2022-04-18,17.0,1.0
vakcina protiv gripa,2022,17,0.0,2022-04-25,8.0,1.0
vakcina protiv gripa,2022,18,0.0,2022-05-02,4.0,1.0
vakcina protiv gripa,2022,19,0.0,2022-05-09,3.0,1.0
vakcina protiv gripa,2022,20,0.0,2022-05-16,4.0,1.0
vakcina protiv gripa,2022,21,0.0,2022-05-23,3.0,1.0
vakcina protiv gripa,2022,22,0.0,2022-05-30,,1.0
vakcina protiv gripa,2022,23,0.0,2022-06-06,,1.0
vakcina protiv gripa,2022,24,0.0,2022-06-13,,1.0
vakcina protiv gripa,2022,25,0.0,2022-06-20,,1.0
vakcina protiv gripa,2022,26,0.0,2022-06-27,,
vakcina protiv gripa,2022,27,0.0,2022-07-04,,1.0
vakcina protiv gripa,2022,28,0.0,2022-07-11,,1.0
vakcina protiv gripa,2022,29,0.0,2022-07-18,,1.0
vakcina protiv gripa,2022,30,0.0,2022-07-25,,1.0
vakcina protiv gripa,2022,31,0.0,2022-08-01,,1.0
vakcina protiv gripa,2022,32,0.0,2022-08-08,,1.0
vakcina protiv gripa,2022,33,0.0,2022-08-15,,
vakcina protiv gripa,2022,34,0.0,2022-08-22,,
vakcina protiv gripa,2022,35,0.0,2022-08-29,,
vakcina protiv gripa,2022,36,0.0,2022-09-05,,
vakcina protiv gripa,2022,37,0.0,2022-09-12,,
vakcina protiv gripa,2022,38,0.0,2022-09-19,,
vakcina protiv gripa,2022,39,0.0,2022-09-26,,
vakcina protiv gripa,2022,40,0.0,2022-10-03,,1.0
vakcina protiv gripa,2022,41,0.0,2022-10-10,,1.0
vakcina protiv gripa,2022,42,0.0,2022-10-17,,1.0
vakcina protiv gripa,2022,43,0.0,2022-10-24,,1.0
vakcina protiv gripa,2022,44,0.0,2022-10-31,,1.0
vakcina protiv gripa,2022,45,0.0,2022-11-07,1.0,1.0
vakcina protiv gripa,2022,46,0.0,2022-11-14,,1.0
vakcina protiv gripa,2022,47,0.0,2022-11-21,,1.0
vakcina protiv gripa,2022,48,0.0,2022-11-28,2.0,1.0
vakcina protiv gripa,2022,49,0.0,2022-12-05,5.0,1.0
vakcina protiv gripa,2022,50,0.0,2022-12-12,26.0,1.0
vakcina protiv gripa,2022,51,0.0,2022-12-19,36.0,1.0
vakcina protiv gripa,2022,52,0.0,2022-12-26,31.0,1.0
vakcina protiv gripa,2023,1,0.0,2023-01-02,24.0,1.0
vakcina protiv gripa,2023,2,0.0,2023-01-09,78.0,1.0
vakcina protiv gripa,2023,3,0.0,2023-01-16,72.0,1.0
vakcina protiv gripa,2023,4,0.0,2023-01-23,58.0,1.0
vakcina protiv gripa,2023,5,0.0,2023-01-30,75.0,1.0
vakcina protiv gripa,2023,6,0.0,2023-02-06,91.0,1.0
vakcina protiv gripa,2023,7,0.0,2023-02-13,70.0,1.0
vakcina protiv gripa,2023,8,0.0,2023-02-20,85.0,1.0
vakcina protiv gripa,2023,9,0.0,2023-02-27,33.0,1.0
vakcina protiv gripa,2023,10,0.0,2023-03-06,32.0,1.0
vakcina protiv gripa,2023,11,0.0,2023-03-13,26.0,1.0
vakcina protiv gripa,2023,12,0.0,2023-03-20,25.0,1.0
vakcina protiv gripa,2023,13,0.0,2023-03-27,10.0,1.0
vakcina protiv gripa,2023,14,0.0,2023-04-03,12.0,1.0
vakcina protiv gripa,2023,15,0.0,2023-04-10,3.0,1.0
vakcina protiv gripa,2023,16,0.0,2023-04-17,1.0,1.0
vakcina protiv gripa,2023,17,0.0,2023-04-24,1.0,1.0
vakcina protiv gripa,2023,18,0.0,2023-05-01,,1.0
vakcina protiv gripa,2023,19,0.0,2023-05-08,,1.0
vakcina protiv gripa,2023,20,0.0,2023-05-15,,1.0
vakcina protiv gripa,2023,21,0.0,2023-05-22,,1.0
vakcina protiv gripa,2023,22,0.0,2023-05-29,,1.0
vakcina protiv gripa,2023,23,0.0,2023-06-05,,1.0
vakcina protiv gripa,2023,24,0.0,2023-06-12,,1.0
vakcina protiv gripa,2023,25,0.0,2023-06-19,,1.0
vakcina protiv gripa,2023,26,0.0,2023-06-26,,
vakcina protiv gripa,2023,27,0.0,2023-07-03,,
vakcina protiv gripa,2023,28,0.0,2023-07-10,,1.0
vakcina protiv gripa,2023,29,0.0,2023-07-17,,1.0
vakcina protiv gripa,2023,30,0.0,2023-07-24,,1.0
vakcina protiv gripa,2023,31,0.0,2023-07-31,,1.0
vakcina protiv gripa,2023,32,0.0,2023-08-07,,1.0
vakcina protiv gripa,2023,33,0.0,2023-08-14,,1.0
vakcina protiv gripa,2023,34,0.0,2023-08-21,,1.0
vakcina protiv gripa,2023,35,0.0,2023-08-28,,1.0
vakcina protiv gripa,2023,36,0.0,2023-09-04,,1.0
vakcina protiv gripa,2023,37,0.0,2023-09-11,,1.0
vakcina protiv gripa,2023,38,0.0,2023-09-18,,1.0
vakcina protiv gripa,2023,39,0.0,2023-09-25,,1.0
vakcina protiv gripa,2023,40,0.0,2023-10-02,,1.0
vakcina protiv gripa,2023,41,0.0,2023-10-09,,1.0
vakcina protiv gripa,2023,42,0.0,2023-10-16,,1.0
vakcina protiv gripa,2023,43,0.0,2023-10-23,,1.0
vakcina protiv gripa,2023,44,0.0,2023-10-30,,1.0
vakcina protiv gripa,2023,45,0.0,2023-11-06,1.0,1.0
vakcina protiv gripa,2023,46,0.0,2023-11-13,,1.0
vakcina protiv gripa,2023,47,0.0,2023-11-20,1.0,1.0
vakcina protiv gripa,2023,48,0.0,2023-11-27,1.0,1.0
vakcina protiv gripa,2023,49,0.0,2023-12-04,3.0,1.0
vakcina protiv gripa,2023,50,0.0,2023-12-11,7.0,1.0
vakcina protiv gripa,2023,51,0.0,2023-12-18,7.0,1.0
vakcina protiv gripa,2023,52,0.0,2023-12-25,21.0,1.0
vakcina protiv gripa,2024,1,0.0,2024-01-01,10.0,1.0
vakcina protiv gripa,2024,2,0.0,2024-01-08,21.0,1.0
vakcina protiv gripa,2024,3,0.0,2024-01-15,46.0,1.0
vakcina protiv gripa,2024,4,0.0,2024-01-22,93.0,1.0
vakcina protiv gripa,2024,5,0.0,2024-01-29,130.0,1.0
vakcina protiv gripa,2024,6,0.0,2024-02-05,119.0,1.0
vakcina protiv gripa,2024,7,0.0,2024-02-12,48.0,1.0
vakcina protiv gripa,2024,8,0.0,2024-02-19,82.0,1.0
vakcina protiv gripa,2024,9,0.0,2024-02-26,32.0,1.0
vakcina protiv gripa,2024,10,0.0,2024-03-04,22.0,1.0
vakcina protiv gripa,2024,11,0.0,2024-03-11,4.0,1.0
vakcina protiv gripa,2024,12,0.0,2024-03-18,1.0,1.0
vakcina protiv gripa,2024,13,0.0,2024-03-25,,1.0
vakcina protiv gripa,2024,14,0.0,2024-04-01,3.0,1.0
vakcina protiv gripa,2024,15,0.0,2024-04-08,2.0,1.0
vakcina protiv gripa,2024,16,0.0,2024-04-15,,1.0
vakcina protiv gripa,2024,17,0.0,2024-04-22,1.0,1.0
vakcina protiv gripa,2024,18,0.0,2024-04-29,,1.0
vakcina protiv gripa,2024,19,0.0,2024-05-06,1.0,1.0
vakcina protiv gripa,2024,20,0.0,2024-05-13,,1.0
vakcina protiv gripa,2024,21,0.0,2024-05-20,,1.0
vakcina protiv gripa,2024,22,0.0,2024-05-27,,1.0
vakcina protiv gripa,2024,23,0.0,2024-06-03,,1.0
vakcina protiv gripa,2024,24,0.0,2024-06-10,,1.0
vakcina protiv gripa,2024,25,0.0,2024-06-17,,1.0
vakcina protiv gripa,2024,26,0.0,2024-06-24,,1.0
vakcina protiv gripa,2024,27,0.0,2024-07-01,,1.0
vakcina protiv gripa,2024,28,0.0,2024-07-08,,1.0
vakcina protiv gripa,2024,29,0.0,2024-07-15,,1.0
vakcina protiv gripa,2024,30,0.0,2024-07-22,,1.0
vakcina protiv gripa,2024,31,0.0,2024-07-29,,1.0
vakcina protiv gripa,2024,32,0.0,2024-08-05,,1.0
vakcina protiv gripa,2024,33,0.0,2024-08-12,,1.0
vakcina protiv gripa,2024,34,0.0,2024-08-19,,1.0
vakcina protiv gripa,2024,35,0.0,2024-08-26,,1.0
vakcina protiv gripa,2024,36,0.0,2024-09-02,,1.0
vakcina protiv gripa,2024,37,0.0,2024-09-09,,1.0
vakcina protiv gripa,2024,38,0.0,2024-09-16,,1.0
vakcina protiv gripa,2024,39,0.0,2024-09-23,,1.0
vakcina protiv gripa,2024,40,100.0,2024-09-30,,1.0
vakcina protiv gripa,2024,41,0.0,2024-10-07,1.0,1.0
vakcina protiv gripa,2024,42,0.0,2024-10-14,,1.0
vakcina protiv gripa,2024,43,0.0,2024-10-21,,1.0
vakcina protiv gripa,2024,44,0.0,2024-10-28,,1.0
vakcina protiv gripa,2024,45,0.0,2024-11-04,,1.0
vakcina protiv gripa,2024,46,0.0,2024-11-11,,1.0
vakcina protiv gripa,2024,47,0.0,2024-11-18,,1.0
vakcina protiv gripa,2024,48,0.0,2024-11-25,,1.0
vakcina protiv gripa,2024,49,0.0,2024-12-02,2.0,1.0
vakcina protiv gripa,2024,50,0.0,2024-12-09,13.0,1.0
vakcina protiv gripa,2024,51,0.0,2024-12-16,3.0,1.0
vakcina protiv gripa,2024,52,0.0,2024-12-23,27.0,1.0
vakcina protiv gripa,2025,1,0.0,2024-12-30,6.0,1.0
vakcina protiv gripa,2025,2,0.0,2025-01-06,15.0,1.0
vakcina protiv gripa,2025,3,0.0,2025-01-13,36.0,1.0
vakcina protiv gripa,2025,4,0.0,2025-01-20,77.0,1.0
vakcina protiv gripa,2025,5,0.0,2025-01-27,71.0,1.0
vakcina protiv gripa,2025,6,0.0,2025-02-03,36.0,1.0
vakcina protiv gripa,2025,7,0.0,2025-02-10,45.0,1.0
vakcina protiv gripa,2025,8,0.0,2025-02-17,43.0,1.0
vakcina protiv gripa,2025,9,0.0,2025-02-24,54.0,1.0
vakcina protiv gripa,2025,10,0.0,2025-03-03,63.0,1.0
vakcina protiv gripa,2025,11,0.0,2025-03-10,19.0,1.0
vakcina protiv gripa,2025,12,0.0,2025-03-17,18.0,1.0
vakcina protiv gripa,2025,13,0.0,2025-03-24,8.0,1.0
vakcina protiv gripa,2025,14,0.0,2025-03-31,2.0,1.0
vakcina protiv gripa,2025,15,0.0,2025-04-07,2.0,1.0
vakcina protiv gripa,2025,16,0.0,2025-04-14,,1.0
vakcina protiv gripa,2025,17,0.0,2025-04-21,,1.0
vakcina protiv gripa,2025,18,0.0,2025-04-28,2.0,1.0
vakcina protiv gripa,2025,19,0.0,2025-05-05,,1.0
vakcina protiv gripa,2025,20,0.0,2025-05-12,,1.0
vakcina protiv gripa,2025,21,0.0,2025-05-19,,1.0
vakcina protiv gripa,2025,22,0.0,2025-05-26,,1.0
vakcina protiv gripa,2025,23,0.0,2025-06-02,,1.0
vakcina protiv gripa,2025,24,0.0,2025-06-09,,1.0
vakcina protiv gripa,2025,25,0.0,2025-06-16,,1.0
vakcina protiv gripa,2025,26,0.0,2025-06-23,,1.0
vakcina protiv gripa,2025,27,0.0,2025-06-30,,
vakcina protiv gripa,2025,28,0.0,2025-07-07,,1.0
vakcina protiv gripa,2025,29,0.0,2025-07-14,,1.0
vakcina protiv gripa,2025,30,0.0,2025-07-21,,1.0
vakcina protiv gripa,2025,31,0.0,2025-07-28,,1.0
vakcina protiv gripa,2025,32,0.0,2025-08-04,,1.0
vakcina protiv gripa,2025,33,0.0,2025-08-11,,1.0
vakcina protiv gripa,2025,34,0.0,2025-08-18,,1.0
vakcina protiv gripa,2025,35,0.0,2025-08-25,,1.0
vakcina protiv gripa,2025,36,0.0,2025-09-01,,1.0
vakcina protiv gripa,2025,37,0.0,2025-09-08,,1.0
vakcina protiv gripa,2025,38,0.0,2025-09-15,,1.0
vakcina protiv gripa,2025,39,0.0,2025-09-22,,1.0
vakcina protiv gripa,2025,40,96.0,2025-09-29,,1.0
vakcina protiv gripa,2025,41,80.0,2025-10-06,,1.0
vakcina protiv gripa,2025,42,83.0,2025-10-13,2.0,1.0
vakcina protiv gripa,2025,43,0.0,2025-10-20,3.0,1.0
vakcina protiv gripa,2025,44,0.0,2025-10-27,,1.0
vakcina protiv gripa,2025,45,0.0,2025-11-03,4.0,1.0
vakcina protiv gripa,2025,46,0.0,2025-11-10,2.0,1.0
vakcina protiv gripa,2025,47,0.0,2025-11-17,11.0,1.0
vakcina protiv gripa,2025,48,0.0,2025-11-24,14.0,1.0
vakcina protiv gripa,2025,49,0.0,2025-12-01,36.0,1.0
vakcina protiv gripa,2025,50,0.0,2025-12-08,55.0,1.0
vakcina protiv gripa,2025,51,0.0,2025-12-15,54.0,1.0
vakcina protiv gripa,2025,52,0.0,2025-12-22,45.0,1.0
vakcina protiv gripa,2026,1,0.0,2025-12-29,24.0,1.0
vakcina protiv gripa,2026,2,0.0,2026-01-05,8.0,1.0
vakcina protiv gripa,2026,3,0.0,2026-01-12,7.0,1.0
vakcina protiv gripa,2026,4,0.0,2026-01-19,15.0,1.0
vakcina protiv gripa,2026,5,0.0,2026-01-26,3.0,1.0
vakcina protiv gripa,2026,6,0.0,2026-02-02,4.0,1.0
vakcina protiv gripa,2026,7,0.0,2026-02-09,,1.0
vakcina protiv gripa,2026,8,0.0,2026-02-16,1.0,1.0
vakcina protiv gripa,2026,9,0.0,2026-02-23,2.0,1.0
vakcina protiv gripa,2026,10,0.0,2026-03-02,,1.0
vakcina protiv gripa,2026,11,0.0,2026-03-09,,1.0
vakcina protiv gripa,2026,12,0.0,2026-03-16,1.0,1.0
vakcina protiv gripa,2026,13,0.0,2026-03-23,,1.0
vakcina protiv gripa,2026,14,0.0,2026-03-30,,1.0
vakcina protiv gripa,2026,15,0.0,2026-04-06,,1.0
vakcina protiv gripa,2026,16,0.0,2026-04-13,,1.0
vakcina protiv gripa,2026,17,0.0,2026-04-20,,
vakcina protiv gripa,2026,18,0.0,2026-04-27,,1.0
vakcina protiv gripa,2026,19,0.0,2026-05-04,,1.0
vakcina protiv gripa,2026,20,0.0,2026-05-11,,1.0
vakcina protiv gripa,2026,21,0.0,2026-05-18,,1.0
vakcina protiv gripa,2026,22,0.0,2026-05-25,,1.0
vakcina protiv gripa,2026,23,0.0,2026-06-01,,1.0
vakcina protiv gripa,2026,24,0.0,2026-06-08,,1.0
vakcina protiv gripa,2026,25,0.0,2026-06-15,,1.0
vakcina protiv gripa,2026,26,0.0,2026-06-22,,1.0
vakcina protiv gripa,2026,27,0.0,2026-06-29,,1.0
vakcina protiv gripa,2026,28,0.0,2026-07-06,,1.0
vakcina protiv gripa,2026,29,0.0,2026-07-13,,1.0
vakcina protiv gripa,2026,30,0.0,2026-07-20,,
vakcina protiv gripa,2026,31,0.0,2026-07-27,,1.0
virus gripa,2013,1,0.0,2012-12-31,,
virus gripa,2013,2,0.0,2013-01-07,3.0,3.0
virus gripa,2013,3,0.0,2013-01-14,16.0,3.0
virus gripa,2013,4,0.0,2013-01-21,14.0,3.0
virus gripa,2013,5,0.0,2013-01-28,23.0,5.0
virus gripa,2013,6,0.0,2013-02-04,30.0,6.0
virus gripa,2013,7,67.0,2013-02-11,66.0,6.0
virus gripa,2013,8,0.0,2013-02-18,41.0,6.0
virus gripa,2013,9,0.0,2013-02-25,29.0,6.0
virus gripa,2013,10,0.0,2013-03-04,25.0,6.0
virus gripa,2013,11,0.0,2013-03-11,10.0,5.0
virus gripa,2013,12,0.0,2013-03-18,7.0,5.0
virus gripa,2013,13,0.0,2013-03-25,3.0,1.0
virus gripa,2013,14,0.0,2013-04-01,3.0,3.0
virus gripa,2013,15,0.0,2013-04-08,1.0,3.0
virus gripa,2013,16,0.0,2013-04-15,3.0,3.0
virus gripa,2013,17,0.0,2013-04-22,,2.0
virus gripa,2013,18,0.0,2013-04-29,,2.0
virus gripa,2013,19,0.0,2013-05-06,,2.0
virus gripa,2013,20,0.0,2013-05-13,,2.0
virus gripa,2013,21,0.0,2013-05-20,,
virus gripa,2013,22,0.0,2013-05-27,,
virus gripa,2013,23,0.0,2013-06-03,,
virus gripa,2013,24,0.0,2013-06-10,,
virus gripa,2013,25,0.0,2013-06-17,,
virus gripa,2013,26,0.0,2013-06-24,,
virus gripa,2013,27,0.0,2013-07-01,,
virus gripa,2013,28,0.0,2013-07-08,,
virus gripa,2013,29,0.0,2013-07-15,,
virus gripa,2013,30,0.0,2013-07-22,,
virus gripa,2013,31,0.0,2013-07-29,,
virus gripa,2013,32,0.0,2013-08-05,,
virus gripa,2013,33,0.0,2013-08-12,,
virus gripa,2013,34,0.0,2013-08-19,,
virus gripa,2013,35,0.0,2013-08-26,,
virus gripa,2013,36,0.0,2013-09-02,,
virus gripa,2013,37,0.0,2013-09-09,,
virus gripa,2013,38,0.0,2013-09-16,,
virus gripa,2013,39,0.0,2013-09-23,,
virus gripa,2013,40,0.0,2013-09-30,,
virus gripa,2013,41,0.0,2013-10-07,,1.0
virus gripa,2013,42,0.0,2013-10-14,,1.0
virus gripa,2013,43,0.0,2013-10-21,,1.0
virus gripa,2013,44,0.0,2013-10-28,,1.0
virus gripa,2013,45,0.0,2013-11-04,,1.0
virus gripa,2013,46,0.0,2013-11-11,,1.0
virus gripa,2013,47,0.0,2013-11-18,,1.0
virus gripa,2013,48,0.0,2013-11-25,,1.0
virus gripa,2013,49,0.0,2013-12-02,,1.0
virus gripa,2013,50,0.0,2013-12-09,,1.0
virus gripa,2013,51,0.0,2013-12-16,,1.0
virus gripa,2013,52,0.0,2013-12-23,,1.0
virus gripa,2014,1,0.0,2013-12-30,,1.0
virus gripa,2014,2,0.0,2014-01-06,1.0,1.0
virus gripa,2014,3,0.0,2014-01-13,2.0,1.0
virus gripa,2014,4,0.0,2014-01-20,3.0,1.0
virus gripa,2014,5,0.0,2014-01-27,2.0,1.0
virus gripa,2014,6,0.0,2014-02-03,3.0,1.0
virus gripa,2014,7,0.0,2014-02-10,20.0,1.0
virus gripa,2014,8,0.0,2014-02-17,6.0,1.0
virus gripa,2014,9,0.0,2014-02-24,15.0,1.0
virus gripa,2014,10,0.0,2014-03-03,12.0,1.0
virus gripa,2014,11,0.0,2014-03-10,15.0,1.0
virus gripa,2014,12,0.0,2014-03-17,16.0,1.0
virus gripa,2014,13,0.0,2014-03-24,20.0,1.0
virus gripa,2014,14,0.0,2014-03-31,9.0,1.0
virus gripa,2014,15,0.0,2014-04-07,5.0,1.0
virus gripa,2014,16,0.0,2014-04-14,3.0,1.0
virus gripa,2014,17,0.0,2014-04-21,1.0,1.0
virus gripa,2014,18,0.0,2014-04-28,,1.0
virus gripa,2014,19,0.0,2014-05-05,1.0,1.0
virus gripa,2014,20,0.0,2014-05-12,,1.0
virus gripa,2014,21,0.0,2014-05-19,,
virus gripa,2014,22,0.0,2014-05-26,,
virus gripa,2014,23,0.0,2014-06-02,,
virus gripa,2014,24,0.0,2014-06-09,,
virus gripa,2014,25,0.0,2014-06-16,,
virus gripa,2014,26,0.0,2014-06-23,,
virus gripa,2014,27,0.0,2014-06-30,,
virus gripa,2014,28,0.0,2014-07-07,,
virus gripa,2014,29,0.0,2014-07-14,,
virus gripa,2014,30,0.0,2014-07-21,,
virus gripa,2014,31,0.0,2014-07-28,,
virus gripa,2014,32,0.0,2014-08-04,,
virus gripa,2014,33,0.0,2014-08-11,,
virus gripa,2014,34,0.0,2014-08-18,,
virus gripa,2014,35,0.0,2014-08-25,,
virus gripa,2014,36,0.0,2014-09-01,,
virus gripa,2014,37,0.0,2014-09-08,,
virus gripa,2014,38,0.0,2014-09-15,,
virus gripa,2014,39,0.0,2014-09-22,1.0,1.0
virus gripa,2014,40,0.0,2014-09-29,1.0,1.0
virus gripa,2014,41,0.0,2014-10-06,,1.0
virus gripa,2014,42,0.0,2014-10-13,,1.0
virus gripa,2014,43,0.0,2014-10-20,,1.0
virus gripa,2014,44,0.0,2014-10-27,,1.0
virus gripa,2014,45,0.0,2014-11-03,,1.0
virus gripa,2014,46,0.0,2014-11-10,,1.0
virus gripa,2014,47,0.0,2014-11-17,,1.0
virus gripa,2014,48,0.0,2014-11-24,,1.0
virus gripa,2014,49,0.0,2014-12-01,,1.0
virus gripa,2014,50,0.0,2014-12-08,,1.0
virus gripa,2014,51,0.0,2014-12-15,,1.0
virus gripa,2014,52,0.0,2014-12-22,,1.0
virus gripa,2015,1,0.0,2014-12-29,,1.0
virus gripa,2015,2,0.0,2015-01-05,,1.0
virus gripa,2015,3,0.0,2015-01-12,2.0,1.0
virus gripa,2015,4,0.0,2015-01-19,11.0,1.0
virus gripa,2015,5,0.0,2015-01-26,22.0,1.0
virus gripa,2015,6,0.0,2015-02-02,26.0,1.0
virus gripa,2015,7,0.0,2015-02-09,51.0,1.0
virus gripa,2015,8,65.0,2015-02-16,28.0,1.0
virus gripa,2015,9,61.0,2015-02-23,67.0,1.0
virus gripa,2015,10,100.0,2015-03-02,40.0,1.0
virus gripa,2015,11,0.0,2015-03-09,58.0,1.0
virus gripa,2015,12,0.0,2015-03-16,38.0,1.0
virus gripa,2015,13,0.0,2015-03-23,30.0,1.0
virus gripa,2015,14,0.0,2015-03-30,23.0,1.0
virus gripa,2015,15,0.0,2015-04-06,13.0,1.0
virus gripa,2015,16,0.0,2015-04-13,11.0,1.0
virus gripa,2015,17,0.0,2015-04-20,5.0,1.0
virus gripa,2015,18,0.0,2015-04-27,2.0,1.0
virus gripa,2015,19,0.0,2015-05-04,1.0,1.0
virus gripa,2015,20,0.0,2015-05-11,,1.0
virus gripa,2015,21,0.0,2015-05-18,,
virus gripa,2015,22,0.0,2015-05-25,,
virus gripa,2015,23,0.0,2015-06-01,,
virus gripa,2015,24,0.0,2015-06-08,,
virus gripa,2015,25,0.0,2015-06-15,,
virus gripa,2015,26,0.0,2015-06-22,,
virus gripa,2015,27,0.0,2015-06-29,,
virus gripa,2015,28,0.0,2015-07-06,,
virus gripa,2015,29,0.0,2015-07-13,,
virus gripa,2015,30,0.0,2015-07-20,,
virus gripa,2015,31,0.0,2015-07-27,,
virus gripa,2015,32,0.0,2015-08-03,,
virus gripa,2015,33,0.0,2015-08-10,,
virus gripa,2015,34,0.0,2015-08-17,,
virus gripa,2015,35,0.0,2015-08-24,,
virus gripa,2015,36,0.0,2015-08-31,,
virus gripa,2015,37,0.0,2015-09-07,,
virus gripa,2015,38,0.0,2015-09-14,,
virus gripa,2015,39,0.0,2015-09-21,,
virus gripa,2015,40,0.0,2015-09-28,,
virus gripa,2015,41,0.0,2015-10-05,,
virus gripa,2015,42,0.0,2015-10-12,,
virus gripa,2015,43,0.0,2015-10-19,,
virus gripa,2015,44,0.0,2015-10-26,,
virus gripa,2015,45,0.0,2015-11-02,,1.0
virus gripa,2015,46,0.0,2015-11-09,,1.0
virus gripa,2015,47,0.0,2015-11-16,,1.0
virus gripa,2015,48,0.0,2015-11-23,,1.0
virus gripa,2015,49,0.0,2015-11-30,,1.0
virus gripa,2015,50,0.0,2015-12-07,,1.0
virus gripa,2015,51,0.0,2015-12-14,,1.0
virus gripa,2015,52,0.0,2015-12-21,,1.0
virus gripa,2015,53,0.0,2015-12-28,,1.0
virus gripa,2016,1,0.0,2016-01-04,3.0,1.0
virus gripa,2016,2,0.0,2016-01-11,6.0,1.0
virus gripa,2016,3,0.0,2016-01-18,16.0,1.0
virus gripa,2016,4,0.0,2016-01-25,14.0,1.0
virus gripa,2016,5,0.0,2016-02-01,26.0,1.0
virus gripa,2016,6,24.0,2016-02-08,36.0,1.0
virus gripa,2016,7,0.0,2016-02-15,14.0,1.0
virus gripa,2016,8,0.0,2016-02-22,33.0,1.0
virus gripa,2016,9,0.0,2016-02-29,44.0,1.0
virus gripa,2016,10,0.0,2016-03-07,50.0,1.0
virus gripa,2016,11,0.0,2016-03-14,35.0,1.0
virus gripa,2016,12,0.0,2016-03-21,54.0,1.0
virus gripa,2016,13,0.0,2016-03-28,57.0,1.0
virus gripa,2016,14,0.0,2016-04-04,39.0,1.0
virus gripa,2016,15,0.0,2016-04-11,26.0,1.0
virus gripa,2016,16,0.0,2016-04-18,2.0,1.0
virus gripa,2016,17,0.0,2016-04-25,2.0,1.0
virus gripa,2016,18,0.0,2016-05-02,4.0,1.0
virus gripa,2016,19,0.0,2016-05-09,,1.0
virus gripa,2016,20,0.0,2016-05-16,,1.0
virus gripa,2016,21,0.0,2016-05-23,,
virus gripa,2016,22,0.0,2016-05-30,,
virus gripa,2016,23,0.0,2016-06-06,,
virus gripa,2016,24,0.0,2016-06-13,,
virus gripa,2016,25,0.0,2016-06-20,,
virus gripa,2016,26,0.0,2016-06-27,,
virus gripa,2016,27,0.0,2016-07-04,,
virus gripa,2016,28,0.0,2016-07-11,,
virus gripa,2016,29,0.0,2016-07-18,,
virus gripa,2016,30,0.0,2016-07-25,,
virus gripa,2016,31,0.0,2016-08-01,,
virus gripa,2016,32,0.0,2016-08-08,,
virus gripa,2016,33,0.0,2016-08-15,,
virus gripa,2016,34,0.0,2016-08-22,,
virus gripa,2016,35,0.0,2016-08-29,,
virus gripa,2016,36,0.0,2016-09-05,,
virus gripa,2016,37,0.0,2016-09-12,,
virus gripa,2016,38,0.0,2016-09-19,,
virus gripa,2016,39,0.0,2016-09-26,,
virus gripa,2016,40,0.0,2016-10-03,,
virus gripa,2016,41,0.0,2016-10-10,,1.0
virus gripa,2016,42,0.0,2016-10-17,,1.0
virus gripa,2016,43,0.0,2016-10-24,,1.0
virus gripa,2016,44,0.0,2016-10-31,,1.0
virus gripa,2016,45,0.0,2016-11-07,,1.0
virus gripa,2016,46,0.0,2016-11-14,,1.0
virus gripa,2016,47,0.0,2016-11-21,,1.0
virus gripa,2016,48,44.0,2016-11-28,,1.0
virus gripa,2016,49,0.0,2016-12-05,9.0,1.0
virus gripa,2016,50,30.0,2016-12-12,84.0,1.0
virus gripa,2016,51,78.0,2016-12-19,109.0,1.0
virus gripa,2016,52,100.0,2016-12-26,162.0,1.0
virus gripa,2017,1,46.0,2017-01-02,77.0,1.0
virus gripa,2017,2,0.0,2017-01-09,,1.0
virus gripa,2017,3,0.0,2017-01-16,,1.0
virus gripa,2017,4,0.0,2017-01-23,,1.0
virus gripa,2017,5,0.0,2017-01-30,,1.0
virus gripa,2017,6,0.0,2017-02-06,,1.0
virus gripa,2017,7,0.0,2017-02-13,5.0,1.0
virus gripa,2017,8,0.0,2017-02-20,11.0,1.0
virus gripa,2017,9,0.0,2017-02-27,4.0,1.0
virus gripa,2017,10,0.0,2017-03-06,2.0,1.0
virus gripa,2017,11,0.0,2017-03-13,,1.0
virus gripa,2017,12,0.0,2017-03-20,,1.0
virus gripa,2017,13,0.0,2017-03-27,,1.0
virus gripa,2017,14,0.0,2017-04-03,,1.0
virus gripa,2017,15,0.0,2017-04-10,,1.0
virus gripa,2017,16,0.0,2017-04-17,,1.0
virus gripa,2017,17,0.0,2017-04-24,,1.0
virus gripa,2017,18,0.0,2017-05-01,,1.0
virus gripa,2017,19,0.0,2017-05-08,,1.0
virus gripa,2017,20,0.0,2017-05-15,,1.0
virus gripa,2017,21,0.0,2017-05-22,,
virus gripa,2017,22,0.0,2017-05-29,,
virus gripa,2017,23,0.0,2017-06-05,,
virus gripa,2017,24,0.0,2017-06-12,,
virus gripa,2017,25,0.0,2017-06-19,,
virus gripa,2017,26,0.0,2017-06-26,,
virus gripa,2017,27,0.0,2017-07-03,,
virus gripa,2017,28,0.0,2017-07-10,,
virus gripa,2017,29,0.0,2017-07-17,,
virus gripa,2017,30,0.0,2017-07-24,,
virus gripa,2017,31,0.0,2017-07-31,,
virus gripa,2017,32,0.0,2017-08-07,,
virus gripa,2017,33,0.0,2017-08-14,,
virus gripa,2017,34,0.0,2017-08-21,,
virus gripa,2017,35,0.0,2017-08-28,,
virus gripa,2017,36,0.0,2017-09-04,,
virus gripa,2017,37,0.0,2017-09-11,,
virus gripa,2017,38,0.0,2017-09-18,,
virus gripa,2017,39,0.0,2017-09-25,,
virus gripa,2017,40,0.0,2017-10-02,,1.0
virus gripa,2017,41,0.0,2017-10-09,,1.0
virus gripa,2017,42,0.0,2017-10-16,,1.0
virus gripa,2017,43,0.0,2017-10-23,,1.0
virus gripa,2017,44,0.0,2017-10-30,,2.0
virus gripa,2017,45,0.0,2017-11-06,,2.0
virus gripa,2017,46,0.0,2017-11-13,,3.0
virus gripa,2017,47,0.0,2017-11-20,,3.0
virus gripa,2017,48,0.0,2017-11-27,,3.0
virus gripa,2017,49,0.0,2017-12-04,,3.0
virus gripa,2017,50,0.0,2017-12-11,6.0,3.0
virus gripa,2017,51,0.0,2017-12-18,19.0,3.0
virus gripa,2017,52,0.0,2017-12-25,26.0,3.0
virus gripa,2018,1,0.0,2018-01-01,22.0,3.0
virus gripa,2018,2,0.0,2018-01-08,37.0,3.0
virus gripa,2018,3,27.0,2018-01-15,88.0,3.0
virus gripa,2018,4,26.0,2018-01-22,103.0,4.0
virus gripa,2018,5,58.0,2018-01-29,124.0,5.0
virus gripa,2018,6,39.0,2018-02-05,121.0,5.0
virus gripa,2018,7,31.0,2018-02-12,66.0,5.0
virus gripa,2018,8,0.0,2018-02-19,77.0,4.0
virus gripa,2018,9,0.0,2018-02-26,59.0,4.0
virus gripa,2018,10,61.0,2018-03-05,29.0,4.0
virus gripa,2018,11,0.0,2018-03-12,20.0,4.0
virus gripa,2018,12,31.0,2018-03-19,14.0,3.0
virus gripa,2018,13,0.0,2018-03-26,30.0,3.0
virus gripa,2018,14,0.0,2018-04-02,21.0,3.0
virus gripa,2018,15,0.0,2018-04-09,16.0,3.0
virus gripa,2018,16,0.0,2018-04-16,1.0,3.0
virus gripa,2018,17,0.0,2018-04-23,,2.0
virus gripa,2018,18,0.0,2018-04-30,,2.0
virus gripa,2018,19,0.0,2018-05-07,,1.0
virus gripa,2018,20,0.0,2018-05-14,,1.0
virus gripa,2018,21,0.0,2018-05-21,,1.0
virus gripa,2018,22,0.0,2018-05-28,,1.0
virus gripa,2018,23,0.0,2018-06-04,,1.0
virus gripa,2018,24,0.0,2018-06-11,,1.0
virus gripa,2018,25,0.0,2018-06-18,,1.0
virus gripa,2018,26,0.0,2018-06-25,,1.0
virus gripa,2018,27,0.0,2018-07-02,,1.0
virus gripa,2018,28,0.0,2018-07-09,,1.0
virus gripa,2018,29,0.0,2018-07-16,,1.0
virus gripa,2018,30,0.0,2018-07-23,,1.0
virus gripa,2018,31,0.0,2018-07-30,,1.0
virus gripa,2018,32,0.0,2018-08-06,,1.0
virus gripa,2018,33,0.0,2018-08-13,,1.0
virus gripa,2018,34,0.0,2018-08-20,,1.0
virus gripa,2018,35,0.0,2018-08-27,,1.0
virus gripa,2018,36,0.0,2018-09-03,,1.0
virus gripa,2018,37,0.0,2018-09-10,,1.0
virus gripa,2018,38,0.0,2018-09-17,,1.0
virus gripa,2018,39,0.0,2018-09-24,,1.0
virus gripa,2018,40,0.0,2018-10-01,,1.0
virus gripa,2018,41,0.0,2018-10-08,,1.0
virus gripa,2018,42,26.208,2018-10-15,,1.0
virus gripa,2018,43,0.0,2018-10-22,,1.0
virus gripa,2018,44,0.0,2018-10-29,,1.0
virus gripa,2018,45,0.0,2018-11-05,,1.0
virus gripa,2018,46,0.0,2018-11-12,,1.0
virus gripa,2018,47,0.0,2018-11-19,,1.0
virus gripa,2018,48,0.0,2018-11-26,,1.0
virus gripa,2018,49,0.0,2018-12-03,,1.0
virus gripa,2018,50,0.0,2018-12-10,,1.0
virus gripa,2018,51,0.0,2018-12-17,,1.0
virus gripa,2018,52,0.0,2018-12-24,3.0,1.0
virus gripa,2019,1,0.0,2018-12-31,11.0,2.0
virus gripa,2019,2,37.12799999999999,2019-01-07,16.0,2.0
virus gripa,2019,3,26.208,2019-01-14,42.0,2.0
virus gripa,2019,4,50.23199999999999,2019-01-21,99.0,2.0
virus gripa,2019,5,218.4,2019-01-28,273.0,4.0
virus gripa,2019,6,194.376,2019-02-04,388.0,4.0
virus gripa,2019,7,100.46399999999998,2019-02-11,309.0,4.0
virus gripa,2019,8,61.151999999999994,2019-02-18,307.0,4.0
virus gripa,2019,9,50.23199999999999,2019-02-25,138.0,3.0
virus gripa,2019,10,0.0,2019-03-04,100.0,3.0
virus gripa,2019,11,0.0,2019-03-11,50.0,3.0
virus gripa,2019,12,0.0,2019-03-18,25.0,2.0
virus gripa,2019,13,0.0,2019-03-25,40.0,2.0
virus gripa,2019,14,0.0,2019-04-01,17.0,2.0
virus gripa,2019,15,0.0,2019-04-08,14.0,2.0
virus gripa,2019,16,0.0,2019-04-15,5.0,2.0
virus gripa,2019,17,0.0,2019-04-22,9.0,2.0
virus gripa,2019,18,0.0,2019-04-29,,2.0
virus gripa,2019,19,0.0,2019-05-06,,2.0
virus gripa,2019,20,0.0,2019-05-13,,2.0
virus gripa,2019,21,0.0,2019-05-20,,1.0
virus gripa,2019,22,0.0,2019-05-27,,1.0
virus gripa,2019,23,0.0,2019-06-03,,1.0
virus gripa,2019,24,0.0,2019-06-10,,1.0
virus gripa,2019,25,0.0,2019-06-17,,1.0
virus gripa,2019,26,0.0,2019-06-24,,1.0
virus gripa,2019,27,0.0,2019-07-01,,1.0
virus gripa,2019,28,0.0,2019-07-08,,1.0
virus gripa,2019,29,0.0,2019-07-15,,1.0
virus gripa,2019,30,0.0,2019-07-22,,1.0
virus gripa,2019,31,0.0,2019-07-29,,1.0
virus gripa,2019,32,0.0,2019-08-05,,1.0
virus gripa,2019,33,0.0,2019-08-12,,1.0
virus gripa,2019,34,0.0,2019-08-19,,1.0
virus gripa,2019,35,0.0,2019-08-26,,1.0
virus gripa,2019,36,0.0,2019-09-02,,1.0
virus gripa,2019,37,0.0,2019-09-09,,1.0
virus gripa,2019,38,0.0,2019-09-16,,1.0
virus gripa,2019,39,0.0,2019-09-23,,1.0
virus gripa,2019,40,0.0,2019-09-30,,1.0
virus gripa,2019,41,0.0,2019-10-07,,1.0
virus gripa,2019,42,0.0,2019-10-14,,1.0
virus gripa,2019,43,0.0,2019-10-21,,1.0
virus gripa,2019,44,0.0,2019-10-28,,1.0
virus gripa,2019,45,0.0,2019-11-04,,1.0
virus gripa,2019,46,0.0,2019-11-11,,1.0
virus gripa,2019,47,0.0,2019-11-18,,1.0
virus gripa,2019,48,0.0,2019-11-25,,1.0
virus gripa,2019,49,0.0,2019-12-02,6.0,2.0
virus gripa,2019,50,0.0,2019-12-09,9.0,2.0
virus gripa,2019,51,26.208,2019-12-16,10.0,3.0
virus gripa,2019,52,0.0,2019-12-23,8.0,3.0
virus gripa,2020,1,0.0,2019-12-30,10.0,3.0
virus gripa,2020,2,28.391999999999996,2020-01-06,24.0,3.0
virus gripa,2020,3,69.88799999999999,2020-01-13,60.0,3.0
virus gripa,2020,4,89.54399999999998,2020-01-20,179.0,3.0
virus gripa,2020,5,74.25599999999999,2020-01-27,235.0,3.0
virus gripa,2020,6,74.25599999999999,2020-02-03,290.0,5.0
virus gripa,2020,7,24.023999999999997,2020-02-10,191.0,5.0
virus gripa,2020,8,67.704,2020-02-17,83.0,4.0
virus gripa,2020,9,21.839999999999996,2020-02-24,93.0,3.0
virus gripa,2020,10,107.016,2020-03-02,34.0,3.0
virus gripa,2020,11,124.488,2020-03-09,37.0,3.0
virus gripa,2020,12,37.12799999999999,2020-03-16,6.0,2.0
virus gripa,2020,13,34.943999999999996,2020-03-23,,2.0
virus gripa,2020,14,19.656,2020-03-30,,1.0
virus gripa,2020,15,0.0,2020-04-06,,1.0
virus gripa,2020,16,0.0,2020-04-13,,1.0
virus gripa,2020,17,0.0,2020-04-20,,1.0
virus gripa,2020,18,0.0,2020-04-27,,1.0
virus gripa,2020,19,0.0,2020-05-04,,1.0
virus gripa,2020,20,0.0,2020-05-11,,1.0
virus gripa,2020,21,0.0,2020-05-18,,1.0
virus gripa,2020,22,0.0,2020-05-25,,1.0
virus gripa,2020,23,0.0,2020-06-01,,1.0
virus gripa,2020,24,0.0,2020-06-08,,1.0
virus gripa,2020,25,0.0,2020-06-15,,1.0
virus gripa,2020,26,0.0,2020-06-22,,1.0
virus gripa,2020,27,0.0,2020-06-29,,1.0
virus gripa,2020,28,0.0,2020-07-06,,1.0
virus gripa,2020,29,0.0,2020-07-13,,1.0
virus gripa,2020,30,0.0,2020-07-20,,1.0
virus gripa,2020,31,0.0,2020-07-27,,1.0
virus gripa,2020,32,0.0,2020-08-03,,1.0
virus gripa,2020,33,0.0,2020-08-10,,1.0
virus gripa,2020,34,0.0,2020-08-17,,1.0
virus gripa,2020,35,0.0,2020-08-24,,1.0
virus gripa,2020,36,0.0,2020-08-31,,1.0
virus gripa,2020,37,0.0,2020-09-07,,1.0
virus gripa,2020,38,0.0,2020-09-14,,1.0
virus gripa,2020,39,0.0,2020-09-21,,1.0
virus gripa,2020,40,0.0,2020-09-28,,1.0
virus gripa,2020,41,0.0,2020-10-05,,1.0
virus gripa,2020,42,0.0,2020-10-12,,1.0
virus gripa,2020,43,0.0,2020-10-19,,1.0
virus gripa,2020,44,0.0,2020-10-26,,2.0
virus gripa,2020,45,0.0,2020-11-02,,2.0
virus gripa,2020,46,0.0,2020-11-09,,2.0
virus gripa,2020,47,0.0,2020-11-16,,2.0
virus gripa,2020,48,0.0,2020-11-23,,1.0
virus gripa,2020,49,0.0,2020-11-30,,1.0
virus gripa,2020,50,0.0,2020-12-07,,1.0
virus gripa,2020,51,0.0,2020-12-14,,1.0
virus gripa,2020,52,0.0,2020-12-21,,1.0
virus gripa,2020,53,0.0,2020-12-28,,1.0
virus gripa,2021,1,0.0,2021-01-04,,1.0
virus gripa,2021,2,0.0,2021-01-11,,1.0
virus gripa,2021,3,0.0,2021-01-18,,1.0
virus gripa,2021,4,0.0,2021-01-25,,1.0
virus gripa,2021,5,0.0,2021-02-01,,1.0
virus gripa,2021,6,0.0,2021-02-08,,1.0
virus gripa,2021,7,0.0,2021-02-15,,1.0
virus gripa,2021,8,0.0,2021-02-22,,1.0
virus gripa,2021,9,0.0,2021-03-01,,1.0
virus gripa,2021,10,0.0,2021-03-08,,
virus gripa,2021,11,0.0,2021-03-15,,
virus gripa,2021,12,0.0,2021-03-22,,
virus gripa,2021,13,0.0,2021-03-29,,
virus gripa,2021,14,0.0,2021-04-05,,
virus gripa,2021,15,0.0,2021-04-12,,
virus gripa,2021,16,0.0,2021-04-19,,
virus gripa,2021,17,0.0,2021-04-26,,
virus gripa,2021,18,0.0,2021-05-03,,
virus gripa,2021,19,0.0,2021-05-10,,
virus gripa,2021,20,0.0,2021-05-17,,
virus gripa,2021,21,0.0,2021-05-24,,
virus gripa,2021,22,0.0,2021-05-31,,
virus gripa,2021,23,0.0,2021-06-07,,
virus gripa,2021,24,0.0,2021-06-14,,
virus gripa,2021,25,0.0,2021-06-21,,
virus gripa,2021,26,0.0,2021-06-28,,
virus gripa,2021,27,0.0,2021-07-05,,
virus gripa,2021,28,0.0,2021-07-12,,
virus gripa,2021,29,0.0,2021-07-19,,
virus gripa,2021,30,0.0,2021-07-26,,
virus gripa,2021,31,0.0,2021-08-02,,
virus gripa,2021,32,100.0,2021-08-09,,
virus gripa,2021,33,0.0,2021-08-16,,
virus gripa,2021,34,0.0,2021-08-23,,
virus gripa,2021,35,0.0,2021-08-30,,
virus gripa,2021,36,0.0,2021-09-06,,
virus gripa,2021,37,0.0,2021-09-13,,
virus gripa,2021,38,0.0,2021-09-20,,
virus gripa,2021,39,72.0,2021-09-27,,
virus gripa,2021,40,0.0,2021-10-04,,1.0
virus gripa,2021,41,0.0,2021-10-11,,1.0
virus gripa,2021,42,0.0,2021-10-18,,1.0
virus gripa,2021,43,0.0,2021-10-25,,1.0
virus gripa,2021,44,0.0,2021-11-01,,1.0
virus gripa,2021,45,0.0,2021-11-08,,1.0
virus gripa,2021,46,0.0,2021-11-15,,1.0
virus gripa,2021,47,0.0,2021-11-22,,1.0
virus gripa,2021,48,0.0,2021-11-29,,1.0
virus gripa,2021,49,0.0,2021-12-06,,1.0
virus gripa,2021,50,0.0,2021-12-13,1.0,1.0
virus gripa,2021,51,0.0,2021-12-20,1.0,1.0
virus gripa,2021,52,0.0,2021-12-27,12.0,1.0
virus gripa,2022,1,0.0,2022-01-03,21.0,1.0
virus gripa,2022,2,0.0,2022-01-10,16.0,1.0
virus gripa,2022,3,0.0,2022-01-17,19.0,1.0
virus gripa,2022,4,0.0,2022-01-24,7.0,1.0
virus gripa,2022,5,0.0,2022-01-31,4.0,1.0
virus gripa,2022,6,0.0,2022-02-07,31.0,1.0
virus gripa,2022,7,0.0,2022-02-14,25.0,1.0
virus gripa,2022,8,0.0,2022-02-21,12.0,1.0
virus gripa,2022,9,0.0,2022-02-28,3.0,1.0
virus gripa,2022,10,0.0,2022-03-07,34.0,1.0
virus gripa,2022,11,0.0,2022-03-14,77.0,1.0
virus gripa,2022,12,0.0,2022-03-21,77.0,1.0
virus gripa,2022,13,0.0,2022-03-28,66.0,1.0
virus gripa,2022,14,0.0,2022-04-04,43.0,1.0
virus gripa,2022,15,0.0,2022-04-11,32.0,1.0
virus gripa,2022,16,0.0,2022-04-18,17.0,1.0
virus gripa,2022,17,0.0,2022-04-25,8.0,1.0
virus gripa,2022,18,0.0,2022-05-02,4.0,1.0
virus gripa,2022,19,0.0,2022-05-09,3.0,1.0
virus gripa,2022,20,0.0,2022-05-16,4.0,1.0
virus gripa,2022,21,0.0,2022-05-23,3.0,1.0
virus gripa,2022,22,0.0,2022-05-30,,1.0
virus gripa,2022,23,0.0,2022-06-06,,1.0
virus gripa,2022,24,0.0,2022-06-13,,1.0
virus gripa,2022,25,0.0,2022-06-20,,1.0
virus gripa,2022,26,58.0,2022-06-27,,
virus gripa,2022,27,0.0,2022-07-04,,1.0
virus gripa,2022,28,0.0,2022-07-11,,1.0
virus gripa,2022,29,0.0,2022-07-18,,1.0
virus gripa,2022,30,0.0,2022-07-25,,1.0
virus gripa,2022,31,0.0,2022-08-01,,1.0
virus gripa,2022,32,0.0,2022-08-08,,1.0
virus gripa,2022,33,0.0,2022-08-15,,
virus gripa,2022,34,0.0,2022-08-22,,
virus gripa,2022,35,0.0,2022-08-29,,
virus gripa,2022,36,0.0,2022-09-05,,
virus gripa,2022,37,0.0,2022-09-12,,
virus gripa,2022,38,0.0,2022-09-19,,
virus gripa,2022,39,0.0,2022-09-26,,
virus gripa,2022,40,0.0,2022-10-03,,1.0
virus gripa,2022,41,0.0,2022-10-10,,1.0
virus gripa,2022,42,0.0,2022-10-17,,1.0
virus gripa,2022,43,0.0,2022-10-24,,1.0
virus gripa,2022,44,0.0,2022-10-31,,1.0
virus gripa,2022,45,0.0,2022-11-07,1.0,1.0
virus gripa,2022,46,0.0,2022-11-14,,1.0
virus gripa,2022,47,0.0,2022-11-21,,1.0
virus gripa,2022,48,0.0,2022-11-28,2.0,1.0
virus gripa,2022,49,0.0,2022-12-05,5.0,1.0
virus gripa,2022,50,0.0,2022-12-12,26.0,1.0
virus gripa,2022,51,0.0,2022-12-19,36.0,1.0
virus gripa,2022,52,0.0,2022-12-26,31.0,1.0
virus gripa,2023,1,0.0,2023-01-02,24.0,1.0
virus gripa,2023,2,0.0,2023-01-09,78.0,1.0
virus gripa,2023,3,0.0,2023-01-16,72.0,1.0
virus gripa,2023,4,0.0,2023-01-23,58.0,1.0
virus gripa,2023,5,0.0,2023-01-30,75.0,1.0
virus gripa,2023,6,54.0,2023-02-06,91.0,1.0
virus gripa,2023,7,0.0,2023-02-13,70.0,1.0
virus gripa,2023,8,0.0,2023-02-20,85.0,1.0
virus gripa,2023,9,0.0,2023-02-27,33.0,1.0
virus gripa,2023,10,0.0,2023-03-06,32.0,1.0
virus gripa,2023,11,0.0,2023-03-13,26.0,1.0
virus gripa,2023,12,0.0,2023-03-20,25.0,1.0
virus gripa,2023,13,0.0,2023-03-27,10.0,1.0
virus gripa,2023,14,0.0,2023-04-03,12.0,1.0
virus gripa,2023,15,0.0,2023-04-10,3.0,1.0
virus gripa,2023,16,0.0,2023-04-17,1.0,1.0
virus gripa,2023,17,0.0,2023-04-24,1.0,1.0
virus gripa,2023,18,0.0,2023-05-01,,1.0
virus gripa,2023,19,0.0,2023-05-08,,1.0
virus gripa,2023,20,0.0,2023-05-15,,1.0
virus gripa,2023,21,0.0,2023-05-22,,1.0
virus gripa,2023,22,0.0,2023-05-29,,1.0
virus gripa,2023,23,0.0,2023-06-05,,1.0
virus gripa,2023,24,0.0,2023-06-12,,1.0
virus gripa,2023,25,0.0,2023-06-19,,1.0
virus gripa,2023,26,0.0,2023-06-26,,
virus gripa,2023,27,0.0,2023-07-03,,
virus gripa,2023,28,0.0,2023-07-10,,1.0
virus gripa,2023,29,0.0,2023-07-17,,1.0
virus gripa,2023,30,0.0,2023-07-24,,1.0
virus gripa,2023,31,0.0,2023-07-31,,1.0
virus gripa,2023,32,0.0,2023-08-07,,1.0
virus gripa,2023,33,0.0,2023-08-14,,1.0
virus gripa,2023,34,0.0,2023-08-21,,1.0
virus gripa,2023,35,0.0,2023-08-28,,1.0
virus gripa,2023,36,0.0,2023-09-04,,1.0
virus gripa,2023,37,0.0,2023-09-11,,1.0
virus gripa,2023,38,0.0,2023-09-18,,1.0
virus gripa,2023,39,0.0,2023-09-25,,1.0
virus gripa,2023,40,0.0,2023-10-02,,1.0
virus gripa,2023,41,0.0,2023-10-09,,1.0
virus gripa,2023,42,0.0,2023-10-16,,1.0
virus gripa,2023,43,0.0,2023-10-23,,1.0
virus gripa,2023,44,0.0,2023-10-30,,1.0
virus gripa,2023,45,0.0,2023-11-06,1.0,1.0
virus gripa,2023,46,0.0,2023-11-13,,1.0
virus gripa,2023,47,0.0,2023-11-20,1.0,1.0
virus gripa,2023,48,0.0,2023-11-27,1.0,1.0
virus gripa,2023,49,0.0,2023-12-04,3.0,1.0
virus gripa,2023,50,0.0,2023-12-11,7.0,1.0
virus gripa,2023,51,0.0,2023-12-18,7.0,1.0
virus gripa,2023,52,0.0,2023-12-25,21.0,1.0
virus gripa,2024,1,0.0,2024-01-01,10.0,1.0
virus gripa,2024,2,0.0,2024-01-08,21.0,1.0
virus gripa,2024,3,0.0,2024-01-15,46.0,1.0
virus gripa,2024,4,0.0,2024-01-22,93.0,1.0
virus gripa,2024,5,0.0,2024-01-29,130.0,1.0
virus gripa,2024,6,0.0,2024-02-05,119.0,1.0
virus gripa,2024,7,0.0,2024-02-12,48.0,1.0
virus gripa,2024,8,0.0,2024-02-19,82.0,1.0
virus gripa,2024,9,0.0,2024-02-26,32.0,1.0
virus gripa,2024,10,0.0,2024-03-04,22.0,1.0
virus gripa,2024,11,0.0,2024-03-11,4.0,1.0
virus gripa,2024,12,0.0,2024-03-18,1.0,1.0
virus gripa,2024,13,0.0,2024-03-25,,1.0
virus gripa,2024,14,0.0,2024-04-01,3.0,1.0
virus gripa,2024,15,0.0,2024-04-08,2.0,1.0
virus gripa,2024,16,0.0,2024-04-15,,1.0
virus gripa,2024,17,0.0,2024-04-22,1.0,1.0
virus gripa,2024,18,0.0,2024-04-29,,1.0
virus gripa,2024,19,0.0,2024-05-06,1.0,1.0
virus gripa,2024,20,0.0,2024-05-13,,1.0
virus gripa,2024,21,0.0,2024-05-20,,1.0
virus gripa,2024,22,0.0,2024-05-27,,1.0
virus gripa,2024,23,0.0,2024-06-03,,1.0
virus gripa,2024,24,0.0,2024-06-10,,1.0
virus gripa,2024,25,0.0,2024-06-17,,1.0
virus gripa,2024,26,0.0,2024-06-24,,1.0
virus gripa,2024,27,0.0,2024-07-01,,1.0
virus gripa,2024,28,0.0,2024-07-08,,1.0
virus gripa,2024,29,0.0,2024-07-15,,1.0
virus gripa,2024,30,0.0,2024-07-22,,1.0
virus gripa,2024,31,0.0,2024-07-29,,1.0
virus gripa,2024,32,0.0,2024-08-05,,1.0
virus gripa,2024,33,0.0,2024-08-12,,1.0
virus gripa,2024,34,0.0,2024-08-19,,1.0
virus gripa,2024,35,0.0,2024-08-26,,1.0
virus gripa,2024,36,0.0,2024-09-02,,1.0
virus gripa,2024,37,0.0,2024-09-09,,1.0
virus gripa,2024,38,0.0,2024-09-16,,1.0
virus gripa,2024,39,0.0,2024-09-23,,1.0
virus gripa,2024,40,0.0,2024-09-30,,1.0
virus gripa,2024,41,0.0,2024-10-07,1.0,1.0
virus gripa,2024,42,0.0,2024-10-14,,1.0
virus gripa,2024,43,0.0,2024-10-21,,1.0
virus gripa,2024,44,0.0,2024-10-28,,1.0
virus gripa,2024,45,106.875,2024-11-04,,1.0
virus gripa,2024,46,0.0,2024-11-11,,1.0
virus gripa,2024,47,0.0,2024-11-18,,1.0
virus gripa,2024,48,0.0,2024-11-25,,1.0
virus gripa,2024,49,0.0,2024-12-02,2.0,1.0
virus gripa,2024,50,0.0,2024-12-09,13.0,1.0
virus gripa,2024,51,0.0,2024-12-16,3.0,1.0
virus gripa,2024,52,0.0,2024-12-23,27.0,1.0
virus gripa,2025,1,0.0,2024-12-30,6.0,1.0
virus gripa,2025,2,0.0,2025-01-06,15.0,1.0
virus gripa,2025,3,0.0,2025-01-13,36.0,1.0
virus gripa,2025,4,0.0,2025-01-20,77.0,1.0
virus gripa,2025,5,0.0,2025-01-27,71.0,1.0
virus gripa,2025,6,0.0,2025-02-03,36.0,1.0
virus gripa,2025,7,0.0,2025-02-10,45.0,1.0
virus gripa,2025,8,0.0,2025-02-17,43.0,1.0
virus gripa,2025,9,0.0,2025-02-24,54.0,1.0
virus gripa,2025,10,0.0,2025-03-03,63.0,1.0
virus gripa,2025,11,0.0,2025-03-10,19.0,1.0
virus gripa,2025,12,0.0,2025-03-17,18.0,1.0
virus gripa,2025,13,0.0,2025-03-24,8.0,1.0
virus gripa,2025,14,0.0,2025-03-31,2.0,1.0
virus gripa,2025,15,0.0,2025-04-07,2.0,1.0
virus gripa,2025,16,0.0,2025-04-14,,1.0
virus gripa,2025,17,0.0,2025-04-21,,1.0
virus gripa,2025,18,0.0,2025-04-28,2.0,1.0
virus gripa,2025,19,0.0,2025-05-05,,1.0
virus gripa,2025,20,0.0,2025-05-12,,1.0
virus gripa,2025,21,0.0,2025-05-19,,1.0
virus gripa,2025,22,0.0,2025-05-26,,1.0
virus gripa,2025,23,0.0,2025-06-02,,1.0
virus gripa,2025,24,0.0,2025-06-09,,1.0
virus gripa,2025,25,0.0,2025-06-16,,1.0
virus gripa,2025,26,0.0,2025-06-23,,1.0
virus gripa,2025,27,0.0,2025-06-30,,
virus gripa,2025,28,0.0,2025-07-07,,1.0
virus gripa,2025,29,0.0,2025-07-14,,1.0
virus gripa,2025,30,0.0,2025-07-21,,1.0
virus gripa,2025,31,0.0,2025-07-28,,1.0
virus gripa,2025,32,0.0,2025-08-04,,1.0
virus gripa,2025,33,0.0,2025-08-11,,1.0
virus gripa,2025,34,0.0,2025-08-18,,1.0
virus gripa,2025,35,0.0,2025-08-25,,1.0
virus gripa,2025,36,0.0,2025-09-01,,1.0
virus gripa,2025,37,0.0,2025-09-08,,1.0
virus gripa,2025,38,0.0,2025-09-15,,1.0
virus gripa,2025,39,0.0,2025-09-22,,1.0
virus gripa,2025,40,0.0,2025-09-29,,1.0
virus gripa,2025,41,0.0,2025-10-06,,1.0
virus gripa,2025,42,0.0,2025-10-13,2.0,1.0
virus gripa,2025,43,0.0,2025-10-20,3.0,1.0
virus gripa,2025,44,0.0,2025-10-27,,1.0
virus gripa,2025,45,0.0,2025-11-03,4.0,1.0
virus gripa,2025,46,0.0,2025-11-10,2.0,1.0
virus gripa,2025,47,0.0,2025-11-17,11.0,1.0
virus gripa,2025,48,0.0,2025-11-24,14.0,1.0
virus gripa,2025,49,86.625,2025-12-01,36.0,1.0
virus gripa,2025,50,0.0,2025-12-08,55.0,1.0
virus gripa,2025,51,112.5,2025-12-15,54.0,1.0
virus gripa,2025,52,92.25,2025-12-22,45.0,1.0
virus gripa,2026,1,0.0,2025-12-29,24.0,1.0
virus gripa,2026,2,0.0,2026-01-05,8.0,1.0
virus gripa,2026,3,0.0,2026-01-12,7.0,1.0
virus gripa,2026,4,0.0,2026-01-19,15.0,1.0
virus gripa,2026,5,0.0,2026-01-26,3.0,1.0
virus gripa,2026,6,0.0,2026-02-02,4.0,1.0
virus gripa,2026,7,0.0,2026-02-09,,1.0
virus gripa,2026,8,0.0,2026-02-16,1.0,1.0
virus gripa,2026,9,0.0,2026-02-23,2.0,1.0
virus gripa,2026,10,0.0,2026-03-02,,1.0
virus gripa,2026,11,0.0,2026-03-09,,1.0
virus gripa,2026,12,0.0,2026-03-16,1.0,1.0
virus gripa,2026,13,0.0,2026-03-23,,1.0
virus gripa,2026,14,0.0,2026-03-30,,1.0
virus gripa,2026,15,0.0,2026-04-06,,1.0
virus gripa,2026,16,0.0,2026-04-13,,1.0
virus gripa,2026,17,0.0,2026-04-20,,
virus gripa,2026,18,0.0,2026-04-27,,1.0
virus gripa,2026,19,0.0,2026-05-04,,1.0
virus gripa,2026,20,0.0,2026-05-11,,1.0
virus gripa,2026,21,0.0,2026-05-18,,1.0
virus gripa,2026,22,0.0,2026-05-25,,1.0
virus gripa,2026,23,0.0,2026-06-01,,1.0
virus gripa,2026,24,0.0,2026-06-08,,1.0
virus gripa,2026,25,0.0,2026-06-15,,1.0
virus gripa,2026,26,0.0,2026-06-22,,1.0
virus gripa,2026,27,0.0,2026-06-29,,1.0
virus gripa,2026,28,0.0,2026-07-06,,1.0
virus gripa,2026,29,0.0,2026-07-13,,1.0
virus gripa,2026,30,0.0,2026-07-20,,
virus gripa,2026,31,0.0,2026-07-27,,1.0
vreme sutra,2013,1,15.0,2012-12-31,,
vreme sutra,2013,2,32.0,2013-01-07,3.0,3.0
vreme sutra,2013,3,25.0,2013-01-14,16.0,3.0
vreme sutra,2013,4,16.0,2013-01-21,14.0,3.0
vreme sutra,2013,5,23.0,2013-01-28,23.0,5.0
vreme sutra,2013,6,27.0,2013-02-04,30.0,6.0
vreme sutra,2013,7,16.0,2013-02-11,66.0,6.0
vreme sutra,2013,8,23.0,2013-02-18,41.0,6.0
vreme sutra,2013,9,22.0,2013-02-25,29.0,6.0
vreme sutra,2013,10,40.0,2013-03-04,25.0,6.0
vreme sutra,2013,11,47.0,2013-03-11,10.0,5.0
vreme sutra,2013,12,42.0,2013-03-18,7.0,5.0
vreme sutra,2013,13,40.0,2013-03-25,3.0,1.0
vreme sutra,2013,14,46.0,2013-04-01,3.0,3.0
vreme sutra,2013,15,21.0,2013-04-08,1.0,3.0
vreme sutra,2013,16,24.0,2013-04-15,3.0,3.0
vreme sutra,2013,17,25.0,2013-04-22,,2.0
vreme sutra,2013,18,53.0,2013-04-29,,2.0
vreme sutra,2013,19,52.0,2013-05-06,,2.0
vreme sutra,2013,20,77.0,2013-05-13,,2.0
vreme sutra,2013,21,72.0,2013-05-20,,
vreme sutra,2013,22,68.0,2013-05-27,,
vreme sutra,2013,23,71.0,2013-06-03,,
vreme sutra,2013,24,39.0,2013-06-10,,
vreme sutra,2013,25,72.0,2013-06-17,,
vreme sutra,2013,26,40.0,2013-06-24,,
vreme sutra,2013,27,35.0,2013-07-01,,
vreme sutra,2013,28,28.0,2013-07-08,,
vreme sutra,2013,29,15.0,2013-07-15,,
vreme sutra,2013,30,23.0,2013-07-22,,
vreme sutra,2013,31,27.0,2013-07-29,,
vreme sutra,2013,32,26.0,2013-08-05,,
vreme sutra,2013,33,29.0,2013-08-12,,
vreme sutra,2013,34,28.0,2013-08-19,,
vreme sutra,2013,35,40.0,2013-08-26,,
vreme sutra,2013,36,45.0,2013-09-02,,
vreme sutra,2013,37,42.0,2013-09-09,,
vreme sutra,2013,38,41.0,2013-09-16,,
vreme sutra,2013,39,40.0,2013-09-23,,
vreme sutra,2013,40,35.0,2013-09-30,,
vreme sutra,2013,41,44.0,2013-10-07,,1.0
vreme sutra,2013,42,26.0,2013-10-14,,1.0
vreme sutra,2013,43,20.0,2013-10-21,,1.0
vreme sutra,2013,44,32.0,2013-10-28,,1.0
vreme sutra,2013,45,36.0,2013-11-04,,1.0
vreme sutra,2013,46,30.0,2013-11-11,,1.0
vreme sutra,2013,47,30.0,2013-11-18,,1.0
vreme sutra,2013,48,20.0,2013-11-25,,1.0
vreme sutra,2013,49,14.0,2013-12-02,,1.0
vreme sutra,2013,50,12.0,2013-12-09,,1.0
vreme sutra,2013,51,18.0,2013-12-16,,1.0
vreme sutra,2013,52,13.0,2013-12-23,,1.0
vreme sutra,2014,1,15.0,2013-12-30,,1.0
vreme sutra,2014,2,23.0,2014-01-06,1.0,1.0
vreme sutra,2014,3,23.0,2014-01-13,2.0,1.0
vreme sutra,2014,4,38.0,2014-01-20,3.0,1.0
vreme sutra,2014,5,23.0,2014-01-27,2.0,1.0
vreme sutra,2014,6,33.0,2014-02-03,3.0,1.0
vreme sutra,2014,7,28.0,2014-02-10,20.0,1.0
vreme sutra,2014,8,30.0,2014-02-17,6.0,1.0
vreme sutra,2014,9,35.0,2014-02-24,15.0,1.0
vreme sutra,2014,10,24.0,2014-03-03,12.0,1.0
vreme sutra,2014,11,32.0,2014-03-10,15.0,1.0
vreme sutra,2014,12,42.0,2014-03-17,16.0,1.0
vreme sutra,2014,13,42.0,2014-03-24,20.0,1.0
vreme sutra,2014,14,60.0,2014-03-31,9.0,1.0
vreme sutra,2014,15,56.0,2014-04-07,5.0,1.0
vreme sutra,2014,16,64.0,2014-04-14,3.0,1.0
vreme sutra,2014,17,63.0,2014-04-21,1.0,1.0
vreme sutra,2014,18,38.0,2014-04-28,,1.0
vreme sutra,2014,19,79.0,2014-05-05,1.0,1.0
vreme sutra,2014,20,49.0,2014-05-12,,1.0
vreme sutra,2014,21,58.0,2014-05-19,,
vreme sutra,2014,22,39.0,2014-05-26,,
vreme sutra,2014,23,33.0,2014-06-02,,
vreme sutra,2014,24,59.0,2014-06-09,,
vreme sutra,2014,25,60.0,2014-06-16,,
vreme sutra,2014,26,62.0,2014-06-23,,
vreme sutra,2014,27,67.0,2014-06-30,,
vreme sutra,2014,28,48.0,2014-07-07,,
vreme sutra,2014,29,59.0,2014-07-14,,
vreme sutra,2014,30,80.0,2014-07-21,,
vreme sutra,2014,31,59.0,2014-07-28,,
vreme sutra,2014,32,46.0,2014-08-04,,
vreme sutra,2014,33,52.0,2014-08-11,,
vreme sutra,2014,34,49.0,2014-08-18,,
vreme sutra,2014,35,78.0,2014-08-25,,
vreme sutra,2014,36,76.0,2014-09-01,,
vreme sutra,2014,37,54.0,2014-09-08,,
vreme sutra,2014,38,70.0,2014-09-15,,
vreme sutra,2014,39,41.0,2014-09-22,1.0,1.0
vreme sutra,2014,40,35.0,2014-09-29,1.0,1.0
vreme sutra,2014,41,47.0,2014-10-06,,1.0
vreme sutra,2014,42,60.0,2014-10-13,,1.0
vreme sutra,2014,43,30.0,2014-10-20,,1.0
vreme sutra,2014,44,33.0,2014-10-27,,1.0
vreme sutra,2014,45,34.0,2014-11-03,,1.0
vreme sutra,2014,46,27.0,2014-11-10,,1.0
vreme sutra,2014,47,32.0,2014-11-17,,1.0
vreme sutra,2014,48,35.0,2014-11-24,,1.0
vreme sutra,2014,49,28.0,2014-12-01,,1.0
vreme sutra,2014,50,23.0,2014-12-08,,1.0
vreme sutra,2014,51,34.0,2014-12-15,,1.0
vreme sutra,2014,52,38.0,2014-12-22,,1.0
vreme sutra,2015,1,36.0,2014-12-29,,1.0
vreme sutra,2015,2,28.0,2015-01-05,,1.0
vreme sutra,2015,3,31.0,2015-01-12,2.0,1.0
vreme sutra,2015,4,30.0,2015-01-19,11.0,1.0
vreme sutra,2015,5,35.0,2015-01-26,22.0,1.0
vreme sutra,2015,6,28.0,2015-02-02,26.0,1.0
vreme sutra,2015,7,25.0,2015-02-09,51.0,1.0
vreme sutra,2015,8,40.0,2015-02-16,28.0,1.0
vreme sutra,2015,9,54.0,2015-02-23,67.0,1.0
vreme sutra,2015,10,37.0,2015-03-02,40.0,1.0
vreme sutra,2015,11,36.0,2015-03-09,58.0,1.0
vreme sutra,2015,12,60.0,2015-03-16,38.0,1.0
vreme sutra,2015,13,86.0,2015-03-23,30.0,1.0
vreme sutra,2015,14,49.0,2015-03-30,23.0,1.0
vreme sutra,2015,15,59.0,2015-04-06,13.0,1.0
vreme sutra,2015,16,54.0,2015-04-13,11.0,1.0
vreme sutra,2015,17,84.0,2015-04-20,5.0,1.0
vreme sutra,2015,18,73.0,2015-04-27,2.0,1.0
vreme sutra,2015,19,71.0,2015-05-04,1.0,1.0
vreme sutra,2015,20,76.0,2015-05-11,,1.0
vreme sutra,2015,21,71.0,2015-05-18,,
vreme sutra,2015,22,36.0,2015-05-25,,
vreme sutra,2015,23,47.0,2015-06-01,,
vreme sutra,2015,24,77.0,2015-06-08,,
vreme sutra,2015,25,100.0,2015-06-15,,
vreme sutra,2015,26,42.0,2015-06-22,,
vreme sutra,2015,27,70.0,2015-06-29,,
vreme sutra,2015,28,61.0,2015-07-06,,
vreme sutra,2015,29,60.0,2015-07-13,,
vreme sutra,2015,30,80.0,2015-07-20,,
vreme sutra,2015,31,54.0,2015-07-27,,
vreme sutra,2015,32,40.0,2015-08-03,,
vreme sutra,2015,33,84.0,2015-08-10,,
vreme sutra,2015,34,32.0,2015-08-17,,
vreme sutra,2015,35,62.0,2015-08-24,,
vreme sutra,2015,36,76.0,2015-08-31,,
vreme sutra,2015,37,51.0,2015-09-07,,
vreme sutra,2015,38,80.0,2015-09-14,,
vreme sutra,2015,39,61.0,2015-09-21,,
vreme sutra,2015,40,75.0,2015-09-28,,
vreme sutra,2015,41,65.0,2015-10-05,,
vreme sutra,2015,42,54.0,2015-10-12,,
vreme sutra,2015,43,22.0,2015-10-19,,
vreme sutra,2015,44,22.0,2015-10-26,,
vreme sutra,2015,45,25.0,2015-11-02,,1.0
vreme sutra,2015,46,35.0,2015-11-09,,1.0
vreme sutra,2015,47,39.0,2015-11-16,,1.0
vreme sutra,2015,48,21.0,2015-11-23,,1.0
vreme sutra,2015,49,20.0,2015-11-30,,1.0
vreme sutra,2015,50,19.0,2015-12-07,,1.0
vreme sutra,2015,51,17.0,2015-12-14,,1.0
vreme sutra,2015,52,33.0,2015-12-21,,1.0
vreme sutra,2015,53,48.70801033591731,2015-12-28,,1.0
vreme sutra,2016,1,40.31007751937984,2016-01-04,3.0,1.0
vreme sutra,2016,2,43.66925064599483,2016-01-11,6.0,1.0
vreme sutra,2016,3,25.1937984496124,2016-01-18,16.0,1.0
vreme sutra,2016,4,33.591731266149864,2016-01-25,14.0,1.0
vreme sutra,2016,5,50.3875968992248,2016-02-01,26.0,1.0
vreme sutra,2016,6,48.70801033591731,2016-02-08,36.0,1.0
vreme sutra,2016,7,60.46511627906976,2016-02-15,14.0,1.0
vreme sutra,2016,8,60.46511627906976,2016-02-22,33.0,1.0
vreme sutra,2016,9,60.46511627906976,2016-02-29,44.0,1.0
vreme sutra,2016,10,35.27131782945736,2016-03-07,50.0,1.0
vreme sutra,2016,11,47.02842377260981,2016-03-14,35.0,1.0
vreme sutra,2016,12,43.66925064599483,2016-03-21,54.0,1.0
vreme sutra,2016,13,48.70801033591731,2016-03-28,57.0,1.0
vreme sutra,2016,14,65.50387596899225,2016-04-04,39.0,1.0
vreme sutra,2016,15,83.97932816537467,2016-04-11,26.0,1.0
vreme sutra,2016,16,92.37726098191212,2016-04-18,2.0,1.0
vreme sutra,2016,17,73.90180878552971,2016-04-25,2.0,1.0
vreme sutra,2016,18,89.01808785529715,2016-05-02,4.0,1.0
vreme sutra,2016,19,73.90180878552971,2016-05-09,,1.0
vreme sutra,2016,20,75.5813953488372,2016-05-16,,1.0
vreme sutra,2016,21,89.01808785529715,2016-05-23,,
vreme sutra,2016,22,70.54263565891472,2016-05-30,,
vreme sutra,2016,23,82.29974160206717,2016-06-06,,
vreme sutra,2016,24,90.69767441860463,2016-06-13,,
vreme sutra,2016,25,89.01808785529715,2016-06-20,,
vreme sutra,2016,26,58.785529715762266,2016-06-27,,
vreme sutra,2016,27,83.97932816537467,2016-07-04,,
vreme sutra,2016,28,58.785529715762266,2016-07-11,,
vreme sutra,2016,29,73.90180878552971,2016-07-18,,
vreme sutra,2016,30,97.41602067183462,2016-07-25,,
vreme sutra,2016,31,99.09560723514213,2016-08-01,,
vreme sutra,2016,32,80.62015503875968,2016-08-08,,
vreme sutra,2016,33,72.22222222222221,2016-08-15,,
vreme sutra,2016,34,52.06718346253229,2016-08-22,,
vreme sutra,2016,35,92.37726098191212,2016-08-29,,
vreme sutra,2016,36,75.5813953488372,2016-09-05,,
vreme sutra,2016,37,83.97932816537467,2016-09-12,,
vreme sutra,2016,38,52.06718346253229,2016-09-19,,
vreme sutra,2016,39,78.94056847545218,2016-09-26,,
vreme sutra,2016,40,70.54263565891472,2016-10-03,,
vreme sutra,2016,41,80.62015503875968,2016-10-10,,1.0
vreme sutra,2016,42,53.74677002583979,2016-10-17,,1.0
vreme sutra,2016,43,63.824289405684745,2016-10-24,,1.0
vreme sutra,2016,44,90.69767441860463,2016-10-31,,1.0
vreme sutra,2016,45,40.31007751937984,2016-11-07,,1.0
vreme sutra,2016,46,40.31007751937984,2016-11-14,,1.0
vreme sutra,2016,47,50.3875968992248,2016-11-21,,1.0
vreme sutra,2016,48,35.27131782945736,2016-11-28,,1.0
vreme sutra,2016,49,50.3875968992248,2016-12-05,9.0,1.0
vreme sutra,2016,50,26.873385012919893,2016-12-12,84.0,1.0
vreme sutra,2016,51,36.950904392764855,2016-12-19,109.0,1.0
vreme sutra,2016,52,65.50387596899225,2016-12-26,162.0,1.0
vreme sutra,2017,1,80.62015503875968,2017-01-02,77.0,1.0
vreme sutra,2017,2,35.27131782945736,2017-01-09,,1.0
vreme sutra,2017,3,38.63049095607235,2017-01-16,,1.0
vreme sutra,2017,4,40.31007751937984,2017-01-23,,1.0
vreme sutra,2017,5,38.63049095607235,2017-01-30,,1.0
vreme sutra,2017,6,41.989664082687334,2017-02-06,,1.0
vreme sutra,2017,7,53.74677002583979,2017-02-13,5.0,1.0
vreme sutra,2017,8,72.22222222222221,2017-02-20,11.0,1.0
vreme sutra,2017,9,104.13436692506458,2017-02-27,4.0,1.0
vreme sutra,2017,10,77.2609819121447,2017-03-06,2.0,1.0
vreme sutra,2017,11,68.86304909560722,2017-03-13,,1.0
vreme sutra,2017,12,62.14470284237726,2017-03-20,,1.0
vreme sutra,2017,13,100.7751937984496,2017-03-27,,1.0
vreme sutra,2017,14,92.37726098191212,2017-04-03,,1.0
vreme sutra,2017,15,102.45478036175707,2017-04-10,,1.0
vreme sutra,2017,16,95.73643410852712,2017-04-17,,1.0
vreme sutra,2017,17,141.08527131782944,2017-04-24,,1.0
vreme sutra,2017,18,131.0077519379845,2017-05-01,,1.0
vreme sutra,2017,19,97.41602067183462,2017-05-08,,1.0
vreme sutra,2017,20,112.53229974160206,2017-05-15,,1.0
vreme sutra,2017,21,80.62015503875968,2017-05-22,,
vreme sutra,2017,22,112.53229974160206,2017-05-29,,
vreme sutra,2017,23,82.29974160206717,2017-06-05,,
vreme sutra,2017,24,85.65891472868216,2017-06-12,,
vreme sutra,2017,25,119.25064599483204,2017-06-19,,
vreme sutra,2017,26,78.94056847545218,2017-06-26,,
vreme sutra,2017,27,105.81395348837208,2017-07-03,,
vreme sutra,2017,28,77.2609819121447,2017-07-10,,
vreme sutra,2017,29,100.7751937984496,2017-07-17,,
vreme sutra,2017,30,47.02842377260981,2017-07-24,,
vreme sutra,2017,31,107.49354005167956,2017-07-31,,
vreme sutra,2017,32,92.37726098191212,2017-08-07,,
vreme sutra,2017,33,78.94056847545218,2017-08-14,,
vreme sutra,2017,34,99.09560723514213,2017-08-21,,
vreme sutra,2017,35,112.53229974160206,2017-08-28,,
vreme sutra,2017,36,120.93023255813952,2017-09-04,,
vreme sutra,2017,37,167.9586563307493,2017-09-11,,
vreme sutra,2017,38,94.05684754521964,2017-09-18,,
vreme sutra,2017,39,114.21188630490954,2017-09-25,,
vreme sutra,2017,40,70.54263565891472,2017-10-02,,1.0
vreme sutra,2017,41,40.31007751937984,2017-10-09,,1.0
vreme sutra,2017,42,125.968992248062,2017-10-16,,1.0
vreme sutra,2017,43,77.2609819121447,2017-10-23,,1.0
vreme sutra,2017,44,75.5813953488372,2017-10-30,,2.0
vreme sutra,2017,45,99.09560723514213,2017-11-06,,2.0
vreme sutra,2017,46,55.42635658914728,2017-11-13,,3.0
vreme sutra,2017,47,77.2609819121447,2017-11-20,,3.0
vreme sutra,2017,48,78.94056847545218,2017-11-27,,3.0
vreme sutra,2017,49,117.57105943152452,2017-12-04,,3.0
vreme sutra,2017,50,68.86304909560722,2017-12-11,6.0,3.0
vreme sutra,2017,51,62.14470284237726,2017-12-18,19.0,3.0
vreme sutra,2017,52,57.10594315245477,2017-12-25,26.0,3.0
vreme sutra,2018,1,60.46511627906976,2018-01-01,22.0,3.0
vreme sutra,2018,2,97.41602067183462,2018-01-08,37.0,3.0
vreme sutra,2018,3,63.824289405684745,2018-01-15,88.0,3.0
vreme sutra,2018,4,68.86304909560722,2018-01-22,103.0,4.0
vreme sutra,2018,5,77.2609819121447,2018-01-29,124.0,5.0
vreme sutra,2018,6,89.01808785529715,2018-02-05,121.0,5.0
vreme sutra,2018,7,100.7751937984496,2018-02-12,66.0,5.0
vreme sutra,2018,8,149.4832041343669,2018-02-19,77.0,4.0
vreme sutra,2018,9,92.37726098191212,2018-02-26,59.0,4.0
vreme sutra,2018,10,139.40568475452196,2018-03-05,29.0,4.0
vreme sutra,2018,11,94.05684754521964,2018-03-12,20.0,4.0
vreme sutra,2018,12,125.968992248062,2018-03-19,14.0,3.0
vreme sutra,2018,13,119.25064599483204,2018-03-26,30.0,3.0
vreme sutra,2018,14,80.62015503875968,2018-04-02,21.0,3.0
vreme sutra,2018,15,110.85271317829456,2018-04-09,16.0,3.0
vreme sutra,2018,16,94.05684754521964,2018-04-16,1.0,3.0
vreme sutra,2018,17,109.17312661498708,2018-04-23,,2.0
vreme sutra,2018,18,117.57105943152452,2018-04-30,,2.0
vreme sutra,2018,19,109.17312661498708,2018-05-07,,1.0
vreme sutra,2018,20,85.65891472868216,2018-05-14,,1.0
vreme sutra,2018,21,67.18346253229973,2018-05-21,,1.0
vreme sutra,2018,22,107.49354005167956,2018-05-28,,1.0
vreme sutra,2018,23,124.28940568475451,2018-06-04,,1.0
vreme sutra,2018,24,122.60981912144702,2018-06-11,,1.0
vreme sutra,2018,25,146.1240310077519,2018-06-18,,1.0
vreme sutra,2018,26,149.4832041343669,2018-06-25,,1.0
vreme sutra,2018,27,142.00140944326992,2018-07-02,,1.0
vreme sutra,2018,28,175.13507164669954,2018-07-09,,1.0
vreme sutra,2018,29,142.00140944326992,2018-07-16,,1.0
vreme sutra,2018,30,118.3345078693916,2018-07-23,,1.0
vreme sutra,2018,31,71.00070472163496,2018-07-30,,1.0
vreme sutra,2018,32,85.20084566596195,2018-08-06,,1.0
vreme sutra,2018,33,85.20084566596195,2018-08-13,,1.0
vreme sutra,2018,34,123.06788818416726,2018-08-20,,1.0
vreme sutra,2018,35,123.06788818416726,2018-08-27,,1.0
vreme sutra,2018,36,56.80056377730797,2018-09-03,,1.0
vreme sutra,2018,37,66.26732440685929,2018-09-10,,1.0
vreme sutra,2018,38,127.80126849894292,2018-09-17,,1.0
vreme sutra,2018,39,75.73408503641062,2018-09-24,,1.0
vreme sutra,2018,40,56.80056377730797,2018-10-01,,1.0
vreme sutra,2018,41,71.00070472163496,2018-10-08,,1.0
vreme sutra,2018,42,85.20084566596195,2018-10-15,,1.0
vreme sutra,2018,43,104.1343669250646,2018-10-22,,1.0
vreme sutra,2018,44,61.53394409208363,2018-10-29,,1.0
vreme sutra,2018,45,56.80056377730797,2018-11-05,,1.0
vreme sutra,2018,46,89.93422598073761,2018-11-12,,1.0
vreme sutra,2018,47,99.40098661028894,2018-11-19,,1.0
vreme sutra,2018,48,80.46746535118628,2018-11-26,,1.0
vreme sutra,2018,49,94.66760629551328,2018-12-03,,1.0
vreme sutra,2018,50,75.73408503641062,2018-12-10,,1.0
vreme sutra,2018,51,85.20084566596195,2018-12-17,,1.0
vreme sutra,2018,52,75.73408503641062,2018-12-24,3.0,1.0
vreme sutra,2019,1,80.46746535118628,2018-12-31,11.0,2.0
vreme sutra,2019,2,56.80056377730797,2019-01-07,16.0,2.0
vreme sutra,2019,3,80.46746535118628,2019-01-14,42.0,2.0
vreme sutra,2019,4,52.0671834625323,2019-01-21,99.0,2.0
vreme sutra,2019,5,61.53394409208363,2019-01-28,273.0,4.0
vreme sutra,2019,6,75.73408503641062,2019-02-04,388.0,4.0
vreme sutra,2019,7,66.26732440685929,2019-02-11,309.0,4.0
vreme sutra,2019,8,56.80056377730797,2019-02-18,307.0,4.0
vreme sutra,2019,9,80.46746535118628,2019-02-25,138.0,3.0
vreme sutra,2019,10,89.93422598073761,2019-03-04,100.0,3.0
vreme sutra,2019,11,94.66760629551328,2019-03-11,50.0,3.0
vreme sutra,2019,12,80.46746535118628,2019-03-18,25.0,2.0
vreme sutra,2019,13,104.1343669250646,2019-03-25,40.0,2.0
vreme sutra,2019,14,132.53464881371858,2019-04-01,17.0,2.0
vreme sutra,2019,15,99.40098661028894,2019-04-08,14.0,2.0
vreme sutra,2019,16,170.4016913319239,2019-04-15,5.0,2.0
vreme sutra,2019,17,213.00211416490487,2019-04-22,9.0,2.0
vreme sutra,2019,18,184.6018322762509,2019-04-29,,2.0
vreme sutra,2019,19,151.46817007282124,2019-05-06,,2.0
vreme sutra,2019,20,156.2015503875969,2019-05-13,,2.0
vreme sutra,2019,21,170.4016913319239,2019-05-20,,1.0
vreme sutra,2019,22,123.06788818416726,2019-05-27,,1.0
vreme sutra,2019,23,71.00070472163496,2019-06-03,,1.0
vreme sutra,2019,24,123.06788818416726,2019-06-10,,1.0
vreme sutra,2019,25,113.60112755461591,2019-06-17,,1.0
vreme sutra,2019,26,104.1343669250646,2019-06-24,,1.0
vreme sutra,2019,27,175.13507164669954,2019-07-01,,1.0
vreme sutra,2019,28,113.60112755461591,2019-07-08,,1.0
vreme sutra,2019,29,104.1343669250646,2019-07-15,,1.0
vreme sutra,2019,30,142.00140944326992,2019-07-22,,1.0
vreme sutra,2019,31,61.53394409208363,2019-07-29,,1.0
vreme sutra,2019,32,127.80126849894292,2019-08-05,,1.0
vreme sutra,2019,33,71.00070472163496,2019-08-12,,1.0
vreme sutra,2019,34,71.00070472163496,2019-08-19,,1.0
vreme sutra,2019,35,132.53464881371858,2019-08-26,,1.0
vreme sutra,2019,36,89.93422598073761,2019-09-02,,1.0
vreme sutra,2019,37,113.60112755461591,2019-09-09,,1.0
vreme sutra,2019,38,132.53464881371858,2019-09-16,,1.0
vreme sutra,2019,39,137.26802912849425,2019-09-23,,1.0
vreme sutra,2019,40,104.1343669250646,2019-09-30,,1.0
vreme sutra,2019,41,56.80056377730797,2019-10-07,,1.0
vreme sutra,2019,42,42.600422832980975,2019-10-14,,1.0
vreme sutra,2019,43,108.86774723984028,2019-10-21,,1.0
vreme sutra,2019,44,151.46817007282124,2019-10-28,,1.0
vreme sutra,2019,45,94.66760629551328,2019-11-04,,1.0
vreme sutra,2019,46,104.1343669250646,2019-11-11,,1.0
vreme sutra,2019,47,113.60112755461591,2019-11-18,,1.0
vreme sutra,2019,48,118.3345078693916,2019-11-25,,1.0
vreme sutra,2019,49,99.40098661028894,2019-12-02,6.0,2.0
vreme sutra,2019,50,80.46746535118628,2019-12-09,9.0,2.0
vreme sutra,2019,51,132.53464881371858,2019-12-16,10.0,3.0
vreme sutra,2019,52,89.93422598073761,2019-12-23,8.0,3.0
vreme sutra,2020,1,75.73408503641062,2019-12-30,10.0,3.0
vreme sutra,2020,2,52.0671834625323,2020-01-06,24.0,3.0
vreme sutra,2020,3,47.33380314775664,2020-01-13,60.0,3.0
vreme sutra,2020,4,75.73408503641062,2020-01-20,179.0,3.0
vreme sutra,2020,5,151.46817007282124,2020-01-27,235.0,3.0
vreme sutra,2020,6,123.06788818416726,2020-02-03,290.0,5.0
vreme sutra,2020,7,104.1343669250646,2020-02-10,191.0,5.0
vreme sutra,2020,8,123.06788818416726,2020-02-17,83.0,4.0
vreme sutra,2020,9,146.73478975804557,2020-02-24,93.0,3.0
vreme sutra,2020,10,113.60112755461591,2020-03-02,34.0,3.0
vreme sutra,2020,11,89.93422598073761,2020-03-09,37.0,3.0
vreme sutra,2020,12,104.1343669250646,2020-03-16,6.0,2.0
vreme sutra,2020,13,89.93422598073761,2020-03-23,,2.0
vreme sutra,2020,14,56.80056377730797,2020-03-30,,1.0
vreme sutra,2020,15,113.60112755461591,2020-04-06,,1.0
vreme sutra,2020,16,127.80126849894292,2020-04-13,,1.0
vreme sutra,2020,17,189.33521259102656,2020-04-20,,1.0
vreme sutra,2020,18,146.73478975804557,2020-04-27,,1.0
vreme sutra,2020,19,170.4016913319239,2020-05-04,,1.0
vreme sutra,2020,20,198.80197322057788,2020-05-11,,1.0
vreme sutra,2020,21,213.00211416490487,2020-05-18,,1.0
vreme sutra,2020,22,208.2687338501292,2020-05-25,,1.0
vreme sutra,2020,23,179.86845196147522,2020-06-01,,1.0
vreme sutra,2020,24,194.0685929058022,2020-06-08,,1.0
vreme sutra,2020,25,132.53464881371858,2020-06-15,,1.0
vreme sutra,2020,26,127.80126849894292,2020-06-22,,1.0
vreme sutra,2020,27,123.06788818416726,2020-06-29,,1.0
vreme sutra,2020,28,170.4016913319239,2020-07-06,,1.0
vreme sutra,2020,29,189.33521259102656,2020-07-13,,1.0
vreme sutra,2020,30,208.2687338501292,2020-07-20,,1.0
vreme sutra,2020,31,473.33803147756635,2020-07-27,,1.0
vreme sutra,2020,32,383.40380549682874,2020-08-03,,1.0
vreme sutra,2020,33,317.1364810899695,2020-08-10,,1.0
vreme sutra,2020,34,302.9363401456425,2020-08-17,,1.0
vreme sutra,2020,35,298.2029598308668,2020-08-24,,1.0
vreme sutra,2020,36,208.2687338501292,2020-08-31,,1.0
vreme sutra,2020,37,213.00211416490487,2020-09-07,,1.0
vreme sutra,2020,38,269.8026779422128,2020-09-14,,1.0
vreme sutra,2020,39,326.6032417195208,2020-09-21,,1.0
vreme sutra,2020,40,364.4702842377261,2020-09-28,,1.0
vreme sutra,2020,41,407.0707070707071,2020-10-05,,1.0
vreme sutra,2020,42,284.00281888653984,2020-10-12,,1.0
vreme sutra,2020,43,265.06929762743715,2020-10-19,,1.0
vreme sutra,2020,44,231.93563542400753,2020-10-26,,2.0
vreme sutra,2020,45,208.2687338501292,2020-11-02,,2.0
vreme sutra,2020,46,231.93563542400753,2020-11-09,,2.0
vreme sutra,2020,47,184.6018322762509,2020-11-16,,2.0
vreme sutra,2020,48,156.2015503875969,2020-11-23,,1.0
vreme sutra,2020,49,156.2015503875969,2020-11-30,,1.0
vreme sutra,2020,50,108.86774723984028,2020-12-07,,1.0
vreme sutra,2020,51,142.00140944326992,2020-12-14,,1.0
vreme sutra,2020,52,175.13507164669954,2020-12-21,,1.0
vreme sutra,2020,53,198.80197322057788,2020-12-28,,1.0
vreme sutra,2021,1,203.53535353535355,2021-01-04,,1.0
vreme sutra,2021,2,170.4016913319239,2021-01-11,,1.0
vreme sutra,2021,3,113.60112755461591,2021-01-18,,1.0
vreme sutra,2021,4,94.66760629551328,2021-01-25,,1.0
vreme sutra,2021,5,108.86774723984028,2021-02-01,,1.0
vreme sutra,2021,6,94.66760629551328,2021-02-08,,1.0
vreme sutra,2021,7,85.20084566596195,2021-02-15,,1.0
vreme sutra,2021,8,89.93422598073761,2021-02-22,,1.0
vreme sutra,2021,9,99.40098661028894,2021-03-01,,1.0
vreme sutra,2021,10,113.60112755461591,2021-03-08,,
vreme sutra,2021,11,94.66760629551328,2021-03-15,,
vreme sutra,2021,12,113.60112755461591,2021-03-22,,
vreme sutra,2021,13,123.06788818416726,2021-03-29,,
vreme sutra,2021,14,142.00140944326992,2021-04-05,,
vreme sutra,2021,15,132.53464881371858,2021-04-12,,
vreme sutra,2021,16,151.46817007282124,2021-04-19,,
vreme sutra,2021,17,160.93493070237255,2021-04-26,,
vreme sutra,2021,18,160.93493070237255,2021-05-03,,
vreme sutra,2021,19,156.2015503875969,2021-05-10,,
vreme sutra,2021,20,194.0685929058022,2021-05-17,,
vreme sutra,2021,21,156.2015503875969,2021-05-24,,
vreme sutra,2021,22,151.46817007282124,2021-05-31,,
vreme sutra,2021,23,113.60112755461591,2021-06-07,,
vreme sutra,2021,24,108.86774723984028,2021-06-14,,
vreme sutra,2021,25,127.80126849894292,2021-06-21,,
vreme sutra,2021,26,99.40098661028894,2021-06-28,,
vreme sutra,2021,27,156.2015503875969,2021-07-05,,
vreme sutra,2021,28,104.1343669250646,2021-07-12,,
vreme sutra,2021,29,89.93422598073761,2021-07-19,,
vreme sutra,2021,30,99.40098661028894,2021-07-26,,
vreme sutra,2021,31,47.33380314775664,2021-08-02,,
vreme sutra,2021,32,99.40098661028894,2021-08-09,,
vreme sutra,2021,33,160.93493070237255,2021-08-16,,
vreme sutra,2021,34,123.06788818416726,2021-08-23,,
vreme sutra,2021,35,47.33380314775664,2021-08-30,,
vreme sutra,2021,36,94.66760629551328,2021-09-06,,
vreme sutra,2021,37,113.60112755461591,2021-09-13,,
vreme sutra,2021,38,127.80126849894292,2021-09-20,,
vreme sutra,2021,39,123.06788818416726,2021-09-27,,
vreme sutra,2021,40,118.3345078693916,2021-10-04,,1.0
vreme sutra,2021,41,85.20084566596195,2021-10-11,,1.0
vreme sutra,2021,42,56.80056377730797,2021-10-18,,1.0
vreme sutra,2021,43,118.3345078693916,2021-10-25,,1.0
vreme sutra,2021,44,94.66760629551328,2021-11-01,,1.0
vreme sutra,2021,45,66.26732440685929,2021-11-08,,1.0
vreme sutra,2021,46,75.73408503641062,2021-11-15,,1.0
vreme sutra,2021,47,108.86774723984028,2021-11-22,,1.0
vreme sutra,2021,48,118.3345078693916,2021-11-29,,1.0
vreme sutra,2021,49,85.20084566596195,2021-12-06,,1.0
vreme sutra,2021,50,75.73408503641062,2021-12-13,1.0,1.0
vreme sutra,2021,51,71.00070472163496,2021-12-20,1.0,1.0
vreme sutra,2021,52,80.46746535118628,2021-12-27,12.0,1.0
vreme sutra,2022,1,85.20084566596195,2022-01-03,21.0,1.0
vreme sutra,2022,2,80.46746535118628,2022-01-10,16.0,1.0
vreme sutra,2022,3,66.26732440685929,2022-01-17,19.0,1.0
vreme sutra,2022,4,66.26732440685929,2022-01-24,7.0,1.0
vreme sutra,2022,5,80.46746535118628,2022-01-31,4.0,1.0
vreme sutra,2022,6,89.93422598073761,2022-02-07,31.0,1.0
vreme sutra,2022,7,89.93422598073761,2022-02-14,25.0,1.0
vreme sutra,2022,8,75.73408503641062,2022-02-21,12.0,1.0
vreme sutra,2022,9,71.00070472163496,2022-02-28,3.0,1.0
vreme sutra,2022,10,94.66760629551328,2022-03-07,34.0,1.0
vreme sutra,2022,11,52.0671834625323,2022-03-14,77.0,1.0
vreme sutra,2022,12,123.06788818416726,2022-03-21,77.0,1.0
vreme sutra,2022,13,123.06788818416726,2022-03-28,66.0,1.0
vreme sutra,2022,14,113.60112755461591,2022-04-04,43.0,1.0
vreme sutra,2022,15,142.00140944326992,2022-04-11,32.0,1.0
vreme sutra,2022,16,151.46817007282124,2022-04-18,17.0,1.0
vreme sutra,2022,17,104.1343669250646,2022-04-25,8.0,1.0
vreme sutra,2022,18,89.93422598073761,2022-05-02,4.0,1.0
vreme sutra,2022,19,113.60112755461591,2022-05-09,3.0,1.0
vreme sutra,2022,20,156.2015503875969,2022-05-16,4.0,1.0
vreme sutra,2022,21,146.73478975804557,2022-05-23,3.0,1.0
vreme sutra,2022,22,165.66831101714823,2022-05-30,,1.0
vreme sutra,2022,23,94.66760629551328,2022-06-06,,1.0
vreme sutra,2022,24,132.53464881371858,2022-06-13,,1.0
vreme sutra,2022,25,89.93422598073761,2022-06-20,,1.0
vreme sutra,2022,26,165.66831101714823,2022-06-27,,
vreme sutra,2022,27,99.40098661028894,2022-07-04,,1.0
vreme sutra,2022,28,71.00070472163496,2022-07-11,,1.0
vreme sutra,2022,29,146.73478975804557,2022-07-18,,1.0
vreme sutra,2022,30,71.00070472163496,2022-07-25,,1.0
vreme sutra,2022,31,146.73478975804557,2022-08-01,,1.0
vreme sutra,2022,32,142.00140944326992,2022-08-08,,1.0
vreme sutra,2022,33,146.73478975804557,2022-08-15,,
vreme sutra,2022,34,184.6018322762509,2022-08-22,,
vreme sutra,2022,35,142.00140944326992,2022-08-29,,
vreme sutra,2022,36,165.66831101714823,2022-09-05,,
vreme sutra,2022,37,146.73478975804557,2022-09-12,,
vreme sutra,2022,38,170.4016913319239,2022-09-19,,
vreme sutra,2022,39,104.1343669250646,2022-09-26,,
vreme sutra,2022,40,89.93422598073761,2022-10-03,,1.0
vreme sutra,2022,41,75.73408503641062,2022-10-10,,1.0
vreme sutra,2022,42,61.53394409208363,2022-10-17,,1.0
vreme sutra,2022,43,94.66760629551328,2022-10-24,,1.0
vreme sutra,2022,44,80.46746535118628,2022-10-31,,1.0
vreme sutra,2022,45,104.1343669250646,2022-11-07,1.0,1.0
vreme sutra,2022,46,89.93422598073761,2022-11-14,,1.0
vreme sutra,2022,47,56.80056377730797,2022-11-21,,1.0
vreme sutra,2022,48,85.20084566596195,2022-11-28,2.0,1.0
vreme sutra,2022,49,99.40098661028894,2022-12-05,5.0,1.0
vreme sutra,2022,50,61.53394409208363,2022-12-12,26.0,1.0
vreme sutra,2022,51,61.53394409208363,2022-12-19,36.0,1.0
vreme sutra,2022,52,52.0671834625323,2022-12-26,31.0,1.0
vreme sutra,2023,1,85.20084566596195,2023-01-02,24.0,1.0
vreme sutra,2023,2,94.66760629551328,2023-01-09,78.0,1.0
vreme sutra,2023,3,71.00070472163496,2023-01-16,72.0,1.0
vreme sutra,2023,4,80.46746535118628,2023-01-23,58.0,1.0
vreme sutra,2023,5,66.26732440685929,2023-01-30,75.0,1.0
vreme sutra,2023,6,56.80056377730797,2023-02-06,91.0,1.0
vreme sutra,2023,7,104.1343669250646,2023-02-13,70.0,1.0
vreme sutra,2023,8,94.66760629551328,2023-02-20,85.0,1.0
vreme sutra,2023,9,99.40098661028894,2023-02-27,33.0,1.0
vreme sutra,2023,10,108.86774723984028,2023-03-06,32.0,1.0
vreme sutra,2023,11,132.53464881371858,2023-03-13,26.0,1.0
vreme sutra,2023,12,170.4016913319239,2023-03-20,25.0,1.0
vreme sutra,2023,13,156.2015503875969,2023-03-27,10.0,1.0
vreme sutra,2023,14,146.73478975804557,2023-04-03,12.0,1.0
vreme sutra,2023,15,118.3345078693916,2023-04-10,3.0,1.0
vreme sutra,2023,16,156.2015503875969,2023-04-17,1.0,1.0
vreme sutra,2023,17,137.26802912849425,2023-04-24,1.0,1.0
vreme sutra,2023,18,189.33521259102656,2023-05-01,,1.0
vreme sutra,2023,19,156.2015503875969,2023-05-08,,1.0
vreme sutra,2023,20,175.13507164669954,2023-05-15,,1.0
vreme sutra,2023,21,146.73478975804557,2023-05-22,,1.0
vreme sutra,2023,22,137.26802912849425,2023-05-29,,1.0
vreme sutra,2023,23,156.2015503875969,2023-06-05,,1.0
vreme sutra,2023,24,127.80126849894292,2023-06-12,,1.0
vreme sutra,2023,25,175.13507164669954,2023-06-19,,1.0
vreme sutra,2023,26,146.73478975804557,2023-06-26,,
vreme sutra,2023,27,60.0,2023-07-03,,
vreme sutra,2023,28,110.0,2023-07-10,,1.0
vreme sutra,2023,29,120.0,2023-07-17,,1.0
vreme sutra,2023,30,130.0,2023-07-24,,1.0
vreme sutra,2023,31,100.0,2023-07-31,,1.0
vreme sutra,2023,32,80.0,2023-08-07,,1.0
vreme sutra,2023,33,60.0,2023-08-14,,1.0
vreme sutra,2023,34,110.0,2023-08-21,,1.0
vreme sutra,2023,35,80.0,2023-08-28,,1.0
vreme sutra,2023,36,70.0,2023-09-04,,1.0
vreme sutra,2023,37,100.0,2023-09-11,,1.0
vreme sutra,2023,38,90.0,2023-09-18,,1.0
vreme sutra,2023,39,70.0,2023-09-25,,1.0
vreme sutra,2023,40,70.0,2023-10-02,,1.0
vreme sutra,2023,41,100.0,2023-10-09,,1.0
vreme sutra,2023,42,90.0,2023-10-16,,1.0
vreme sutra,2023,43,110.0,2023-10-23,,1.0
vreme sutra,2023,44,110.0,2023-10-30,,1.0
vreme sutra,2023,45,100.0,2023-11-06,1.0,1.0
vreme sutra,2023,46,100.0,2023-11-13,,1.0
vreme sutra,2023,47,100.0,2023-11-20,1.0,1.0
vreme sutra,2023,48,90.0,2023-11-27,1.0,1.0
vreme sutra,2023,49,90.0,2023-12-04,3.0,1.0
vreme sutra,2023,50,50.0,2023-12-11,7.0,1.0
vreme sutra,2023,51,40.0,2023-12-18,7.0,1.0
vreme sutra,2023,52,60.0,2023-12-25,21.0,1.0
vreme sutra,2024,1,70.0,2024-01-01,10.0,1.0
vreme sutra,2024,2,80.0,2024-01-08,21.0,1.0
vreme sutra,2024,3,70.0,2024-01-15,46.0,1.0
vreme sutra,2024,4,30.0,2024-01-22,93.0,1.0
vreme sutra,2024,5,30.0,2024-01-29,130.0,1.0
vreme sutra,2024,6,50.0,2024-02-05,119.0,1.0
vreme sutra,2024,7,40.0,2024-02-12,48.0,1.0
vreme sutra,2024,8,50.0,2024-02-19,82.0,1.0
vreme sutra,2024,9,60.0,2024-02-26,32.0,1.0
vreme sutra,2024,10,60.0,2024-03-04,22.0,1.0
vreme sutra,2024,11,60.0,2024-03-11,4.0,1.0
vreme sutra,2024,12,60.0,2024-03-18,1.0,1.0
vreme sutra,2024,13,60.0,2024-03-25,,1.0
vreme sutra,2024,14,40.0,2024-04-01,3.0,1.0
vreme sutra,2024,15,100.0,2024-04-08,2.0,1.0
vreme sutra,2024,16,90.0,2024-04-15,,1.0
vreme sutra,2024,17,90.0,2024-04-22,1.0,1.0
vreme sutra,2024,18,100.0,2024-04-29,,1.0
vreme sutra,2024,19,100.0,2024-05-06,1.0,1.0
vreme sutra,2024,20,120.0,2024-05-13,,1.0
vreme sutra,2024,21,80.0,2024-05-20,,1.0
vreme sutra,2024,22,80.0,2024-05-27,,1.0
vreme sutra,2024,23,160.0,2024-06-03,,1.0
vreme sutra,2024,24,350.0,2024-06-10,,1.0
vreme sutra,2024,25,730.0,2024-06-17,,1.0
vreme sutra,2024,26,800.0,2024-06-24,,1.0
vreme sutra,2024,27,670.0,2024-07-01,,1.0
vreme sutra,2024,28,960.0,2024-07-08,,1.0
vreme sutra,2024,29,710.0,2024-07-15,,1.0
vreme sutra,2024,30,800.0,2024-07-22,,1.0
vreme sutra,2024,31,520.0,2024-07-29,,1.0
vreme sutra,2024,32,750.0,2024-08-05,,1.0
vreme sutra,2024,33,740.0,2024-08-12,,1.0
vreme sutra,2024,34,640.0,2024-08-19,,1.0
vreme sutra,2024,35,600.0,2024-08-26,,1.0
vreme sutra,2024,36,1000.0,2024-09-02,,1.0
vreme sutra,2024,37,520.0,2024-09-09,,1.0
vreme sutra,2024,38,70.0,2024-09-16,,1.0
vreme sutra,2024,39,100.0,2024-09-23,,1.0
vreme sutra,2024,40,90.0,2024-09-30,,1.0
vreme sutra,2024,41,50.0,2024-10-07,1.0,1.0
vreme sutra,2024,42,40.0,2024-10-14,,1.0
vreme sutra,2024,43,40.0,2024-10-21,,1.0
vreme sutra,2024,44,30.0,2024-10-28,,1.0
vreme sutra,2024,45,50.0,2024-11-04,,1.0
vreme sutra,2024,46,60.0,2024-11-11,,1.0
vreme sutra,2024,47,60.0,2024-11-18,,1.0
vreme sutra,2024,48,40.0,2024-11-25,,1.0
vreme sutra,2024,49,40.0,2024-12-02,2.0,1.0
vreme sutra,2024,50,40.0,2024-12-09,13.0,1.0
vreme sutra,2024,51,50.0,2024-12-16,3.0,1.0
vreme sutra,2024,52,40.0,2024-12-23,27.0,1.0
vreme sutra,2025,1,50.0,2024-12-30,6.0,1.0
vreme sutra,2025,2,30.0,2025-01-06,15.0,1.0
vreme sutra,2025,3,30.0,2025-01-13,36.0,1.0
vreme sutra,2025,4,400.0,2025-01-20,77.0,1.0
vreme sutra,2025,5,560.0,2025-01-27,71.0,1.0
vreme sutra,2025,6,710.0,2025-02-03,36.0,1.0
vreme sutra,2025,7,670.0,2025-02-10,45.0,1.0
vreme sutra,2025,8,650.0,2025-02-17,43.0,1.0
vreme sutra,2025,9,540.0,2025-02-24,54.0,1.0
vreme sutra,2025,10,830.0,2025-03-03,63.0,1.0
vreme sutra,2025,11,760.0,2025-03-10,19.0,1.0
vreme sutra,2025,12,820.0,2025-03-17,18.0,1.0
vreme sutra,2025,13,980.0,2025-03-24,8.0,1.0
vreme sutra,2025,14,840.0,2025-03-31,2.0,1.0
vreme sutra,2025,15,540.0,2025-04-07,2.0,1.0
vreme sutra,2025,16,80.0,2025-04-14,,1.0
vreme sutra,2025,17,40.0,2025-04-21,,1.0
vreme sutra,2025,18,80.0,2025-04-28,2.0,1.0
vreme sutra,2025,19,80.0,2025-05-05,,1.0
vreme sutra,2025,20,80.0,2025-05-12,,1.0
vreme sutra,2025,21,60.0,2025-05-19,,1.0
vreme sutra,2025,22,40.0,2025-05-26,,1.0
vreme sutra,2025,23,50.0,2025-06-02,,1.0
vreme sutra,2025,24,30.0,2025-06-09,,1.0
vreme sutra,2025,25,50.0,2025-06-16,,1.0
vreme sutra,2025,26,30.0,2025-06-23,,1.0
vreme sutra,2025,27,80.0,2025-06-30,,
vreme sutra,2025,28,60.0,2025-07-07,,1.0
vreme sutra,2025,29,60.0,2025-07-14,,1.0
vreme sutra,2025,30,70.0,2025-07-21,,1.0
vreme sutra,2025,31,50.0,2025-07-28,,1.0
vreme sutra,2025,32,40.0,2025-08-04,,1.0
vreme sutra,2025,33,60.0,2025-08-11,,1.0
vreme sutra,2025,34,60.0,2025-08-18,,1.0
vreme sutra,2025,35,60.0,2025-08-25,,1.0
vreme sutra,2025,36,70.0,2025-09-01,,1.0
vreme sutra,2025,37,60.0,2025-09-08,,1.0
vreme sutra,2025,38,60.0,2025-09-15,,1.0
vreme sutra,2025,39,70.0,2025-09-22,,1.0
vreme sutra,2025,40,60.0,2025-09-29,,1.0
vreme sutra,2025,41,50.0,2025-10-06,,1.0
vreme sutra,2025,42,70.0,2025-10-13,2.0,1.0
vreme sutra,2025,43,40.0,2025-10-20,3.0,1.0
vreme sutra,2025,44,70.0,2025-10-27,,1.0
vreme sutra,2025,45,50.0,2025-11-03,4.0,1.0
vreme sutra,2025,46,70.0,2025-11-10,2.0,1.0
vreme sutra,2025,47,60.0,2025-11-17,11.0,1.0
vreme sutra,2025,48,50.0,2025-11-24,14.0,1.0
vreme sutra,2025,49,30.0,2025-12-01,36.0,1.0
vreme sutra,2025,50,20.0,2025-12-08,55.0,1.0
vreme sutra,2025,51,30.0,2025-12-15,54.0,1.0
vreme sutra,2025,52,40.0,2025-12-22,45.0,1.0
vreme sutra,2026,1,79.81443298969072,2025-12-29,24.0,1.0
vreme sutra,2026,2,42.43298969072165,2026-01-05,8.0,1.0
vreme sutra,2026,3,34.350515463917525,2026-01-12,7.0,1.0
vreme sutra,2026,4,36.371134020618555,2026-01-19,15.0,1.0
vreme sutra,2026,5,49.50515463917526,2026-01-26,3.0,1.0
vreme sutra,2026,6,59.60824742268041,2026-02-02,4.0,1.0
vreme sutra,2026,7,72.74226804123711,2026-02-09,,1.0
vreme sutra,2026,8,37.381443298969074,2026-02-16,1.0,1.0
vreme sutra,2026,9,39.4020618556701,2026-02-23,2.0,1.0
vreme sutra,2026,10,35.360824742268036,2026-03-02,,1.0
vreme sutra,2026,11,50.51546391752577,2026-03-09,,1.0
vreme sutra,2026,12,64.65979381443299,2026-03-16,1.0,1.0
vreme sutra,2026,13,56.577319587628864,2026-03-23,,1.0
vreme sutra,2026,14,51.52577319587628,2026-03-30,,1.0
vreme sutra,2026,15,53.54639175257732,2026-04-06,,1.0
vreme sutra,2026,16,57.58762886597938,2026-04-13,,1.0
vreme sutra,2026,17,65.6701030927835,2026-04-20,,
vreme sutra,2026,18,60.618556701030926,2026-04-27,,1.0
vreme sutra,2026,19,101.03092783505154,2026-05-04,,1.0
vreme sutra,2026,20,60.618556701030926,2026-05-11,,1.0
vreme sutra,2026,21,40.41237113402062,2026-05-18,,1.0
vreme sutra,2026,22,84.8659793814433,2026-05-25,,1.0
vreme sutra,2026,23,66.68041237113403,2026-06-01,,1.0
vreme sutra,2026,24,46.47422680412371,2026-06-08,,1.0
vreme sutra,2026,25,49.50515463917526,2026-06-15,,1.0
vreme sutra,2026,26,62.63917525773196,2026-06-22,,1.0
vreme sutra,2026,27,52.5360824742268,2026-06-29,,1.0
vreme sutra,2026,28,40.41237113402062,2026-07-06,,1.0
vreme sutra,2026,29,61.628865979381445,2026-07-13,,1.0
vreme sutra,2026,30,26.2680412371134,2026-07-20,,
vreme sutra,2026,31,29.298969072164947,2026-07-27,,1.0
