ISO_YEAR,ISO_WEEK,date,bol u grlu,bol u misicima,bronhitis,caj za grip,curenje nosa,grip,kasalj,lek za grip,lek za prehladu,malaksalost,povisena temperatura,prehlada,recept za kolac,simptomi gripa,simptomi prehlade,sirup za kasalj,tenis,vakcina protiv gripa,virus gripa,vreme sutra,INF_ALL,ILI_ACTIVITY
2013,1,2012-12-31,59.0,0.0,63.0,0.0,0.0,19.0,39.0,0.0,0.0,0.0,0.0,62.0,37.0,0.0,,0.0,18.0,0.0,0.0,15.0,,
2013,2,2013-01-07,0.0,0.0,58.0,0.0,0.0,29.0,42.0,0.0,0.0,0.0,58.0,52.0,49.0,0.0,,0.0,42.0,0.0,0.0,32.0,3.0,3.0
2013,3,2013-01-14,39.0,0.0,53.0,0.0,0.0,17.0,43.0,0.0,0.0,0.0,0.0,50.0,50.0,0.0,,54.0,66.0,0.0,0.0,25.0,16.0,3.0
2013,4,2013-01-21,0.0,0.0,56.0,0.0,0.0,22.0,43.0,0.0,0.0,58.0,0.0,46.0,39.0,0.0,,75.0,39.0,0.0,0.0,16.0,14.0,3.0
2013,5,2013-01-28,62.0,0.0,58.0,0.0,0.0,31.0,53.0,0.0,0.0,67.0,0.0,59.0,40.0,0.0,,56.0,21.0,0.0,0.0,23.0,23.0,5.0
2013,6,2013-02-04,37.0,0.0,60.0,0.0,0.0,40.0,67.0,0.0,0.0,0.0,65.0,74.0,32.0,18.0,,0.0,22.0,0.0,0.0,27.0,30.0,6.0
2013,7,2013-02-11,37.0,0.0,63.0,0.0,0.0,36.0,62.0,0.0,0.0,88.0,56.0,47.0,54.0,20.0,,66.0,21.0,0.0,67.0,16.0,66.0,6.0
2013,8,2013-02-18,70.0,0.0,42.0,0.0,0.0,28.0,54.0,0.0,0.0,50.0,65.0,42.0,52.0,0.0,,56.0,37.0,0.0,0.0,23.0,41.0,6.0
2013,9,2013-02-25,46.0,0.0,72.0,0.0,0.0,28.0,50.0,0.0,0.0,43.0,0.0,44.0,32.0,0.0,,0.0,23.0,0.0,0.0,22.0,29.0,6.0
2013,10,2013-03-04,41.0,0.0,47.0,0.0,0.0,25.0,41.0,0.0,0.0,55.0,70.0,23.0,37.0,0.0,,72.0,47.0,0.0,0.0,40.0,25.0,6.0
2013,11,2013-03-11,0.0,0.0,63.0,0.0,0.0,20.0,32.0,0.0,0.0,0.0,72.0,39.0,34.0,0.0,,0.0,28.0,0.0,0.0,47.0,10.0,5.0
2013,12,2013-03-18,0.0,0.0,44.0,0.0,0.0,17.0,48.0,0.0,0.0,0.0,0.0,44.0,44.0,0.0,,0.0,36.0,0.0,0.0,42.0,7.0,5.0
2013,13,2013-03-25,43.0,0.0,46.0,0.0,0.0,17.0,34.0,0.0,0.0,47.0,0.0,37.0,32.0,0.0,,0.0,28.0,0.0,0.0,40.0,3.0,1.0
2013,14,2013-04-01,47.0,0.0,50.0,0.0,0.0,15.0,31.0,0.0,0.0,0.0,0.0,40.0,43.0,0.0,,0.0,26.0,0.0,0.0,46.0,3.0,3.0
2013,15,2013-04-08,0.0,0.0,33.0,0.0,0.0,18.0,39.0,0.0,0.0,0.0,0.0,52.0,0.0,0.0,,0.0,40.0,0.0,0.0,21.0,1.0,3.0
2013,16,2013-04-15,0.0,0.0,37.0,0.0,0.0,18.0,37.0,0.0,0.0,54.0,0.0,25.0,0.0,0.0,,0.0,34.0,0.0,0.0,24.0,3.0,3.0
2013,17,2013-04-22,45.0,0.0,48.0,0.0,0.0,13.0,31.0,0.0,0.0,0.0,84.0,0.0,66.0,0.0,,0.0,19.0,0.0,0.0,25.0,,2.0
2013,18,2013-04-29,41.0,0.0,35.0,0.0,0.0,13.0,28.0,0.0,0.0,0.0,0.0,0.0,0.0,0.0,,0.0,41.0,0.0,0.0,53.0,,2.0
2013,19,2013-05-06,0.0,0.0,0.0,0.0,0.0,6.0,22.0,0.0,0.0,0.0,0.0,22.0,0.0,0.0,,0.0,49.0,0.0,0.0,52.0,,2.0
2013,20,2013-05-13,42.0,0.0,28.0,0.0,0.0,13.0,24.0,0.0,0.0,46.0,0.0,24.0,47.0,0.0,,0.0,24.0,0.0,0.0,77.0,,2.0
2013,21,2013-05-20,0.0,0.0,36.0,0.0,0.0,12.0,22.0,0.0,0.0,59.0,0.0,26.0,0.0,0.0,,0.0,61.0,0.0,0.0,72.0,,
2013,22,2013-05-27,45.0,0.0,34.0,0.0,0.0,14.0,26.0,0.0,0.0,0.0,0.0,37.0,31.0,0.0,,0.0,70.0,0.0,0.0,68.0,,
2013,23,2013-06-03,46.0,0.0,35.0,0.0,0.0,15.0,28.0,0.0,0.0,0.0,0.0,24.0,0.0,0.0,,0.0,28.0,0.0,0.0,71.0,,
2013,24,2013-06-10,0.0,0.0,32.0,0.0,0.0,8.0,28.0,0.0,0.0,0.0,0.0,27.0,41.0,0.0,,0.0,21.0,0.0,0.0,39.0,,
2013,25,2013-06-17,0.0,0.0,0.0,0.0,0.0,10.0,26.0,0.0,0.0,0.0,0.0,38.0,32.0,0.0,,0.0,47.0,0.0,0.0,72.0,,
2013,26,2013-06-24,0.0,0.0,0.0,0.0,0.0,9.0,21.0,0.0,0.0,0.0,0.0,0.0,32.0,0.0,,0.0,58.0,0.0,0.0,40.0,,
2013,27,2013-07-01,0.0,0.0,31.0,0.0,0.0,8.0,16.0,0.0,0.0,0.0,0.0,0.0,0.0,0.0,,0.0,29.0,0.0,0.0,35.0,,
2013,28,2013-07-08,0.0,0.0,33.0,0.0,0.0,9.0,22.0,0.0,0.0,63.0,0.0,0.0,49.0,0.0,,59.0,19.0,0.0,0.0,28.0,,
2013,29,2013-07-15,67.0,0.0,0.0,0.0,0.0,8.0,20.0,0.0,0.0,0.0,0.0,0.0,35.0,0.0,,0.0,20.0,0.0,0.0,15.0,,
2013,30,2013-07-22,0.0,0.0,0.0,0.0,0.0,8.0,20.0,0.0,0.0,98.0,0.0,29.0,53.0,0.0,,62.0,20.0,0.0,0.0,23.0,,
2013,31,2013-07-29,0.0,0.0,0.0,0.0,0.0,11.0,20.0,0.0,0.0,90.0,0.0,0.0,0.0,0.0,,0.0,31.0,0.0,0.0,27.0,,
2013,32,2013-08-05,0.0,0.0,0.0,0.0,0.0,13.0,20.0,0.0,0.0,55.0,0.0,0.0,0.0,0.0,,0.0,48.0,0.0,0.0,26.0,,
2013,33,2013-08-12,0.0,0.0,0.0,0.0,0.0,11.0,16.0,0.0,0.0,0.0,65.0,31.0,40.0,0.0,,0.0,23.0,0.0,0.0,29.0,,
2013,34,2013-08-19,0.0,0.0,35.0,0.0,0.0,11.0,25.0,0.0,0.0,54.0,0.0,0.0,42.0,0.0,,0.0,38.0,0.0,0.0,28.0,,
2013,35,2013-08-26,50.0,0.0,33.0,0.0,0.0,8.0,21.0,0.0,0.0,0.0,0.0,38.0,0.0,0.0,,0.0,55.0,0.0,0.0,40.0,,
2013,36,2013-09-02,0.0,0.0,28.0,0.0,60.0,16.0,31.0,0.0,0.0,50.0,0.0,63.0,33.0,0.0,,0.0,36.0,0.0,0.0,45.0,,
2013,37,2013-09-09,46.0,0.0,37.0,0.0,0.0,16.0,38.0,0.0,0.0,0.0,0.0,76.0,0.0,0.0,,0.0,22.0,0.0,0.0,42.0,,
2013,38,2013-09-16,38.0,0.0,67.0,0.0,0.0,14.0,42.0,0.0,0.0,0.0,0.0,89.0,0.0,0.0,,0.0,18.0,0.0,0.0,41.0,,
2013,39,2013-09-23,0.0,0.0,43.0,0.0,96.0,14.0,47.0,0.0,0.0,0.0,0.0,78.0,61.0,0.0,,0.0,39.0,0.0,0.0,40.0,,
2013,40,2013-09-30,63.0,0.0,61.0,0.0,70.0,16.0,52.0,0.0,0.0,49.0,0.0,81.0,37.0,0.0,,0.0,61.0,0.0,0.0,35.0,,
2013,41,2013-10-07,57.0,0.0,68.0,0.0,0.0,17.0,56.0,0.0,100.0,0.0,0.0,41.0,43.0,0.0,,0.0,30.0,0.0,0.0,44.0,,1.0
2013,42,2013-10-14,44.0,0.0,45.0,0.0,0.0,16.0,47.0,0.0,0.0,0.0,0.0,44.0,61.0,0.0,,0.0,30.0,0.0,0.0,26.0,,1.0
2013,43,2013-10-21,44.0,0.0,39.0,0.0,0.0,16.0,48.0,0.0,0.0,0.0,0.0,42.0,54.0,0.0,,0.0,46.0,0.0,0.0,20.0,,1.0
2013,44,2013-10-28,39.0,0.0,49.0,0.0,0.0,19.0,52.0,0.0,0.0,0.0,0.0,45.0,42.0,0.0,,65.0,46.0,0.0,0.0,32.0,,1.0
2013,45,2013-11-04,37.0,0.0,47.0,0.0,0.0,11.0,62.0,0.0,0.0,0.0,0.0,43.0,61.0,0.0,,0.0,35.0,0.0,0.0,36.0,,1.0
2013,46,2013-11-11,51.0,0.0,60.0,0.0,0.0,14.0,51.0,0.0,0.0,51.0,0.0,32.0,63.0,0.0,,0.0,22.0,0.0,0.0,30.0,,1.0
2013,47,2013-11-18,77.0,0.0,64.0,0.0,0.0,10.0,50.0,0.0,0.0,0.0,0.0,54.0,46.0,0.0,,0.0,14.0,0.0,0.0,30.0,,1.0
2013,48,2013-11-25,0.0,0.0,56.0,0.0,0.0,16.0,55.0,0.0,0.0,0.0,56.0,62.0,46.0,0.0,,0.0,12.0,0.0,0.0,20.0,,1.0
2013,49,2013-12-02,54.0,0.0,62.0,0.0,0.0,11.0,54.0,0.0,0.0,0.0,0.0,51.0,66.0,0.0,,0.0,11.0,0.0,0.0,14.0,,1.0
2013,50,2013-12-09,47.0,0.0,57.0,0.0,56.0,18.0,57.0,0.0,0.0,43.0,0.0,71.0,71.0,0.0,,0.0,12.0,0.0,0.0,12.0,,1.0
2013,51,2013-12-16,55.0,0.0,45.0,0.0,70.0,17.0,44.0,0.0,0.0,0.0,0.0,54.0,33.0,0.0,,0.0,15.0,0.0,0.0,18.0,,1.0
2013,52,2013-12-23,37.0,0.0,59.0,0.0,0.0,17.0,64.0,0.0,0.0,48.0,0.0,42.0,63.0,0.0,,0.0,20.0,0.0,0.0,13.0,,1.0
2014,1,2013-12-30,48.0,0.0,64.0,0.0,63.0,19.0,67.0,0.0,0.0,62.0,59.0,53.0,53.0,0.0,,0.0,17.0,0.0,0.0,15.0,,1.0
2014,2,2014-01-06,51.0,0.0,56.0,0.0,88.0,21.0,48.0,0.0,0.0,37.0,0.0,49.0,38.0,0.0,,46.0,44.0,0.0,0.0,23.0,1.0,1.0
2014,3,2014-01-13,53.0,0.0,50.0,0.0,0.0,20.0,47.0,0.0,0.0,0.0,0.0,31.0,42.0,0.0,,47.0,57.0,0.0,0.0,23.0,2.0,1.0
2014,4,2014-01-20,30.0,0.0,62.0,0.0,0.0,16.0,56.0,0.0,0.0,0.0,61.0,53.0,56.0,0.0,,0.0,22.0,0.0,0.0,38.0,3.0,1.0
2014,5,2014-01-27,49.0,0.0,65.0,0.0,0.0,15.0,58.0,0.0,0.0,36.0,54.0,56.0,45.0,0.0,,0.0,16.0,0.0,0.0,23.0,2.0,1.0
2014,6,2014-02-03,50.0,0.0,75.0,0.0,0.0,19.0,57.0,0.0,63.0,37.0,0.0,68.0,59.0,0.0,,0.0,21.0,0.0,0.0,33.0,3.0,1.0
2014,7,2014-02-10,36.0,0.0,65.0,0.0,0.0,33.0,71.0,0.0,0.0,0.0,0.0,50.0,41.0,0.0,,50.0,22.0,0.0,0.0,28.0,20.0,1.0
2014,8,2014-02-17,60.0,0.0,66.0,0.0,0.0,22.0,60.0,0.0,0.0,59.0,75.0,51.0,50.0,0.0,,47.0,30.0,0.0,0.0,30.0,6.0,1.0
2014,9,2014-02-24,76.0,0.0,100.0,0.0,0.0,23.0,69.0,0.0,0.0,0.0,54.0,63.0,42.0,0.0,,67.0,21.0,0.0,0.0,35.0,15.0,1.0
2014,10,2014-03-03,48.0,0.0,80.0,0.0,0.0,19.0,67.0,0.0,0.0,40.0,0.0,58.0,49.0,0.0,,0.0,41.0,0.0,0.0,24.0,12.0,1.0
2014,11,2014-03-10,52.0,0.0,65.0,0.0,55.0,19.0,67.0,0.0,0.0,47.0,62.0,46.0,31.0,0.0,,0.0,31.0,0.0,0.0,32.0,15.0,1.0
2014,12,2014-03-17,48.0,0.0,62.0,0.0,0.0,22.0,51.0,0.0,0.0,53.0,0.0,51.0,45.0,0.0,,0.0,50.0,0.0,0.0,42.0,16.0,1.0
2014,13,2014-03-24,73.0,0.0,45.0,0.0,0.0,15.0,54.0,0.0,0.0,0.0,0.0,45.0,35.0,0.0,,66.0,28.0,0.0,0.0,42.0,20.0,1.0
2014,14,2014-03-31,52.0,0.0,60.0,0.0,0.0,12.0,42.0,0.0,0.0,67.0,62.0,33.0,52.0,0.0,,0.0,20.0,0.0,0.0,60.0,9.0,1.0
2014,15,2014-04-07,45.0,0.0,0.0,0.0,0.0,16.0,39.0,0.0,0.0,46.0,0.0,24.0,52.0,0.0,,0.0,40.0,0.0,0.0,56.0,5.0,1.0
2014,16,2014-04-14,60.0,0.0,41.0,0.0,53.0,13.0,46.0,0.0,0.0,51.0,0.0,45.0,0.0,0.0,,0.0,29.0,0.0,0.0,64.0,3.0,1.0
2014,17,2014-04-21,48.0,0.0,55.0,0.0,55.0,10.0,47.0,0.0,0.0,0.0,0.0,52.0,73.0,0.0,,0.0,20.0,0.0,0.0,63.0,1.0,1.0
2014,18,2014-04-28,0.0,0.0,71.0,0.0,0.0,13.0,39.0,0.0,0.0,40.0,0.0,55.0,61.0,0.0,,0.0,29.0,0.0,0.0,38.0,,1.0
2014,19,2014-05-05,43.0,0.0,33.0,0.0,0.0,13.0,39.0,0.0,0.0,37.0,0.0,39.0,37.0,0.0,,0.0,53.0,0.0,0.0,79.0,1.0,1.0
2014,20,2014-05-12,66.0,0.0,47.0,0.0,0.0,9.0,28.0,0.0,0.0,96.0,0.0,33.0,31.0,0.0,,0.0,25.0,0.0,0.0,49.0,,1.0
2014,21,2014-05-19,64.0,0.0,63.0,0.0,0.0,15.0,45.0,0.0,0.0,52.0,86.0,23.0,47.0,0.0,,0.0,57.0,0.0,0.0,58.0,,
2014,22,2014-05-26,45.0,0.0,44.0,0.0,0.0,14.0,28.0,0.0,0.0,46.0,0.0,40.0,37.0,0.0,,0.0,69.0,0.0,0.0,39.0,,
2014,23,2014-06-02,63.0,0.0,39.0,0.0,0.0,12.0,35.0,0.0,0.0,0.0,0.0,0.0,0.0,0.0,,0.0,32.0,0.0,0.0,33.0,,
2014,24,2014-06-09,51.0,0.0,45.0,0.0,57.0,11.0,30.0,0.0,0.0,46.0,0.0,32.0,50.0,0.0,,0.0,21.0,0.0,0.0,59.0,,
2014,25,2014-06-16,41.0,0.0,0.0,0.0,0.0,9.0,27.0,0.0,0.0,49.0,0.0,27.0,30.0,0.0,,0.0,45.0,0.0,0.0,60.0,,
2014,26,2014-06-23,58.0,0.0,36.0,0.0,0.0,12.0,29.0,0.0,0.0,51.0,0.0,0.0,66.0,0.0,,0.0,55.0,0.0,0.0,62.0,,
2014,27,2014-06-30,0.0,0.0,0.0,0.0,0.0,12.0,34.0,0.0,0.0,55.0,0.0,0.0,0.0,0.0,,0.0,25.0,0.0,0.0,67.0,,
2014,28,2014-07-07,40.0,0.0,0.0,0.0,0.0,9.0,44.0,0.0,0.0,83.0,0.0,0.0,37.0,0.0,,0.0,19.0,0.0,0.0,48.0,,
2014,29,2014-07-14,58.0,0.0,33.0,0.0,0.0,7.0,30.0,0.0,0.0,0.0,0.0,0.0,37.0,0.0,,0.0,22.0,0.0,0.0,59.0,,
2014,30,2014-07-21,0.0,0.0,0.0,0.0,0.0,14.0,25.0,0.0,0.0,65.0,0.0,24.0,39.0,0.0,,0.0,20.0,0.0,0.0,80.0,,
2014,31,2014-07-28,40.0,0.0,47.0,0.0,0.0,13.0,33.0,0.0,0.0,0.0,0.0,0.0,0.0,0.0,,0.0,33.0,0.0,0.0,59.0,,
2014,32,2014-08-04,55.0,0.0,42.0,0.0,0.0,14.0,29.0,0.0,0.0,47.0,73.0,0.0,51.0,0.0,,0.0,37.0,0.0,0.0,46.0,,
2014,33,2014-08-11,53.0,0.0,28.0,0.0,0.0,12.0,22.0,0.0,0.0,98.0,0.0,46.0,0.0,0.0,,0.0,23.0,0.0,0.0,52.0,,
2014,34,2014-08-18,46.0,0.0,36.0,0.0,0.0,12.0,33.0,0.0,0.0,44.0,0.0,0.0,0.0,0.0,,0.0,38.0,0.0,0.0,49.0,,
2014,35,2014-08-25,68.0,0.0,0.0,0.0,0.0,16.0,33.0,0.0,0.0,0.0,0.0,42.0,0.0,0.0,,0.0,55.0,0.0,0.0,78.0,,
2014,36,2014-09-01,94.0,0.0,68.0,0.0,0.0,13.0,42.0,0.0,0.0,58.0,0.0,49.0,44.0,0.0,,0.0,25.0,0.0,0.0,76.0,,
2014,37,2014-09-08,60.0,0.0,62.0,0.0,68.0,15.0,49.0,0.0,0.0,0.0,0.0,68.0,46.0,0.0,,0.0,22.0,0.0,0.0,54.0,,
2014,38,2014-09-15,69.0,0.0,63.0,0.0,69.0,11.0,53.0,0.0,0.0,48.0,71.0,78.0,50.0,0.0,,0.0,21.0,0.0,0.0,70.0,,
2014,39,2014-09-22,36.0,0.0,64.0,0.0,0.0,19.0,54.0,0.0,0.0,0.0,0.0,88.0,58.0,0.0,,0.0,41.0,100.0,0.0,41.0,1.0,1.0
2014,40,2014-09-29,62.0,0.0,67.0,0.0,0.0,19.0,67.0,0.0,0.0,52.0,0.0,83.0,70.0,0.0,,85.0,47.0,0.0,0.0,35.0,1.0,1.0
2014,41,2014-10-06,84.0,0.0,66.0,0.0,0.0,14.0,75.0,0.0,0.0,61.0,100.0,58.0,40.0,0.0,,0.0,20.0,0.0,0.0,47.0,,1.0
2014,42,2014-10-13,50.0,0.0,86.0,0.0,0.0,20.0,65.0,0.0,0.0,46.0,0.0,67.0,0.0,0.0,,67.0,29.0,0.0,0.0,60.0,,1.0
2014,43,2014-10-20,45.0,0.0,68.0,0.0,0.0,13.0,78.0,0.0,0.0,53.0,0.0,68.0,80.0,0.0,,0.0,39.0,0.0,0.0,30.0,,1.0
2014,44,2014-10-27,75.0,0.0,89.0,0.0,0.0,21.0,89.0,0.0,0.0,42.0,73.0,66.0,74.0,0.0,,66.0,18.0,0.0,0.0,33.0,,1.0
2014,45,2014-11-03,71.0,0.0,55.0,0.0,0.0,16.0,83.0,0.0,0.0,70.0,0.0,46.0,65.0,0.0,,81.0,40.0,0.0,0.0,34.0,,1.0
2014,46,2014-11-10,52.0,0.0,71.0,0.0,0.0,15.0,65.0,0.0,0.0,60.0,0.0,48.0,80.0,0.0,,64.0,24.0,0.0,0.0,27.0,,1.0
2014,47,2014-11-17,54.0,0.0,71.0,0.0,52.0,17.0,68.0,0.0,0.0,55.0,58.0,56.0,50.0,0.0,,63.0,12.0,0.0,0.0,32.0,,1.0
2014,48,2014-11-24,88.0,0.0,78.0,0.0,0.0,12.0,79.0,0.0,0.0,0.0,0.0,40.0,32.0,0.0,,65.0,11.0,0.0,0.0,35.0,,1.0
2014,49,2014-12-01,50.0,0.0,88.0,0.0,52.0,18.0,81.0,0.0,0.0,46.0,0.0,59.0,54.0,0.0,,57.0,12.0,0.0,0.0,28.0,,1.0
2014,50,2014-12-08,69.0,0.0,83.0,0.0,0.0,13.0,77.0,0.0,0.0,41.0,0.0,57.0,92.0,0.0,,50.0,10.0,0.0,0.0,23.0,,1.0
2014,51,2014-12-15,57.0,0.0,71.0,0.0,0.0,15.0,73.0,0.0,0.0,39.0,0.0,59.0,0.0,0.0,,77.0,8.0,0.0,0.0,34.0,,1.0
2014,52,2014-12-22,85.0,0.0,74.0,0.0,0.0,18.0,96.0,0.0,0.0,0.0,0.0,81.0,56.0,0.0,,74.0,14.0,0.0,0.0,38.0,,1.0
2015,1,2014-12-29,84.0,0.0,85.0,0.0,52.0,17.0,99.0,0.0,0.0,0.0,79.0,98.0,100.0,0.0,,64.0,27.0,0.0,0.0,36.0,,1.0
2015,2,2015-01-05,79.0,0.0,76.0,0.0,57.0,20.0,97.0,0.0,0.0,43.0,81.0,61.0,55.0,0.0,,100.0,19.0,0.0,0.0,28.0,,1.0
2015,3,2015-01-12,65.0,0.0,78.0,0.0,0.0,26.0,82.0,0.0,0.0,44.0,0.0,50.0,44.0,0.0,,49.0,38.0,0.0,0.0,31.0,2.0,1.0
2015,4,2015-01-19,69.0,0.0,61.0,0.0,0.0,23.0,83.0,0.0,0.0,62.0,0.0,44.0,34.0,0.0,,59.0,68.0,0.0,0.0,30.0,11.0,1.0
2015,5,2015-01-26,53.0,0.0,72.0,0.0,0.0,22.0,94.0,0.0,0.0,60.0,61.0,60.0,64.0,0.0,,56.0,29.0,0.0,0.0,35.0,22.0,1.0
2015,6,2015-02-02,65.0,0.0,74.0,0.0,49.0,25.0,87.0,0.0,0.0,0.0,54.0,71.0,46.0,0.0,,65.0,18.0,0.0,0.0,28.0,26.0,1.0
2015,7,2015-02-09,80.0,0.0,73.0,0.0,88.0,29.0,100.0,0.0,0.0,0.0,0.0,65.0,39.0,0.0,,82.0,22.0,0.0,0.0,25.0,51.0,1.0
2015,8,2015-02-16,67.0,0.0,90.0,0.0,0.0,36.0,94.0,100.0,0.0,35.0,0.0,61.0,60.0,0.0,,69.0,47.0,0.0,65.0,40.0,28.0,1.0
2015,9,2015-02-23,71.0,0.0,67.0,0.0,0.0,100.0,95.0,0.0,0.0,51.0,60.0,67.0,59.0,75.0,,0.0,23.0,0.0,61.0,54.0,67.0,1.0
2015,10,2015-03-02,89.0,91.0,87.0,0.0,0.0,99.0,72.0,0.0,0.0,70.0,0.0,58.0,51.0,100.0,,69.0,25.0,0.0,100.0,37.0,40.0,1.0
2015,11,2015-03-09,85.0,0.0,58.0,0.0,62.0,42.0,72.0,0.0,0.0,55.0,70.0,45.0,35.0,36.0,,0.0,40.0,0.0,0.0,36.0,58.0,1.0
2015,12,2015-03-16,73.0,0.0,49.0,0.0,0.0,39.0,64.0,0.0,0.0,0.0,0.0,42.0,33.0,22.0,,0.0,45.0,0.0,0.0,60.0,38.0,1.0
2015,13,2015-03-23,99.0,0.0,73.0,0.0,0.0,30.0,63.0,0.0,0.0,52.0,77.0,57.0,46.0,16.0,,0.0,45.0,0.0,0.0,86.0,30.0,1.0
2015,14,2015-03-30,67.0,0.0,61.0,0.0,0.0,20.0,56.0,0.0,0.0,0.0,0.0,46.0,53.0,15.0,,0.0,30.0,0.0,0.0,49.0,23.0,1.0
2015,15,2015-04-06,77.0,0.0,61.0,0.0,79.0,15.0,62.0,0.0,0.0,83.0,0.0,46.0,38.0,0.0,,0.0,49.0,0.0,0.0,59.0,13.0,1.0
2015,16,2015-04-13,58.0,0.0,50.0,0.0,57.0,16.0,51.0,0.0,0.0,0.0,0.0,65.0,42.0,0.0,,0.0,31.0,0.0,0.0,54.0,11.0,1.0
2015,17,2015-04-20,64.0,0.0,48.0,0.0,65.0,17.0,65.0,0.0,0.0,46.0,89.0,46.0,50.0,0.0,,0.0,23.0,0.0,0.0,84.0,5.0,1.0
2015,18,2015-04-27,59.0,0.0,60.0,0.0,67.0,12.0,47.0,0.0,0.0,55.0,61.0,46.0,42.0,0.0,,0.0,31.0,0.0,0.0,73.0,2.0,1.0
2015,19,2015-05-04,47.0,0.0,35.0,0.0,81.0,14.0,50.0,0.0,0.0,46.0,0.0,25.0,44.0,0.0,,0.0,58.0,0.0,0.0,71.0,1.0,1.0
2015,20,2015-05-11,63.0,0.0,34.0,0.0,79.0,11.0,47.0,0.0,0.0,67.0,0.0,38.0,0.0,0.0,,0.0,30.0,0.0,0.0,76.0,,1.0
2015,21,2015-05-18,45.0,0.0,52.0,0.0,0.0,8.0,44.0,0.0,0.0,73.0,0.0,46.0,0.0,0.0,,0.0,61.0,0.0,0.0,71.0,,
2015,22,2015-05-25,93.0,0.0,54.0,0.0,0.0,11.0,47.0,0.0,0.0,0.0,0.0,29.0,34.0,0.0,,58.0,100.0,0.0,0.0,36.0,,
2015,23,2015-06-01,91.0,0.0,53.0,0.0,66.0,11.0,50.0,0.0,0.0,100.0,0.0,36.0,0.0,0.0,,0.0,36.0,0.0,0.0,47.0,,
2015,24,2015-06-08,63.0,0.0,29.0,0.0,0.0,13.0,34.0,0.0,0.0,78.0,0.0,27.0,0.0,0.0,,0.0,28.0,0.0,0.0,77.0,,
2015,25,2015-06-15,48.0,0.0,50.0,0.0,0.0,12.0,37.0,0.0,0.0,74.0,0.0,35.0,42.0,0.0,,49.0,20.0,0.0,0.0,100.0,,
2015,26,2015-06-22,50.0,0.0,42.0,0.0,0.0,11.0,31.0,0.0,0.0,0.0,0.0,27.0,37.0,0.0,0.0,0.0,53.0,0.0,0.0,42.0,,
2015,27,2015-06-29,39.0,0.0,32.0,0.0,0.0,10.0,36.0,0.0,0.0,66.0,0.0,33.0,37.0,0.0,0.0,0.0,73.0,0.0,0.0,70.0,,
2015,28,2015-07-06,61.0,0.0,40.0,0.0,0.0,12.0,25.0,0.0,0.0,61.0,63.0,34.0,30.0,0.0,0.0,0.0,33.0,0.0,0.0,61.0,,
2015,29,2015-07-13,44.0,0.0,0.0,0.0,0.0,7.0,22.0,0.0,0.0,58.0,0.0,28.0,40.0,0.0,0.0,0.0,17.0,0.0,0.0,60.0,,
2015,30,2015-07-20,40.0,0.0,31.0,0.0,0.0,12.0,27.0,0.0,0.0,53.0,0.0,33.0,42.0,0.0,0.0,0.0,17.0,0.0,0.0,80.0,,
2015,31,2015-07-27,72.0,100.0,25.0,0.0,0.0,14.0,20.0,0.0,0.0,86.0,73.0,21.0,0.0,0.0,0.0,0.0,17.0,0.0,0.0,54.0,,
2015,32,2015-08-03,85.0,0.0,37.0,0.0,62.0,12.0,27.0,0.0,0.0,47.0,56.0,29.0,47.0,0.0,0.0,0.0,45.0,0.0,0.0,40.0,,
2015,33,2015-08-10,0.0,0.0,0.0,0.0,0.0,15.0,40.0,0.0,0.0,63.0,75.0,46.0,45.0,0.0,0.0,0.0,59.0,0.0,0.0,84.0,,
2015,34,2015-08-17,72.0,0.0,47.0,0.0,87.0,10.0,32.0,0.0,0.0,90.0,0.0,33.0,31.0,0.0,0.0,0.0,25.0,0.0,0.0,32.0,,
2015,35,2015-08-24,58.0,0.0,0.0,0.0,61.0,10.0,30.0,0.0,0.0,50.0,63.0,24.0,41.0,0.0,0.0,0.0,46.0,0.0,0.0,62.0,,
2015,36,2015-08-31,51.0,0.0,39.0,0.0,0.0,12.0,37.0,0.0,0.0,66.0,0.0,61.0,46.0,0.0,0.0,0.0,52.0,0.0,0.0,76.0,,
2015,37,2015-09-07,0.0,0.0,46.0,0.0,100.0,12.0,48.0,0.0,0.0,71.0,55.0,47.0,52.0,0.0,0.0,0.0,31.0,0.0,0.0,51.0,,
2015,38,2015-09-14,47.0,0.0,40.0,0.0,70.0,14.0,58.0,0.0,0.0,44.0,0.0,64.0,38.0,0.0,0.0,57.0,16.0,0.0,0.0,80.0,,
2015,39,2015-09-21,69.0,0.0,59.0,0.0,59.0,14.0,56.0,0.0,0.0,47.0,0.0,79.0,29.0,0.0,0.0,0.0,16.0,0.0,0.0,61.0,,
2015,40,2015-09-28,82.0,0.0,76.0,100.0,70.0,18.0,77.0,0.0,66.0,37.0,74.0,67.0,41.0,0.0,0.0,0.0,38.0,0.0,0.0,75.0,,
2015,41,2015-10-05,60.0,0.0,70.0,0.0,0.0,19.0,79.0,0.0,0.0,57.0,0.0,100.0,54.0,0.0,0.0,61.0,55.0,0.0,0.0,65.0,,
2015,42,2015-10-12,69.0,0.0,88.0,0.0,72.0,21.0,80.0,0.0,0.0,66.0,58.0,63.0,63.0,0.0,0.0,66.0,28.0,0.0,0.0,54.0,,
2015,43,2015-10-19,70.0,0.0,95.0,0.0,0.0,17.0,78.0,0.0,0.0,90.0,0.0,54.0,64.0,0.0,0.0,69.0,20.0,0.0,0.0,22.0,,
2015,44,2015-10-26,75.0,0.0,56.0,0.0,64.0,21.0,83.0,0.0,0.0,35.0,52.0,73.0,61.0,0.0,0.0,65.0,48.0,0.0,0.0,22.0,,
2015,45,2015-11-02,66.0,0.0,59.0,0.0,0.0,15.0,78.0,0.0,0.0,56.0,0.0,57.0,90.0,0.0,0.0,56.0,21.0,0.0,0.0,25.0,,1.0
2015,46,2015-11-09,42.0,0.0,73.0,0.0,0.0,13.0,79.0,0.0,0.0,60.0,70.0,40.0,76.0,0.0,0.0,69.0,47.0,0.0,0.0,35.0,,1.0
2015,47,2015-11-16,82.0,0.0,54.0,0.0,63.0,16.0,83.0,0.0,0.0,0.0,0.0,65.0,50.0,0.0,0.0,79.0,21.0,0.0,0.0,39.0,,1.0
2015,48,2015-11-23,73.0,0.0,77.0,0.0,0.0,11.0,76.0,0.0,79.0,0.0,50.0,46.0,34.0,0.0,0.0,75.0,11.0,0.0,0.0,21.0,,1.0
2015,49,2015-11-30,88.0,0.0,72.0,0.0,52.0,14.0,85.0,0.0,0.0,48.0,54.0,61.0,74.0,0.0,0.0,79.0,10.0,0.0,0.0,20.0,,1.0
2015,50,2015-12-07,76.0,0.0,63.0,0.0,80.0,17.0,97.0,0.0,0.0,64.0,0.0,73.0,89.0,0.0,0.0,93.0,10.0,0.0,0.0,19.0,,1.0
2015,51,2015-12-14,90.0,0.0,71.0,0.0,0.0,16.0,80.0,0.0,0.0,48.0,0.0,58.0,36.0,0.0,0.0,57.0,10.0,0.0,0.0,17.0,,1.0
2015,52,2015-12-21,100.0,0.0,67.0,0.0,54.0,17.0,82.0,0.0,0.0,40.0,0.0,53.0,64.0,0.0,0.0,76.0,11.0,0.0,0.0,33.0,,1.0
2015,53,2015-12-28,69.5581227436823,0.0,107.59439707673567,0.0,0.0,22.655826558265584,94.47777777777776,,0.0,36.6797385620915,73.08196721311475,93.76712328767124,73.60374288039057,0.0,0.0,44.83101391650099,35.4077791718946,0.0,0.0,48.70801033591731,,1.0
2016,1,2016-01-04,83.94945848375451,0.0,39.72716199756394,0.0,77.0,18.53658536585366,90.18333333333334,,0.0,45.849673202614376,0.0,66.262100456621,37.335231895850285,0.0,0.0,44.83101391650099,19.786700125470517,0.0,0.0,40.31007751937984,3.0,1.0
2016,2,2016-01-11,61.163176895306854,0.0,66.21193666260658,0.0,67.0,18.53658536585366,88.03611111111111,,0.0,62.879551820728295,65.97677595628414,73.7634703196347,53.33604556550041,0.0,0.0,0.0,52.0702634880803,0.0,0.0,43.66925064599483,6.0,1.0
2016,3,2016-01-18,65.96028880866426,78.125,57.93544457978075,0.0,79.0,16.476964769647697,92.33055555555556,,0.0,73.359477124183,0.0,55.01004566210046,59.73637103336046,0.0,0.0,0.0,79.14680050188207,0.0,0.0,25.1937984496124,16.0,1.0
2016,4,2016-01-25,88.74657039711191,79.6875,64.5566382460414,0.0,65.0,20.59620596205962,90.18333333333334,,0.0,74.66946778711484,48.721311475409834,61.26118721461187,26.668022782750207,0.0,0.0,57.38369781312127,30.200752823086574,0.0,0.0,33.591731266149864,14.0,1.0
2016,5,2016-02-01,56.36606498194946,0.0,54.624847746650424,0.0,0.0,21.626016260162604,75.15277777777777,,0.0,86.4593837535014,48.721311475409834,78.76438356164384,56.536208299430434,0.0,0.0,50.210735586481114,20.82810539523212,0.0,0.0,50.3875968992248,26.0,1.0
2016,6,2016-02-08,83.94945848375451,0.0,82.76492082825821,0.0,0.0,24.715447154471548,81.59444444444443,,0.0,45.849673202614376,50.75136612021858,60.010958904109586,48.00244100895037,70.0,0.0,52.00397614314115,24.993726474278542,0.0,24.0,48.70801033591731,36.0,1.0
2016,7,2016-02-15,100.7393501805054,0.0,54.624847746650424,0.0,48.0,21.626016260162604,75.15277777777777,,0.0,68.11951447245565,0.0,50.009132420091326,40.53539462978031,0.0,0.0,71.72962226640159,37.49058971141782,0.0,0.0,60.46511627906976,14.0,1.0
2016,8,2016-02-22,85.14873646209386,0.0,69.5225334957369,0.0,0.0,18.53658536585366,60.12222222222222,,0.0,48.46965452847806,53.79644808743169,46.25844748858447,54.40276647681042,0.0,0.0,48.41749502982107,18.74529485570891,0.0,0.0,60.46511627906976,33.0,1.0
2016,9,2016-02-29,97.14151624548737,0.0,61.24604141291107,0.0,0.0,24.715447154471548,70.85833333333333,,0.0,57.639589169000935,0.0,53.75981735159817,55.46948738812043,0.0,0.0,41.24453280318092,30.200752823086574,0.0,0.0,60.46511627906976,44.0,1.0
2016,10,2016-03-07,86.3480144404332,0.0,56.28014616321558,0.0,0.0,20.59620596205962,79.44722222222222,,0.0,53.70961718020541,50.75136612021858,62.51141552511415,33.068348250610256,0.0,0.0,53.7972166998012,52.0702634880803,0.0,0.0,35.27131782945736,50.0,1.0
2016,11,2016-03-14,97.14151624548737,0.0,61.24604141291107,0.0,50.0,27.804878048780488,92.33055555555556,,0.0,73.359477124183,61.916666666666664,60.010958904109586,52.269324654190406,0.0,0.0,0.0,42.69761606022585,0.0,0.0,47.02842377260981,35.0,1.0
2016,12,2016-03-21,95.942238267148,0.0,91.04141291108404,0.0,72.0,29.86449864498645,81.59444444444443,,0.0,65.49953314659197,70.03688524590163,75.01369863013699,0.0,0.0,0.0,78.90258449304176,62.484316185696365,0.0,0.0,43.66925064599483,54.0,1.0
2016,13,2016-03-28,57.5653429602888,0.0,76.14372716199756,103.09278350515464,54.0,22.655826558265584,92.33055555555556,,0.0,75.97945845004669,0.0,37.50684931506849,35.20179007323027,0.0,0.0,62.763419483101394,26.03513174404015,0.0,0.0,48.70801033591731,57.0,1.0
2016,14,2016-04-04,0.0,0.0,52.96954933008526,0.0,0.0,15.447154471544716,75.15277777777777,,0.0,85.14939309056956,0.0,43.757990867579906,52.269324654190406,0.0,0.0,55.590457256461235,38.53199498117942,0.0,0.0,65.50387596899225,39.0,1.0
2016,15,2016-04-11,87.54729241877256,0.0,41.382460414129106,0.0,0.0,9.26829268292683,49.386111111111106,,0.0,58.94957983193277,0.0,38.75707762557078,43.735557363710335,0.0,0.0,0.0,23.95232120451694,0.0,0.0,83.97932816537467,26.0,1.0
2016,16,2016-04-18,89.94584837545126,0.0,36.416565164433614,0.0,0.0,17.506775067750677,55.827777777777776,,0.0,0.0,0.0,41.25753424657534,60.80309194467047,0.0,0.0,0.0,18.74529485570891,0.0,0.0,92.37726098191212,2.0,1.0
2016,17,2016-04-25,70.75740072202166,0.0,46.3483556638246,0.0,0.0,7.208672086720868,55.827777777777776,,0.0,53.70961718020541,0.0,41.25753424657534,67.20341741253051,0.0,0.0,0.0,52.0702634880803,0.0,0.0,73.90180878552971,2.0,1.0
2016,18,2016-05-02,85.14873646209386,0.0,43.03775883069427,0.0,0.0,9.26829268292683,55.827777777777776,,0.0,0.0,0.0,56.26027397260274,29.86818551668023,0.0,0.0,0.0,81.22961104140528,0.0,0.0,89.01808785529715,4.0,1.0
2016,19,2016-05-09,61.163176895306854,0.0,0.0,0.0,0.0,13.387533875338754,51.53333333333333,,0.0,0.0,0.0,43.757990867579906,33.068348250610256,0.0,0.0,66.34990059642148,32.28356336260979,0.0,0.0,73.90180878552971,,1.0
2016,20,2016-05-16,79.15234657039711,0.0,36.416565164433614,0.0,0.0,9.26829268292683,60.12222222222222,,0.0,60.25957049486461,0.0,31.255707762557076,35.20179007323027,0.0,0.0,0.0,82.27101631116687,0.0,0.0,75.5813953488372,,1.0
2016,21,2016-05-23,45.57256317689531,0.0,33.10596833130329,0.0,0.0,10.29810298102981,53.68055555555556,,69.95614035087719,45.849673202614376,0.0,22.504109589041096,43.735557363710335,0.0,0.0,0.0,104.1405269761606,0.0,0.0,89.01808785529715,,
2016,22,2016-05-30,61.163176895306854,0.0,0.0,0.0,0.0,12.357723577235774,45.09166666666667,,0.0,0.0,56.84153005464481,25.004566210045663,37.335231895850285,0.0,0.0,0.0,42.69761606022585,0.0,0.0,70.54263565891472,,
2016,23,2016-06-06,68.35884476534295,0.0,41.382460414129106,0.0,55.0,9.26829268292683,40.79722222222222,,0.0,77.28944911297853,0.0,27.50502283105023,55.46948738812043,0.0,0.0,0.0,30.200752823086574,0.0,0.0,82.29974160206717,,
2016,24,2016-06-13,0.0,0.0,31.45066991473812,0.0,0.0,8.238482384823849,27.913888888888888,,0.0,53.70961718020541,0.0,23.75433789954338,43.735557363710335,0.0,0.0,0.0,21.86951066499373,0.0,0.0,90.69767441860463,,
2016,25,2016-06-20,68.35884476534295,0.0,29.79537149817296,0.0,0.0,8.238482384823849,40.79722222222222,,0.0,56.3295985060691,0.0,0.0,43.735557363710335,0.0,0.0,0.0,67.6913425345044,0.0,0.0,89.01808785529715,,
2016,26,2016-06-27,64.7610108303249,0.0,36.416565164433614,0.0,0.0,18.53658536585366,34.355555555555554,,0.0,65.49953314659197,60.90163934426229,41.25753424657534,0.0,0.0,0.0,0.0,38.53199498117942,0.0,0.0,58.785529715762266,,
2016,27,2016-07-04,40.7754512635379,0.0,0.0,0.0,0.0,17.506775067750677,34.355555555555554,,0.0,75.97945845004669,0.0,0.0,30.93490642799024,0.0,0.0,0.0,22.910915934755337,0.0,0.0,83.97932816537467,,
2016,28,2016-07-11,74.3552346570397,0.0,0.0,0.0,0.0,10.29810298102981,32.20833333333333,,0.0,70.73949579831933,0.0,32.50593607305936,0.0,0.0,0.0,0.0,19.786700125470517,0.0,0.0,58.785529715762266,,
2016,29,2016-07-18,47.97111913357401,0.0,0.0,0.0,0.0,10.29810298102981,30.06111111111111,,0.0,53.70961718020541,66.99180327868852,26.254794520547943,62.93653376729048,0.0,100.0,0.0,33.324968632371395,0.0,0.0,73.90180878552971,,
2016,30,2016-07-25,65.96028880866426,0.0,0.0,0.0,0.0,12.357723577235774,36.50277777777778,,0.0,0.0,0.0,53.75981735159817,42.66883645240033,0.0,0.0,0.0,30.200752823086574,0.0,0.0,97.41602067183462,,
2016,31,2016-08-01,59.96389891696751,0.0,38.07186358099878,0.0,0.0,9.26829268292683,47.23888888888889,,0.0,104.79925303454716,0.0,35.006392694063926,39.468673718470306,0.0,0.0,0.0,40.61480552070264,0.0,0.0,99.09560723514213,,
2016,32,2016-08-08,0.0,0.0,31.45066991473812,0.0,0.0,11.327913279132792,32.20833333333333,,0.0,0.0,101.50273224043715,31.255707762557076,34.13506916192026,0.0,0.0,0.0,28.11794228356337,0.0,0.0,80.62015503875968,,
2016,33,2016-08-15,63.56173285198555,0.0,0.0,0.0,0.0,9.26829268292683,30.06111111111111,,0.0,0.0,0.0,45.00821917808219,52.269324654190406,0.0,0.0,0.0,17.7038895859473,0.0,0.0,72.22222222222221,,
2016,34,2016-08-22,55.166787003610104,0.0,0.0,0.0,0.0,17.506775067750677,42.94444444444444,,0.0,58.94957983193277,72.06693989071039,35.006392694063926,0.0,0.0,0.0,0.0,52.0702634880803,0.0,0.0,52.06718346253229,,
2016,35,2016-08-29,73.15595667870036,0.0,49.65895249695493,0.0,0.0,10.29810298102981,45.09166666666667,,0.0,72.04948646125116,0.0,53.75981735159817,32.00162733930025,0.0,0.0,0.0,67.6913425345044,0.0,0.0,92.37726098191212,,
2016,36,2016-09-05,56.36606498194946,0.0,61.24604141291107,0.0,70.0,11.327913279132792,62.269444444444446,,0.0,75.97945845004669,0.0,66.262100456621,52.269324654190406,0.0,0.0,0.0,28.11794228356337,0.0,0.0,75.5813953488372,,
2016,37,2016-09-12,79.15234657039711,0.0,59.59074299634592,0.0,0.0,13.387533875338754,77.3,,0.0,74.66946778711484,0.0,58.760730593607306,53.33604556550041,0.0,0.0,0.0,16.662484316185697,0.0,0.0,83.97932816537467,,
2016,38,2016-09-19,89.94584837545126,0.0,74.48842874543239,0.0,65.0,13.387533875338754,64.41666666666666,,0.0,60.25957049486461,0.0,80.01461187214612,0.0,0.0,0.0,0.0,19.786700125470517,0.0,0.0,52.06718346253229,,
2016,39,2016-09-26,100.7393501805054,0.0,52.96954933008526,0.0,0.0,13.387533875338754,81.59444444444443,,0.0,0.0,0.0,101.26849315068492,55.46948738812043,0.0,0.0,0.0,20.82810539523212,0.0,0.0,78.94056847545218,,
2016,40,2016-10-03,73.15595667870036,0.0,57.93544457978075,0.0,63.0,20.59620596205962,90.18333333333334,,0.0,68.11951447245565,0.0,108.76986301369864,46.93572009764036,0.0,0.0,78.90258449304176,56.23588456712673,0.0,0.0,70.54263565891472,,
2016,41,2016-10-10,85.14873646209386,0.0,74.48842874543239,0.0,0.0,16.476964769647697,85.88888888888889,,0.0,0.0,0.0,97.51780821917808,53.33604556550041,0.0,0.0,68.14314115308152,19.786700125470517,100.0,0.0,80.62015503875968,,1.0
2016,42,2016-10-17,119.92779783393502,0.0,52.96954933008526,0.0,60.0,14.417344173441736,96.625,,0.0,0.0,0.0,72.51324200913243,36.26851098454028,0.0,0.0,95.04174950298211,23.95232120451694,0.0,0.0,53.74677002583979,,1.0
2016,43,2016-10-24,80.35162454873645,0.0,51.31425091352009,0.0,0.0,22.655826558265584,98.7722222222222,,0.0,45.849673202614376,0.0,86.26575342465753,85.33767290480066,0.0,0.0,77.1093439363817,65.60853199498118,0.0,0.0,63.824289405684745,,1.0
2016,44,2016-10-31,97.14151624548737,0.0,67.86723507917173,0.0,0.0,17.506775067750677,88.03611111111111,,0.0,64.18954248366013,0.0,61.26118721461187,80.00406834825061,0.0,0.0,0.0,19.786700125470517,0.0,0.0,90.69767441860463,,1.0
2016,45,2016-11-07,98.3407942238267,0.0,43.03775883069427,0.0,0.0,24.715447154471548,88.03611111111111,,0.0,55.01960784313726,0.0,67.5123287671233,74.67046379170057,49.0,0.0,53.7972166998012,76.02258469259725,0.0,0.0,40.31007751937984,,1.0
2016,46,2016-11-14,88.74657039711191,123.4375,66.21193666260658,0.0,0.0,19.56639566395664,96.625,,0.0,64.18954248366013,0.0,62.51141552511415,50.135882831570385,0.0,0.0,86.07554671968191,27.07653701380176,0.0,0.0,40.31007751937984,,1.0
2016,47,2016-11-21,82.75018050541516,0.0,69.5225334957369,0.0,57.0,18.53658536585366,98.7722222222222,,0.0,53.70961718020541,0.0,68.76255707762557,57.60292921074044,0.0,0.0,0.0,15.621079046424091,0.0,0.0,50.3875968992248,,1.0
2016,48,2016-11-28,86.3480144404332,0.0,69.5225334957369,0.0,0.0,29.86449864498645,107.36111111111111,,0.0,58.94957983193277,0.0,93.76712328767124,52.269324654190406,0.0,0.0,69.93638170974155,11.455457967377669,0.0,44.0,35.27131782945736,,1.0
2016,49,2016-12-05,99.54007220216606,0.0,82.76492082825821,0.0,0.0,29.86449864498645,124.53888888888888,,0.0,51.089635854341736,66.99180327868852,83.76529680365297,88.53783563873068,0.0,0.0,84.28230616302187,9.372647427854456,0.0,0.0,50.3875968992248,9.0,1.0
2016,50,2016-12-12,89.94584837545126,0.0,165.52984165651642,0.0,67.0,48.40108401084011,161.04166666666666,,0.0,57.639589169000935,72.06693989071039,107.51963470319636,57.60292921074044,46.0,0.0,175.7375745526839,9.372647427854456,0.0,30.0,26.873385012919893,84.0,1.0
2016,51,2016-12-19,107.93501805054152,0.0,81.10962241169305,0.0,88.0,71.0569105691057,176.07222222222222,,0.0,49.7796451914099,78.1571038251366,125.0228310502283,65.0699755899105,82.0,0.0,154.2186878727634,10.41405269761606,0.0,78.0,36.950904392764855,109.0,1.0
2016,52,2016-12-26,97.14151624548737,0.0,140.70036540803898,0.0,69.0,102.98102981029812,214.72222222222223,,71.22807017543859,47.15966386554622,58.87158469945355,115.02100456621004,106.67209113100084,100.0,0.0,163.18489065606363,62.484316185696365,0.0,100.0,65.50387596899225,162.0,1.0
2017,1,2017-01-02,87.54729241877256,0.0,99.31790499390986,0.0,0.0,61.78861788617886,148.15833333333333,,127.19298245614034,49.7796451914099,0.0,90.01643835616439,61.86981285598048,56.0,0.0,116.56063618290258,20.82810539523212,0.0,46.0,80.62015503875968,77.0,1.0
2017,2,2017-01-09,71.95667870036101,0.0,77.79902557856272,0.0,0.0,29.86449864498645,115.95,,0.0,64.18954248366013,0.0,55.01004566210046,68.27013832384053,0.0,0.0,44.83101391650099,70.8155583437892,0.0,0.0,35.27131782945736,,1.0
2017,3,2017-01-16,83.94945848375451,0.0,79.45432399512788,0.0,0.0,28.83468834688347,92.33055555555556,,0.0,44.53968253968254,60.90163934426229,53.75981735159817,43.735557363710335,0.0,0.0,82.48906560636183,57.277289836888336,0.0,0.0,38.63049095607235,,1.0
2017,4,2017-01-23,89.94584837545126,81.25,84.42021924482339,0.0,0.0,28.83468834688347,90.18333333333334,,0.0,53.70961718020541,61.916666666666664,80.01461187214612,44.80227827502035,0.0,0.0,69.93638170974155,33.324968632371395,0.0,0.0,40.31007751937984,,1.0
2017,5,2017-01-30,91.14512635379062,0.0,44.69305724725944,0.0,72.0,20.59620596205962,85.88888888888889,,0.0,93.0093370681606,0.0,67.5123287671233,62.93653376729048,0.0,0.0,43.037773359840955,21.86951066499373,0.0,0.0,38.63049095607235,,1.0
2017,6,2017-02-06,92.34440433212995,0.0,56.28014616321558,0.0,74.0,17.506775067750677,83.74166666666666,,0.0,58.94957983193277,0.0,62.51141552511415,44.80227827502035,0.0,0.0,87.86878727634195,16.662484316185697,0.0,0.0,41.989664082687334,,1.0
2017,7,2017-02-13,68.35884476534295,104.6875,74.48842874543239,0.0,83.0,15.447154471544716,83.74166666666666,,0.0,45.849673202614376,0.0,60.010958904109586,43.735557363710335,0.0,0.0,77.1093439363817,15.621079046424091,0.0,0.0,53.74677002583979,5.0,1.0
2017,8,2017-02-20,92.34440433212995,0.0,57.93544457978075,0.0,0.0,18.53658536585366,83.74166666666666,,0.0,77.28944911297853,0.0,47.50867579908676,50.135882831570385,0.0,0.0,73.52286282306163,34.366373902133,0.0,0.0,72.22222222222221,11.0,1.0
2017,9,2017-02-27,86.3480144404332,0.0,76.14372716199756,0.0,0.0,13.387533875338754,81.59444444444443,,0.0,89.07936507936508,0.0,40.00730593607306,46.93572009764036,0.0,0.0,50.210735586481114,22.910915934755337,0.0,0.0,104.13436692506458,4.0,1.0
2017,10,2017-03-06,104.33718411552346,0.0,74.48842874543239,0.0,75.0,14.417344173441736,81.59444444444443,,0.0,77.28944911297853,0.0,63.76164383561644,44.80227827502035,0.0,0.0,48.41749502982107,56.23588456712673,0.0,0.0,77.2609819121447,2.0,1.0
2017,11,2017-03-13,81.5509025270758,0.0,81.10962241169305,0.0,62.0,16.476964769647697,83.74166666666666,,0.0,68.11951447245565,0.0,27.50502283105023,0.0,0.0,0.0,71.72962226640159,24.993726474278542,0.0,0.0,68.86304909560722,,1.0
2017,12,2017-03-20,103.13790613718412,118.75,71.17783191230207,0.0,0.0,17.506775067750677,88.03611111111111,,0.0,79.90943043884221,0.0,46.25844748858447,37.335231895850285,0.0,0.0,77.1093439363817,31.242158092848182,0.0,0.0,62.14470284237726,,1.0
2017,13,2017-03-27,92.34440433212995,0.0,97.66260657734468,0.0,0.0,17.506775067750677,73.00555555555556,,0.0,83.83940242763772,0.0,47.50867579908676,29.86818551668023,0.0,0.0,73.52286282306163,20.82810539523212,0.0,0.0,100.7751937984496,,1.0
2017,14,2017-04-03,115.1306859205776,0.0,49.65895249695493,0.0,0.0,12.357723577235774,57.974999999999994,,0.0,95.62931839402428,77.14207650273224,46.25844748858447,66.13669650122051,0.0,0.0,50.210735586481114,17.7038895859473,0.0,0.0,92.37726098191212,,1.0
2017,15,2017-04-10,71.95667870036101,0.0,39.72716199756394,0.0,0.0,14.417344173441736,66.56388888888888,,0.0,79.90943043884221,0.0,66.262100456621,42.66883645240033,0.0,0.0,77.1093439363817,56.23588456712673,0.0,0.0,102.45478036175707,,1.0
2017,16,2017-04-17,85.14873646209386,0.0,51.31425091352009,0.0,0.0,18.53658536585366,57.974999999999994,,0.0,60.25957049486461,0.0,43.757990867579906,40.53539462978031,0.0,0.0,0.0,24.993726474278542,0.0,0.0,95.73643410852712,,1.0
2017,17,2017-04-24,103.13790613718412,0.0,41.382460414129106,0.0,0.0,15.447154471544716,70.85833333333333,,0.0,66.80952380952381,0.0,55.01004566210046,48.00244100895037,0.0,0.0,0.0,21.86951066499373,0.0,0.0,141.08527131782944,,1.0
2017,18,2017-05-01,75.55451263537906,0.0,36.416565164433614,0.0,0.0,15.447154471544716,57.974999999999994,,0.0,0.0,61.916666666666664,42.507762557077626,37.335231895850285,0.0,0.0,48.41749502982107,56.23588456712673,0.0,0.0,131.0077519379845,,1.0
2017,19,2017-05-08,75.55451263537906,0.0,57.93544457978075,0.0,0.0,9.26829268292683,60.12222222222222,,0.0,0.0,0.0,58.760730593607306,0.0,0.0,0.0,68.14314115308152,76.02258469259725,0.0,0.0,97.41602067183462,,1.0
2017,20,2017-05-15,79.15234657039711,0.0,41.382460414129106,0.0,0.0,10.29810298102981,60.12222222222222,,0.0,60.25957049486461,0.0,80.01461187214612,39.468673718470306,0.0,0.0,0.0,29.15934755332497,0.0,0.0,112.53229974160206,,1.0
2017,21,2017-05-22,44.373285198555955,0.0,57.93544457978075,0.0,66.0,14.417344173441736,64.41666666666666,,0.0,51.089635854341736,83.23224043715847,0.0,43.735557363710335,0.0,0.0,0.0,78.10539523212046,0.0,0.0,80.62015503875968,,
2017,22,2017-05-29,65.96028880866426,0.0,46.3483556638246,0.0,0.0,12.357723577235774,57.974999999999994,,0.0,51.089635854341736,0.0,36.25662100456621,33.068348250610256,0.0,0.0,62.763419483101394,89.56085319949813,0.0,0.0,112.53229974160206,,
2017,23,2017-06-05,50.369675090252706,0.0,46.3483556638246,0.0,0.0,11.327913279132792,55.827777777777776,,0.0,81.21942110177405,62.93169398907104,32.50593607305936,0.0,0.0,0.0,0.0,21.86951066499373,0.0,0.0,82.29974160206717,,
2017,24,2017-06-12,65.96028880866426,0.0,41.382460414129106,0.0,0.0,11.327913279132792,51.53333333333333,,0.0,61.56956115779645,0.0,35.006392694063926,0.0,0.0,0.0,0.0,20.82810539523212,0.0,0.0,85.65891472868216,,
2017,25,2017-06-19,70.75740072202166,0.0,34.76126674786845,0.0,0.0,9.26829268292683,38.65,,0.0,66.80952380952381,0.0,26.254794520547943,35.20179007323027,0.0,0.0,0.0,45.82183186951067,0.0,0.0,119.25064599483204,,
2017,26,2017-06-26,0.0,0.0,48.003654080389765,0.0,72.0,11.327913279132792,34.355555555555554,,0.0,94.31932773109244,0.0,0.0,38.4019528071603,0.0,0.0,0.0,66.64993726474279,0.0,0.0,78.94056847545218,,
2017,27,2017-07-03,59.96389891696751,0.0,0.0,0.0,0.0,8.238482384823849,38.65,,0.0,82.52941176470588,0.0,28.755251141552513,0.0,0.0,0.0,0.0,83.31242158092849,0.0,0.0,105.81395348837208,,
2017,28,2017-07-10,52.768231046931405,0.0,0.0,0.0,0.0,9.26829268292683,38.65,,0.0,81.21942110177405,0.0,52.50958904109589,53.33604556550041,0.0,0.0,0.0,19.786700125470517,0.0,0.0,77.2609819121447,,
2017,29,2017-07-17,45.57256317689531,0.0,0.0,0.0,0.0,11.327913279132792,34.355555555555554,,0.0,57.639589169000935,0.0,27.50502283105023,38.4019528071603,0.0,0.0,0.0,14.579673776662483,0.0,0.0,100.7751937984496,,
2017,30,2017-07-24,40.7754512635379,0.0,0.0,0.0,0.0,9.26829268292683,32.20833333333333,,0.0,69.42950513538749,0.0,0.0,37.335231895850285,0.0,0.0,0.0,15.621079046424091,0.0,0.0,47.02842377260981,,
2017,31,2017-07-31,67.15956678700361,0.0,0.0,0.0,0.0,8.238482384823849,32.20833333333333,,0.0,74.66946778711484,85.26229508196721,35.006392694063926,35.20179007323027,0.0,0.0,0.0,19.786700125470517,0.0,0.0,107.49354005167956,,
2017,32,2017-08-07,70.75740072202166,0.0,0.0,0.0,0.0,15.447154471544716,38.65,,0.0,130.99906629318394,0.0,46.25844748858447,38.4019528071603,0.0,0.0,0.0,23.95232120451694,0.0,0.0,92.37726098191212,,
2017,33,2017-08-14,80.35162454873645,0.0,0.0,0.0,0.0,13.387533875338754,40.79722222222222,,0.0,95.62931839402428,0.0,46.25844748858447,35.20179007323027,0.0,0.0,0.0,17.7038895859473,0.0,0.0,78.94056847545218,,
2017,34,2017-08-21,75.55451263537906,0.0,28.14007308160779,0.0,83.0,11.327913279132792,47.23888888888889,,0.0,70.73949579831933,0.0,38.75707762557078,35.20179007323027,0.0,0.0,0.0,32.28356336260979,0.0,0.0,99.09560723514213,,
2017,35,2017-08-28,82.75018050541516,0.0,0.0,0.0,67.0,13.387533875338754,42.94444444444444,,0.0,69.42950513538749,0.0,55.01004566210046,37.335231895850285,53.0,0.0,0.0,30.200752823086574,0.0,0.0,112.53229974160206,,
2017,36,2017-09-04,81.5509025270758,0.0,49.65895249695493,0.0,0.0,17.506775067750677,49.386111111111106,,0.0,64.18954248366013,70.03688524590163,56.26027397260274,32.00162733930025,0.0,0.0,55.590457256461235,18.74529485570891,0.0,0.0,120.93023255813952,,
2017,37,2017-09-11,64.7610108303249,0.0,28.14007308160779,0.0,0.0,14.417344173441736,68.71111111111111,,0.0,0.0,0.0,42.507762557077626,0.0,0.0,0.0,57.38369781312127,16.662484316185697,0.0,0.0,167.9586563307493,,
2017,38,2017-09-18,104.33718411552346,0.0,57.93544457978075,0.0,0.0,16.476964769647697,83.74166666666666,,0.0,93.0093370681606,0.0,105.0191780821918,38.4019528071603,0.0,0.0,0.0,13.53826850690088,0.0,0.0,94.05684754521964,,
2017,39,2017-09-25,80.35162454873645,0.0,59.59074299634592,0.0,79.0,12.357723577235774,83.74166666666666,,0.0,62.879551820728295,0.0,102.5187214611872,30.93490642799024,0.0,0.0,80.6958250497018,15.621079046424091,0.0,0.0,114.21188630490954,,
2017,40,2017-10-02,80.35162454873645,0.0,54.624847746650424,0.0,83.0,17.506775067750677,105.21388888888887,,0.0,0.0,0.0,96.2675799086758,51.2026037428804,0.0,0.0,96.83499005964217,22.910915934755337,0.0,0.0,70.54263565891472,,1.0
2017,41,2017-10-09,107.93501805054152,0.0,64.5566382460414,0.0,0.0,21.626016260162604,96.625,,0.0,55.01960784313726,0.0,66.262100456621,0.0,0.0,0.0,82.48906560636183,15.621079046424091,100.0,0.0,40.31007751937984,,1.0
2017,42,2017-10-16,69.5581227436823,0.0,54.624847746650424,0.0,0.0,14.417344173441736,100.91944444444444,,0.0,62.879551820728295,87.29234972677595,75.01369863013699,52.269324654190406,0.0,0.0,112.97415506958252,14.579673776662483,0.0,0.0,125.968992248062,,1.0
2017,43,2017-10-23,0.0,0.0,62.90133982947624,0.0,0.0,20.59620596205962,88.03611111111111,,0.0,0.0,0.0,68.76255707762557,34.13506916192026,0.0,0.0,77.1093439363817,23.95232120451694,0.0,0.0,77.2609819121447,,1.0
2017,44,2017-10-30,89.94584837545126,96.875,64.5566382460414,0.0,58.0,18.53658536585366,88.03611111111111,,0.0,87.76937441643324,78.1571038251366,62.51141552511415,46.93572009764036,0.0,0.0,95.04174950298211,18.74529485570891,0.0,0.0,75.5813953488372,,2.0
2017,45,2017-11-06,82.75018050541516,0.0,48.003654080389765,0.0,0.0,16.476964769647697,88.03611111111111,,0.0,49.7796451914099,0.0,43.757990867579906,65.0699755899105,0.0,0.0,60.97017892644135,21.86951066499373,0.0,0.0,99.09560723514213,,2.0
2017,46,2017-11-13,41.974729241877256,0.0,51.31425091352009,0.0,0.0,17.506775067750677,85.88888888888889,,0.0,74.66946778711484,0.0,53.75981735159817,71.47030105777056,0.0,0.0,78.90258449304176,11.455457967377669,0.0,0.0,55.42635658914728,,3.0
2017,47,2017-11-20,74.3552346570397,0.0,76.14372716199756,0.0,0.0,18.53658536585366,90.18333333333334,,0.0,40.60971055088702,0.0,73.7634703196347,35.20179007323027,0.0,0.0,105.80119284294234,8.331242158092849,0.0,0.0,77.2609819121447,,3.0
2017,48,2017-11-27,58.764620938628155,0.0,59.59074299634592,0.0,53.0,19.56639566395664,90.18333333333334,,0.0,49.7796451914099,0.0,56.26027397260274,77.8706265256306,0.0,0.0,55.590457256461235,8.331242158092849,0.0,0.0,78.94056847545218,,3.0
2017,49,2017-12-04,98.3407942238267,0.0,59.59074299634592,0.0,55.0,15.447154471544716,81.59444444444443,,0.0,90.38935574229691,0.0,58.760730593607306,75.73718470301058,0.0,0.0,69.93638170974155,8.331242158092849,0.0,0.0,117.57105943152452,,3.0
2017,50,2017-12-11,82.75018050541516,0.0,64.5566382460414,0.0,0.0,15.447154471544716,96.625,,0.0,0.0,54.81147540983606,72.51324200913243,69.33685923515054,0.0,0.0,78.90258449304176,7.289836888331243,0.0,0.0,68.86304909560722,6.0,3.0
2017,51,2017-12-18,105.5364620938628,0.0,72.83313032886723,0.0,74.0,14.417344173441736,107.36111111111111,,0.0,60.25957049486461,0.0,75.01369863013699,74.67046379170057,0.0,0.0,89.66202783300199,12.496863237139271,0.0,0.0,62.14470284237726,19.0,3.0
2017,52,2017-12-25,98.3407942238267,0.0,59.59074299634592,0.0,80.0,20.59620596205962,115.95,0.0,0.0,55.01960784313726,57.85655737704918,83.76529680365297,89.6045565500407,0.0,0.0,105.80119284294234,14.579673776662483,0.0,0.0,57.10594315245477,26.0,3.0
2018,1,2018-01-01,112.73212996389891,0.0,97.66260657734468,0.0,0.0,18.53658536585366,122.39166666666668,0.0,0.0,73.359477124183,0.0,76.26392694063927,40.53539462978031,0.0,0.0,84.28230616302187,17.7038895859473,0.0,0.0,60.46511627906976,22.0,3.0
2018,2,2018-01-08,112.73212996389891,0.0,89.38611449451888,0.0,0.0,28.83468834688347,105.21388888888887,0.0,0.0,57.639589169000935,0.0,80.01461187214612,51.2026037428804,0.0,0.0,77.1093439363817,61.44291091593476,0.0,0.0,97.41602067183462,37.0,3.0
2018,3,2018-01-15,86.3480144404332,0.0,104.28380024360536,0.0,57.0,30.89430894308943,133.12777777777777,0.0,0.0,78.59943977591037,76.12704918032787,76.26392694063927,56.536208299430434,0.0,0.0,129.11332007952285,65.60853199498118,0.0,27.0,63.824289405684745,88.0,3.0
2018,4,2018-01-22,105.5364620938628,82.8125,107.59439707673567,0.0,95.0,43.25203252032521,169.63055555555556,0.0,0.0,91.69934640522877,50.75136612021858,101.26849315068492,45.86899918633035,0.0,0.0,152.42544731610337,20.82810539523212,0.0,26.0,68.86304909560722,103.0,4.0
2018,5,2018-01-29,116.32996389891696,117.1875,135.73447015834347,0.0,62.0,48.40108401084011,143.86388888888888,0.0,0.0,74.66946778711484,84.24726775956285,80.01461187214612,61.86981285598048,42.0,0.0,179.32405566600397,15.621079046424091,0.0,58.0,77.2609819121447,124.0,5.0
2018,6,2018-02-05,92.34440433212995,0.0,79.45432399512788,0.0,0.0,37.07317073170732,158.89444444444445,0.0,0.0,56.3295985060691,66.99180327868852,92.51689497716896,39.468673718470306,42.0,0.0,156.01192842942345,17.7038895859473,0.0,39.0,89.01808785529715,121.0,5.0
2018,7,2018-02-12,91.14512635379062,84.375,87.7308160779537,0.0,0.0,31.924119241192415,115.95,0.0,0.0,58.94957983193277,0.0,87.51598173515981,45.86899918633035,0.0,0.0,118.35387673956262,16.662484316185697,0.0,31.0,100.7751937984496,66.0,5.0
2018,8,2018-02-19,93.54368231046932,0.0,74.48842874543239,0.0,57.0,25.745257452574528,137.42222222222222,0.0,0.0,60.25957049486461,0.0,81.2648401826484,69.33685923515054,0.0,0.0,89.66202783300199,17.7038895859473,0.0,0.0,149.4832041343669,77.0,4.0
2018,9,2018-02-26,95.942238267148,0.0,69.5225334957369,0.0,95.0,24.715447154471548,113.80277777777778,0.0,0.0,102.17927170868349,0.0,50.009132420091326,42.66883645240033,0.0,0.0,86.07554671968191,20.82810539523212,0.0,0.0,92.37726098191212,59.0,4.0
2018,10,2018-03-05,107.93501805054152,0.0,76.14372716199756,0.0,0.0,24.715447154471548,105.21388888888887,0.0,0.0,65.49953314659197,0.0,46.25844748858447,35.20179007323027,0.0,0.0,102.21471172962228,29.15934755332497,0.0,61.0,139.40568475452196,29.0,4.0
2018,11,2018-03-12,87.54729241877256,112.5,66.21193666260658,0.0,0.0,17.506775067750677,98.7722222222222,0.0,0.0,68.11951447245565,0.0,66.262100456621,52.269324654190406,0.0,0.0,116.56063618290258,31.242158092848182,0.0,0.0,94.05684754521964,20.0,4.0
2018,12,2018-03-19,104.33718411552346,0.0,84.42021924482339,0.0,0.0,16.476964769647697,92.33055555555556,0.0,0.0,86.4593837535014,0.0,53.75981735159817,52.269324654190406,0.0,0.0,46.62425447316103,31.242158092848182,0.0,31.0,125.968992248062,14.0,3.0
2018,13,2018-03-26,86.3480144404332,0.0,46.3483556638246,0.0,86.0,15.447154471544716,88.03611111111111,0.0,0.0,95.62931839402428,0.0,60.010958904109586,65.0699755899105,0.0,0.0,86.07554671968191,16.662484316185697,0.0,0.0,119.25064599483204,30.0,3.0
2018,14,2018-04-02,69.5581227436823,0.0,41.382460414129106,0.0,59.0,14.417344173441736,85.88888888888889,0.0,0.0,0.0,0.0,41.25753424657534,0.0,0.0,0.0,69.93638170974155,15.621079046424091,0.0,0.0,80.62015503875968,21.0,3.0
2018,15,2018-04-09,57.5653429602888,156.25,64.5566382460414,0.0,0.0,11.327913279132792,57.974999999999994,0.0,0.0,75.97945845004669,0.0,25.004566210045663,33.068348250610256,0.0,0.0,50.210735586481114,47.90464240903388,0.0,0.0,110.85271317829456,16.0,3.0
2018,16,2018-04-16,76.75379061371841,0.0,57.93544457978075,0.0,0.0,11.327913279132792,64.41666666666666,0.0,0.0,86.4593837535014,0.0,23.75433789954338,53.33604556550041,0.0,0.0,0.0,31.242158092848182,0.0,0.0,94.05684754521964,1.0,3.0
2018,17,2018-04-23,73.15595667870036,0.0,41.382460414129106,0.0,0.0,14.417344173441736,47.23888888888889,0.0,0.0,86.4593837535014,0.0,32.50593607305936,82.13751017087064,0.0,0.0,0.0,19.786700125470517,0.0,0.0,109.17312661498708,,2.0
2018,18,2018-04-30,67.15956678700361,0.0,38.07186358099878,0.0,0.0,15.447154471544716,55.827777777777776,0.0,0.0,82.52941176470588,0.0,35.006392694063926,0.0,0.0,0.0,52.00397614314115,56.23588456712673,0.0,0.0,117.57105943152452,,2.0
2018,19,2018-05-07,64.7610108303249,117.1875,38.07186358099878,0.0,0.0,14.417344173441736,55.827777777777776,0.0,0.0,53.70961718020541,0.0,28.755251141552513,29.86818551668023,0.0,0.0,0.0,97.89209535759096,0.0,0.0,109.17312661498708,,1.0
2018,20,2018-05-14,81.5509025270758,0.0,36.416565164433614,0.0,0.0,15.447154471544716,49.386111111111106,0.0,0.0,85.14939309056956,0.0,36.25662100456621,35.20179007323027,0.0,0.0,0.0,27.07653701380176,0.0,0.0,85.65891472868216,,1.0
2018,21,2018-05-21,106.73574007220216,0.0,41.382460414129106,0.0,0.0,13.387533875338754,51.53333333333333,0.0,0.0,47.15966386554622,0.0,25.004566210045663,38.4019528071603,0.0,0.0,0.0,82.27101631116687,0.0,0.0,67.18346253229973,,1.0
2018,22,2018-05-28,69.5581227436823,0.0,36.416565164433614,0.0,0.0,15.447154471544716,53.68055555555556,0.0,0.0,44.53968253968254,0.0,27.50502283105023,0.0,0.0,0.0,0.0,79.14680050188207,0.0,0.0,107.49354005167956,,1.0
2018,23,2018-06-04,59.96389891696751,0.0,0.0,0.0,0.0,7.208672086720868,53.68055555555556,0.0,0.0,47.15966386554622,0.0,36.25662100456621,29.86818551668023,0.0,0.0,0.0,20.82810539523212,0.0,0.0,124.28940568475451,,1.0
2018,24,2018-06-11,69.5581227436823,0.0,38.07186358099878,0.0,65.0,8.238482384823849,57.974999999999994,0.0,0.0,65.49953314659197,0.0,22.504109589041096,40.53539462978031,0.0,0.0,0.0,46.86323713927227,0.0,0.0,122.60981912144702,,1.0
2018,25,2018-06-18,81.5509025270758,0.0,0.0,0.0,0.0,10.29810298102981,49.386111111111106,0.0,0.0,65.49953314659197,0.0,47.50867579908676,41.60211554109032,0.0,0.0,0.0,35.4077791718946,0.0,0.0,146.1240310077519,,1.0
2018,26,2018-06-25,62.36245487364621,0.0,34.76126674786845,0.0,0.0,11.327913279132792,49.386111111111106,0.0,0.0,58.94957983193277,0.0,31.255707762557076,48.00244100895037,0.0,0.0,0.0,57.277289836888336,0.0,0.0,149.4832041343669,,1.0
2018,27,2018-07-02,59.7793946126076,0.0,32.695224307341704,0.0,0.0,14.582113821138217,46.68108651086511,0.0,0.0,63.52863106532937,0.0,49.5048533109006,34.66981257467722,0.0,0.0,0.0,105.62946424910407,0.0,0.0,142.00140944326992,,1.0
2018,28,2018-07-09,70.17581106697413,0.0,34.057525320147604,0.0,0.0,12.151761517615178,55.65821853218532,0.0,0.0,103.52813951387007,0.0,0.0,0.0,0.0,0.0,0.0,43.87685438039709,0.0,0.0,175.13507164669954,,1.0
2018,29,2018-07-16,77.97312340774904,0.0,28.60832126892399,0.0,0.0,12.151761517615178,57.453644936449365,0.0,0.0,61.175718803650504,55.76897081922966,31.31939699261058,33.650112204833775,0.0,0.0,60.06301017424863,24.376030211331713,0.0,0.0,142.00140944326992,,1.0
2018,30,2018-07-23,67.57670695338251,0.0,35.41982633295351,0.0,0.0,12.151761517615178,46.68108651086511,0.0,0.0,74.11673624288427,0.0,42.43273140934337,42.827415533424805,0.0,0.0,0.0,26.00109889208716,0.0,0.0,118.3345078693916,,1.0
2018,31,2018-07-30,80.57222752134068,0.0,39.50672937137122,0.0,0.0,14.582113821138217,46.68108651086511,0.0,0.0,56.46989428029278,0.0,43.443034538137255,0.0,0.0,0.0,0.0,60.12754118795156,0.0,0.0,71.00070472163496,,1.0
2018,32,2018-08-06,85.77043574852395,95.75892857142856,38.14442835856532,0.0,82.0,12.151761517615178,50.2719393193932,0.0,0.0,112.93978856058555,63.93028362204376,33.340003250198365,0.0,0.0,0.0,0.0,104.00439556834864,0.0,0.0,85.20084566596195,,1.0
2018,33,2018-08-13,72.77491518056577,0.0,49.04283646101256,0.0,0.0,14.582113821138217,44.885660106601065,0.0,0.0,109.41042016806723,0.0,50.515156439694486,32.630411834990326,0.0,0.0,50.05250847854053,50.37712910341887,0.0,0.0,85.20084566596195,,1.0
2018,34,2018-08-20,72.77491518056577,0.0,61.30354557626569,0.0,82.0,9.721409214092144,53.86279212792128,0.0,87.0,59.99926267281107,0.0,44.45333766693115,38.74861405405101,0.0,0.0,0.0,87.75370876079417,0.0,0.0,123.06788818416726,,1.0
2018,35,2018-08-27,70.17581106697413,0.0,70.83965266590702,0.0,0.0,12.151761517615178,59.24907134071341,0.0,0.0,51.76406975693504,0.0,44.45333766693115,53.02441923185928,0.0,0.0,0.0,107.25453292985954,0.0,0.0,123.06788818416726,,1.0
2018,36,2018-09-03,90.96864397570722,0.0,76.28885671713064,0.0,82.0,14.582113821138217,73.61248257482575,0.0,0.0,49.41115749525618,0.0,78.80364404592339,0.0,0.0,0.0,0.0,39.00164833813074,0.0,0.0,56.80056377730797,,1.0
2018,37,2018-09-10,77.97312340774904,151.89347290640393,44.95593342259484,0.0,57.15151515151515,17.01246612466125,71.8170561705617,0.0,0.0,82.3519291587603,55.76897081922966,62.63879398522116,0.0,0.0,0.0,86.09031458308971,21.12589284982082,0.0,0.0,66.26732440685929,,1.0
2018,38,2018-09-17,75.3740192941574,0.0,70.83965266590702,0.0,74.54545454545455,21.87317073170732,87.9758938089381,0.0,0.0,0.0,0.0,100.02000975059508,36.70921331436412,0.0,0.0,68.07141153081511,22.750961530576262,0.0,0.0,127.80126849894292,,1.0
2018,39,2018-09-24,83.17133163493232,0.0,57.21664253784798,0.0,0.0,17.01246612466125,98.74845223452236,0.0,100.0,77.64610463540257,0.0,100.02000975059508,32.630411834990326,0.0,0.0,92.09661560051455,21.12589284982082,0.0,0.0,75.73408503641062,,1.0
2018,40,2018-10-01,88.36953986211559,0.0,85.82496380677198,0.0,0.0,12.151761517615178,120.29356908569086,0.0,0.0,75.2931923737237,0.0,74.76243153074785,46.90621701279859,0.0,0.0,124.1302210267805,63.37767854946245,0.0,0.0,56.80056377730797,,1.0
2018,41,2018-10-08,77.97312340774904,90.80588054187191,74.92655570432474,0.0,0.0,21.87317073170732,116.70271627716278,0.0,0.0,102.35168338303065,0.0,74.76243153074785,0.0,0.0,0.0,140.14702373991346,30.876304934353502,0.0,0.0,71.00070472163496,,1.0
2018,42,2018-10-15,80.57222752134068,0.0,70.83965266590702,0.0,0.0,21.87317073170732,111.31643706437065,0.0,0.0,77.64610463540257,0.0,62.63879398522116,48.94561775248549,0.0,0.0,120.12602034849726,24.376030211331713,0.0,26.208,85.20084566596195,,1.0
2018,43,2018-10-22,98.76595631648212,0.0,59.94124456345979,0.0,0.0,17.01246612466125,105.93015785157851,0.0,0.0,38.82305231770128,0.0,46.47394392451893,53.02441923185928,0.0,0.0,84.08821424394809,76.37822799550604,0.0,0.0,104.1343669250646,,1.0
2018,44,2018-10-29,85.77043574852395,0.0,46.31823443540075,0.0,62.121212121212125,17.01246612466125,105.93015785157851,0.0,0.0,74.11673624288427,0.0,55.56667208366393,0.0,0.0,0.0,98.10291661793944,27.626167572842608,0.0,0.0,61.53394409208363,,1.0
2018,45,2018-11-05,96.1668522028905,0.0,66.75274962748931,0.0,0.0,17.01246612466125,114.90728987289872,0.0,0.0,63.52863106532937,136.0218800469016,71.73152214436617,59.14262145091997,0.0,0.0,122.12812068763888,66.62781591097335,0.0,0.0,56.80056377730797,,1.0
2018,46,2018-11-12,90.96864397570722,0.0,85.82496380677198,0.0,82.0,17.01246612466125,95.15759942599426,0.0,0.0,0.0,0.0,49.5048533109006,63.221422930293755,0.0,0.0,94.0987159396562,21.12589284982082,0.0,0.0,89.93422598073761,,1.0
2018,47,2018-11-19,90.96864397570722,0.0,64.0281476018775,0.0,62.121212121212125,17.01246612466125,118.4981426814268,0.0,0.0,45.88178910273787,0.0,81.83455343230507,44.866816273111695,0.0,0.0,146.15332475733834,9.750412084532686,0.0,0.0,99.40098661028894,,1.0
2018,48,2018-11-26,90.96864397570722,0.0,91.2741678579956,0.0,0.0,17.01246612466125,129.27070110701106,0.0,0.0,41.17596457938015,0.0,63.64909711401505,49.96531812232894,0.0,0.0,128.13442170506374,8.125343403777238,0.0,0.0,80.46746535118628,,1.0
2018,49,2018-12-03,106.56326865725704,0.0,119.88248912691958,0.0,62.121212121212125,14.582113821138217,122.0889954899549,0.0,0.0,56.46989428029278,0.0,72.74182527316006,84.63513069700616,0.0,0.0,98.10291661793944,8.125343403777238,0.0,0.0,94.66760629551328,,1.0
2018,50,2018-12-10,98.76595631648212,0.0,89.91186684518968,0.0,52.18181818181818,19.442818428184285,138.24783312833128,0.0,0.0,0.0,0.0,77.79334091712951,38.74861405405101,0.0,0.0,124.1302210267805,8.125343403777238,0.0,0.0,75.73408503641062,,1.0
2018,51,2018-12-17,116.95968511162356,0.0,96.7233719092192,0.0,54.666666666666664,21.87317073170732,125.67984829848298,0.0,0.0,54.11698201861391,53.04853321829163,69.7109158867784,41.80771516358136,0.0,0.0,132.13862238334698,19.50082416906537,0.0,0.0,85.20084566596195,,1.0
2018,52,2018-12-24,145.54983036113154,0.0,125.3316931781432,0.0,0.0,21.87317073170732,131.0661275112751,0.0,0.0,51.76406975693504,61.209846021105726,65.66970337160284,63.221422930293755,0.0,0.0,130.13652204420538,61.752609868707005,0.0,0.0,75.73408503641062,3.0,1.0
2019,1,2018-12-31,114.36058099803192,0.0,87.18726481957788,0.0,79.51515151515152,29.16422764227643,131.0661275112751,0.0,0.0,57.64635041113221,73.45181522532687,94.96849410662564,68.319924779511,0.0,0.0,118.12392000935564,17.875755488309924,0.0,0.0,80.46746535118628,11.0,2.0
2019,2,2019-01-07,96.1668522028905,0.0,64.0281476018775,0.0,0.0,29.16422764227643,118.4981426814268,0.0,0.0,70.58736785036596,0.0,88.9066753338623,59.14262145091997,0.0,0.0,92.09661560051455,76.37822799550604,0.0,37.12799999999999,56.80056377730797,16.0,2.0
2019,3,2019-01-14,114.36058099803192,0.0,91.2741678579956,0.0,0.0,41.31598915989161,147.2249651496515,0.0,0.0,51.76406975693504,0.0,73.75212840195395,42.827415533424805,50.400000000000006,0.0,144.1512244181967,104.00439556834864,0.0,26.208,80.46746535118628,42.0,2.0
2019,4,2019-01-21,101.36506043007375,122.17518472906404,110.34638203727825,0.0,82.0,48.60704607046071,143.6341123411234,0.0,0.0,55.293438149453344,55.76897081922966,93.95819097783176,25.492509246086193,67.2,0.0,128.13442170506374,42.25178569964164,0.0,50.23199999999999,52.0671834625323,99.0,2.0
2019,5,2019-01-28,145.54983036113154,0.0,110.34638203727825,0.0,0.0,165.26395663956643,166.97465559655598,0.0,0.0,64.7050871961688,0.0,88.9066753338623,54.044119601702725,529.2,0.0,172.1806291661794,19.50082416906537,38.0,218.4,61.53394409208363,273.0,4.0
2019,6,2019-02-04,109.16237277084866,0.0,83.10036178116016,0.0,0.0,243.03523035230356,140.04325953259533,0.0,0.0,101.17522725219122,62.57006482157474,77.79334091712951,39.76831442389446,840.0,0.0,156.16382645304645,17.875755488309924,30.0,194.376,75.73408503641062,388.0,4.0
2019,7,2019-02-11,80.57222752134068,94.10791256157634,66.75274962748931,0.0,0.0,116.65691056910572,122.0889954899549,0.0,0.0,43.52887684105902,47.60765801641556,50.515156439694486,39.76831442389446,420.0,0.0,130.13652204420538,19.50082416906537,0.0,100.46399999999998,66.26732440685929,309.0,4.0
2019,8,2019-02-18,70.17581106697413,0.0,49.04283646101256,100.0,0.0,72.91056910569107,89.77132021320213,0.0,0.0,55.293438149453344,0.0,60.618187727633384,49.96531812232894,142.8,0.0,76.07981288738159,34.1264422958644,0.0,61.151999999999994,56.80056377730797,307.0,4.0
2019,9,2019-02-25,90.96864397570722,0.0,46.31823443540075,0.0,0.0,34.0249322493225,84.38504100041,0.0,0.0,89.41066594379689,51.68831441782261,32.32970012140447,33.650112204833775,75.60000000000001,0.0,118.12392000935564,29.251236253598055,0.0,50.23199999999999,80.46746535118628,138.0,3.0
2019,10,2019-03-04,85.77043574852395,90.80588054187191,42.23133139698304,0.0,62.121212121212125,26.733875338753393,71.8170561705617,0.0,0.0,59.99926267281107,0.0,59.60788459883949,0.0,50.400000000000006,0.0,48.050408139398904,71.5030219532397,0.0,0.0,89.93422598073761,100.0,3.0
2019,11,2019-03-11,83.17133163493232,0.0,57.21664253784798,0.0,64.60606060606061,14.582113821138217,75.4079089790898,0.0,0.0,71.7638239812054,0.0,46.47394392451893,29.571310725459984,0.0,0.0,86.09031458308971,60.12754118795156,0.0,0.0,94.66760629551328,50.0,3.0
2019,12,2019-03-18,72.77491518056577,0.0,54.49204051223617,0.0,57.15151515151515,19.442818428184285,78.99876178761788,0.0,0.0,64.7050871961688,0.0,49.5048533109006,0.0,0.0,0.0,78.08191322652321,81.25343403777238,0.0,0.0,80.46746535118628,25.0,2.0
2019,13,2019-03-25,93.56774808929886,0.0,66.75274962748931,0.0,0.0,12.151761517615178,86.18046740467405,0.0,0.0,79.99901689708143,0.0,37.38121576537392,31.61071146514688,0.0,0.0,72.07561220909835,19.50082416906537,0.0,0.0,104.1343669250646,40.0,2.0
2019,14,2019-04-01,80.57222752134068,0.0,44.95593342259484,0.0,0.0,14.582113821138217,75.4079089790898,0.0,0.0,78.82256076624199,0.0,32.32970012140447,49.96531812232894,0.0,0.0,64.06721085253187,17.875755488309924,0.0,0.0,132.53464881371858,17.0,2.0
2019,15,2019-04-08,85.77043574852395,0.0,51.76743848662437,0.0,57.15151515151515,12.151761517615178,80.79418819188191,0.0,0.0,0.0,0.0,44.45333766693115,33.650112204833775,0.0,0.0,86.09031458308971,66.62781591097335,0.0,0.0,99.40098661028894,14.0,2.0
2019,16,2019-04-15,101.36506043007375,0.0,46.31823443540075,0.0,0.0,14.582113821138217,64.63535055350553,0.0,0.0,62.35217493448994,0.0,42.43273140934337,58.12292108107652,0.0,0.0,54.05670915682376,45.50192306115253,0.0,0.0,170.4016913319239,5.0,2.0
2019,17,2019-04-22,122.15789333880684,0.0,38.14442835856532,0.0,64.60606060606061,12.151761517615178,78.99876178761788,100.0,0.0,65.88154332700823,0.0,49.5048533109006,33.650112204833775,0.0,0.0,92.09661560051455,30.876304934353502,0.0,0.0,213.00211416490487,9.0,2.0
2019,18,2019-04-29,59.7793946126076,0.0,32.695224307341704,0.0,0.0,9.721409214092144,57.453644936449365,0.0,0.0,0.0,0.0,55.56667208366393,52.004718862015835,0.0,0.0,52.054608817682144,87.75370876079417,0.0,0.0,184.6018322762509,,2.0
2019,19,2019-05-06,103.9641645436654,0.0,44.95593342259484,0.0,0.0,9.721409214092144,53.86279212792128,0.0,0.0,78.82256076624199,0.0,53.54606582607616,34.66981257467722,0.0,0.0,58.06090983510701,121.88015105665856,0.0,0.0,151.46817007282124,,2.0
2019,20,2019-05-13,85.77043574852395,0.0,54.49204051223617,0.0,62.121212121212125,12.151761517615178,62.83992414924149,0.0,0.0,54.11698201861391,0.0,31.31939699261058,28.551610355616535,0.0,0.0,62.06511051339025,47.12699174190798,0.0,0.0,156.2015503875969,,2.0
2019,21,2019-05-20,116.95968511162356,0.0,39.50672937137122,0.0,0.0,9.721409214092144,68.22620336203362,0.0,0.0,0.0,0.0,27.278184477435023,0.0,0.0,0.0,66.06931119167349,105.62946424910407,0.0,0.0,170.4016913319239,,1.0
2019,22,2019-05-27,101.36506043007375,0.0,53.12973949943027,0.0,54.666666666666664,9.721409214092144,59.24907134071341,0.0,0.0,0.0,0.0,44.45333766693115,54.044119601702725,0.0,0.0,56.05880949596539,147.88124994874573,0.0,0.0,123.06788818416726,,1.0
2019,23,2019-06-03,88.36953986211559,0.0,36.78212734575942,0.0,0.0,12.151761517615178,59.24907134071341,0.0,0.0,57.64635041113221,0.0,33.340003250198365,29.571310725459984,0.0,0.0,46.04830780025728,29.251236253598055,0.0,0.0,71.00070472163496,,1.0
2019,24,2019-06-10,75.3740192941574,0.0,34.057525320147604,0.0,57.15151515151515,9.721409214092144,53.86279212792128,0.0,0.0,84.70484142043917,0.0,43.443034538137255,39.76831442389446,0.0,0.0,52.054608817682144,22.750961530576262,0.0,0.0,123.06788818416726,,1.0
2019,25,2019-06-17,49.38297815824106,0.0,35.41982633295351,0.0,0.0,12.151761517615178,52.06736572365724,0.0,0.0,76.46964850456312,58.48940842016769,41.42242828054948,41.80771516358136,0.0,0.0,0.0,26.00109889208716,0.0,0.0,113.60112755461591,,1.0
2019,26,2019-06-24,59.7793946126076,0.0,50.405137473818456,0.0,0.0,9.721409214092144,44.885660106601065,0.0,0.0,88.23420981295746,0.0,28.288487606228912,0.0,0.0,0.0,0.0,97.50412084532684,0.0,0.0,104.1343669250646,,1.0
2019,27,2019-07-01,36.387457590282885,0.0,27.246020256118086,0.0,0.0,0.0,37.7039544895449,0.0,0.0,56.46989428029278,0.0,32.32970012140447,0.0,0.0,0.0,0.0,92.62891480306052,0.0,0.0,175.13507164669954,,1.0
2019,28,2019-07-08,51.982082271832695,0.0,36.78212734575942,0.0,0.0,12.151761517615178,52.06736572365724,0.0,0.0,61.175718803650504,0.0,35.36060950778614,30.59101109530343,0.0,0.0,0.0,66.62781591097335,0.0,0.0,113.60112755461591,,1.0
2019,29,2019-07-15,75.3740192941574,0.0,39.50672937137122,0.0,0.0,9.721409214092144,37.7039544895449,0.0,0.0,54.11698201861391,0.0,0.0,0.0,0.0,0.0,0.0,32.50137361510895,0.0,0.0,104.1343669250646,,1.0
2019,30,2019-07-22,67.57670695338251,0.0,0.0,0.0,0.0,9.721409214092144,39.49938089380894,0.0,0.0,69.41091171952654,0.0,0.0,47.92591738264204,0.0,0.0,0.0,22.750961530576262,0.0,0.0,142.00140944326992,,1.0
2019,31,2019-07-29,62.37849872619924,0.0,0.0,0.0,0.0,17.01246612466125,41.29480729807298,0.0,0.0,104.70459564470951,0.0,40.41212515175559,40.78801479373791,0.0,0.0,0.0,37.376579657375295,0.0,0.0,61.53394409208363,,1.0
2019,32,2019-08-05,44.184769931057794,0.0,27.246020256118086,0.0,69.57575757575758,12.151761517615178,41.29480729807298,0.0,0.0,79.99901689708143,68.0109400234508,34.35030637899225,32.630411834990326,0.0,0.0,0.0,89.37877744154962,0.0,0.0,127.80126849894292,,1.0
2019,33,2019-08-12,85.77043574852395,0.0,46.31823443540075,0.0,0.0,9.721409214092144,50.2719393193932,0.0,0.0,101.17522725219122,0.0,34.35030637899225,0.0,0.0,0.0,0.0,35.75151097661985,0.0,0.0,71.00070472163496,,1.0
2019,34,2019-08-19,80.57222752134068,0.0,32.695224307341704,0.0,72.06060606060606,12.151761517615178,41.29480729807298,0.0,0.0,99.9987711213518,0.0,51.52545956848837,28.551610355616535,0.0,0.0,50.05250847854053,84.50357139928327,0.0,0.0,71.00070472163496,,1.0
2019,35,2019-08-26,51.982082271832695,0.0,0.0,0.0,64.60606060606061,12.151761517615178,48.47651291512915,0.0,0.0,56.46989428029278,0.0,28.288487606228912,28.551610355616535,0.0,0.0,46.04830780025728,68.2528845917288,0.0,0.0,132.53464881371858,,1.0
2019,36,2019-09-02,90.96864397570722,0.0,34.057525320147604,0.0,0.0,14.582113821138217,52.06736572365724,0.0,0.0,65.88154332700823,0.0,50.515156439694486,0.0,0.0,0.0,0.0,29.251236253598055,0.0,0.0,89.93422598073761,,1.0
2019,37,2019-09-09,98.76595631648212,0.0,38.14442835856532,0.0,0.0,14.582113821138217,73.61248257482575,0.0,0.0,64.7050871961688,0.0,81.83455343230507,45.886516642955144,0.0,0.0,86.09031458308971,17.875755488309924,0.0,0.0,113.60112755461591,,1.0
2019,38,2019-09-16,109.16237277084866,0.0,47.680535448206655,0.0,0.0,17.01246612466125,86.18046740467405,0.0,0.0,39.99950844854072,0.0,79.81394717471728,0.0,0.0,0.0,142.1491240790551,17.875755488309924,0.0,0.0,132.53464881371858,,1.0
2019,39,2019-09-23,119.5587892252152,0.0,64.0281476018775,0.0,0.0,14.582113821138217,100.5438786387864,0.0,0.0,45.88178910273787,0.0,67.69030962919061,27.531909985773087,0.0,0.0,114.1197193310724,47.12699174190798,0.0,0.0,137.26802912849425,,1.0
2019,40,2019-09-30,88.36953986211559,0.0,54.49204051223617,0.0,59.63636363636364,19.442818428184285,95.15759942599426,0.0,0.0,0.0,62.57006482157474,80.82425030351118,32.630411834990326,0.0,0.0,104.10921763536427,78.00329667626148,0.0,0.0,104.1343669250646,,1.0
2019,41,2019-10-07,88.36953986211559,0.0,39.50672937137122,0.0,52.18181818181818,26.733875338753393,102.33930504305044,0.0,0.0,68.2344555886871,51.68831441782261,47.484247053312814,58.12292108107652,0.0,0.0,134.14072272248862,27.626167572842608,91.0,0.0,56.80056377730797,,1.0
2019,42,2019-10-14,90.96864397570722,0.0,72.20195367871293,0.0,0.0,24.303523035230356,102.33930504305044,0.0,0.0,52.94052588777448,0.0,74.76243153074785,52.004718862015835,0.0,0.0,136.14282306163022,26.00109889208716,54.0,0.0,42.600422832980975,,1.0
2019,43,2019-10-21,80.57222752134068,0.0,74.92655570432474,0.0,0.0,17.01246612466125,98.74845223452236,0.0,95.0,0.0,0.0,46.47394392451893,56.08352034138962,0.0,0.0,116.12181967021402,71.5030219532397,39.0,0.0,108.86774723984028,,1.0
2019,44,2019-10-28,57.18029049901597,0.0,76.28885671713064,0.0,0.0,17.01246612466125,104.13473144731448,0.0,0.0,61.175718803650504,51.68831441782261,51.52545956848837,72.39872625888479,0.0,0.0,86.09031458308971,29.251236253598055,23.0,0.0,151.46817007282124,,1.0
2019,45,2019-11-04,80.57222752134068,0.0,70.83965266590702,0.0,0.0,17.01246612466125,98.74845223452236,0.0,0.0,77.64610463540257,0.0,59.60788459883949,96.87153513512752,0.0,0.0,114.1197193310724,97.50412084532684,23.0,0.0,94.66760629551328,,1.0
2019,46,2019-11-11,70.17581106697413,0.0,50.405137473818456,0.0,0.0,19.442818428184285,95.15759942599426,0.0,0.0,58.82280654197164,0.0,61.62849085642728,77.49722810810202,0.0,0.0,92.09661560051455,55.252335145685215,21.0,0.0,104.1343669250646,,1.0
2019,47,2019-11-18,111.7614768844403,0.0,49.04283646101256,0.0,0.0,12.151761517615178,93.3621730217302,0.0,0.0,62.35217493448994,51.68831441782261,54.556368954870045,42.827415533424805,0.0,0.0,66.06931119167349,13.00054944604358,0.0,0.0,113.60112755461591,,1.0
2019,48,2019-11-25,72.77491518056577,0.0,81.73806076835426,0.0,0.0,14.582113821138217,109.5210106601066,0.0,0.0,35.29368392518298,58.48940842016769,74.76243153074785,62.20172256045031,0.0,0.0,120.12602034849726,9.750412084532686,0.0,0.0,118.3345078693916,,1.0
2019,49,2019-12-02,88.36953986211559,0.0,69.47735165310112,0.0,0.0,19.442818428184285,91.56674661746618,0.0,0.0,77.64610463540257,0.0,70.72121901557227,89.73363254622339,0.0,0.0,88.09241492223133,11.375480765288131,28.0,0.0,99.40098661028894,6.0,2.0
2019,50,2019-12-09,90.96864397570722,0.0,77.65115772993654,0.0,47.21212121212121,19.442818428184285,118.4981426814268,0.0,0.0,55.293438149453344,53.04853321829163,76.78303778833562,90.75333291606684,0.0,0.0,98.10291661793944,19.50082416906537,27.0,0.0,80.46746535118628,9.0,2.0
2019,51,2019-12-16,70.17581106697413,0.0,84.46266279396608,0.0,47.21212121212121,17.01246612466125,109.5210106601066,0.0,0.0,0.0,53.04853321829163,75.77273465954173,33.650112204833775,0.0,0.0,104.10921763536427,9.750412084532686,0.0,26.208,132.53464881371858,10.0,3.0
2019,52,2019-12-23,106.56326865725704,0.0,70.83965266590702,0.0,82.0,14.582113821138217,114.90728987289872,0.0,0.0,43.52887684105902,0.0,66.68000650039673,59.14262145091997,0.0,0.0,102.10711729622268,16.250686807554477,0.0,0.0,89.93422598073761,8.0,3.0
2020,1,2019-12-30,80.57222752134068,82.55080049261083,81.73806076835426,0.0,57.15151515151515,21.87317073170732,131.0661275112751,0.0,0.0,48.23470136441674,0.0,68.7006127579845,73.41842662872824,0.0,0.0,156.16382645304645,55.252335145685215,0.0,0.0,75.73408503641062,10.0,3.0
2020,2,2020-01-06,106.56326865725704,72.64470443349754,103.53487697324871,0.0,42.24242424242424,29.16422764227643,116.70271627716278,0.0,0.0,48.23470136441674,48.96787681688458,85.87576594748063,63.221422930293755,0.0,0.0,126.13232136592212,56.87740382644066,0.0,28.391999999999996,52.0671834625323,24.0,3.0
2020,3,2020-01-13,106.56326865725704,0.0,92.6364688708015,0.0,49.696969696969695,36.455284552845534,138.24783312833128,0.0,0.0,44.70533297189844,58.48940842016769,77.79334091712951,32.630411834990326,0.0,0.0,166.17432814875454,81.25343403777238,0.0,69.88799999999999,47.33380314775664,60.0,3.0
2020,4,2020-01-20,135.15341390676502,77.59775246305418,121.24479013972548,0.0,74.54545454545455,82.63197831978322,179.54264042640426,0.0,0.0,69.41091171952654,51.68831441782261,88.9066753338623,29.571310725459984,58.8,0.0,150.15752543562158,162.50686807554476,0.0,89.54399999999998,75.73408503641062,179.0,3.0
2020,5,2020-01-27,137.75251802035666,90.80588054187191,99.447973934831,0.0,77.03030303030303,60.75880758807589,174.15636121361214,0.0,68.0,57.64635041113221,0.0,85.87576594748063,43.847115903268254,126.0,0.0,200.2100339141621,69.87795327248425,0.0,74.25599999999999,151.46817007282124,235.0,3.0
2020,6,2020-02-03,111.7614768844403,0.0,104.89717798605464,0.0,47.21212121212121,68.049864498645,123.88442189421896,0.0,0.0,43.52887684105902,47.60765801641556,69.7109158867784,34.66981257467722,84.0,0.0,138.14492340077186,29.251236253598055,0.0,74.25599999999999,123.06788818416726,290.0,5.0
2020,7,2020-02-10,111.7614768844403,0.0,39.50672937137122,0.0,47.21212121212121,29.16422764227643,102.33930504305044,0.0,0.0,74.11673624288427,0.0,50.515156439694486,38.74861405405101,50.400000000000006,0.0,86.09031458308971,24.376030211331713,0.0,24.023999999999997,104.1343669250646,191.0,5.0
2020,8,2020-02-17,106.56326865725704,0.0,57.21664253784798,0.0,49.696969696969695,38.88563685636857,77.20333538335383,0.0,0.0,52.94052588777448,0.0,42.43273140934337,28.551610355616535,67.2,0.0,0.0,89.37877744154962,0.0,67.704,123.06788818416726,83.0,4.0
2020,9,2020-02-24,106.56326865725704,0.0,61.30354557626569,0.0,52.18181818181818,31.594579945799463,77.20333538335383,0.0,0.0,65.88154332700823,59.849627220636705,48.49455018210671,41.80771516358136,0.0,0.0,78.08191322652321,22.750961530576262,0.0,21.839999999999996,146.73478975804557,93.0,3.0
2020,10,2020-03-02,155.94624681549809,0.0,64.0281476018775,0.0,151.57575757575756,109.3658536585366,114.90728987289872,0.0,0.0,79.99901689708143,77.53247162673392,74.76243153074785,0.0,285.6,0.0,110.11551865278916,14.625618126799028,0.0,107.016,113.60112755461591,34.0,3.0
2020,11,2020-03-09,259.9104113591635,74.29572044334975,65.39044861468341,0.0,248.4848484848485,116.65691056910572,149.02039155391554,0.0,0.0,59.99926267281107,96.57553483330014,70.72121901557227,37.72891368420756,369.6,0.0,102.10711729622268,8.125343403777238,0.0,124.488,89.93422598073761,37.0,3.0
2020,12,2020-03-16,213.12653731451405,0.0,85.82496380677198,0.0,124.24242424242424,89.92303523035233,140.04325953259533,0.0,0.0,47.05824523357731,93.85509723236213,65.66970337160284,65.26082366998065,100.8,48.0,82.08611390480647,8.125343403777238,0.0,37.12799999999999,104.1343669250646,6.0,2.0
2020,13,2020-03-23,179.3381838378228,75.94673645320196,51.76743848662437,0.0,89.45454545454545,70.48021680216803,116.70271627716278,0.0,0.0,48.23470136441674,121.05947324174244,45.46364079572504,99.93063624465788,42.0,0.0,80.08401356566483,8.125343403777238,0.0,34.943999999999996,89.93422598073761,,2.0
2020,14,2020-03-30,153.34714270190645,108.96705665024628,59.94124456345979,0.0,82.0,48.60704607046071,75.4079089790898,0.0,0.0,44.70533297189844,78.89269042720294,37.38121576537392,88.71393217637996,50.400000000000006,0.0,0.0,11.375480765288131,0.0,19.656,56.80056377730797,,1.0
2020,15,2020-04-06,111.7614768844403,0.0,59.94124456345979,0.0,49.696969696969695,43.746341463414645,52.06736572365724,0.0,0.0,59.99926267281107,57.12918961969868,32.32970012140447,92.79273365575374,0.0,0.0,0.0,9.750412084532686,0.0,0.0,113.60112755461591,,1.0
2020,16,2020-04-13,72.77491518056577,0.0,39.50672937137122,0.0,0.0,36.455284552845534,41.29480729807298,0.0,0.0,54.11698201861391,61.209846021105726,27.278184477435023,36.70921331436412,0.0,0.0,0.0,9.750412084532686,0.0,0.0,127.80126849894292,,1.0
2020,17,2020-04-20,59.7793946126076,0.0,19.07221417928266,0.0,64.60606060606061,26.733875338753393,44.885660106601065,0.0,0.0,65.88154332700823,66.65072122298179,21.216365704671684,59.14262145091997,0.0,0.0,0.0,9.750412084532686,0.0,0.0,189.33521259102656,,1.0
2020,18,2020-04-27,59.7793946126076,0.0,20.434515192088565,0.0,0.0,21.87317073170732,28.72682246822468,0.0,0.0,44.70533297189844,48.96787681688458,19.195759447083905,74.43812699857168,0.0,0.0,0.0,9.750412084532686,0.0,0.0,146.73478975804557,,1.0
2020,19,2020-05-04,54.58118638542433,97.40994458128078,25.883719243312186,0.0,0.0,17.01246612466125,32.317675276752766,0.0,0.0,55.293438149453344,0.0,0.0,30.59101109530343,0.0,0.0,0.0,8.125343403777238,0.0,0.0,170.4016913319239,,1.0
2020,20,2020-05-11,75.3740192941574,0.0,20.434515192088565,0.0,0.0,12.151761517615178,19.74969044690447,0.0,0.0,0.0,0.0,23.236971962259464,0.0,0.0,0.0,0.0,8.125343403777238,0.0,0.0,198.80197322057788,,1.0
2020,21,2020-05-18,41.58566581746616,0.0,0.0,0.0,0.0,12.151761517615178,25.1359696596966,0.0,0.0,32.940771663504115,0.0,28.288487606228912,31.61071146514688,0.0,0.0,0.0,9.750412084532686,0.0,0.0,213.00211416490487,,1.0
2020,22,2020-05-25,54.58118638542433,69.3426724137931,20.434515192088565,0.0,0.0,14.582113821138217,16.158837638376383,0.0,0.0,52.94052588777448,0.0,15.154546931908346,28.551610355616535,0.0,0.0,0.0,9.750412084532686,0.0,0.0,208.2687338501292,,1.0
2020,23,2020-06-01,67.57670695338251,0.0,0.0,0.0,0.0,12.151761517615178,19.74969044690447,0.0,0.0,48.23470136441674,0.0,21.216365704671684,0.0,0.0,0.0,0.0,16.250686807554477,0.0,0.0,179.86845196147522,,1.0
2020,24,2020-06-08,85.77043574852395,0.0,0.0,0.0,0.0,17.01246612466125,25.1359696596966,0.0,0.0,67.05799945784767,0.0,34.35030637899225,0.0,0.0,0.0,0.0,16.250686807554477,0.0,0.0,194.0685929058022,,1.0
2020,25,2020-06-15,106.56326865725704,95.75892857142856,24.52141823050628,0.0,64.60606060606061,19.442818428184285,35.90852808528085,0.0,0.0,87.05775368211803,85.69378442954802,52.535762697282266,0.0,0.0,0.0,0.0,11.375480765288131,0.0,0.0,132.53464881371858,,1.0
2020,26,2020-06-22,187.13549617859772,0.0,47.680535448206655,0.0,82.0,26.733875338753393,50.2719393193932,0.0,0.0,91.76357820547577,68.0109400234508,55.56667208366393,40.78801479373791,0.0,0.0,0.0,8.125343403777238,0.0,0.0,127.80126849894292,,1.0
2020,27,2020-06-29,168.94176738345627,125.47721674876848,39.50672937137122,0.0,126.72727272727272,24.303523035230356,64.63535055350553,0.0,0.0,117.64561308394327,99.29597243423818,46.47394392451893,38.74861405405101,0.0,0.0,0.0,8.125343403777238,0.0,0.0,123.06788818416726,,1.0
2020,28,2020-07-06,150.7480385883148,0.0,36.78212734575942,0.0,104.36363636363636,21.87317073170732,77.20333538335383,0.0,0.0,81.17547302792086,72.09159642485785,57.58727834125172,33.650112204833775,0.0,0.0,70.07351186995673,8.125343403777238,0.0,0.0,170.4016913319239,,1.0
2020,29,2020-07-13,122.15789333880684,102.36299261083744,34.057525320147604,0.0,91.93939393939394,21.87317073170732,64.63535055350553,0.0,0.0,74.11673624288427,92.4948784318931,39.401822022961696,27.531909985773087,0.0,0.0,0.0,9.750412084532686,0.0,0.0,189.33521259102656,,1.0
2020,30,2020-07-20,96.1668522028905,0.0,40.86903038417713,0.0,0.0,17.01246612466125,50.2719393193932,0.0,0.0,64.7050871961688,81.61312802814096,29.2987907350228,37.72891368420756,0.0,0.0,46.04830780025728,9.750412084532686,0.0,0.0,208.2687338501292,,1.0
2020,31,2020-07-27,90.96864397570722,0.0,25.883719243312186,0.0,52.18181818181818,14.582113821138217,44.885660106601065,0.0,0.0,95.29294659799406,58.48940842016769,21.216365704671684,24.472808876242745,0.0,0.0,0.0,8.125343403777238,0.0,0.0,473.33803147756635,,1.0
2020,32,2020-08-03,83.17133163493232,0.0,0.0,0.0,0.0,14.582113821138217,35.90852808528085,0.0,0.0,79.99901689708143,0.0,30.309093863816692,0.0,0.0,0.0,0.0,11.375480765288131,0.0,0.0,383.40380549682874,,1.0
2020,33,2020-08-10,85.77043574852395,165.1016009852217,23.159117217700373,0.0,0.0,14.582113821138217,35.90852808528085,0.0,0.0,58.82280654197164,0.0,0.0,24.472808876242745,0.0,0.0,0.0,13.00054944604358,0.0,0.0,317.1364810899695,,1.0
2020,34,2020-08-17,80.57222752134068,0.0,24.52141823050628,0.0,57.15151515151515,14.582113821138217,35.90852808528085,0.0,0.0,52.94052588777448,44.88722041547753,36.37091263658003,39.76831442389446,0.0,0.0,0.0,78.00329667626148,0.0,0.0,302.9363401456425,,1.0
2020,35,2020-08-24,88.36953986211559,0.0,0.0,0.0,89.45454545454545,14.582113821138217,32.317675276752766,0.0,0.0,0.0,0.0,29.2987907350228,0.0,0.0,0.0,46.04830780025728,68.2528845917288,0.0,0.0,298.2029598308668,,1.0
2020,36,2020-08-31,132.5543097931734,0.0,29.970622281729895,0.0,121.75757575757576,17.01246612466125,48.47651291512915,0.0,0.0,67.05799945784767,0.0,47.484247053312814,0.0,0.0,0.0,68.07141153081511,52.00219778417432,0.0,0.0,208.2687338501292,,1.0
2020,37,2020-09-07,101.36506043007375,0.0,28.60832126892399,0.0,121.75757575757576,17.01246612466125,53.86279212792128,0.0,0.0,56.46989428029278,55.76897081922966,71.73152214436617,0.0,0.0,0.0,68.07141153081511,94.25398348381596,19.0,0.0,213.00211416490487,,1.0
2020,38,2020-09-14,129.95520567958175,0.0,25.883719243312186,0.0,114.3030303030303,14.582113821138217,53.86279212792128,0.0,0.0,69.41091171952654,0.0,70.72121901557227,40.78801479373791,0.0,56.0,0.0,74.75315931475059,21.0,0.0,269.8026779422128,,1.0
2020,39,2020-09-21,77.97312340774904,0.0,31.3329232945358,0.0,69.57575757575758,29.16422764227643,52.06736572365724,0.0,0.0,39.99950844854072,0.0,73.75212840195395,0.0,0.0,0.0,70.07351186995673,82.87850271852783,81.0,0.0,326.6032417195208,,1.0
2020,40,2020-09-28,88.36953986211559,0.0,28.60832126892399,0.0,0.0,26.733875338753393,52.06736572365724,0.0,0.0,0.0,0.0,44.45333766693115,42.827415533424805,0.0,0.0,56.05880949596539,102.3793268875932,98.0,0.0,364.4702842377261,,1.0
2020,41,2020-10-05,109.16237277084866,0.0,40.86903038417713,0.0,69.57575757575758,29.16422764227643,57.453644936449365,0.0,0.0,0.0,0.0,58.5975814700456,30.59101109530343,0.0,0.0,0.0,35.75151097661985,100.0,0.0,407.0707070707071,,1.0
2020,42,2020-10-12,103.9641645436654,0.0,40.86903038417713,0.0,94.42424242424242,41.31598915989161,62.83992414924149,0.0,0.0,0.0,0.0,53.54606582607616,32.630411834990326,0.0,0.0,58.06090983510701,17.875755488309924,84.0,0.0,284.00281888653984,,1.0
2020,43,2020-10-19,106.56326865725704,0.0,46.31823443540075,0.0,89.45454545454545,29.16422764227643,82.58961459614596,0.0,0.0,64.7050871961688,0.0,58.5975814700456,44.866816273111695,0.0,0.0,80.08401356566483,63.37767854946245,48.0,0.0,265.06929762743715,,1.0
2020,44,2020-10-26,101.36506043007375,0.0,46.31823443540075,0.0,0.0,26.733875338753393,82.58961459614596,0.0,0.0,64.7050871961688,47.60765801641556,81.83455343230507,37.72891368420756,0.0,57.0,76.07981288738159,29.251236253598055,37.0,0.0,231.93563542400753,,2.0
2020,45,2020-11-02,124.75699745239848,0.0,55.854341525042074,0.0,116.78787878787878,26.733875338753393,89.77132021320213,0.0,0.0,34.11722779434355,72.09159642485785,85.87576594748063,50.98501849217239,0.0,56.0,110.11551865278916,19.50082416906537,25.0,0.0,208.2687338501292,,2.0
2020,46,2020-11-09,145.54983036113154,0.0,65.39044861468341,0.0,96.9090909090909,31.594579945799463,105.93015785157851,0.0,0.0,68.2344555886871,59.849627220636705,81.83455343230507,96.87153513512752,0.0,0.0,104.10921763536427,100.75425820683776,29.0,0.0,231.93563542400753,,2.0
2020,47,2020-11-16,140.35162213394827,95.75892857142856,73.56425469151884,0.0,74.54545454545455,31.594579945799463,116.70271627716278,0.0,0.0,59.99926267281107,70.73137762438884,78.80364404592339,39.76831442389446,0.0,100.0,114.1197193310724,22.750961530576262,0.0,0.0,184.6018322762509,,2.0
2020,48,2020-11-23,90.96864397570722,95.75892857142856,62.6658465890716,0.0,89.45454545454545,29.16422764227643,116.70271627716278,0.0,0.0,82.3519291587603,73.45181522532687,83.85515968989284,49.96531812232894,0.0,0.0,94.0987159396562,8.125343403777238,35.0,0.0,156.2015503875969,,1.0
2020,49,2020-11-30,80.57222752134068,122.17518472906404,76.28885671713064,0.0,69.57575757575758,26.733875338753393,102.33930504305044,0.0,0.0,55.293438149453344,77.53247162673392,60.618187727633384,39.76831442389446,0.0,0.0,82.08611390480647,8.125343403777238,0.0,0.0,156.2015503875969,,1.0
2020,50,2020-12-07,88.36953986211559,0.0,51.76743848662437,0.0,77.03030303030303,17.01246612466125,98.74845223452236,0.0,0.0,72.94028011204483,91.13465963142409,55.56667208366393,101.97003698434476,0.0,0.0,96.1008162787978,8.125343403777238,0.0,0.0,108.86774723984028,,1.0
2020,51,2020-12-14,111.7614768844403,74.29572044334975,53.12973949943027,0.0,67.0909090909091,21.87317073170732,89.77132021320213,0.0,0.0,54.11698201861391,69.37115882391983,46.47394392451893,49.96531812232894,0.0,0.0,64.06721085253187,8.125343403777238,0.0,0.0,142.00140944326992,,1.0
2020,52,2020-12-21,83.17133163493232,0.0,50.405137473818456,0.0,54.666666666666664,14.582113821138217,64.63535055350553,0.0,0.0,55.293438149453344,0.0,48.49455018210671,46.90621701279859,0.0,0.0,54.05670915682376,8.125343403777238,0.0,0.0,175.13507164669954,,1.0
2020,53,2020-12-28,83.77950614931694,89.15486453201969,25.92731287572197,0.0,64.68098066088015,18.230917683839916,61.5067724315141,0.0,0.0,77.64610463540255,57.71623141779584,38.91303305231158,61.18202219060686,0.0,0.0,42.65472922171224,9.231820703603852,0.0,0.0,198.80197322057788,,1.0
2021,1,2021-01-04,72.45795126427412,75.94673645320195,58.57652168218667,0.0,64.68098066088015,19.473934798647186,57.99209972114187,0.0,0.0,49.41115749525617,0.0,43.90188344363358,23.453108506399296,0.0,0.0,0.0,9.231820703603852,25.0,0.0,203.53535353535355,,1.0
2021,2,2021-01-11,58.87208540222272,0.0,42.25191727895432,0.0,53.36180904522613,19.473934798647186,56.23476336595575,0.0,0.0,52.94052588777446,65.67709092369871,42.904113365369184,60.16232182076342,0.0,0.0,42.65472922171224,9.231820703603852,35.0,0.0,170.4016913319239,,1.0
2021,3,2021-01-18,81.51519517230838,74.29572044334974,0.0,0.0,63.06395614435815,22.788647104799896,65.02144514188633,0.0,0.0,56.46989428029276,53.7358016648444,45.89742360016238,26.51220961592964,0.0,0.0,60.21844125418198,10.550652232690116,24.0,0.0,113.60112755461591,,1.0
2021,4,2021-01-25,86.04381712632551,0.0,35.53002134821159,0.0,0.0,16.15922249249447,70.29345420744468,0.0,0.0,71.76382398120539,47.765157035417246,39.910803130575985,24.472808876242745,0.0,0.0,100.36406875696996,34.28961975624288,0.0,0.0,94.66760629551328,,1.0
2021,5,2021-02-01,106.4226159194026,70.99368842364531,41.29164643170536,0.0,64.68098066088015,16.573561530763563,70.29345420744468,0.0,0.0,43.528876841059,0.0,68.84613540024357,36.70921331436412,0.0,0.0,87.81856016234872,77.8110602160896,0.0,0.0,108.86774723984028,,1.0
2021,6,2021-02-08,97.36537201136834,108.96705665024628,59.53679252943564,0.0,118.04278970610628,14.501866339418116,75.56546327300303,0.0,0.0,31.76431553266468,58.7113388560337,82.81491649594517,55.063819971546174,0.0,0.0,132.98239110298522,113.41951150141874,0.0,0.0,94.66760629551328,,1.0
2021,7,2021-02-15,133.5943476435054,0.0,45.13272982070121,0.0,74.38312776001217,16.98790056903265,84.35214504893362,0.0,0.0,39.99950844854071,0.0,50.88627399148438,41.80771516358136,0.0,0.0,97.85496703804571,35.60845128532914,0.0,0.0,85.20084566596195,,1.0
2021,8,2021-02-22,92.8367500573512,0.0,40.3313755844564,0.0,106.72361809045223,17.81657864557083,94.89616318005032,0.0,0.0,70.58736785036595,0.0,56.87289446107078,33.650112204833775,0.0,0.0,95.34586531912149,21.10130446538023,0.0,0.0,89.93422598073761,,1.0
2021,9,2021-03-01,108.68692689641117,102.36299261083742,29.76839626471782,0.0,111.57469164001829,16.98790056903265,87.86681775930586,0.0,0.0,44.70533297189843,0.0,73.83498579156557,22.433408136555848,0.0,0.0,130.47328938406096,23.73896752355276,0.0,0.0,99.40098661028894,,1.0
2021,10,2021-03-08,104.15830494239404,66.04064039408865,62.41760507118252,0.0,51.74478452870412,21.959969028261717,82.59480869374751,0.0,76.0,36.47014005602241,67.66730580017443,57.87066453933517,28.551610355616535,0.0,0.0,85.30945844342448,21.10130446538023,0.0,0.0,113.60112755461591,,
2021,11,2021-03-15,113.2155488504283,74.29572044334974,43.21218812620328,0.0,92.17039744175422,22.37430806653081,86.10948140411975,0.0,0.0,61.1757188036505,0.0,52.88181414801318,27.531909985773087,0.0,0.0,77.78215328665172,22.420135994466495,0.0,0.0,94.66760629551328,,
2021,12,2021-03-22,108.68692689641117,0.0,41.29164643170536,0.0,64.68098066088015,16.573561530763563,75.56546327300303,0.0,0.0,54.116982018613896,45.77494215894153,34.92195273925398,40.78801479373791,0.0,0.0,70.25484812987898,22.420135994466495,0.0,0.0,113.60112755461591,,
2021,13,2021-03-29,81.51519517230838,0.0,34.56975050096263,0.0,51.74478452870412,16.98790056903265,73.80812691781692,0.0,0.0,50.5876136260956,62.691768608985136,46.89519367842678,24.472808876242745,0.0,0.0,105.38227219481848,17.14480987812144,0.0,0.0,123.06788818416726,,
2021,14,2021-04-05,56.60777442521415,0.0,28.808125417468855,0.0,92.17039744175422,16.573561530763563,73.80812691781692,0.0,0.0,49.41115749525617,48.760264473655106,41.90634328710478,36.70921331436412,0.0,0.0,112.90957735159122,52.753261163450574,0.0,0.0,142.00140944326992,,
2021,15,2021-04-12,76.98657321829124,72.64470443349752,53.77516744594186,0.0,69.53205421044616,16.15922249249447,75.56546327300303,0.0,0.0,42.352420710219576,0.0,42.904113365369184,40.78801479373791,0.0,0.0,72.76394984880324,46.15910351801926,0.0,0.0,132.53464881371858,,
2021,16,2021-04-19,113.2155488504283,0.0,29.76839626471782,0.0,82.4682503426222,12.43017114807267,65.02144514188633,0.0,0.0,56.46989428029276,0.0,64.85505508718597,46.90621701279859,0.0,70.52434456928839,77.78215328665172,19.782472936293967,0.0,0.0,151.46817007282124,,
2021,17,2021-04-26,79.25088419529982,0.0,27.847854570219894,0.0,56.59585807827013,13.258849224610849,73.80812691781692,0.0,0.0,76.46964850456311,0.0,41.90634328710478,33.650112204833775,0.0,0.0,60.21844125418198,29.01429363989782,0.0,0.0,160.93493070237255,,
2021,18,2021-05-03,81.51519517230838,0.0,46.09300066795016,0.0,45.276686462616105,13.258849224610849,57.99209972114187,0.0,0.0,64.70508719616879,0.0,32.926412582725185,31.61071146514688,0.0,0.0,60.21844125418198,129.2454898504539,0.0,0.0,160.93493070237255,,
2021,19,2021-05-10,47.55053051717989,0.0,31.68893795921574,0.0,46.89371097913811,10.772814994996317,61.5067724315141,0.0,0.0,32.94077166350411,45.77494215894153,28.935332269667587,25.492509246086193,0.0,0.0,97.85496703804571,63.30391339614069,0.0,0.0,156.2015503875969,,
2021,20,2021-05-17,88.30812810333408,0.0,29.76839626471782,0.0,80.85122582610019,8.701119803650869,68.53611785225857,0.0,0.0,52.94052588777446,0.0,22.94871180008119,31.61071146514688,0.0,0.0,0.0,36.927282814415406,0.0,0.0,194.0685929058022,,
2021,21,2021-05-24,97.36537201136834,0.0,37.45056304270951,0.0,63.06395614435815,18.230917683839916,56.23476336595575,0.0,0.0,34.11722779434354,0.0,38.91303305231158,0.0,0.0,0.0,55.20023781633349,88.36171244877971,0.0,0.0,156.2015503875969,,
2021,22,2021-05-31,92.8367500573512,0.0,33.60947965371366,0.0,0.0,12.84451018634176,47.44808159002516,0.0,0.0,65.88154332700822,0.0,34.92195273925398,0.0,0.0,0.0,107.89137391374273,120.01366914685006,0.0,0.0,151.46817007282124,,
2021,23,2021-06-07,88.30812810333408,0.0,22.08622948672612,0.0,90.5533729252322,10.358475956727226,54.47742701076963,0.0,0.0,0.0,0.0,22.94871180008119,28.551610355616535,0.0,0.0,0.0,60.666250337968165,0.0,0.0,113.60112755461591,,
2021,24,2021-06-14,95.10106103435976,0.0,24.967042028473006,0.0,0.0,9.115458841919958,45.69074523483905,0.0,0.0,36.47014005602241,0.0,34.92195273925398,0.0,0.0,0.0,40.14562750278799,27.695462110811555,0.0,0.0,108.86774723984028,,
2021,25,2021-06-21,72.45795126427412,0.0,27.847854570219894,0.0,72.76610324349018,7.872441727112691,49.20541794521128,0.0,0.0,43.528876841059,0.0,32.926412582725185,0.0,0.0,0.0,57.70933953525773,98.91236468146984,0.0,0.0,127.80126849894292,,
2021,26,2021-06-28,99.62968298837691,0.0,35.53002134821159,0.0,69.53205421044616,10.772814994996317,52.72009065558352,0.0,0.0,43.528876841059,0.0,49.88850391321998,0.0,0.0,0.0,47.672932659560736,108.14418538507368,0.0,0.0,99.40098661028894,,
2021,27,2021-07-05,88.30812810333408,0.0,35.53002134821159,0.0,54.97883356174813,14.501866339418116,47.44808159002516,0.0,0.0,35.293683925182975,0.0,43.90188344363358,27.531909985773087,0.0,0.0,47.672932659560736,55.39092422162311,0.0,0.0,156.2015503875969,,
2021,28,2021-07-12,95.10106103435976,0.0,38.410833889958475,0.0,0.0,13.673188262879938,56.23476336595575,0.0,0.0,76.46964850456311,59.70644629427156,54.877354304541974,0.0,0.0,0.0,57.70933953525773,40.883777401674195,0.0,0.0,104.1343669250646,,
2021,29,2021-07-19,58.87208540222272,0.0,40.3313755844564,0.0,80.85122582610019,13.673188262879938,45.69074523483905,0.0,0.0,0.0,50.750479350130824,52.88181414801318,0.0,0.0,0.0,52.691136097409235,123.97016373410884,0.0,0.0,89.93422598073761,,
2021,30,2021-07-26,81.51519517230838,0.0,26.88758372297093,0.0,0.0,10.772814994996317,54.47742701076963,0.0,0.0,64.70508719616879,0.0,71.83944563503677,0.0,0.0,0.0,62.72754297310623,26.376630581725287,0.0,0.0,99.40098661028894,,
2021,31,2021-08-02,74.72226224128268,0.0,37.45056304270951,0.0,87.31932389218821,14.501866339418116,49.20541794521128,0.0,0.0,69.41091171952652,0.0,52.88181414801318,0.0,0.0,0.0,80.29125500557598,23.73896752355276,0.0,0.0,47.33380314775664,,
2021,32,2021-08-09,106.4226159194026,0.0,40.3313755844564,0.0,116.42576518958428,15.330544415956291,65.02144514188633,0.0,0.0,79.99901689708142,48.760264473655106,45.89742360016238,0.0,0.0,0.0,0.0,32.97078822715661,0.0,100.0,99.40098661028894,,
2021,33,2021-08-16,104.15830494239404,0.0,46.09300066795016,0.0,122.89386325567229,14.916205377687206,79.08013598337527,0.0,0.0,76.46964850456311,0.0,80.81937633941637,0.0,0.0,0.0,97.85496703804571,25.057799052639023,0.0,0.0,160.93493070237255,,
2021,34,2021-08-23,90.57243908034263,0.0,39.37110473720743,0.0,109.95766712349626,14.916205377687206,82.59480869374751,0.0,0.0,47.0582452335773,61.69666117074728,51.884044069748775,0.0,0.0,0.0,77.78215328665172,80.44872327426214,0.0,0.0,123.06788818416726,,
2021,35,2021-08-30,165.29470132162533,0.0,56.655979987688745,0.0,135.83005938784834,13.673188262879938,107.19751766635316,0.0,0.0,90.58712207463633,0.0,99.77700782643996,0.0,0.0,0.0,100.36406875696996,106.82535385598742,0.0,0.0,47.33380314775664,,
2021,36,2021-09-06,176.61625620666817,0.0,85.4641054051576,0.0,161.70245165220038,33.147123061527125,130.04289028377266,0.0,0.0,88.23420981295745,0.0,72.83721571330116,0.0,0.0,0.0,143.01879797868222,50.115598105278046,21.0,0.0,94.66760629551328,,
2021,37,2021-09-13,133.5943476435054,0.0,44.17245897345224,0.0,103.48956905740825,27.760715564028963,133.55756299414492,0.0,0.0,56.46989428029276,74.63305786783945,70.84167555677237,26.51220961592964,0.0,0.0,135.49149282190945,15.825978349035172,28.0,0.0,113.60112755461591,,
2021,38,2021-09-20,133.5943476435054,0.0,66.25868846017836,0.0,127.74493680523832,29.41807171710532,144.10158112526162,0.0,0.0,62.35217493448992,49.755371911892965,67.84836532197917,0.0,0.0,0.0,213.2736461085612,19.782472936293967,0.0,0.0,127.80126849894292,,
2021,39,2021-09-27,79.25088419529982,87.50384852216747,78.74220947441486,0.0,118.04278970610628,18.645256722109007,130.04289028377266,0.0,0.0,56.46989428029276,56.72112397955798,62.85951493065717,0.0,0.0,0.0,135.49149282190945,15.825978349035172,20.0,72.0,123.06788818416726,,
2021,40,2021-10-04,131.33003666649682,0.0,56.655979987688745,0.0,114.80874067306227,32.31844498498894,156.40293561156443,0.0,0.0,56.46989428029276,52.74069422660654,75.83052594809436,34.66981257467722,0.0,0.0,175.63712032469743,30.333125168984083,44.0,0.0,118.3345078693916,,1.0
2021,41,2021-10-11,185.6735001147024,0.0,93.14627218314928,0.0,142.29815745393634,27.760715564028963,159.91760832193663,0.0,0.0,41.17596457938014,62.691768608985136,62.85951493065717,31.61071146514688,0.0,63.47191011235955,168.1098151679247,19.782472936293967,54.0,0.0,85.20084566596195,,1.0
2021,42,2021-10-18,156.23745741359107,0.0,86.42437625240656,0.0,93.78742195827624,27.760715564028963,158.16027196675054,0.0,0.0,63.52863106532936,0.0,62.85951493065717,35.68951294452067,0.0,0.0,168.1098151679247,18.463641407207703,0.0,0.0,56.80056377730797,,1.0
2021,43,2021-10-25,117.74417080444545,0.0,72.9805843909211,0.0,66.29800517740216,29.41807171710532,140.58690841488936,0.0,0.0,0.0,51.74558678836868,55.875124382806376,43.847115903268254,0.0,0.0,155.56430657330344,81.76755480334839,40.0,0.0,118.3345078693916,,1.0
2021,44,2021-11-01,135.85865862051398,0.0,50.89435490419498,0.0,119.65981422262828,20.71695191345445,133.55756299414492,0.0,0.0,59.999262672811064,0.0,50.88627399148438,54.044119601702725,0.0,0.0,168.1098151679247,58.02858727979564,34.0,0.0,94.66760629551328,,1.0
2021,45,2021-11-08,92.8367500573512,0.0,50.89435490419498,0.0,84.0852748591442,21.54562998999263,108.95485402153926,0.0,0.0,57.6463504111322,0.0,48.890733834955576,31.61071146514688,0.0,0.0,112.90957735159122,96.2747016232973,22.0,0.0,66.26732440685929,,1.0
2021,46,2021-11-15,95.10106103435976,0.0,59.53679252943564,0.0,98.63849550784224,14.501866339418116,98.41083589042256,0.0,95.0,77.64610463540255,0.0,48.890733834955576,0.0,0.0,0.0,100.36406875696996,44.84027198893299,0.0,0.0,75.73408503641062,,1.0
2021,47,2021-11-22,104.15830494239404,0.0,49.93408405694601,0.0,58.21288259479214,16.15922249249447,93.1388268248642,0.0,0.0,39.99950844854071,48.760264473655106,60.86397477412837,26.51220961592964,0.0,0.0,95.34586531912149,94.95587009421104,0.0,0.0,108.86774723984028,,1.0
2021,48,2021-11-29,122.27279275846256,0.0,49.93408405694601,0.0,93.78742195827624,13.673188262879938,103.68284495598093,0.0,0.0,50.5876136260956,81.59880993550446,60.86397477412837,28.551610355616535,0.0,0.0,120.43688250836396,17.14480987812144,0.0,0.0,118.3345078693916,,1.0
2021,49,2021-12-06,101.89399396538548,0.0,81.62302201616176,0.0,0.0,17.402239607301738,98.41083589042256,0.0,0.0,0.0,0.0,58.868434617599576,64.2411233001372,0.0,0.0,160.58251001115195,11.86948376177638,0.0,0.0,85.20084566596195,,1.0
2021,50,2021-12-13,126.8014147124797,0.0,62.41760507118252,0.0,108.34064260697426,15.744883454225382,110.7121903767254,0.0,0.0,0.0,0.0,64.85505508718597,0.0,0.0,0.0,117.92778078943972,10.550652232690116,0.0,0.0,75.73408503641062,1.0,1.0
2021,51,2021-12-20,138.12296959752254,0.0,81.62302201616176,0.0,143.91518197045835,16.98790056903265,110.7121903767254,0.0,0.0,0.0,0.0,85.80822673073837,34.66981257467722,0.0,0.0,120.43688250836396,13.188315290862644,0.0,0.0,71.00070472163496,1.0,1.0
2021,52,2021-12-27,226.4310977008566,0.0,65.2984176129294,0.0,98.63849550784224,32.31844498498894,166.94695374268113,0.0,0.0,62.35217493448992,57.71623141779584,79.82160626115197,81.57602958747582,100.0,100.749063670412,245.89196845457644,27.695462110811555,0.0,0.0,80.46746535118628,12.0,1.0
2022,1,2022-01-03,153.97314643658248,0.0,84.50383455790865,0.0,95.40444647479822,27.346376525759876,173.9762991634256,0.0,0.0,70.58736785036595,0.0,87.80376688726716,31.61071146514688,0.0,0.0,170.61891688684895,38.24611434350167,0.0,0.0,85.20084566596195,21.0,1.0
2022,2,2022-01-10,140.3872805745311,0.0,66.25868846017836,0.0,63.06395614435815,25.68902037268352,163.4322810323089,0.0,0.0,83.52838528959971,68.66241323841228,48.890733834955576,36.70921331436412,0.0,0.0,228.32825642210668,50.115598105278046,0.0,0.0,80.46746535118628,16.0,1.0
2022,3,2022-01-17,144.91590252854823,66.04064039408865,55.69570914043979,0.0,61.44693162783614,21.959969028261717,161.6749446771228,0.0,98.0,61.1757188036505,0.0,65.85282516545037,27.531909985773087,0.0,0.0,205.74634095178843,71.21690257065828,0.0,0.0,66.26732440685929,19.0,1.0
2022,4,2022-01-24,131.33003666649682,112.26908866995072,62.41760507118252,0.0,84.0852748591442,19.888273836916273,152.8882629011922,0.0,100.0,56.46989428029276,0.0,48.890733834955576,0.0,0.0,0.0,203.2372392328642,46.15910351801926,0.0,0.0,66.26732440685929,7.0,1.0
2022,5,2022-01-31,124.53710373547112,0.0,54.735438293190825,0.0,58.21288259479214,18.230917683839916,112.4695267319115,0.0,0.0,57.6463504111322,44.77983472070367,28.935332269667587,0.0,0.0,0.0,117.92778078943972,19.782472936293967,0.0,0.0,80.46746535118628,4.0,1.0
2022,6,2022-02-07,101.89399396538548,87.50384852216747,44.17245897345224,0.0,43.659661946094104,19.059595760378095,96.65349953523643,0.0,0.0,42.352420710219576,59.70644629427156,32.926412582725185,60.16232182076342,56.0,0.0,117.92778078943972,23.73896752355276,0.0,0.0,89.93422598073761,31.0,1.0
2022,7,2022-02-14,88.30812810333408,92.45689655172411,47.05327151519913,0.0,43.659661946094104,11.187154033265404,84.35214504893362,0.0,0.0,34.11722779434354,36.818975214800794,37.91526297404718,28.551610355616535,0.0,0.0,127.9641876651367,61.985081867054426,0.0,0.0,89.93422598073761,25.0,1.0
2022,8,2022-02-21,79.25088419529982,62.73860837438422,51.85462575144394,0.0,58.21288259479214,17.402239607301738,84.35214504893362,0.0,0.0,37.64659618686184,0.0,29.933102347931985,24.472808876242745,0.0,0.0,77.78215328665172,15.825978349035172,0.0,0.0,75.73408503641062,12.0,1.0
2022,9,2022-02-28,83.77950614931694,0.0,49.93408405694601,0.0,38.808588396528094,17.81657864557083,89.62415411449197,0.0,0.0,34.11722779434354,0.0,29.933102347931985,31.61071146514688,0.0,0.0,140.50969625975796,15.825978349035172,0.0,0.0,71.00070472163496,3.0,1.0
2022,10,2022-03-07,115.47985982743688,57.78556034482757,63.37787591843148,0.0,87.31932389218821,15.330544415956291,110.7121903767254,0.0,79.0,35.293683925182975,0.0,59.86620469586397,21.413707766712403,0.0,0.0,173.1280186057732,40.883777401674195,0.0,0.0,94.66760629551328,34.0,1.0
2022,11,2022-03-14,124.53710373547112,0.0,67.21895930742733,0.0,97.02147099132024,19.059595760378095,103.68284495598093,0.0,0.0,44.70533297189843,0.0,64.85505508718597,26.51220961592964,0.0,0.0,127.9641876651367,27.695462110811555,0.0,0.0,52.0671834625323,77.0,1.0
2022,12,2022-03-21,122.27279275846256,75.94673645320195,76.82166777991695,0.0,101.87254454088624,19.059595760378095,114.2268630870976,0.0,0.0,38.82305231770128,44.77983472070367,29.933102347931985,28.551610355616535,0.0,0.0,120.43688250836396,43.52144045984673,0.0,0.0,123.06788818416726,77.0,1.0
2022,13,2022-03-28,99.62968298837691,52.832512315270925,59.53679252943564,0.0,71.14907872696817,22.37430806653081,105.44018131116704,0.0,0.0,49.41115749525617,0.0,47.89296375669118,28.551610355616535,0.0,0.0,138.0005945408337,19.782472936293967,0.0,0.0,123.06788818416726,66.0,1.0
2022,14,2022-04-04,95.10106103435976,0.0,29.76839626471782,0.0,56.59585807827013,19.473934798647186,101.9255086007948,0.0,0.0,34.11722779434354,0.0,39.910803130575985,28.551610355616535,0.0,0.0,122.94598422728822,40.883777401674195,0.0,0.0,113.60112755461591,43.0,1.0
2022,15,2022-04-11,104.15830494239404,0.0,48.973813209697056,0.0,0.0,19.059595760378095,98.41083589042256,0.0,0.0,36.47014005602241,0.0,39.910803130575985,57.10322071123307,0.0,0.0,100.36406875696996,50.115598105278046,0.0,0.0,142.00140944326992,32.0,1.0
2022,16,2022-04-18,120.008481781454,0.0,44.17245897345224,0.0,54.97883356174813,16.15922249249447,98.41083589042256,0.0,0.0,49.41115749525617,50.750479350130824,43.90188344363358,29.571310725459984,0.0,0.0,130.47328938406096,30.333125168984083,0.0,0.0,151.46817007282124,17.0,1.0
2022,17,2022-04-25,117.74417080444545,0.0,44.17245897345224,0.0,69.53205421044616,14.087527301149027,82.59480869374751,0.0,0.0,44.70533297189843,0.0,26.93979211313879,55.063819971546174,0.0,0.0,120.43688250836396,117.37600608867754,0.0,0.0,104.1343669250646,8.0,1.0
2022,18,2022-05-02,104.15830494239404,0.0,42.25191727895432,0.0,51.74478452870412,17.402239607301738,73.80812691781692,0.0,0.0,34.11722779434354,0.0,31.928642504460782,20.39400739686895,0.0,0.0,85.30945844342448,121.33250067593632,0.0,0.0,89.93422598073761,4.0,1.0
2022,19,2022-05-09,101.89399396538548,0.0,31.68893795921574,0.0,51.74478452870412,11.601493071534492,79.08013598337527,0.0,0.0,42.352420710219576,49.755371911892965,30.930872426196387,29.571310725459984,0.0,0.0,57.70933953525773,50.115598105278046,0.0,0.0,113.60112755461591,3.0,1.0
2022,20,2022-05-16,76.98657321829124,0.0,43.21218812620328,0.0,54.97883356174813,15.744883454225382,61.5067724315141,0.0,0.0,39.99950844854071,0.0,0.0,0.0,0.0,0.0,85.30945844342448,109.46301691415997,0.0,0.0,156.2015503875969,4.0,1.0
2022,21,2022-05-23,83.77950614931694,0.0,46.09300066795016,0.0,0.0,17.402239607301738,66.77878149707246,0.0,0.0,39.99950844854071,0.0,31.928642504460782,0.0,0.0,0.0,57.70933953525773,122.6513322050226,0.0,0.0,146.73478975804557,3.0,1.0
2022,22,2022-05-30,81.51519517230838,0.0,32.6492088064647,0.0,0.0,13.673188262879938,57.99209972114187,0.0,0.0,44.70533297189843,41.79451240599009,25.942022034874388,41.80771516358136,0.0,0.0,87.81856016234872,22.420135994466495,0.0,0.0,165.66831101714823,,1.0
2022,23,2022-06-06,81.51519517230838,0.0,45.13272982070121,0.0,0.0,15.330544415956291,56.23476336595575,0.0,0.0,29.411403270985815,0.0,26.93979211313879,23.453108506399296,0.0,0.0,72.76394984880324,23.73896752355276,0.0,0.0,94.66760629551328,,1.0
2022,24,2022-06-13,106.4226159194026,0.0,37.45056304270951,0.0,43.659661946094104,15.330544415956291,68.53611785225857,0.0,0.0,29.411403270985815,0.0,38.91303305231158,29.571310725459984,0.0,0.0,62.72754297310623,25.057799052639023,0.0,0.0,132.53464881371858,,1.0
2022,25,2022-06-20,65.66501833324841,0.0,0.0,0.0,0.0,14.501866339418116,54.47742701076963,0.0,0.0,39.99950844854071,0.0,29.933102347931985,21.413707766712403,0.0,0.0,67.74574641095472,71.21690257065828,0.0,0.0,89.93422598073761,,1.0
2022,26,2022-06-27,79.25088419529982,0.0,42.25191727895432,0.0,0.0,12.01583210980358,47.44808159002516,0.0,0.0,50.5876136260956,41.79451240599009,35.919722817518384,20.39400739686895,0.0,0.0,50.182034378484985,97.59353315238356,0.0,58.0,165.66831101714823,,
2022,27,2022-07-04,70.19364028726555,77.59775246305418,31.68893795921574,0.0,0.0,12.43017114807267,59.74943607632798,0.0,0.0,52.94052588777446,0.0,34.92195273925398,0.0,0.0,0.0,67.74574641095472,43.52144045984673,0.0,0.0,99.40098661028894,,1.0
2022,28,2022-07-11,79.25088419529982,0.0,0.0,0.0,54.97883356174813,15.744883454225382,59.74943607632798,0.0,0.0,58.82280654197163,48.760264473655106,46.89519367842678,0.0,0.0,0.0,95.34586531912149,22.420135994466495,0.0,0.0,71.00070472163496,,1.0
2022,29,2022-07-18,95.10106103435976,0.0,30.72866711196678,0.0,0.0,15.330544415956291,57.99209972114187,100.0,0.0,67.05799945784766,0.0,42.904113365369184,31.61071146514688,0.0,0.0,60.21844125418198,18.463641407207703,0.0,0.0,146.73478975804557,,1.0
2022,30,2022-07-25,110.95123787341974,0.0,0.0,0.0,0.0,12.43017114807267,63.26410878670022,0.0,0.0,75.29319237372368,40.79940496775223,47.89296375669118,29.571310725459984,0.0,0.0,92.83676360019724,17.14480987812144,0.0,0.0,71.00070472163496,,1.0
2022,31,2022-08-01,81.51519517230838,0.0,29.76839626471782,0.0,82.4682503426222,15.330544415956291,61.5067724315141,0.0,0.0,78.82256076624198,0.0,31.928642504460782,25.492509246086193,0.0,0.0,80.29125500557598,21.10130446538023,0.0,0.0,146.73478975804557,,1.0
2022,32,2022-08-08,97.36537201136834,0.0,23.04650033397508,0.0,72.76610324349018,14.501866339418116,45.69074523483905,0.0,0.0,76.46964850456311,0.0,34.92195273925398,23.453108506399296,0.0,0.0,50.182034378484985,27.695462110811555,0.0,0.0,142.00140944326992,,1.0
2022,33,2022-08-15,90.57243908034263,0.0,41.29164643170536,0.0,0.0,13.258849224610849,52.72009065558352,0.0,0.0,65.88154332700822,0.0,26.93979211313879,29.571310725459984,0.0,0.0,52.691136097409235,21.10130446538023,0.0,0.0,146.73478975804557,,
2022,34,2022-08-22,76.98657321829124,107.31604064039406,23.04650033397508,0.0,0.0,12.01583210980358,50.9627543003974,0.0,0.0,49.41115749525617,40.79940496775223,39.910803130575985,27.531909985773087,0.0,0.0,67.74574641095472,36.927282814415406,0.0,0.0,184.6018322762509,,
2022,35,2022-08-29,72.45795126427412,0.0,22.08622948672612,0.0,43.659661946094104,14.087527301149027,59.74943607632798,0.0,0.0,61.1757188036505,0.0,44.89965352189798,22.433408136555848,0.0,0.0,62.72754297310623,46.15910351801926,0.0,0.0,142.00140944326992,,
2022,36,2022-09-05,76.98657321829124,0.0,32.6492088064647,0.0,0.0,14.087527301149027,84.35214504893362,0.0,0.0,44.70533297189843,0.0,40.90857320884038,24.472808876242745,0.0,0.0,115.41867907051548,22.420135994466495,0.0,0.0,165.66831101714823,,
2022,37,2022-09-12,106.4226159194026,0.0,46.09300066795016,0.0,64.68098066088015,14.501866339418116,80.8374723385614,0.0,0.0,38.82305231770128,0.0,63.85728500892157,25.492509246086193,0.0,0.0,117.92778078943972,21.10130446538023,0.0,0.0,146.73478975804557,,
2022,38,2022-09-19,95.10106103435976,0.0,63.37787591843148,0.0,72.76610324349018,16.573561530763563,115.98419944228374,0.0,0.0,42.352420710219576,0.0,68.84613540024357,25.492509246086193,0.0,0.0,153.0552048543792,31.651956698070347,0.0,0.0,170.4016913319239,,
2022,39,2022-09-26,113.2155488504283,0.0,58.57652168218667,0.0,93.78742195827624,23.61732518133807,96.65349953523643,0.0,0.0,39.99950844854071,0.0,61.861744852392775,38.74861405405101,0.0,0.0,160.58251001115195,55.39092422162311,0.0,0.0,104.1343669250646,,
2022,40,2022-10-03,113.2155488504283,0.0,69.13950100192525,0.0,51.74478452870412,17.402239607301738,121.25620850784208,0.0,0.0,42.352420710219576,45.77494215894153,64.85505508718597,44.866816273111695,0.0,0.0,178.1462220436217,23.73896752355276,0.0,0.0,89.93422598073761,,1.0
2022,41,2022-10-10,126.8014147124797,0.0,71.06004269642318,0.0,48.510735495660114,19.888273836916273,144.10158112526162,0.0,0.0,44.70533297189843,0.0,51.884044069748775,48.94561775248549,0.0,0.0,233.3464598599552,15.825978349035172,0.0,0.0,75.73408503641062,,1.0
2022,42,2022-10-17,126.8014147124797,62.73860837438422,66.25868846017836,0.0,50.12776001218212,24.03166421960716,124.77088121821431,0.0,0.0,28.23494714014638,0.0,47.89296375669118,50.98501849217239,0.0,0.0,205.74634095178843,18.463641407207703,0.0,0.0,61.53394409208363,,1.0
2022,43,2022-10-24,95.10106103435976,0.0,88.34491794690449,0.0,0.0,16.573561530763563,124.77088121821431,0.0,0.0,36.47014005602241,0.0,48.890733834955576,34.66981257467722,0.0,45.337078651685395,203.2372392328642,79.12989174517587,0.0,0.0,94.66760629551328,,1.0
2022,44,2022-10-31,90.57243908034263,0.0,67.21895930742733,0.0,40.425612913050095,20.30261287518536,130.04289028377266,0.0,0.0,32.94077166350411,36.818975214800794,45.89742360016238,48.94561775248549,0.0,0.0,208.25544267071268,40.883777401674195,0.0,0.0,80.46746535118628,,1.0
2022,45,2022-11-07,99.62968298837691,0.0,69.13950100192525,0.0,64.68098066088015,17.402239607301738,131.80022663895878,0.0,0.0,37.64659618686184,0.0,54.877354304541974,75.45782736841512,0.0,0.0,158.0734082922277,96.2747016232973,0.0,0.0,104.1343669250646,1.0,1.0
2022,46,2022-11-14,104.15830494239404,66.04064039408865,78.74220947441486,0.0,53.36180904522613,18.230917683839916,112.4695267319115,0.0,0.0,0.0,0.0,61.861744852392775,68.319924779511,0.0,0.0,153.0552048543792,43.52144045984673,0.0,0.0,89.93422598073761,,1.0
2022,47,2022-11-21,88.30812810333408,0.0,96.02708472489618,0.0,71.14907872696817,14.501866339418116,138.82957205970325,0.0,0.0,28.23494714014638,60.70155373250942,65.85282516545037,36.70921331436412,0.0,0.0,163.0916117300762,13.188315290862644,0.0,0.0,56.80056377730797,,1.0
2022,48,2022-11-28,117.74417080444545,0.0,77.78193862716591,0.0,64.68098066088015,17.402239607301738,117.74153579746984,0.0,0.0,0.0,0.0,55.875124382806376,39.76831442389446,0.0,0.0,158.0734082922277,11.86948376177638,0.0,0.0,85.20084566596195,2.0,1.0
2022,49,2022-12-05,95.10106103435976,0.0,64.33814676568045,0.0,48.510735495660114,31.075427870181677,124.77088121821431,0.0,0.0,39.99950844854071,0.0,60.86397477412837,66.2805240398241,0.0,0.0,170.61891688684895,10.550652232690116,0.0,0.0,99.40098661028894,5.0,1.0
2022,50,2022-12-12,106.4226159194026,0.0,54.735438293190825,0.0,84.0852748591442,23.202986143068983,119.49887215265596,0.0,0.0,37.64659618686184,0.0,69.84390547850796,54.044119601702725,0.0,0.0,160.58251001115195,15.825978349035172,0.0,0.0,61.53394409208363,26.0,1.0
2022,51,2022-12-19,113.2155488504283,0.0,66.25868846017836,0.0,66.29800517740216,20.30261287518536,138.82957205970325,0.0,0.0,44.70533297189843,0.0,60.86397477412837,38.74861405405101,0.0,0.0,193.2008323571672,10.550652232690116,0.0,0.0,61.53394409208363,36.0,1.0
2022,52,2022-12-26,133.5943476435054,0.0,82.58329286341072,0.0,84.0852748591442,26.517698449221697,175.73363551861172,0.0,74.0,35.293683925182975,50.750479350130824,75.83052594809436,69.33962514935445,0.0,0.0,218.29184954640968,44.84027198893299,0.0,0.0,52.0671834625323,31.0,1.0
2023,1,2023-01-02,133.5943476435054,61.08759236453201,71.06004269642318,0.0,71.14907872696817,25.27468133441443,168.70429009786724,0.0,0.0,42.352420710219576,0.0,81.81714641768076,49.96531812232894,0.0,0.0,233.3464598599552,42.20260893076046,0.0,0.0,85.20084566596195,24.0,1.0
2023,2,2023-01-09,135.85865862051398,57.78556034482757,72.9805843909211,0.0,93.78742195827624,27.346376525759876,147.61625383563384,0.0,0.0,42.352420710219576,0.0,55.875124382806376,39.76831442389446,0.0,0.0,173.1280186057732,105.50652232690116,0.0,0.0,94.66760629551328,78.0,1.0
2023,3,2023-01-16,126.8014147124797,0.0,51.85462575144394,0.0,0.0,26.10335941095261,119.49887215265596,0.0,0.0,43.528876841059,0.0,53.87958422627758,40.78801479373791,0.0,0.0,160.58251001115195,106.82535385598742,0.0,0.0,71.00070472163496,72.0,1.0
2023,4,2023-01-23,115.47985982743688,0.0,72.02031354367213,100.0,53.36180904522613,28.175054602298054,126.52821757340044,0.0,0.0,0.0,39.80429752951437,55.875124382806376,27.531909985773087,0.0,0.0,148.0370014165307,50.115598105278046,0.0,0.0,80.46746535118628,58.0,1.0
2023,5,2023-01-30,86.04381712632551,75.94673645320195,67.21895930742733,0.0,42.0426374295721,28.589393640567145,142.3442447700755,0.0,82.0,32.94077166350411,46.77004959717939,73.83498579156557,31.61071146514688,0.0,0.0,220.8009512653339,14.50714681994891,0.0,0.0,66.26732440685929,75.0,1.0
2023,6,2023-02-06,142.65159155153967,70.99368842364531,82.58329286341072,0.0,76.00015227653418,26.932037487490785,163.4322810323089,0.0,0.0,50.5876136260956,0.0,41.90634328710478,36.70921331436412,0.0,0.0,250.91017189242493,26.376630581725287,0.0,54.0,56.80056377730797,91.0,1.0
2023,7,2023-02-13,110.95123787341974,67.69165640394087,57.61625083493771,0.0,72.76610324349018,26.517698449221697,135.31489934933103,0.0,98.0,55.29343814945333,0.0,62.85951493065717,38.74861405405101,0.0,0.0,178.1462220436217,31.651956698070347,0.0,0.0,104.1343669250646,70.0,1.0
2023,8,2023-02-20,131.33003666649682,0.0,68.17923015467629,0.0,0.0,22.788647104799896,108.95485402153926,0.0,0.0,48.234701364416736,0.0,45.89742360016238,33.650112204833775,0.0,0.0,155.56430657330344,69.89807104157201,0.0,0.0,94.66760629551328,85.0,1.0
2023,9,2023-02-27,113.2155488504283,67.69165640394087,63.37787591843148,0.0,92.17039744175422,20.71695191345445,86.10948140411975,0.0,0.0,42.352420710219576,34.828760338325075,45.89742360016238,40.78801479373791,0.0,0.0,107.89137391374273,21.10130446538023,0.0,0.0,99.40098661028894,33.0,1.0
2023,10,2023-03-06,81.51519517230838,69.3426724137931,64.33814676568045,0.0,58.21288259479214,15.330544415956291,101.9255086007948,0.0,74.0,39.99950844854071,0.0,39.910803130575985,52.004718862015835,0.0,0.0,155.56430657330344,36.927282814415406,0.0,0.0,108.86774723984028,32.0,1.0
2023,11,2023-03-13,99.62968298837691,0.0,37.45056304270951,0.0,56.59585807827013,16.15922249249447,101.9255086007948,0.0,0.0,47.0582452335773,0.0,34.92195273925398,35.68951294452067,0.0,0.0,160.58251001115195,34.28961975624288,0.0,0.0,132.53464881371858,26.0,1.0
2023,12,2023-03-20,79.25088419529982,0.0,48.01354236244809,0.0,0.0,15.330544415956291,82.59480869374751,0.0,0.0,29.411403270985815,0.0,39.910803130575985,29.571310725459984,0.0,0.0,112.90957735159122,42.20260893076046,0.0,0.0,170.4016913319239,25.0,1.0
2023,13,2023-03-27,92.8367500573512,67.69165640394087,49.93408405694601,0.0,0.0,14.501866339418116,77.32279962818916,0.0,0.0,36.47014005602241,0.0,41.90634328710478,20.39400739686895,0.0,0.0,110.40047563266695,23.73896752355276,0.0,0.0,156.2015503875969,10.0,1.0
2023,14,2023-04-03,108.68692689641117,82.55080049261082,48.01354236244809,0.0,0.0,18.645256722109007,79.08013598337527,0.0,0.0,38.82305231770128,0.0,46.89519367842678,46.90621701279859,0.0,0.0,90.32766188127296,64.62274492522695,0.0,0.0,146.73478975804557,12.0,1.0
2023,15,2023-04-10,86.04381712632551,0.0,44.17245897345224,0.0,51.74478452870412,12.01583210980358,82.59480869374751,0.0,0.0,52.94052588777446,0.0,27.937562191403188,0.0,0.0,0.0,95.34586531912149,52.753261163450574,0.0,0.0,118.3345078693916,3.0,1.0
2023,16,2023-04-17,65.66501833324841,0.0,50.89435490419498,0.0,53.36180904522613,18.230917683839916,61.5067724315141,0.0,0.0,48.234701364416736,0.0,36.917492895782786,45.886516642955144,0.0,0.0,62.72754297310623,29.01429363989782,0.0,0.0,156.2015503875969,1.0,1.0
2023,17,2023-04-24,81.51519517230838,0.0,31.68893795921574,0.0,59.82990711131414,11.601493071534492,66.77878149707246,0.0,0.0,28.23494714014638,0.0,34.92195273925398,42.827415533424805,0.0,0.0,120.43688250836396,40.883777401674195,0.0,0.0,137.26802912849425,1.0,1.0
2023,18,2023-05-01,63.40070735623985,0.0,34.56975050096263,0.0,48.510735495660114,16.98790056903265,63.26410878670022,0.0,0.0,27.058491009306948,0.0,23.94648187834559,25.492509246086193,0.0,0.0,82.80035672450023,47.47793504710552,0.0,0.0,189.33521259102656,,1.0
2023,19,2023-05-08,81.51519517230838,57.78556034482757,35.53002134821159,0.0,0.0,15.330544415956291,65.02144514188633,0.0,0.0,0.0,0.0,17.959861408759192,41.80771516358136,0.0,0.0,85.30945844342448,79.12989174517587,0.0,0.0,156.2015503875969,,1.0
2023,20,2023-05-15,90.57243908034263,0.0,31.68893795921574,0.0,0.0,15.330544415956291,59.74943607632798,0.0,0.0,36.47014005602241,0.0,17.959861408759192,40.78801479373791,0.0,0.0,65.23664469203048,27.695462110811555,0.0,0.0,175.13507164669954,,1.0
2023,21,2023-05-22,99.62968298837691,0.0,41.29164643170536,0.0,54.97883356174813,14.087527301149027,70.29345420744468,0.0,0.0,42.352420710219576,0.0,31.928642504460782,23.453108506399296,0.0,0.0,85.30945844342448,96.2747016232973,0.0,0.0,146.73478975804557,,1.0
2023,22,2023-05-29,83.77950614931694,0.0,36.49029219546055,0.0,58.21288259479214,10.772814994996317,72.05079056263081,0.0,0.0,37.64659618686184,0.0,33.92418266098959,21.413707766712403,0.0,0.0,70.25484812987898,131.88315290862644,0.0,0.0,137.26802912849425,,1.0
2023,23,2023-06-05,86.04381712632551,0.0,34.56975050096263,0.0,0.0,18.230917683839916,63.26410878670022,0.0,0.0,0.0,0.0,21.95094172181679,21.413707766712403,0.0,0.0,67.74574641095472,55.39092422162311,0.0,0.0,156.2015503875969,,1.0
2023,24,2023-06-12,72.45795126427412,77.59775246305418,38.410833889958475,0.0,46.89371097913811,12.43017114807267,54.47742701076963,0.0,0.0,41.17596457938014,0.0,19.955401565287993,27.531909985773087,0.0,0.0,57.70933953525773,30.333125168984083,0.0,0.0,127.80126849894292,,1.0
2023,25,2023-06-19,54.34346344820558,0.0,31.68893795921574,0.0,0.0,14.501866339418116,52.72009065558352,0.0,0.0,48.234701364416736,0.0,29.933102347931985,23.453108506399296,0.0,0.0,35.12742406493949,26.376630581725287,0.0,0.0,175.13507164669954,,1.0
2023,26,2023-06-26,88.30812810333408,0.0,31.68893795921574,0.0,40.425612913050095,12.43017114807267,54.47742701076963,0.0,0.0,47.0582452335773,0.0,20.95317164355239,22.433408136555848,0.0,0.0,40.14562750278799,113.41951150141874,0.0,0.0,146.73478975804557,,
2023,27,2023-07-03,82.82585465792023,0.0,29.92368169912425,0.0,0.0,17.556014920473768,51.00561616271901,,0.0,56.188567814222466,48.80366479806424,17.273538714337715,25.492509246086183,,0.0,61.79459753027296,164.67030636591028,0.0,0.0,60.0,,
2023,28,2023-07-10,71.40159884303469,0.0,0.0,0.0,0.0,13.459611439029889,42.00462507518036,,0.0,0.0,0.0,38.18361189485179,23.453108506399293,,0.0,54.07027283898884,60.379112334167104,0.0,0.0,110.0,,1.0
2023,29,2023-07-17,61.40537500500983,0.0,27.35879469634217,0.0,59.33236110623046,12.289210444331635,48.00528580020613,,0.0,72.03662540284932,0.0,38.18361189485179,28.55161035561653,,0.0,0.0,23.785710919520376,0.0,0.0,120.0,,1.0
2023,30,2023-07-24,79.96979070419884,0.0,25.648870027820784,0.0,0.0,16.970814423124644,54.00594652523189,,0.0,30.975748923225208,0.0,23.637474030146347,33.65011220483377,,0.0,54.07027283898884,27.445051060985048,0.0,0.0,130.0,,1.0
2023,31,2023-07-31,57.12127907442775,0.0,29.06871936486355,0.0,48.97274250038069,18.141215417822895,51.00561616271901,,0.0,45.38307400379507,0.0,22.728340413602258,34.669812574677216,,0.0,56.64504773608355,27.445051060985048,0.0,0.0,100.0,,1.0
2023,32,2023-08-07,77.11372675047745,0.0,41.89315437877395,0.0,41.43847442339905,16.385613925775516,45.00495543769324,,0.0,49.70527152796603,0.0,23.637474030146347,36.709213314364106,,0.0,66.94414732446238,78.67581304149047,0.0,0.0,80.0,,1.0
2023,33,2023-08-14,0.0,0.0,28.213757030602864,0.0,0.0,15.215212931077266,54.00594652523189,,0.0,55.468201560193975,0.0,19.091805947425897,38.74861405405101,,0.0,56.64504773608355,69.52746268782879,0.0,0.0,60.0,,1.0
2023,34,2023-08-21,45.6970232595422,77.37505728032993,37.61834270747048,0.0,79.10981480830728,11.704009946982511,66.00726797528343,,0.0,47.54417276588055,39.686496648975314,30.910542962499072,29.571310725459977,,0.0,61.79459753027296,84.16482325368749,0.0,0.0,110.0,,1.0
2023,35,2023-08-28,68.5455348893133,0.0,30.77864403338494,0.0,0.0,12.874410941680765,63.006937612770535,,0.0,43.94234149573808,0.0,43.63841359411634,0.0,,0.0,118.43964526635652,117.09888452686954,0.0,0.0,80.0,,1.0
2023,36,2023-09-04,95.67814244966648,0.0,24.79390769356009,0.0,0.0,15.800413428426392,66.00726797528343,,0.0,40.34051022559562,53.63040087699367,43.63841359411634,0.0,,0.0,87.54234650122002,71.35713275856112,0.0,0.0,70.0,,1.0
2023,37,2023-09-11,62.833406981870525,0.0,53.00766472416295,0.0,40.49669091377634,12.874410941680765,87.0095805128736,,80.32653061224491,33.136847685310684,0.0,29.09227572941089,28.55161035561653,,0.0,72.09369711865179,20.1263707780557,0.0,0.0,100.0,,1.0
2023,38,2023-09-18,79.96979070419884,0.0,31.633606367645633,0.0,42.38025793302175,18.141215417822895,102.01123232543802,,0.0,0.0,0.0,45.456680827204515,30.591011095303426,,0.0,118.43964526635652,20.1263707780557,0.0,0.0,90.0,,1.0
2023,39,2023-09-25,79.96979070419884,0.0,35.0534557046884,0.0,50.8563095196261,23.99322039131415,87.0095805128736,,133.87755102040816,0.0,0.0,61.821085924998144,36.709213314364106,,0.0,126.16396995764065,34.763731343914394,0.0,0.0,70.0,,1.0
2023,40,2023-10-02,105.67436628769134,0.0,55.57255172694503,0.0,81.93516533717539,21.067217904568523,105.0115626879509,,0.0,43.94234149573808,0.0,61.821085924998144,0.0,,0.0,180.23424279662947,38.42307148537907,0.0,0.0,70.0,,1.0
2023,41,2023-10-09,92.82207849594508,0.0,48.73285305285949,0.0,0.0,20.482017407219395,117.01288413800243,,0.0,0.0,0.0,53.638883376101326,21.413707766712395,,0.0,151.9117189285877,29.274721131717385,0.0,0.0,100.0,,1.0
2023,42,2023-10-16,79.96979070419884,68.58243713483789,50.44277772138088,0.0,39.55490740415364,23.408019893965022,132.01453595056685,,0.0,46.10344025782357,0.0,39.09274551139588,31.61071146514687,,0.0,146.76216913439828,25.61538099025271,0.0,0.0,90.0,,1.0
2023,43,2023-10-23,77.11372675047745,0.0,49.58781538712018,0.0,60.27414461585316,16.970814423124644,114.01255377548956,,0.0,36.73867895545315,40.759104666515185,57.27541784227769,50.98501849217237,,0.0,128.73874485473533,126.24723488053122,0.0,0.0,110.0,,1.0
2023,44,2023-10-30,92.82207849594508,0.0,32.488568701906324,0.0,0.0,19.89681690987027,132.01453595056685,,0.0,30.255382669196713,36.468672596355695,42.72927997757225,58.122921081076505,,0.0,187.9585674879136,51.23076198050542,0.0,0.0,110.0,,1.0
2023,45,2023-11-06,99.96223838024856,71.2202231784855,47.0229283843381,0.0,0.0,20.482017407219395,141.0155270381055,,0.0,33.85721393933918,0.0,49.09321529338088,52.00471886201582,,0.0,162.21081851696653,182.96700707323365,0.0,0.0,100.0,1.0,1.0
2023,46,2023-11-13,84.25388663478093,0.0,56.42751406120573,0.0,0.0,23.99322039131415,165.01816993820856,,0.0,0.0,0.0,42.72927997757225,58.122921081076505,,0.0,208.55676666467124,148.20327572931927,0.0,0.0,100.0,,1.0
2023,47,2023-11-20,88.53798256536301,68.58243713483789,73.52676074641958,0.0,81.93516533717539,23.408019893965022,189.02081283831163,,80.32653061224491,61.951497846450415,0.0,43.63841359411634,44.86681627311169,,0.0,159.6360436198718,23.785710919520376,0.0,0.0,100.0,1.0,1.0
2023,48,2023-11-27,79.96979070419884,0.0,82.9313464232872,0.0,40.49669091377634,21.652418401917647,177.0194913882601,,0.0,32.41648143128219,0.0,69.09415485735086,40.7880147937379,,0.0,157.0612687227771,12.807690495126357,0.0,0.0,90.0,1.0,1.0
2023,49,2023-12-04,95.67814244966648,0.0,85.49623342606928,0.0,71.57554673132563,23.408019893965022,213.02345573841467,,0.0,40.34051022559562,38.61388863143544,71.82155570698313,39.76831442389445,,0.0,208.55676666467124,10.97802042439402,0.0,0.0,90.0,3.0,1.0
2023,50,2023-12-11,112.8145261719948,0.0,58.9924010639878,0.0,67.8084126928348,22.8228193966159,192.0211432008245,,0.0,56.188567814222466,0.0,57.27541784227769,66.28052403982409,,0.0,216.28109135595537,10.97802042439402,0.0,0.0,50.0,7.0,1.0
2023,51,2023-12-18,109.9584622182734,0.0,68.39698674085543,0.0,46.147391971512576,18.141215417822895,195.02147356333737,,0.0,32.41648143128219,0.0,90.91336165440904,39.76831442389445,,0.0,247.17839012109184,16.46703063659103,0.0,0.0,40.0,7.0,1.0
2023,52,2023-12-25,115.6705901257162,0.0,76.94661008346235,0.0,88.52764990453433,22.8228193966159,267.02940226364655,,80.32653061224491,33.136847685310684,0.0,58.18455145882178,44.86681627311169,,0.0,257.47748970947066,40.2527415561114,0.0,0.0,60.0,21.0,1.0
2024,1,2024-01-01,94.2501104728058,0.0,61.55728806676988,0.0,77.22624778906186,26.334022380710653,249.02742008856927,,0.0,43.94234149573808,0.0,79.09462463933586,44.86681627311169,,0.0,224.00541604723944,21.95604084878804,0.0,0.0,70.0,10.0,1.0
2024,2,2024-01-08,102.81830233396995,0.0,71.81683607789819,0.0,52.73987653887151,26.919222878059777,195.02147356333737,,73.63265306122449,0.0,0.0,50.91148252646906,77.49722810810201,,0.0,187.9585674879136,93.31317360734916,0.0,0.0,80.0,21.0,1.0
2024,3,2024-01-15,99.96223838024856,0.0,80.36645942050512,0.0,50.8563095196261,25.1636213860124,165.01816993820856,,0.0,54.027469052136986,52.55779285945379,53.638883376101326,0.0,,0.0,180.23424279662947,150.0329458000516,0.0,0.0,70.0,46.0,1.0
2024,4,2024-01-22,84.25388663478093,0.0,66.68706207233404,0.0,48.03095899075799,31.600826856852784,300.03303625128825,,116.4734693877551,38.89977771753863,0.0,61.821085924998144,23.453108506399293,,0.0,205.98199176757652,23.785710919520376,0.0,0.0,30.0,93.0,1.0
2024,5,2024-01-29,74.25766279675608,0.0,72.67179841215889,0.0,68.75019620245752,37.45283183034404,237.02609863851777,,0.0,36.73867895545315,0.0,58.18455145882178,35.689512944520665,,0.0,205.98199176757652,10.97802042439402,0.0,0.0,30.0,130.0,1.0
2024,6,2024-02-05,87.10995058850231,0.0,53.86262705842365,0.0,0.0,29.26002486745628,147.01618776313126,,0.0,0.0,0.0,35.45621104521952,30.591011095303426,,0.0,136.46306954601943,16.46703063659103,0.0,0.0,50.0,119.0,1.0
2024,7,2024-02-12,67.11750291245261,0.0,38.47330504173117,0.0,0.0,26.334022380710653,117.01288413800243,,0.0,0.0,0.0,41.82014636102815,0.0,,0.0,72.09369711865179,16.46703063659103,0.0,0.0,40.0,48.0,1.0
2024,8,2024-02-19,44.268991282681505,0.0,47.8778907185988,0.0,0.0,20.482017407219395,102.01123232543802,,0.0,52.58673654408,0.0,31.81967657904316,0.0,,0.0,90.11712139831474,14.637360565858692,0.0,0.0,50.0,82.0,1.0
2024,9,2024-02-26,55.69324709756705,0.0,42.74811671303464,0.0,0.0,18.141215417822895,84.00925015036071,,0.0,38.89977771753863,0.0,28.1831421128668,0.0,,0.0,90.11712139831474,23.785710919520376,0.0,0.0,60.0,32.0,1.0
2024,10,2024-03-04,98.53420640338788,0.0,41.89315437877395,0.0,0.0,21.652418401917647,84.00925015036071,,0.0,42.501608987681095,0.0,38.18361189485179,0.0,,0.0,92.69189629540944,34.763731343914394,0.0,0.0,60.0,22.0,1.0
2024,11,2024-03-11,85.68191861164162,0.0,0.0,0.0,0.0,19.89681690987027,84.00925015036071,,0.0,0.0,0.0,40.00187912793997,27.531909985773083,,0.0,74.66847201574649,21.95604084878804,0.0,0.0,60.0,4.0,1.0
2024,12,2024-03-18,79.96979070419884,0.0,52.15270238990226,0.0,85.70229937566621,18.72641591517202,81.00891978784783,,0.0,0.0,0.0,38.18361189485179,0.0,,0.0,84.96757160412533,23.785710919520376,0.0,0.0,60.0,1.0,1.0
2024,13,2024-03-25,72.82963081989539,0.0,29.06871936486355,0.0,49.9145260100034,15.215212931077266,72.00792870030918,,0.0,33.85721393933918,0.0,28.1831421128668,0.0,,0.0,64.36937242736767,14.637360565858692,0.0,0.0,60.0,,1.0
2024,14,2024-04-01,89.9660145422237,0.0,21.37405835651732,0.0,0.0,19.89681690987027,57.006276887744775,,0.0,53.307102798108495,0.0,30.00140934595498,24.472808876242738,,0.0,43.77117325061001,67.69779261709645,0.0,0.0,40.0,3.0,1.0
2024,15,2024-04-08,69.973566866174,0.0,30.77864403338494,0.0,0.0,15.800413428426392,63.006937612770535,,0.0,0.0,0.0,24.54660764669044,0.0,,0.0,56.64504773608355,25.61538099025271,0.0,0.0,100.0,2.0,1.0
2024,16,2024-04-15,88.53798256536301,0.0,51.29774005564157,0.0,0.0,16.385613925775516,57.006276887744775,,0.0,44.662707749766575,0.0,32.72881019558725,34.669812574677216,,0.0,66.94414732446238,20.1263707780557,0.0,0.0,90.0,,1.0
2024,17,2024-04-22,79.96979070419884,0.0,33.34353103616702,0.0,0.0,14.044811936379014,69.00759833779631,,0.0,0.0,0.0,33.63794381213134,38.74861405405101,,0.0,48.92072304479942,31.10439120244972,0.0,0.0,90.0,1.0,1.0
2024,18,2024-04-29,59.977343028149136,0.0,0.0,0.0,0.0,16.970814423124644,63.006937612770535,,0.0,50.42563778199453,0.0,23.637474030146347,26.512209615929635,,0.0,46.34594814770472,40.2527415561114,0.0,0.0,100.0,,1.0
2024,19,2024-05-06,58.54931105128844,0.0,34.19849337042771,0.0,0.0,14.044811936379014,51.00561616271901,,0.0,0.0,0.0,26.36487487977862,0.0,,0.0,54.07027283898884,34.763731343914394,0.0,0.0,100.0,1.0,1.0
2024,20,2024-05-13,38.55686337523873,0.0,28.213757030602864,0.0,0.0,13.459611439029889,48.00528580020613,,0.0,45.38307400379507,0.0,23.637474030146347,25.492509246086183,,0.0,54.07027283898884,36.593401414646735,0.0,0.0,120.0,,1.0
2024,21,2024-05-20,54.26521512070636,0.0,28.213757030602864,0.0,0.0,20.482017407219395,51.00561616271901,,0.0,37.45904520948165,0.0,45.456680827204515,0.0,,0.0,72.09369711865179,71.35713275856112,0.0,0.0,80.0,,1.0
2024,22,2024-05-27,55.69324709756705,0.0,0.0,0.0,0.0,20.482017407219395,48.00528580020613,,0.0,69.15516038673535,0.0,20.000939563969983,0.0,,0.0,69.51892222155708,64.03845247563179,0.0,0.0,80.0,,1.0
2024,23,2024-06-03,58.54931105128844,0.0,39.32826737599187,0.0,0.0,15.800413428426392,45.00495543769324,,0.0,34.57758019336767,0.0,0.0,0.0,,0.0,48.92072304479942,20.1263707780557,0.0,0.0,160.0,,1.0
2024,24,2024-06-10,57.12127907442775,0.0,36.76338037320979,0.0,0.0,16.385613925775516,39.00429471266747,,0.0,0.0,0.0,22.728340413602258,0.0,,0.0,0.0,12.807690495126357,0.0,0.0,350.0,,1.0
2024,25,2024-06-17,59.977343028149136,0.0,0.0,0.0,0.0,15.800413428426392,39.00429471266747,,0.0,0.0,0.0,26.36487487977862,0.0,,0.0,0.0,12.807690495126357,0.0,0.0,730.0,,1.0
2024,26,2024-06-24,35.700799421517345,0.0,30.77864403338494,0.0,0.0,16.970814423124644,42.00462507518036,,0.0,63.39223035450741,0.0,30.910542962499072,0.0,,0.0,0.0,51.23076198050542,0.0,0.0,800.0,,1.0
2024,27,2024-07-01,67.11750291245261,0.0,23.9389453592994,0.0,0.0,15.215212931077266,42.00462507518036,,0.0,54.027469052136986,0.0,22.728340413602258,27.531909985773083,,0.0,43.77117325061001,78.67581304149047,0.0,0.0,670.0,,1.0
2024,28,2024-07-08,75.68569477361677,0.0,32.488568701906324,0.0,0.0,14.63001243372814,36.00396435015459,,0.0,43.94234149573808,0.0,22.728340413602258,0.0,,0.0,74.66847201574649,25.61538099025271,0.0,0.0,960.0,,1.0
2024,29,2024-07-15,82.82585465792023,0.0,23.083983025038705,0.0,0.0,12.874410941680765,36.00396435015459,,0.0,60.510765338393426,0.0,0.0,0.0,,0.0,0.0,25.61538099025271,0.0,0.0,710.0,,1.0
2024,30,2024-07-22,75.68569477361677,0.0,28.213757030602864,0.0,0.0,12.289210444331635,39.00429471266747,,0.0,37.45904520948165,0.0,29.09227572941089,0.0,,0.0,48.92072304479942,102.46152396101084,0.0,0.0,800.0,,1.0
2024,31,2024-07-29,61.40537500500983,0.0,23.9389453592994,0.0,0.0,18.72641591517202,39.00429471266747,,0.0,0.0,0.0,33.63794381213134,0.0,,0.0,43.77117325061001,54.890102121970095,0.0,0.0,520.0,,1.0
2024,32,2024-08-05,55.69324709756705,0.0,27.35879469634217,0.0,49.9145260100034,14.63001243372814,36.00396435015459,,0.0,47.54417276588055,0.0,37.274478278307704,0.0,,0.0,0.0,20.1263707780557,0.0,0.0,750.0,,1.0
2024,33,2024-08-12,54.26521512070636,0.0,35.908418038949094,0.0,0.0,19.311616412521143,42.00462507518036,,0.0,37.45904520948165,0.0,22.728340413602258,0.0,,0.0,48.92072304479942,21.95604084878804,0.0,0.0,740.0,,1.0
2024,34,2024-08-19,49.98111919012428,0.0,0.0,0.0,0.0,18.141215417822895,45.00495543769324,,0.0,56.188567814222466,0.0,25.45574126323453,0.0,,0.0,0.0,43.91208169757608,0.0,0.0,640.0,,1.0
2024,35,2024-08-26,62.833406981870525,0.0,0.0,0.0,0.0,18.141215417822895,33.00363398764171,,0.0,48.984905273937535,0.0,23.637474030146347,0.0,,0.0,61.79459753027296,51.23076198050542,0.0,0.0,600.0,,1.0
2024,36,2024-09-02,68.5455348893133,0.0,0.0,0.0,0.0,17.556014920473768,45.00495543769324,,0.0,0.0,0.0,37.274478278307704,0.0,,0.0,0.0,20.1263707780557,0.0,0.0,1000.0,,1.0
2024,37,2024-09-09,49.98111919012428,0.0,31.633606367645633,0.0,80.05159831792997,17.556014920473768,48.00528580020613,,0.0,0.0,0.0,46.36581444374861,38.74861405405101,,0.0,82.39279670703061,14.637360565858692,0.0,0.0,520.0,,1.0
2024,38,2024-09-16,59.977343028149136,0.0,37.61834270747048,0.0,68.75019620245752,16.385613925775516,69.00759833779631,,0.0,64.1125966085359,0.0,37.274478278307704,0.0,,0.0,100.41622098669356,12.807690495126357,0.0,0.0,70.0,,1.0
2024,39,2024-09-23,79.96979070419884,0.0,35.908418038949094,0.0,0.0,22.237618899266774,63.006937612770535,,0.0,0.0,0.0,57.27541784227769,0.0,,0.0,82.39279670703061,21.95604084878804,0.0,0.0,100.0,,1.0
2024,40,2024-09-30,58.54931105128844,0.0,29.06871936486355,0.0,0.0,23.99322039131415,78.00858942533495,,103.08571428571427,0.0,0.0,40.91101274448406,0.0,,0.0,105.56577078088296,47.57142183904075,100.0,0.0,90.0,,1.0
2024,41,2024-10-07,55.69324709756705,0.0,63.26721273529127,0.0,0.0,29.26002486745628,96.01057160041223,,124.5061224489796,46.10344025782357,0.0,70.91242209043904,0.0,,0.0,128.73874485473533,49.401091909773086,0.0,0.0,50.0,1.0,1.0
2024,42,2024-10-14,95.67814244966648,0.0,72.67179841215889,0.0,54.623443558116925,33.35642834890016,102.01123232543802,,0.0,58.349666576307946,0.0,80.91289187242404,50.98501849217237,,0.0,180.23424279662947,16.46703063659103,0.0,0.0,40.0,,1.0
2024,43,2024-10-21,69.973566866174,0.0,59.8473633982485,0.0,0.0,18.141215417822895,96.01057160041223,,0.0,0.0,0.0,50.00234890992497,34.669812574677216,,0.0,144.18739423730358,18.296700707323367,0.0,0.0,40.0,,1.0
2024,44,2024-10-28,82.82585465792023,0.0,60.70232573250919,0.0,0.0,21.652418401917647,93.01024123789936,,0.0,41.06087647962411,0.0,41.82014636102815,25.492509246086183,,0.0,77.2432469128412,18.296700707323367,0.0,0.0,30.0,,1.0
2024,45,2024-11-04,65.68947093559191,0.0,39.32826737599187,0.0,69.69197971208021,21.067217904568523,99.01090196292512,,0.0,0.0,0.0,46.36581444374861,49.96531812232893,,0.0,0.0,18.296700707323367,0.0,106.875,50.0,,1.0
2024,46,2024-11-11,57.12127907442775,0.0,35.0534557046884,0.0,0.0,19.311616412521143,78.00858942533495,,0.0,0.0,0.0,44.547547210660426,40.7880147937379,,0.0,157.0612687227771,10.97802042439402,0.0,0.0,60.0,,1.0
2024,47,2024-11-18,77.11372675047745,0.0,50.44277772138088,0.0,0.0,23.99322039131415,90.00991087538648,,0.0,0.0,0.0,52.72974975955724,0.0,,0.0,146.76216913439828,9.148350353661684,0.0,0.0,60.0,,1.0
2024,48,2024-11-25,61.40537500500983,0.0,61.55728806676988,0.0,0.0,21.652418401917647,84.00925015036071,,0.0,0.0,0.0,27.274008496322708,0.0,,0.0,108.14054567797768,9.148350353661684,0.0,0.0,40.0,,1.0
2024,49,2024-12-02,82.82585465792023,0.0,46.16796605007741,0.0,0.0,22.237618899266774,84.00925015036071,,0.0,0.0,0.0,60.91195230845405,34.669812574677216,,0.0,90.11712139831474,7.318680282929346,0.0,0.0,40.0,2.0,1.0
2024,50,2024-12-09,44.268991282681505,0.0,47.8778907185988,0.0,0.0,26.334022380710653,93.01024123789936,,0.0,66.99406162464987,0.0,47.274948060292694,70.35932551919788,,0.0,121.0144201634512,7.318680282929346,0.0,0.0,40.0,13.0,1.0
2024,51,2024-12-16,84.25388663478093,0.0,41.89315437877395,0.0,73.45911375057103,25.74882188336153,99.01090196292512,,0.0,0.0,0.0,46.36581444374861,0.0,,0.0,136.46306954601943,7.318680282929346,0.0,0.0,50.0,3.0,1.0
2024,52,2024-12-23,85.68191861164162,0.0,51.29774005564157,0.0,63.099495144721274,29.845225364805405,126.01387522554109,,0.0,0.0,0.0,44.547547210660426,50.98501849217237,,0.0,175.08469300244005,21.95604084878804,0.0,0.0,40.0,27.0,1.0
2025,1,2024-12-30,71.40159884303469,0.0,71.81683607789819,0.0,0.0,30.430425862154532,111.01222341297668,,0.0,38.89977771753863,0.0,54.548016992645415,43.84711590326824,,0.0,141.61261934020885,14.637360565858692,0.0,0.0,50.0,6.0,1.0
2025,2,2025-01-06,97.10617442652718,0.0,47.0229283843381,0.0,0.0,36.28243083564579,108.01189305046378,,0.0,0.0,0.0,69.09415485735086,0.0,,100.0,105.56577078088296,49.401091909773086,0.0,0.0,30.0,15.0,1.0
2025,3,2025-01-13,68.5455348893133,0.0,48.73285305285949,0.0,0.0,34.52682934359841,96.01057160041223,,0.0,0.0,0.0,37.274478278307704,57.10322071123306,,0.0,82.39279670703061,69.52746268782879,0.0,0.0,30.0,36.0,1.0
2025,4,2025-01-20,99.96223838024856,0.0,56.42751406120573,0.0,58.39057759660775,31.015626359503656,102.01123232543802,,0.0,45.38307400379507,0.0,58.18455145882178,0.0,,0.0,139.03784444311415,18.296700707323367,0.0,0.0,400.0,77.0,1.0
2025,5,2025-01-27,75.68569477361677,0.0,50.44277772138088,0.0,0.0,37.45283183034404,87.0095805128736,,0.0,0.0,50.94888083314398,30.910542962499072,31.61071146514687,,0.0,131.31351975183003,10.97802042439402,0.0,0.0,560.0,71.0,1.0
2025,6,2025-02-03,65.68947093559191,0.0,41.03819204451325,0.0,0.0,33.35642834890016,93.01024123789936,,0.0,0.0,0.0,52.72974975955724,0.0,,0.0,128.73874485473533,14.637360565858692,0.0,0.0,710.0,36.0,1.0
2025,7,2025-02-10,74.25766279675608,0.0,54.71758939268434,0.0,55.565227067739634,32.18602735420191,99.01090196292512,,0.0,0.0,0.0,56.3662842257336,0.0,,0.0,121.0144201634512,25.61538099025271,0.0,0.0,670.0,45.0,1.0
2025,8,2025-02-17,82.82585465792023,0.0,47.8778907185988,0.0,0.0,32.77122785155103,99.01090196292512,,0.0,0.0,0.0,47.274948060292694,0.0,,0.0,136.46306954601943,12.807690495126357,0.0,0.0,650.0,43.0,1.0
2025,9,2025-02-24,95.67814244966648,0.0,44.45804138155602,0.0,0.0,32.18602735420191,90.00991087538648,,0.0,0.0,0.0,61.821085924998144,0.0,,0.0,126.16396995764065,18.296700707323367,0.0,0.0,540.0,54.0,1.0
2025,10,2025-03-03,71.40159884303469,87.92620145492037,47.8778907185988,0.0,0.0,28.674824370107153,75.00825906282206,,0.0,0.0,0.0,43.63841359411634,27.531909985773083,,0.0,90.11712139831474,14.637360565858692,0.0,0.0,830.0,63.0,1.0
2025,11,2025-03-10,68.5455348893133,0.0,0.0,0.0,65.92484567358939,23.99322039131415,78.00858942533495,,0.0,43.94234149573808,0.0,33.63794381213134,29.571310725459977,,0.0,59.219822633178254,20.1263707780557,0.0,0.0,760.0,19.0,1.0
2025,12,2025-03-17,52.83718314384567,0.0,38.47330504173117,0.0,0.0,19.311616412521143,69.00759833779631,,0.0,38.17941146351014,0.0,0.0,28.55161035561653,,0.0,110.71532057507238,49.401091909773086,0.0,0.0,820.0,18.0,1.0
2025,13,2025-03-24,41.41292732896011,82.65062936762514,47.0229283843381,0.0,0.0,23.99322039131415,60.00660725025766,,0.0,0.0,0.0,21.81920679705817,29.571310725459977,,0.0,82.39279670703061,36.593401414646735,0.0,0.0,980.0,8.0,1.0
2025,14,2025-03-31,54.26521512070636,0.0,40.18322971025256,0.0,0.0,18.72641591517202,60.00660725025766,,0.0,38.89977771753863,0.0,39.09274551139588,45.88651664295514,,0.0,92.69189629540944,23.785710919520376,0.0,0.0,840.0,2.0,1.0
2025,15,2025-04-07,61.40537500500983,0.0,24.79390769356009,0.0,0.0,20.482017407219395,54.00594652523189,,0.0,0.0,0.0,30.00140934595498,0.0,,0.0,0.0,16.46703063659103,0.0,0.0,540.0,2.0,1.0
2025,16,2025-04-14,52.83718314384567,0.0,0.0,0.0,0.0,19.89681690987027,51.00561616271901,,0.0,39.62014397156712,0.0,31.81967657904316,0.0,,0.0,74.66847201574649,25.61538099025271,0.0,0.0,80.0,,1.0
2025,17,2025-04-21,54.26521512070636,0.0,35.0534557046884,0.0,81.93516533717539,20.482017407219395,48.00528580020613,,0.0,0.0,0.0,37.274478278307704,0.0,,0.0,56.64504773608355,20.1263707780557,0.0,0.0,40.0,,1.0
2025,18,2025-04-28,52.83718314384567,0.0,35.0534557046884,0.0,0.0,21.067217904568523,51.00561616271901,,0.0,0.0,0.0,30.910542962499072,0.0,,0.0,61.79459753027296,16.46703063659103,0.0,0.0,80.0,2.0,1.0
2025,19,2025-05-05,57.12127907442775,0.0,30.77864403338494,0.0,60.27414461585316,21.652418401917647,36.00396435015459,,0.0,0.0,0.0,27.274008496322708,0.0,,0.0,54.07027283898884,20.1263707780557,0.0,0.0,80.0,,1.0
2025,20,2025-05-12,52.83718314384567,0.0,0.0,0.0,0.0,20.482017407219395,57.006276887744775,,0.0,0.0,0.0,20.910073180514075,30.591011095303426,,0.0,87.54234650122002,34.763731343914394,0.0,0.0,80.0,,1.0
2025,21,2025-05-19,48.55308721326359,0.0,29.06871936486355,0.0,0.0,21.067217904568523,48.00528580020613,,0.0,0.0,0.0,26.36487487977862,0.0,,0.0,72.09369711865179,51.23076198050542,0.0,0.0,60.0,,1.0
2025,22,2025-05-26,65.68947093559191,0.0,0.0,0.0,0.0,19.311616412521143,42.00462507518036,,0.0,0.0,0.0,0.0,0.0,,0.0,0.0,71.35713275856112,0.0,0.0,40.0,,1.0
2025,23,2025-06-02,38.55686337523873,0.0,30.77864403338494,0.0,0.0,19.89681690987027,45.00495543769324,,0.0,0.0,0.0,33.63794381213134,0.0,,0.0,64.36937242736767,23.785710919520376,0.0,0.0,50.0,,1.0
2025,24,2025-06-09,54.26521512070636,0.0,26.503832362081475,0.0,0.0,21.652418401917647,39.00429471266747,,0.0,41.06087647962411,0.0,23.637474030146347,0.0,,0.0,0.0,18.296700707323367,0.0,0.0,30.0,,1.0
2025,25,2025-06-16,54.26521512070636,0.0,27.35879469634217,0.0,0.0,17.556014920473768,36.00396435015459,,0.0,46.823806511852055,0.0,0.0,0.0,,0.0,82.39279670703061,14.637360565858692,0.0,0.0,50.0,,1.0
2025,26,2025-06-23,0.0,0.0,0.0,0.0,0.0,14.044811936379014,27.002973262615946,0.0,0.0,44.662707749766575,0.0,0.0,0.0,0.0,0.0,0.0,47.57142183904075,0.0,0.0,30.0,,1.0
2025,27,2025-06-30,44.268991282681505,0.0,0.0,0.0,0.0,20.482017407219395,18.001982175077295,0.0,0.0,0.0,0.0,0.0,0.0,0.0,0.0,0.0,75.0164729000258,0.0,0.0,80.0,,
2025,28,2025-07-07,52.83718314384567,0.0,26.503832362081475,0.0,0.0,22.8228193966159,24.002642900103066,0.0,0.0,0.0,0.0,27.274008496322708,0.0,0.0,0.0,74.66847201574649,21.95604084878804,0.0,0.0,60.0,,1.0
2025,29,2025-07-14,0.0,0.0,0.0,0.0,0.0,18.72641591517202,30.00330362512883,0.0,0.0,0.0,0.0,0.0,33.65011220483377,0.0,0.0,51.49549794189413,14.637360565858692,0.0,0.0,60.0,,1.0
2025,30,2025-07-21,41.41292732896011,0.0,0.0,0.0,0.0,19.89681690987027,21.00231253759018,0.0,0.0,0.0,0.0,22.728340413602258,31.61071146514687,0.0,0.0,0.0,14.637360565858692,0.0,0.0,70.0,,1.0
2025,31,2025-07-28,0.0,0.0,0.0,0.0,0.0,15.800413428426392,21.00231253759018,0.0,0.0,0.0,0.0,0.0,0.0,0.0,0.0,0.0,14.637360565858692,0.0,0.0,50.0,,1.0
2025,32,2025-08-04,0.0,0.0,0.0,0.0,0.0,18.72641591517202,24.002642900103066,0.0,0.0,0.0,0.0,0.0,0.0,0.0,0.0,0.0,18.296700707323367,0.0,0.0,40.0,,1.0
2025,33,2025-08-11,0.0,0.0,0.0,0.0,0.0,21.652418401917647,24.002642900103066,0.0,0.0,0.0,0.0,0.0,30.591011095303426,0.0,0.0,0.0,18.296700707323367,0.0,0.0,60.0,,1.0
2025,34,2025-08-18,0.0,0.0,0.0,0.0,0.0,15.215212931077266,24.002642900103066,0.0,0.0,0.0,0.0,0.0,0.0,0.0,0.0,0.0,36.593401414646735,0.0,0.0,60.0,,1.0
2025,35,2025-08-25,0.0,0.0,0.0,0.0,0.0,16.385613925775516,36.00396435015459,0.0,0.0,46.823806511852055,0.0,39.09274551139588,0.0,0.0,0.0,0.0,49.401091909773086,0.0,0.0,60.0,,1.0
2025,36,2025-09-01,45.6970232595422,0.0,0.0,0.0,0.0,18.141215417822895,33.00363398764171,0.0,0.0,67.71442787867836,0.0,0.0,0.0,0.0,0.0,48.92072304479942,18.296700707323367,0.0,0.0,70.0,,1.0
2025,37,2025-09-08,47.12505523640289,0.0,26.503832362081475,0.0,0.0,14.044811936379014,39.00429471266747,0.0,0.0,0.0,0.0,24.54660764669044,0.0,0.0,0.0,61.79459753027296,10.97802042439402,0.0,0.0,60.0,,1.0
2025,38,2025-09-15,61.40537500500983,0.0,35.0534557046884,0.0,0.0,16.385613925775516,51.00561616271901,0.0,0.0,0.0,0.0,50.91148252646906,0.0,0.0,0.0,69.51892222155708,12.807690495126357,0.0,0.0,60.0,,1.0
2025,39,2025-09-22,38.55686337523873,0.0,0.0,0.0,0.0,25.1636213860124,48.00528580020613,0.0,0.0,0.0,0.0,37.274478278307704,0.0,0.0,0.0,74.66847201574649,16.46703063659103,0.0,0.0,70.0,,1.0
2025,40,2025-09-29,49.98111919012428,0.0,0.0,0.0,0.0,24.57842088866327,60.00660725025766,0.0,0.0,0.0,0.0,43.63841359411634,0.0,0.0,0.0,100.41622098669356,49.401091909773086,96.0,0.0,60.0,,1.0
2025,41,2025-10-06,51.40915116698498,0.0,0.0,0.0,0.0,25.74882188336153,72.00792870030918,0.0,0.0,0.0,0.0,45.456680827204515,28.55161035561653,0.0,0.0,128.73874485473533,21.95604084878804,80.0,0.0,50.0,,1.0
2025,42,2025-10-13,0.0,0.0,38.47330504173117,0.0,0.0,24.57842088866327,78.00858942533495,0.0,0.0,0.0,0.0,41.82014636102815,33.65011220483377,0.0,0.0,136.46306954601943,10.97802042439402,83.0,0.0,70.0,2.0,1.0
2025,43,2025-10-20,55.69324709756705,0.0,25.648870027820784,0.0,0.0,25.1636213860124,60.00660725025766,0.0,0.0,0.0,0.0,31.81967657904316,45.88651664295514,0.0,0.0,105.56577078088296,12.807690495126357,0.0,0.0,40.0,3.0,1.0
2025,44,2025-10-27,58.54931105128844,0.0,35.0534557046884,0.0,0.0,23.408019893965022,51.00561616271901,0.0,0.0,0.0,0.0,40.00187912793997,32.63041183499032,0.0,0.0,64.36937242736767,31.10439120244972,0.0,0.0,70.0,,1.0
2025,45,2025-11-03,55.69324709756705,0.0,31.633606367645633,0.0,0.0,29.845225364805405,66.00726797528343,0.0,0.0,0.0,0.0,0.0,46.906217012798585,0.0,0.0,139.03784444311415,18.296700707323367,0.0,0.0,50.0,4.0,1.0
2025,46,2025-11-10,37.12883139837804,0.0,30.77864403338494,0.0,0.0,29.26002486745628,57.006276887744775,0.0,0.0,41.78124273365261,0.0,0.0,56.08352034138961,0.0,0.0,69.51892222155708,10.97802042439402,0.0,0.0,70.0,2.0,1.0
2025,47,2025-11-17,68.5455348893133,0.0,33.34353103616702,0.0,0.0,23.99322039131415,60.00660725025766,0.0,0.0,0.0,0.0,23.637474030146347,0.0,0.0,0.0,48.92072304479942,7.318680282929346,0.0,0.0,60.0,11.0,1.0
2025,48,2025-11-24,68.5455348893133,0.0,0.0,0.0,56.50701057736234,24.57842088866327,78.00858942533495,0.0,0.0,43.94234149573808,0.0,37.274478278307704,28.55161035561653,0.0,0.0,74.66847201574649,7.318680282929346,0.0,0.0,50.0,14.0,1.0
2025,49,2025-12-01,58.54931105128844,0.0,46.16796605007741,0.0,0.0,28.674824370107153,96.01057160041223,0.0,0.0,0.0,0.0,0.0,41.80771516358135,0.0,0.0,154.4864938256824,7.318680282929346,0.0,86.625,30.0,36.0,1.0
2025,50,2025-12-08,92.82207849594508,0.0,40.18322971025256,0.0,0.0,36.28243083564579,111.01222341297668,0.0,0.0,0.0,0.0,40.91101274448406,101.97003698434474,0.0,0.0,187.9585674879136,7.318680282929346,0.0,0.0,20.0,55.0,1.0
2025,51,2025-12-15,72.82963081989539,0.0,54.71758939268434,0.0,0.0,58.52004973491256,132.01453595056685,0.0,0.0,0.0,0.0,34.54707742867543,34.669812574677216,0.0,0.0,236.879290532713,7.318680282929346,0.0,112.5,30.0,54.0,1.0
2025,52,2025-12-22,39.98489535209942,0.0,52.15270238990226,0.0,0.0,47.40124028527917,144.01585740061836,0.0,0.0,0.0,0.0,59.09368507536587,37.728913684207555,0.0,0.0,167.36036831115592,9.148350353661684,0.0,92.25,40.0,45.0,1.0
2026,1,2025-12-29,55.91953327474192,0.0,31.16440775022128,,62.56133313922259,44.475237798533534,118.64155240023273,0.0,0.0,0.0,0.0,62.43789666171693,0.0,0.0,0.0,171.24247825731186,9.700838963255372,0.0,0.0,79.81443298969072,24.0,1.0
2026,2,2026-01-05,46.599611062284936,0.0,35.53835971516462,,0.0,31.600826856852777,72.90023099291408,0.0,0.0,0.0,0.0,37.46273799703016,38.748614054051,0.0,0.0,92.75634238937724,11.939494108621997,0.0,0.0,42.43298969072165,8.0,1.0
2026,3,2026-01-12,45.66761884103923,0.0,38.272079693254206,,0.0,27.504423375408894,65.75314952302054,0.0,0.0,0.0,0.0,28.097053497772617,50.985018492172365,100.0,0.0,123.67512318583634,32.833608798710486,0.0,0.0,34.350515463917525,7.0,1.0
2026,4,2026-01-19,53.12355661100482,0.0,50.300447596848386,,0.0,21.652418401917643,82.90614505076503,0.0,0.0,0.0,0.0,34.340843163944314,0.0,0.0,0.0,126.05349093941012,67.9058727427876,0.0,0.0,36.371134020618555,15.0,1.0
2026,5,2026-01-26,37.27968884982795,0.0,43.19277565381546,,0.0,26.919222878059777,70.04139840495667,100.0,0.0,43.421522680498654,0.0,28.097053497772617,0.0,0.0,0.0,83.24287137508215,32.08739041692161,0.0,0.0,49.50515463917526,3.0,1.0
2026,6,2026-02-02,67.10343992969031,0.0,32.804639737075036,,51.125390522375454,39.20843332239141,62.89431693506312,0.0,0.0,0.0,0.0,24.975158664686777,0.0,0.0,0.0,133.18859420013143,11.19327572683312,0.0,0.0,59.60824742268041,4.0,1.0
2026,7,2026-02-09,46.599611062284936,0.0,29.52417576336753,,0.0,33.94162884624928,54.31781917119088,0.0,0.0,0.0,0.0,41.20901179673317,0.0,0.0,0.0,90.37797463580348,12.68571249041087,0.0,0.0,72.74226804123711,,1.0
2026,8,2026-02-16,53.12355661100482,0.0,26.790455785277945,,67.27025068733612,32.186027354201904,60.03548434710571,0.0,0.0,0.0,0.0,30.594569364241295,28.551610355616525,0.0,0.0,59.459193839344394,11.939494108621997,0.0,0.0,37.381443298969074,1.0,1.0
2026,9,2026-02-23,65.23945548719891,0.0,25.150223798424193,,0.0,26.919222878059777,61.46490064108442,0.0,0.0,0.0,0.0,31.218948330858463,0.0,0.0,0.0,102.26981340367236,15.670586017566368,0.0,0.0,39.4020618556701,2.0,1.0
2026,10,2026-03-02,49.39558772602203,0.0,33.35138373269295,,65.25214316671604,23.993220391314143,65.75314952302054,0.0,0.0,0.0,0.0,33.71646419732714,0.0,0.0,0.0,83.24287137508215,29.848735271554983,0.0,0.0,35.360824742268036,,1.0
2026,11,2026-03-09,58.715509938479016,0.0,0.0,,0.0,27.504423375408894,62.89431693506312,0.0,0.0,0.0,0.0,38.087116963647325,42.827415533424784,0.0,0.0,66.59429710006572,15.670586017566368,0.0,0.0,50.51546391752577,,1.0
2026,12,2026-03-16,70.8314088146731,0.0,36.63184770640045,,0.0,26.33402238071065,61.46490064108442,0.0,0.0,0.0,0.0,44.95528559643619,32.63041183499031,0.0,0.0,71.35103260721327,15.670586017566368,0.0,0.0,64.65979381443299,1.0,1.0
2026,13,2026-03-23,50.32757994726773,0.0,0.0,,0.0,28.089623872758025,51.45898658323347,0.0,0.0,37.99383234543632,0.0,23.102021764835264,0.0,0.0,0.0,83.24287137508215,11.19327572683312,0.0,0.0,56.577319587628864,,1.0
2026,14,2026-03-30,41.00765773481074,0.0,0.0,,49.10728300175537,19.896816909870267,45.74132140731864,0.0,0.0,0.0,0.0,0.0,31.610711465146863,0.0,0.0,90.37797463580348,14.178149253988618,0.0,0.0,51.52577319587628,,1.0
2026,15,2026-04-06,53.12355661100482,0.0,23.50999181157044,,0.0,22.822819396615895,54.31781917119088,0.0,0.0,0.0,0.0,23.102021764835264,0.0,0.0,0.0,68.9726648536395,13.431930872199745,0.0,0.0,53.54639175257732,,1.0
2026,16,2026-04-13,70.8314088146731,0.0,0.0,,0.0,26.919222878059777,48.60015399527605,0.0,0.0,0.0,0.0,25.599537631303946,0.0,0.0,0.0,76.10776811436082,13.431930872199745,0.0,0.0,57.58762886597938,,1.0
2026,17,2026-04-20,57.78351771723331,0.0,30.617663754603363,,0.0,19.896816909870267,50.02957028925476,0.0,0.0,0.0,0.0,0.0,31.610711465146863,0.0,0.0,73.72940036078705,17.163022781144118,0.0,0.0,65.6701030927835,,
2026,18,2026-04-27,0.0,0.0,29.52417576336753,,0.0,26.33402238071065,51.45898658323347,0.0,0.0,0.0,0.0,0.0,31.610711465146863,0.0,0.0,71.35103260721327,22.38655145366624,0.0,0.0,60.618556701030926,,1.0
2026,19,2026-05-04,49.39558772602203,0.0,35.53835971516462,,0.0,23.993220391314143,47.17073770129734,0.0,0.0,0.0,0.0,19.35574796513225,0.0,0.0,0.0,92.75634238937724,19.401677926510743,0.0,0.0,101.03092783505154,,1.0
2026,20,2026-05-11,0.0,0.0,0.0,,0.0,15.800413428426388,57.1766517591483,0.0,0.0,0.0,0.0,34.340843163944314,0.0,0.0,0.0,61.83756159291817,14.924367635777491,0.0,0.0,60.618556701030926,,1.0
2026,21,2026-05-18,61.51148660221612,0.0,26.243711789660026,,0.0,17.556014920473764,54.31781917119088,0.0,0.0,0.0,0.0,0.0,0.0,0.0,0.0,61.83756159291817,43.28066614375473,0.0,0.0,40.41237113402062,,1.0
2026,22,2026-05-25,0.0,0.0,0.0,,0.0,21.652418401917643,40.023656231403805,0.0,0.0,0.0,0.0,23.726400731452433,0.0,0.0,0.0,45.18898731790174,26.117643362610615,0.0,0.0,84.8659793814433,,1.0
2026,23,2026-06-01,50.32757994726773,0.0,30.070919758985447,,0.0,16.97081442312464,50.02957028925476,0.0,0.0,0.0,0.0,0.0,0.0,0.0,0.0,104.64818115724611,14.924367635777491,0.0,0.0,66.68041237113403,,1.0
2026,24,2026-06-08,55.91953327474192,0.0,27.883943776513775,,0.0,17.556014920473764,34.305991055488974,0.0,0.0,46.81382913991261,0.0,0.0,0.0,0.0,0.0,0.0,12.68571249041087,0.0,0.0,46.47422680412371,,1.0
2026,25,2026-06-15,48.46359550477633,0.0,0.0,,0.0,16.385613925775512,34.305991055488974,0.0,0.0,0.0,0.0,0.0,0.0,0.0,0.0,0.0,13.431930872199745,0.0,0.0,49.50515463917526,,1.0
2026,26,2026-06-22,41.00765773481074,0.0,0.0,,0.0,20.48201740721939,27.15890958559544,0.0,0.0,0.0,0.0,0.0,38.748614054051,0.0,0.0,0.0,35.07226394407711,0.0,0.0,62.63917525773196,,1.0
2026,27,2026-06-29,60.57949438097042,0.0,0.0,,0.0,16.97081442312464,24.300076997638023,0.0,0.0,0.0,0.0,0.0,0.0,0.0,0.0,0.0,56.71259701595447,0.0,0.0,52.5360824742268,,1.0
2026,28,2026-07-06,0.0,0.0,0.0,,0.0,15.800413428426388,27.15890958559544,0.0,0.0,48.849213015560984,0.0,0.0,0.0,0.0,0.0,0.0,16.416804399355243,0.0,0.0,40.41237113402062,,1.0
2026,29,2026-07-13,43.803634398547835,0.0,0.0,,0.0,14.044811936379013,24.300076997638023,0.0,0.0,0.0,0.0,0.0,0.0,0.0,0.0,0.0,11.19327572683312,0.0,0.0,61.628865979381445,,1.0
2026,30,2026-07-20,40.07566551356504,100.0,15.308831877301682,,14.126752644340584,17.556014920473764,24.300076997638023,0.0,84.0,34.601525886022365,100.0,12.487579332343389,20.394007396868943,0.0,0.0,26.162045289311532,10.447057345044245,0.0,0.0,26.2680412371134,,
2026,31,2026-07-27,35.41570440733655,82.0,12.575111899212096,,21.52648021994756,16.385613925775512,24.300076997638023,0.0,100.0,35.279987177905156,51.0,13.111958298960555,19.3743070270255,0.0,100.0,33.29714855003286,11.19327572683312,0.0,0.0,29.298969072164947,,1.0
