date,trend_value,keyword,ISO_YEAR,ISO_WEEK
2013-01-06,16.0,grip,2013,1
2013-01-13,29.0,grip,2013,2
2013-01-20,17.0,grip,2013,3
2013-01-27,21.0,grip,2013,4
2013-02-03,30.0,grip,2013,5
2013-02-10,39.0,grip,2013,6
2013-02-17,37.0,grip,2013,7
2013-02-24,29.0,grip,2013,8
2013-03-03,26.0,grip,2013,9
2013-03-10,23.0,grip,2013,10
2013-03-17,21.0,grip,2013,11
2013-03-24,16.0,grip,2013,12
2013-03-31,18.0,grip,2013,13
2013-04-07,14.0,grip,2013,14
2013-04-14,17.0,grip,2013,15
2013-04-21,17.0,grip,2013,16
2013-04-28,14.0,grip,2013,17
2013-05-05,14.0,grip,2013,18
2013-05-12,9.0,grip,2013,19
2013-05-19,9.0,grip,2013,20
2013-05-26,13.0,grip,2013,21
2013-06-02,12.0,grip,2013,22
2013-06-09,13.0,grip,2013,23
2013-06-16,7.0,grip,2013,24
2013-06-23,9.0,grip,2013,25
2013-06-30,10.0,grip,2013,26
2013-07-07,11.0,grip,2013,27
2013-07-14,5.0,grip,2013,28
2013-07-21,8.0,grip,2013,29
2013-07-28,10.0,grip,2013,30
2013-08-04,9.0,grip,2013,31
2013-08-11,14.0,grip,2013,32
2013-08-18,8.0,grip,2013,33
2013-08-25,12.0,grip,2013,34
2013-09-01,9.0,grip,2013,35
2013-09-08,14.0,grip,2013,36
2013-09-15,15.0,grip,2013,37
2013-09-22,13.0,grip,2013,38
2013-09-29,15.0,grip,2013,39
2013-10-06,13.0,grip,2013,40
2013-10-13,15.0,grip,2013,41
2013-10-20,17.0,grip,2013,42
2013-10-27,15.0,grip,2013,43
2013-11-03,18.0,grip,2013,44
2013-11-10,13.0,grip,2013,45
2013-11-17,14.0,grip,2013,46
2013-11-24,9.0,grip,2013,47
2013-12-01,13.0,grip,2013,48
2013-12-08,13.0,grip,2013,49
2013-12-15,20.0,grip,2013,50
2013-12-22,17.0,grip,2013,51
2013-12-29,20.0,grip,2013,52
2014-01-05,18.0,grip,2014,1
2014-01-12,18.0,grip,2014,2
2014-01-19,19.0,grip,2014,3
2014-01-26,16.0,grip,2014,4
2014-02-02,16.0,grip,2014,5
2014-02-09,17.0,grip,2014,6
2014-02-16,33.0,grip,2014,7
2014-02-23,21.0,grip,2014,8
2014-03-02,21.0,grip,2014,9
2014-03-09,20.0,grip,2014,10
2014-03-16,20.0,grip,2014,11
2014-03-23,21.0,grip,2014,12
2014-03-30,15.0,grip,2014,13
2014-04-06,12.0,grip,2014,14
2014-04-13,17.0,grip,2014,15
2014-04-20,13.0,grip,2014,16
2014-04-27,11.0,grip,2014,17
2014-05-04,16.0,grip,2014,18
2014-05-11,10.0,grip,2014,19
2014-05-18,9.0,grip,2014,20
2014-05-25,13.0,grip,2014,21
2014-06-01,16.0,grip,2014,22
2014-06-08,12.0,grip,2014,23
2014-06-15,10.0,grip,2014,24
2014-06-22,10.0,grip,2014,25
2014-06-29,16.0,grip,2014,26
2014-07-06,14.0,grip,2014,27
2014-07-13,9.0,grip,2014,28
2014-07-20,9.0,grip,2014,29
2014-07-27,14.0,grip,2014,30
2014-08-03,12.0,grip,2014,31
2014-08-10,12.0,grip,2014,32
2014-08-17,13.0,grip,2014,33
2014-08-24,12.0,grip,2014,34
2014-08-31,14.0,grip,2014,35
2014-09-07,14.0,grip,2014,36
2014-09-14,14.0,grip,2014,37
2014-09-21,13.0,grip,2014,38
2014-09-28,19.0,grip,2014,39
2014-10-05,19.0,grip,2014,40
2014-10-12,11.0,grip,2014,41
2014-10-19,19.0,grip,2014,42
2014-10-26,12.0,grip,2014,43
2014-11-02,21.0,grip,2014,44
2014-11-09,14.0,grip,2014,45
2014-11-16,15.0,grip,2014,46
2014-11-23,15.0,grip,2014,47
2014-11-30,14.0,grip,2014,48
2014-12-07,18.0,grip,2014,49
2014-12-14,15.0,grip,2014,50
2014-12-21,12.0,grip,2014,51
2014-12-28,18.0,grip,2014,52
2015-01-04,18.0,grip,2015,1
2015-01-11,21.0,grip,2015,2
2015-01-18,27.0,grip,2015,3
2015-01-25,23.0,grip,2015,4
2015-02-01,19.0,grip,2015,5
2015-02-08,22.0,grip,2015,6
2015-02-15,31.0,grip,2015,7
2015-02-22,34.0,grip,2015,8
2015-03-01,100.0,grip,2015,9
2015-03-08,99.0,grip,2015,10
2015-03-15,39.0,grip,2015,11
2015-03-22,38.0,grip,2015,12
2015-03-29,27.0,grip,2015,13
2015-04-05,20.0,grip,2015,14
2015-04-12,16.0,grip,2015,15
2015-04-19,16.0,grip,2015,16
2015-04-26,16.0,grip,2015,17
2015-05-03,13.0,grip,2015,18
2015-05-10,13.0,grip,2015,19
2015-05-17,11.0,grip,2015,20
2015-05-24,9.0,grip,2015,21
2015-05-31,12.0,grip,2015,22
2015-06-07,10.0,grip,2015,23
2015-06-14,12.0,grip,2015,24
2015-06-21,10.0,grip,2015,25
2015-06-28,10.0,grip,2015,26
2015-07-05,11.0,grip,2015,27
2015-07-12,10.0,grip,2015,28
2015-07-19,11.0,grip,2015,29
2015-07-26,12.0,grip,2015,30
2015-08-02,13.0,grip,2015,31
2015-08-09,13.0,grip,2015,32
2015-08-16,13.0,grip,2015,33
2015-08-23,6.0,grip,2015,34
2015-08-30,12.0,grip,2015,35
2015-09-06,13.0,grip,2015,36
2015-09-13,12.0,grip,2015,37
2015-09-20,15.0,grip,2015,38
2015-09-27,14.0,grip,2015,39
2015-10-04,16.0,grip,2015,40
2015-10-11,20.0,grip,2015,41
2015-10-18,18.0,grip,2015,42
2015-10-25,16.0,grip,2015,43
2015-11-01,19.0,grip,2015,44
2015-11-08,14.0,grip,2015,45
2015-11-15,13.0,grip,2015,46
2015-11-22,16.0,grip,2015,47
2015-11-29,11.0,grip,2015,48
2015-12-06,14.0,grip,2015,49
2015-12-13,15.0,grip,2015,50
2015-12-20,16.0,grip,2015,51
2015-12-27,15.0,grip,2015,52
2016-01-03,20.0,grip,2015,53
2016-01-10,18.0,grip,2016,1
2016-01-17,18.0,grip,2016,2
2016-01-24,16.0,grip,2016,3
2016-01-31,20.0,grip,2016,4
2016-02-07,21.0,grip,2016,5
2016-02-14,27.0,grip,2016,6
2016-02-21,24.0,grip,2016,7
2016-02-28,21.0,grip,2016,8
2016-03-06,24.0,grip,2016,9
2016-03-13,26.0,grip,2016,10
2016-03-20,26.0,grip,2016,11
2016-03-27,28.0,grip,2016,12
2016-04-03,23.0,grip,2016,13
2016-04-10,12.0,grip,2016,14
2016-04-17,13.0,grip,2016,15
2016-04-24,14.0,grip,2016,16
2016-05-01,11.0,grip,2016,17
2016-05-08,12.0,grip,2016,18
2016-05-15,14.0,grip,2016,19
2016-05-22,11.0,grip,2016,20
2016-05-29,10.0,grip,2016,21
2016-06-05,14.0,grip,2016,22
2016-06-12,9.0,grip,2016,23
2016-06-19,10.0,grip,2016,24
2016-06-26,10.0,grip,2016,25
2016-07-03,14.0,grip,2016,26
2016-07-10,11.0,grip,2016,27
2016-07-17,9.0,grip,2016,28
2016-07-24,12.0,grip,2016,29
2016-07-31,12.0,grip,2016,30
2016-08-07,11.0,grip,2016,31
2016-08-14,11.0,grip,2016,32
2016-08-21,10.0,grip,2016,33
2016-08-28,16.0,grip,2016,34
2016-09-04,7.0,grip,2016,35
2016-09-11,13.0,grip,2016,36
2016-09-18,12.0,grip,2016,37
2016-09-25,12.0,grip,2016,38
2016-10-02,13.0,grip,2016,39
2016-10-09,18.0,grip,2016,40
2016-10-16,18.0,grip,2016,41
2016-10-23,15.0,grip,2016,42
2016-10-30,22.0,grip,2016,43
2016-11-06,18.0,grip,2016,44
2016-11-13,24.0,grip,2016,45
2016-11-20,20.0,grip,2016,46
2016-11-27,14.0,grip,2016,47
2016-12-04,25.0,grip,2016,48
2016-12-11,30.0,grip,2016,49
2016-12-18,49.0,grip,2016,50
2016-12-25,68.0,grip,2016,51
2017-01-01,100.0,grip,2016,52
2017-01-08,62.0,grip,2017,1
2017-01-15,29.0,grip,2017,2
2017-01-22,27.0,grip,2017,3
2017-01-29,28.0,grip,2017,4
2017-02-05,18.0,grip,2017,5
2017-02-12,18.0,grip,2017,6
2017-02-19,14.0,grip,2017,7
2017-02-26,17.0,grip,2017,8
2017-03-05,13.0,grip,2017,9
2017-03-12,16.0,grip,2017,10
2017-03-19,19.0,grip,2017,11
2017-03-26,15.0,grip,2017,12
2017-04-02,16.0,grip,2017,13
2017-04-09,13.0,grip,2017,14
2017-04-16,14.0,grip,2017,15
2017-04-23,19.0,grip,2017,16
2017-04-30,13.0,grip,2017,17
2017-05-07,10.0,grip,2017,18
2017-05-14,9.0,grip,2017,19
2017-05-21,12.0,grip,2017,20
2017-05-28,10.0,grip,2017,21
2017-06-04,11.0,grip,2017,22
2017-06-11,12.0,grip,2017,23
2017-06-18,9.0,grip,2017,24
2017-06-25,9.0,grip,2017,25
2017-07-02,11.0,grip,2017,26
2017-07-09,12.0,grip,2017,27
2017-07-16,10.0,grip,2017,28
2017-07-23,11.0,grip,2017,29
2017-07-30,9.0,grip,2017,30
2017-08-06,9.0,grip,2017,31
2017-08-13,13.0,grip,2017,32
2017-08-20,12.0,grip,2017,33
2017-08-27,12.0,grip,2017,34
2017-09-03,12.0,grip,2017,35
2017-09-10,17.0,grip,2017,36
2017-09-17,16.0,grip,2017,37
2017-09-24,19.0,grip,2017,38
2017-10-01,15.0,grip,2017,39
2017-10-08,15.0,grip,2017,40
2017-10-15,21.0,grip,2017,41
2017-10-22,14.0,grip,2017,42
2017-10-29,19.0,grip,2017,43
2017-11-05,18.0,grip,2017,44
2017-11-12,15.0,grip,2017,45
2017-11-19,19.0,grip,2017,46
2017-11-26,19.0,grip,2017,47
2017-12-03,20.0,grip,2017,48
2017-12-10,14.0,grip,2017,49
2017-12-17,17.0,grip,2017,50
2017-12-24,15.0,grip,2017,51
2017-12-31,22.0,grip,2017,52
2018-01-07,22.0,grip,2018,1
2018-01-14,26.0,grip,2018,2
2018-01-21,31.0,grip,2018,3
2018-01-28,43.0,grip,2018,4
2018-02-04,44.0,grip,2018,5
2018-02-11,40.0,grip,2018,6
2018-02-18,33.0,grip,2018,7
2018-02-25,25.0,grip,2018,8
2018-03-04,20.0,grip,2018,9
2018-03-11,23.0,grip,2018,10
2018-03-18,19.0,grip,2018,11
2018-03-25,15.0,grip,2018,12
2018-04-01,17.0,grip,2018,13
2018-04-08,16.0,grip,2018,14
2018-04-15,12.0,grip,2018,15
2018-04-22,9.0,grip,2018,16
2018-04-29,17.0,grip,2018,17
2018-05-06,14.0,grip,2018,18
2018-05-13,15.0,grip,2018,19
2018-05-20,15.0,grip,2018,20
2018-05-27,14.0,grip,2018,21
2018-06-03,11.0,grip,2018,22
2018-06-10,9.0,grip,2018,23
2018-06-17,7.0,grip,2018,24
2018-06-24,8.0,grip,2018,25
2018-07-01,10.0,grip,2018,26
2018-07-08,14.256637168141594,grip,2018,27
2018-07-15,11.880530973451329,grip,2018,28
2018-07-22,9.504424778761065,grip,2018,29
2018-07-29,11.880530973451329,grip,2018,30
2018-08-05,9.504424778761065,grip,2018,31
2018-08-12,14.256637168141594,grip,2018,32
2018-08-19,11.880530973451329,grip,2018,33
2018-08-26,9.504424778761065,grip,2018,34
2018-09-02,11.880530973451329,grip,2018,35
2018-09-09,14.256637168141594,grip,2018,36
2018-09-16,14.256637168141594,grip,2018,37
2018-09-23,23.761061946902657,grip,2018,38
2018-09-30,21.38495575221239,grip,2018,39
2018-10-07,11.880530973451329,grip,2018,40
2018-10-14,21.38495575221239,grip,2018,41
2018-10-21,21.38495575221239,grip,2018,42
2018-10-28,16.63274336283186,grip,2018,43
2018-11-04,16.63274336283186,grip,2018,44
2018-11-11,16.63274336283186,grip,2018,45
2018-11-18,16.63274336283186,grip,2018,46
2018-11-25,14.256637168141594,grip,2018,47
2018-12-02,16.63274336283186,grip,2018,48
2018-12-09,11.880530973451329,grip,2018,49
2018-12-16,14.256637168141594,grip,2018,50
2018-12-23,21.38495575221239,grip,2018,51
2018-12-30,21.38495575221239,grip,2018,52
2019-01-06,26.137168141592923,grip,2019,1
2019-01-13,26.137168141592923,grip,2019,2
2019-01-20,42.76991150442478,grip,2019,3
2019-01-27,49.89823008849558,grip,2019,4
2019-02-03,161.57522123893807,grip,2019,5
2019-02-10,237.61061946902657,grip,2019,6
2019-02-17,114.05309734513276,grip,2019,7
2019-02-24,68.9070796460177,grip,2019,8
2019-03-03,33.26548672566372,grip,2019,9
2019-03-10,23.761061946902657,grip,2019,10
2019-03-17,19.00884955752213,grip,2019,11
2019-03-24,19.00884955752213,grip,2019,12
2019-03-31,14.256637168141594,grip,2019,13
2019-04-07,14.256637168141594,grip,2019,14
2019-04-14,14.256637168141594,grip,2019,15
2019-04-21,11.880530973451329,grip,2019,16
2019-04-28,11.880530973451329,grip,2019,17
2019-05-05,11.880530973451329,grip,2019,18
2019-05-12,7.128318584070797,grip,2019,19
2019-05-19,11.880530973451329,grip,2019,20
2019-05-26,9.504424778761065,grip,2019,21
2019-06-02,9.504424778761065,grip,2019,22
2019-06-09,11.880530973451329,grip,2019,23
2019-06-16,11.880530973451329,grip,2019,24
2019-06-23,11.880530973451329,grip,2019,25
2019-06-30,9.504424778761065,grip,2019,26
2019-07-07,7.128318584070797,grip,2019,27
2019-07-14,11.880530973451329,grip,2019,28
2019-07-21,11.880530973451329,grip,2019,29
2019-07-28,14.256637168141594,grip,2019,30
2019-08-04,14.256637168141594,grip,2019,31
2019-08-11,11.880530973451329,grip,2019,32
2019-08-18,11.880530973451329,grip,2019,33
2019-08-25,14.256637168141594,grip,2019,34
2019-09-01,11.880530973451329,grip,2019,35
2019-09-08,11.880530973451329,grip,2019,36
2019-09-15,19.00884955752213,grip,2019,37
2019-09-22,14.256637168141594,grip,2019,38
2019-09-29,14.256637168141594,grip,2019,39
2019-10-06,16.63274336283186,grip,2019,40
2019-10-13,21.38495575221239,grip,2019,41
2019-10-20,23.761061946902657,grip,2019,42
2019-10-27,16.63274336283186,grip,2019,43
2019-11-03,16.63274336283186,grip,2019,44
2019-11-10,16.63274336283186,grip,2019,45
2019-11-17,16.63274336283186,grip,2019,46
2019-11-24,11.880530973451329,grip,2019,47
2019-12-01,11.880530973451329,grip,2019,48
2019-12-08,19.00884955752213,grip,2019,49
2019-12-15,21.38495575221239,grip,2019,50
2019-12-22,19.00884955752213,grip,2019,51
2019-12-29,11.880530973451329,grip,2019,52
2020-01-05,21.38495575221239,grip,2020,1
2020-01-12,26.137168141592923,grip,2020,2
2020-01-19,38.01769911504425,grip,2020,3
2020-01-26,80.78761061946904,grip,2020,4
2020-02-02,59.40265486725664,grip,2020,5
2020-02-09,66.53097345132744,grip,2020,6
2020-02-16,28.51327433628319,grip,2020,7
2020-02-23,38.01769911504425,grip,2020,8
2020-03-01,33.26548672566372,grip,2020,9
2020-03-08,109.30088495575222,grip,2020,10
2020-03-15,114.05309734513276,grip,2020,11
2020-03-22,90.2920353982301,grip,2020,12
2020-03-29,68.9070796460177,grip,2020,13
2020-04-05,45.14601769911505,grip,2020,14
2020-04-12,40.39380530973452,grip,2020,15
2020-04-19,35.641592920353986,grip,2020,16
2020-04-26,23.761061946902657,grip,2020,17
2020-05-03,19.00884955752213,grip,2020,18
2020-05-10,16.63274336283186,grip,2020,19
2020-05-17,11.880530973451329,grip,2020,20
2020-05-24,11.880530973451329,grip,2020,21
2020-05-31,14.256637168141594,grip,2020,22
2020-06-07,11.880530973451329,grip,2020,23
2020-06-14,16.63274336283186,grip,2020,24
2020-06-21,19.00884955752213,grip,2020,25
2020-06-28,23.761061946902657,grip,2020,26
2020-07-05,23.761061946902657,grip,2020,27
2020-07-12,21.38495575221239,grip,2020,28
2020-07-19,21.38495575221239,grip,2020,29
2020-07-26,16.63274336283186,grip,2020,30
2020-08-02,14.256637168141594,grip,2020,31
2020-08-09,14.256637168141594,grip,2020,32
2020-08-16,14.256637168141594,grip,2020,33
2020-08-23,16.63274336283186,grip,2020,34
2020-08-30,14.256637168141594,grip,2020,35
2020-09-06,16.63274336283186,grip,2020,36
2020-09-13,16.63274336283186,grip,2020,37
2020-09-20,14.256637168141594,grip,2020,38
2020-09-27,26.137168141592923,grip,2020,39
2020-10-04,21.38495575221239,grip,2020,40
2020-10-11,26.137168141592923,grip,2020,41
2020-10-18,40.39380530973452,grip,2020,42
2020-10-25,28.51327433628319,grip,2020,43
2020-11-01,26.137168141592923,grip,2020,44
2020-11-08,26.137168141592923,grip,2020,45
2020-11-15,30.889380530973455,grip,2020,46
2020-11-22,33.26548672566372,grip,2020,47
2020-11-29,30.889380530973455,grip,2020,48
2020-12-06,23.761061946902657,grip,2020,49
2020-12-13,19.00884955752213,grip,2020,50
2020-12-20,21.38495575221239,grip,2020,51
2020-12-27,14.256637168141594,grip,2020,52
2021-01-03,17.63776764738104,grip,2020,53
2021-01-10,18.04794829034339,grip,2021,1
2021-01-17,18.86830957626809,grip,2021,2
2021-01-24,21.329393434042185,grip,2021,3
2021-01-31,14.76650314664459,grip,2021,4
2021-02-07,15.58686443256929,grip,2021,5
2021-02-14,11.895238645908142,grip,2021,6
2021-02-21,17.63776764738104,grip,2021,7
2021-02-28,15.58686443256929,grip,2021,8
2021-03-07,14.35632250368224,grip,2021,9
2021-03-14,20.919212791079836,grip,2021,10
2021-03-21,20.509032148117488,grip,2021,11
2021-03-28,12.71559993183284,grip,2021,12
2021-04-04,18.04794829034339,grip,2021,13
2021-04-11,15.99704507553164,grip,2021,14
2021-04-18,17.227587004418687,grip,2021,15
2021-04-25,12.71559993183284,grip,2021,16
2021-05-02,13.125780574795192,grip,2021,17
2021-05-09,12.305419288870493,grip,2021,18
2021-05-16,13.535961217757542,grip,2021,19
2021-05-23,9.844335431096392,grip,2021,20
2021-05-30,17.227587004418687,grip,2021,21
2021-06-06,13.94614186071989,grip,2021,22
2021-06-13,10.664696717021092,grip,2021,23
2021-06-20,7.383251573322295,grip,2021,24
2021-06-27,8.613793502209344,grip,2021,25
2021-07-04,10.664696717021092,grip,2021,26
2021-07-11,13.535961217757542,grip,2021,27
2021-07-18,13.125780574795192,grip,2021,28
2021-07-25,11.895238645908142,grip,2021,29
2021-08-01,10.664696717021092,grip,2021,30
2021-08-08,15.58686443256929,grip,2021,31
2021-08-15,14.35632250368224,grip,2021,32
2021-08-22,14.76650314664459,grip,2021,33
2021-08-29,12.71559993183284,grip,2021,34
2021-09-05,14.35632250368224,grip,2021,35
2021-09-12,29.943186936251532,grip,2021,36
2021-09-19,27.071922435515084,grip,2021,37
2021-09-26,27.071922435515084,grip,2021,38
2021-10-03,18.458128933305737,grip,2021,39
2021-10-10,28.712645007364483,grip,2021,40
2021-10-17,27.482103078477433,grip,2021,41
2021-10-24,25.021019220703337,grip,2021,42
2021-10-31,27.89228372143978,grip,2021,43
2021-11-07,17.63776764738104,grip,2021,44
2021-11-14,19.27849021923044,grip,2021,45
2021-11-21,10.664696717021092,grip,2021,46
2021-11-28,17.63776764738104,grip,2021,47
2021-12-05,13.125780574795192,grip,2021,48
2021-12-12,16.81740636145634,grip,2021,49
2021-12-19,15.58686443256929,grip,2021,50
2021-12-26,17.227587004418687,grip,2021,51
2022-01-02,31.17372886513858,grip,2021,52
2022-01-09,27.89228372143978,grip,2022,1
2022-01-16,22.14975471996689,grip,2022,2
2022-01-23,20.919212791079836,grip,2022,3
2022-01-30,17.63776764738104,grip,2022,4
2022-02-06,17.227587004418687,grip,2022,5
2022-02-13,17.227587004418687,grip,2022,6
2022-02-20,11.895238645908142,grip,2022,7
2022-02-27,16.40722571849399,grip,2022,8
2022-03-06,17.63776764738104,grip,2022,9
2022-03-13,16.40722571849399,grip,2022,10
2022-03-20,19.27849021923044,grip,2022,11
2022-03-27,18.86830957626809,grip,2022,12
2022-04-03,22.559935362929235,grip,2022,13
2022-04-10,18.04794829034339,grip,2022,14
2022-04-17,18.86830957626809,grip,2022,15
2022-04-24,16.81740636145634,grip,2022,16
2022-05-01,15.17668378960694,grip,2022,17
2022-05-08,15.99704507553164,grip,2022,18
2022-05-15,12.71559993183284,grip,2022,19
2022-05-22,15.17668378960694,grip,2022,20
2022-05-29,16.81740636145634,grip,2022,21
2022-06-05,12.305419288870493,grip,2022,22
2022-06-12,14.76650314664459,grip,2022,23
2022-06-19,13.94614186071989,grip,2022,24
2022-06-26,17.227587004418687,grip,2022,25
2022-07-03,11.895238645908142,grip,2022,26
2022-07-10,14.35632250368224,grip,2022,27
2022-07-17,16.40722571849399,grip,2022,28
2022-07-24,13.94614186071989,grip,2022,29
2022-07-31,11.485058002945792,grip,2022,30
2022-08-07,13.125780574795192,grip,2022,31
2022-08-14,13.535961217757542,grip,2022,32
2022-08-21,13.125780574795192,grip,2022,33
2022-08-28,13.125780574795192,grip,2022,34
2022-09-04,13.535961217757542,grip,2022,35
2022-09-11,11.485058002945792,grip,2022,36
2022-09-18,11.895238645908142,grip,2022,37
2022-09-25,14.35632250368224,grip,2022,38
2022-10-02,20.919212791079836,grip,2022,39
2022-10-09,15.58686443256929,grip,2022,40
2022-10-16,18.458128933305737,grip,2022,41
2022-10-23,20.509032148117488,grip,2022,42
2022-10-30,15.17668378960694,grip,2022,43
2022-11-06,19.688670862192787,grip,2022,44
2022-11-13,17.227587004418687,grip,2022,45
2022-11-20,16.81740636145634,grip,2022,46
2022-11-27,14.76650314664459,grip,2022,47
2022-12-04,15.58686443256929,grip,2022,48
2022-12-11,28.712645007364483,grip,2022,49
2022-12-18,21.329393434042185,grip,2022,50
2022-12-25,18.458128933305737,grip,2022,51
2023-01-01,25.841380506628035,grip,2022,52
2023-01-08,25.021019220703337,grip,2023,1
2023-01-15,25.43119986366568,grip,2023,2
2023-01-22,25.43119986366568,grip,2023,3
2023-01-29,27.071922435515084,grip,2023,4
2023-02-05,25.841380506628035,grip,2023,5
2023-02-12,25.021019220703337,grip,2023,6
2023-02-19,25.43119986366568,grip,2023,7
2023-02-26,19.688670862192787,grip,2023,8
2023-03-05,18.86830957626809,grip,2023,9
2023-03-12,15.99704507553164,grip,2023,10
2023-03-19,17.227587004418687,grip,2023,11
2023-03-26,14.35632250368224,grip,2023,12
2023-04-02,13.535961217757542,grip,2023,13
2023-04-09,15.99704507553164,grip,2023,14
2023-04-16,13.94614186071989,grip,2023,15
2023-04-23,16.40722571849399,grip,2023,16
2023-04-30,10.254516074058744,grip,2023,17
2023-05-07,16.40722571849399,grip,2023,18
2023-05-14,15.17668378960694,grip,2023,19
2023-05-21,12.305419288870493,grip,2023,20
2023-05-28,13.535961217757542,grip,2023,21
2023-06-04,11.895238645908142,grip,2023,22
2023-06-11,17.63776764738104,grip,2023,23
2023-06-18,13.535961217757542,grip,2023,24
2023-06-25,12.71559993183284,grip,2023,25
2023-07-02,11.485058002945792,grip,2023,26
2023-07-09,17.110013673569565,grip,2023,27
2023-07-16,13.618174148351288,grip,2023,28
2023-07-23,13.967358100873115,grip,2023,29
2023-07-30,14.66572600591677,grip,2023,30
2023-08-06,17.110013673569565,grip,2023,31
2023-08-13,14.316542053394944,grip,2023,32
2023-08-20,15.713277863482254,grip,2023,33
2023-08-27,10.824702528176664,grip,2023,34
2023-09-03,13.618174148351288,grip,2023,35
2023-09-10,14.66572600591677,grip,2023,36
2023-09-17,13.26899019582946,grip,2023,37
2023-09-24,16.760829721047738,grip,2023,38
2023-10-01,23.744508771484295,grip,2023,39
2023-10-08,16.06246181600408,grip,2023,40
2023-10-15,19.90348529374419,grip,2023,41
2023-10-22,22.347772961396984,grip,2023,42
2023-10-29,16.41164576852591,grip,2023,43
2023-11-05,19.554301341222363,grip,2023,44
2023-11-12,18.855933436178702,grip,2023,45
2023-11-19,21.649405056353327,grip,2023,46
2023-11-26,23.04614086644064,grip,2023,47
2023-12-03,22.347772961396984,grip,2023,48
2023-12-10,23.04614086644064,grip,2023,49
2023-12-17,19.205117388700533,grip,2023,50
2023-12-24,17.110013673569565,grip,2023,51
2023-12-31,21.649405056353327,grip,2023,52
2024-01-07,25.141244581571605,grip,2024,1
2024-01-14,24.442876676527952,grip,2024,2
2024-01-21,21.998589008875157,grip,2024,3
2024-01-28,30.379003869399025,grip,2024,4
2024-02-04,34.91839525218279,grip,2024,5
2024-02-11,30.728187821920855,grip,2024,6
2024-02-18,23.04614086644064,grip,2024,7
2024-02-25,16.760829721047738,grip,2024,8
2024-03-03,17.808381578613222,grip,2024,9
2024-03-10,21.3002211038315,grip,2024,10
2024-03-17,18.15756553113505,grip,2024,11
2024-03-24,16.760829721047738,grip,2024,12
2024-03-31,15.0149099584386,grip,2024,13
2024-04-07,17.459197626091395,grip,2024,14
2024-04-14,15.364093910960428,grip,2024,15
2024-04-21,13.26899019582946,grip,2024,16
2024-04-28,14.66572600591677,grip,2024,17
2024-05-05,13.26899019582946,grip,2024,18
2024-05-12,14.316542053394944,grip,2024,19
2024-05-19,13.26899019582946,grip,2024,20
2024-05-26,18.15756553113505,grip,2024,21
2024-06-02,18.855933436178702,grip,2024,22
2024-06-09,13.26899019582946,grip,2024,23
2024-06-16,17.808381578613222,grip,2024,24
2024-06-23,14.316542053394944,grip,2024,25
2024-06-30,17.459197626091395,grip,2024,26
2024-07-07,11.52307043322032,grip,2024,27
2024-07-14,13.967358100873115,grip,2024,28
2024-07-21,14.316542053394944,grip,2024,29
2024-07-28,12.919806243307631,grip,2024,30
2024-08-04,17.110013673569565,grip,2024,31
2024-08-11,13.618174148351288,grip,2024,32
2024-08-18,19.554301341222363,grip,2024,33
2024-08-25,18.50674948365688,grip,2024,34
2024-09-01,17.808381578613222,grip,2024,35
2024-09-08,16.41164576852591,grip,2024,36
2024-09-15,16.41164576852591,grip,2024,37
2024-09-22,16.41164576852591,grip,2024,38
2024-09-29,20.951037151309674,grip,2024,39
2024-10-06,22.69695691391881,grip,2024,40
2024-10-13,27.93471620174623,grip,2024,41
2024-10-20,32.82329153705182,grip,2024,42
2024-10-27,17.808381578613222,grip,2024,43
2024-11-03,20.601853198787843,grip,2024,44
2024-11-10,19.90348529374419,grip,2024,45
2024-11-17,17.808381578613222,grip,2024,46
2024-11-24,22.69695691391881,grip,2024,47
2024-12-01,20.601853198787843,grip,2024,48
2024-12-08,23.04614086644064,grip,2024,49
2024-12-15,24.79206062904978,grip,2024,50
2024-12-22,24.093692724006125,grip,2024,51
2024-12-29,26.887164344180743,grip,2024,52
2013-01-06,0.0,virus gripa,2013,1
2013-01-13,0.0,virus gripa,2013,2
2013-01-20,0.0,virus gripa,2013,3
2013-01-27,0.0,virus gripa,2013,4
2013-02-03,0.0,virus gripa,2013,5
2013-02-10,61.0,virus gripa,2013,6
2013-02-17,71.0,virus gripa,2013,7
2013-02-24,0.0,virus gripa,2013,8
2013-03-03,0.0,virus gripa,2013,9
2013-03-10,0.0,virus gripa,2013,10
2013-03-17,0.0,virus gripa,2013,11
2013-03-24,0.0,virus gripa,2013,12
2013-03-31,0.0,virus gripa,2013,13
2013-04-07,0.0,virus gripa,2013,14
2013-04-14,0.0,virus gripa,2013,15
2013-04-21,0.0,virus gripa,2013,16
2013-04-28,0.0,virus gripa,2013,17
2013-05-05,0.0,virus gripa,2013,18
2013-05-12,0.0,virus gripa,2013,19
2013-05-19,0.0,virus gripa,2013,20
2013-05-26,0.0,virus gripa,2013,21
2013-06-02,0.0,virus gripa,2013,22
2013-06-09,0.0,virus gripa,2013,23
2013-06-16,0.0,virus gripa,2013,24
2013-06-23,0.0,virus gripa,2013,25
2013-06-30,0.0,virus gripa,2013,26
2013-07-07,0.0,virus gripa,2013,27
2013-07-14,0.0,virus gripa,2013,28
2013-07-21,0.0,virus gripa,2013,29
2013-07-28,0.0,virus gripa,2013,30
2013-08-04,0.0,virus gripa,2013,31
2013-08-11,0.0,virus gripa,2013,32
2013-08-18,0.0,virus gripa,2013,33
2013-08-25,0.0,virus gripa,2013,34
2013-09-01,0.0,virus gripa,2013,35
2013-09-08,0.0,virus gripa,2013,36
2013-09-15,0.0,virus gripa,2013,37
2013-09-22,0.0,virus gripa,2013,38
2013-09-29,0.0,virus gripa,2013,39
2013-10-06,0.0,virus gripa,2013,40
2013-10-13,0.0,virus gripa,2013,41
2013-10-20,0.0,virus gripa,2013,42
2013-10-27,0.0,virus gripa,2013,43
2013-11-03,0.0,virus gripa,2013,44
2013-11-10,0.0,virus gripa,2013,45
2013-11-17,0.0,virus gripa,2013,46
2013-11-24,0.0,virus gripa,2013,47
2013-12-01,0.0,virus gripa,2013,48
2013-12-08,0.0,virus gripa,2013,49
2013-12-15,0.0,virus gripa,2013,50
2013-12-22,0.0,virus gripa,2013,51
2013-12-29,0.0,virus gripa,2013,52
2014-01-05,0.0,virus gripa,2014,1
2014-01-12,0.0,virus gripa,2014,2
2014-01-19,0.0,virus gripa,2014,3
2014-01-26,0.0,virus gripa,2014,4
2014-02-02,0.0,virus gripa,2014,5
2014-02-09,0.0,virus gripa,2014,6
2014-02-16,0.0,virus gripa,2014,7
2014-02-23,0.0,virus gripa,2014,8
2014-03-02,0.0,virus gripa,2014,9
2014-03-09,0.0,virus gripa,2014,10
2014-03-16,0.0,virus gripa,2014,11
2014-03-23,0.0,virus gripa,2014,12
2014-03-30,0.0,virus gripa,2014,13
2014-04-06,0.0,virus gripa,2014,14
2014-04-13,0.0,virus gripa,2014,15
2014-04-20,0.0,virus gripa,2014,16
2014-04-27,0.0,virus gripa,2014,17
2014-05-04,0.0,virus gripa,2014,18
2014-05-11,0.0,virus gripa,2014,19
2014-05-18,0.0,virus gripa,2014,20
2014-05-25,0.0,virus gripa,2014,21
2014-06-01,0.0,virus gripa,2014,22
2014-06-08,0.0,virus gripa,2014,23
2014-06-15,0.0,virus gripa,2014,24
2014-06-22,0.0,virus gripa,2014,25
2014-06-29,0.0,virus gripa,2014,26
2014-07-06,0.0,virus gripa,2014,27
2014-07-13,0.0,virus gripa,2014,28
2014-07-20,0.0,virus gripa,2014,29
2014-07-27,0.0,virus gripa,2014,30
2014-08-03,0.0,virus gripa,2014,31
2014-08-10,0.0,virus gripa,2014,32
2014-08-17,0.0,virus gripa,2014,33
2014-08-24,0.0,virus gripa,2014,34
2014-08-31,0.0,virus gripa,2014,35
2014-09-07,0.0,virus gripa,2014,36
2014-09-14,0.0,virus gripa,2014,37
2014-09-21,0.0,virus gripa,2014,38
2014-09-28,0.0,virus gripa,2014,39
2014-10-05,0.0,virus gripa,2014,40
2014-10-12,0.0,virus gripa,2014,41
2014-10-19,0.0,virus gripa,2014,42
2014-10-26,0.0,virus gripa,2014,43
2014-11-02,0.0,virus gripa,2014,44
2014-11-09,0.0,virus gripa,2014,45
2014-11-16,0.0,virus gripa,2014,46
2014-11-23,0.0,virus gripa,2014,47
2014-11-30,0.0,virus gripa,2014,48
2014-12-07,0.0,virus gripa,2014,49
2014-12-14,0.0,virus gripa,2014,50
2014-12-21,0.0,virus gripa,2014,51
2014-12-28,0.0,virus gripa,2014,52
2015-01-04,0.0,virus gripa,2015,1
2015-01-11,0.0,virus gripa,2015,2
2015-01-18,60.0,virus gripa,2015,3
2015-01-25,50.0,virus gripa,2015,4
2015-02-01,0.0,virus gripa,2015,5
2015-02-08,0.0,virus gripa,2015,6
2015-02-15,58.0,virus gripa,2015,7
2015-02-22,66.0,virus gripa,2015,8
2015-03-01,58.0,virus gripa,2015,9
2015-03-08,100.0,virus gripa,2015,10
2015-03-15,0.0,virus gripa,2015,11
2015-03-22,0.0,virus gripa,2015,12
2015-03-29,0.0,virus gripa,2015,13
2015-04-05,0.0,virus gripa,2015,14
2015-04-12,0.0,virus gripa,2015,15
2015-04-19,0.0,virus gripa,2015,16
2015-04-26,0.0,virus gripa,2015,17
2015-05-03,0.0,virus gripa,2015,18
2015-05-10,0.0,virus gripa,2015,19
2015-05-17,0.0,virus gripa,2015,20
2015-05-24,0.0,virus gripa,2015,21
2015-05-31,0.0,virus gripa,2015,22
2015-06-07,0.0,virus gripa,2015,23
2015-06-14,0.0,virus gripa,2015,24
2015-06-21,0.0,virus gripa,2015,25
2015-06-28,0.0,virus gripa,2015,26
2015-07-05,0.0,virus gripa,2015,27
2015-07-12,0.0,virus gripa,2015,28
2015-07-19,0.0,virus gripa,2015,29
2015-07-26,0.0,virus gripa,2015,30
2015-08-02,0.0,virus gripa,2015,31
2015-08-09,0.0,virus gripa,2015,32
2015-08-16,0.0,virus gripa,2015,33
2015-08-23,0.0,virus gripa,2015,34
2015-08-30,0.0,virus gripa,2015,35
2015-09-06,0.0,virus gripa,2015,36
2015-09-13,0.0,virus gripa,2015,37
2015-09-20,0.0,virus gripa,2015,38
2015-09-27,0.0,virus gripa,2015,39
2015-10-04,0.0,virus gripa,2015,40
2015-10-11,0.0,virus gripa,2015,41
2015-10-18,0.0,virus gripa,2015,42
2015-10-25,0.0,virus gripa,2015,43
2015-11-01,0.0,virus gripa,2015,44
2015-11-08,0.0,virus gripa,2015,45
2015-11-15,0.0,virus gripa,2015,46
2015-11-22,0.0,virus gripa,2015,47
2015-11-29,0.0,virus gripa,2015,48
2015-12-06,0.0,virus gripa,2015,49
2015-12-13,0.0,virus gripa,2015,50
2015-12-20,0.0,virus gripa,2015,51
2015-12-27,0.0,virus gripa,2015,52
2016-01-03,0.0,virus gripa,2015,53
2016-01-10,0.0,virus gripa,2016,1
2016-01-17,0.0,virus gripa,2016,2
2016-01-24,0.0,virus gripa,2016,3
2016-01-31,0.0,virus gripa,2016,4
2016-02-07,0.0,virus gripa,2016,5
2016-02-14,0.0,virus gripa,2016,6
2016-02-21,0.0,virus gripa,2016,7
2016-02-28,0.0,virus gripa,2016,8
2016-03-06,0.0,virus gripa,2016,9
2016-03-13,0.0,virus gripa,2016,10
2016-03-20,0.0,virus gripa,2016,11
2016-03-27,0.0,virus gripa,2016,12
2016-04-03,0.0,virus gripa,2016,13
2016-04-10,0.0,virus gripa,2016,14
2016-04-17,0.0,virus gripa,2016,15
2016-04-24,0.0,virus gripa,2016,16
2016-05-01,0.0,virus gripa,2016,17
2016-05-08,0.0,virus gripa,2016,18
2016-05-15,0.0,virus gripa,2016,19
2016-05-22,0.0,virus gripa,2016,20
2016-05-29,0.0,virus gripa,2016,21
2016-06-05,0.0,virus gripa,2016,22
2016-06-12,0.0,virus gripa,2016,23
2016-06-19,0.0,virus gripa,2016,24
2016-06-26,0.0,virus gripa,2016,25
2016-07-03,0.0,virus gripa,2016,26
2016-07-10,0.0,virus gripa,2016,27
2016-07-17,0.0,virus gripa,2016,28
2016-07-24,0.0,virus gripa,2016,29
2016-07-31,0.0,virus gripa,2016,30
2016-08-07,0.0,virus gripa,2016,31
2016-08-14,0.0,virus gripa,2016,32
2016-08-21,0.0,virus gripa,2016,33
2016-08-28,0.0,virus gripa,2016,34
2016-09-04,0.0,virus gripa,2016,35
2016-09-11,0.0,virus gripa,2016,36
2016-09-18,0.0,virus gripa,2016,37
2016-09-25,0.0,virus gripa,2016,38
2016-10-02,0.0,virus gripa,2016,39
2016-10-09,0.0,virus gripa,2016,40
2016-10-16,0.0,virus gripa,2016,41
2016-10-23,0.0,virus gripa,2016,42
2016-10-30,0.0,virus gripa,2016,43
2016-11-06,0.0,virus gripa,2016,44
2016-11-13,0.0,virus gripa,2016,45
2016-11-20,0.0,virus gripa,2016,46
2016-11-27,0.0,virus gripa,2016,47
2016-12-04,0.0,virus gripa,2016,48
2016-12-11,0.0,virus gripa,2016,49
2016-12-18,36.0,virus gripa,2016,50
2016-12-25,77.0,virus gripa,2016,51
2017-01-01,100.0,virus gripa,2016,52
2017-01-08,0.0,virus gripa,2017,1
2017-01-15,0.0,virus gripa,2017,2
2017-01-22,26.0,virus gripa,2017,3
2017-01-29,0.0,virus gripa,2017,4
2017-02-05,0.0,virus gripa,2017,5
2017-02-12,0.0,virus gripa,2017,6
2017-02-19,0.0,virus gripa,2017,7
2017-02-26,0.0,virus gripa,2017,8
2017-03-05,0.0,virus gripa,2017,9
2017-03-12,0.0,virus gripa,2017,10
2017-03-19,0.0,virus gripa,2017,11
2017-03-26,0.0,virus gripa,2017,12
2017-04-02,0.0,virus gripa,2017,13
2017-04-09,0.0,virus gripa,2017,14
2017-04-16,0.0,virus gripa,2017,15
2017-04-23,0.0,virus gripa,2017,16
2017-04-30,0.0,virus gripa,2017,17
2017-05-07,0.0,virus gripa,2017,18
2017-05-14,0.0,virus gripa,2017,19
2017-05-21,0.0,virus gripa,2017,20
2017-05-28,0.0,virus gripa,2017,21
2017-06-04,0.0,virus gripa,2017,22
2017-06-11,0.0,virus gripa,2017,23
2017-06-18,0.0,virus gripa,2017,24
2017-06-25,0.0,virus gripa,2017,25
2017-07-02,0.0,virus gripa,2017,26
2017-07-09,0.0,virus gripa,2017,27
2017-07-16,0.0,virus gripa,2017,28
2017-07-23,0.0,virus gripa,2017,29
2017-07-30,0.0,virus gripa,2017,30
2017-08-06,0.0,virus gripa,2017,31
2017-08-13,0.0,virus gripa,2017,32
2017-08-20,0.0,virus gripa,2017,33
2017-08-27,0.0,virus gripa,2017,34
2017-09-03,0.0,virus gripa,2017,35
2017-09-10,0.0,virus gripa,2017,36
2017-09-17,0.0,virus gripa,2017,37
2017-09-24,0.0,virus gripa,2017,38
2017-10-01,0.0,virus gripa,2017,39
2017-10-08,0.0,virus gripa,2017,40
2017-10-15,0.0,virus gripa,2017,41
2017-10-22,0.0,virus gripa,2017,42
2017-10-29,0.0,virus gripa,2017,43
2017-11-05,0.0,virus gripa,2017,44
2017-11-12,0.0,virus gripa,2017,45
2017-11-19,0.0,virus gripa,2017,46
2017-11-26,0.0,virus gripa,2017,47
2017-12-03,0.0,virus gripa,2017,48
2017-12-10,0.0,virus gripa,2017,49
2017-12-17,0.0,virus gripa,2017,50
2017-12-24,0.0,virus gripa,2017,51
2017-12-31,0.0,virus gripa,2017,52
2018-01-07,0.0,virus gripa,2018,1
2018-01-14,0.0,virus gripa,2018,2
2018-01-21,0.0,virus gripa,2018,3
2018-01-28,26.0,virus gripa,2018,4
2018-02-04,71.0,virus gripa,2018,5
2018-02-11,54.0,virus gripa,2018,6
2018-02-18,26.0,virus gripa,2018,7
2018-02-25,0.0,virus gripa,2018,8
2018-03-04,0.0,virus gripa,2018,9
2018-03-11,0.0,virus gripa,2018,10
2018-03-18,0.0,virus gripa,2018,11
2018-03-25,0.0,virus gripa,2018,12
2018-04-01,0.0,virus gripa,2018,13
2018-04-08,0.0,virus gripa,2018,14
2018-04-15,0.0,virus gripa,2018,15
2018-04-22,0.0,virus gripa,2018,16
2018-04-29,0.0,virus gripa,2018,17
2018-05-06,0.0,virus gripa,2018,18
2018-05-13,0.0,virus gripa,2018,19
2018-05-20,0.0,virus gripa,2018,20
2018-05-27,0.0,virus gripa,2018,21
2018-06-03,0.0,virus gripa,2018,22
2018-06-10,0.0,virus gripa,2018,23
2018-06-17,0.0,virus gripa,2018,24
2018-06-24,0.0,virus gripa,2018,25
2018-07-01,0.0,virus gripa,2018,26
2018-07-08,0.0,virus gripa,2018,27
2018-07-15,0.0,virus gripa,2018,28
2018-07-22,0.0,virus gripa,2018,29
2018-07-29,0.0,virus gripa,2018,30
2018-08-05,0.0,virus gripa,2018,31
2018-08-12,0.0,virus gripa,2018,32
2018-08-19,0.0,virus gripa,2018,33
2018-08-26,0.0,virus gripa,2018,34
2018-09-02,0.0,virus gripa,2018,35
2018-09-09,0.0,virus gripa,2018,36
2018-09-16,0.0,virus gripa,2018,37
2018-09-23,0.0,virus gripa,2018,38
2018-09-30,0.0,virus gripa,2018,39
2018-10-07,0.0,virus gripa,2018,40
2018-10-14,0.0,virus gripa,2018,41
2018-10-21,0.0,virus gripa,2018,42
2018-10-28,0.0,virus gripa,2018,43
2018-11-04,0.0,virus gripa,2018,44
2018-11-11,0.0,virus gripa,2018,45
2018-11-18,0.0,virus gripa,2018,46
2018-11-25,0.0,virus gripa,2018,47
2018-12-02,0.0,virus gripa,2018,48
2018-12-09,0.0,virus gripa,2018,49
2018-12-16,0.0,virus gripa,2018,50
2018-12-23,0.0,virus gripa,2018,51
2018-12-30,0.0,virus gripa,2018,52
2019-01-06,0.0,virus gripa,2019,1
2019-01-13,0.0,virus gripa,2019,2
2019-01-20,0.0,virus gripa,2019,3
2019-01-27,60.340909090909086,virus gripa,2019,4
2019-02-03,201.13636363636363,virus gripa,2019,5
2019-02-10,185.04545454545453,virus gripa,2019,6
2019-02-17,112.63636363636364,virus gripa,2019,7
2019-02-24,52.29545454545454,virus gripa,2019,8
2019-03-03,40.22727272727273,virus gripa,2019,9
2019-03-10,0.0,virus gripa,2019,10
2019-03-17,0.0,virus gripa,2019,11
2019-03-24,0.0,virus gripa,2019,12
2019-03-31,0.0,virus gripa,2019,13
2019-04-07,0.0,virus gripa,2019,14
2019-04-14,0.0,virus gripa,2019,15
2019-04-21,0.0,virus gripa,2019,16
2019-04-28,0.0,virus gripa,2019,17
2019-05-05,0.0,virus gripa,2019,18
2019-05-12,0.0,virus gripa,2019,19
2019-05-19,0.0,virus gripa,2019,20
2019-05-26,0.0,virus gripa,2019,21
2019-06-02,0.0,virus gripa,2019,22
2019-06-09,0.0,virus gripa,2019,23
2019-06-16,0.0,virus gripa,2019,24
2019-06-23,0.0,virus gripa,2019,25
2019-06-30,0.0,virus gripa,2019,26
2019-07-07,0.0,virus gripa,2019,27
2019-07-14,0.0,virus gripa,2019,28
2019-07-21,0.0,virus gripa,2019,29
2019-07-28,0.0,virus gripa,2019,30
2019-08-04,0.0,virus gripa,2019,31
2019-08-11,0.0,virus gripa,2019,32
2019-08-18,0.0,virus gripa,2019,33
2019-08-25,0.0,virus gripa,2019,34
2019-09-01,0.0,virus gripa,2019,35
2019-09-08,0.0,virus gripa,2019,36
2019-09-15,0.0,virus gripa,2019,37
2019-09-22,0.0,virus gripa,2019,38
2019-09-29,0.0,virus gripa,2019,39
2019-10-06,0.0,virus gripa,2019,40
2019-10-13,0.0,virus gripa,2019,41
2019-10-20,0.0,virus gripa,2019,42
2019-10-27,0.0,virus gripa,2019,43
2019-11-03,0.0,virus gripa,2019,44
2019-11-10,0.0,virus gripa,2019,45
2019-11-17,0.0,virus gripa,2019,46
2019-11-24,0.0,virus gripa,2019,47
2019-12-01,0.0,virus gripa,2019,48
2019-12-08,0.0,virus gripa,2019,49
2019-12-15,0.0,virus gripa,2019,50
2019-12-22,0.0,virus gripa,2019,51
2019-12-29,0.0,virus gripa,2019,52
2020-01-05,0.0,virus gripa,2020,1
2020-01-12,0.0,virus gripa,2020,2
2020-01-19,62.35227272727273,virus gripa,2020,3
2020-01-26,90.51136363636364,virus gripa,2020,4
2020-02-02,70.39772727272727,virus gripa,2020,5
2020-02-09,78.44318181818181,virus gripa,2020,6
2020-02-16,0.0,virus gripa,2020,7
2020-02-23,70.39772727272727,virus gripa,2020,8
2020-03-01,26.14772727272727,virus gripa,2020,9
2020-03-08,114.64772727272728,virus gripa,2020,10
2020-03-15,124.70454545454544,virus gripa,2020,11
2020-03-22,42.23863636363636,virus gripa,2020,12
2020-03-29,34.19318181818181,virus gripa,2020,13
2020-04-05,0.0,virus gripa,2020,14
2020-04-12,0.0,virus gripa,2020,15
2020-04-19,0.0,virus gripa,2020,16
2020-04-26,0.0,virus gripa,2020,17
2020-05-03,0.0,virus gripa,2020,18
2020-05-10,0.0,virus gripa,2020,19
2020-05-17,0.0,virus gripa,2020,20
2020-05-24,0.0,virus gripa,2020,21
2020-05-31,0.0,virus gripa,2020,22
2020-06-07,0.0,virus gripa,2020,23
2020-06-14,0.0,virus gripa,2020,24
2020-06-21,0.0,virus gripa,2020,25
2020-06-28,0.0,virus gripa,2020,26
2020-07-05,0.0,virus gripa,2020,27
2020-07-12,0.0,virus gripa,2020,28
2020-07-19,0.0,virus gripa,2020,29
2020-07-26,0.0,virus gripa,2020,30
2020-08-02,0.0,virus gripa,2020,31
2020-08-09,0.0,virus gripa,2020,32
2020-08-16,0.0,virus gripa,2020,33
2020-08-23,0.0,virus gripa,2020,34
2020-08-30,0.0,virus gripa,2020,35
2020-09-06,0.0,virus gripa,2020,36
2020-09-13,0.0,virus gripa,2020,37
2020-09-20,0.0,virus gripa,2020,38
2020-09-27,0.0,virus gripa,2020,39
2020-10-04,0.0,virus gripa,2020,40
2020-10-11,0.0,virus gripa,2020,41
2020-10-18,0.0,virus gripa,2020,42
2020-10-25,0.0,virus gripa,2020,43
2020-11-01,0.0,virus gripa,2020,44
2020-11-08,0.0,virus gripa,2020,45
2020-11-15,0.0,virus gripa,2020,46
2020-11-22,0.0,virus gripa,2020,47
2020-11-29,0.0,virus gripa,2020,48
2020-12-06,0.0,virus gripa,2020,49
2020-12-13,0.0,virus gripa,2020,50
2020-12-20,0.0,virus gripa,2020,51
2020-12-27,0.0,virus gripa,2020,52
2021-01-03,0.0,virus gripa,2020,53
2021-01-10,0.0,virus gripa,2021,1
2021-01-17,86.0,virus gripa,2021,2
2021-01-24,0.0,virus gripa,2021,3
2021-01-31,0.0,virus gripa,2021,4
2021-02-07,0.0,virus gripa,2021,5
2021-02-14,0.0,virus gripa,2021,6
2021-02-21,0.0,virus gripa,2021,7
2021-02-28,0.0,virus gripa,2021,8
2021-03-07,0.0,virus gripa,2021,9
2021-03-14,0.0,virus gripa,2021,10
2021-03-21,0.0,virus gripa,2021,11
2021-03-28,0.0,virus gripa,2021,12
2021-04-04,0.0,virus gripa,2021,13
2021-04-11,0.0,virus gripa,2021,14
2021-04-18,0.0,virus gripa,2021,15
2021-04-25,0.0,virus gripa,2021,16
2021-05-02,0.0,virus gripa,2021,17
2021-05-09,0.0,virus gripa,2021,18
2021-05-16,0.0,virus gripa,2021,19
2021-05-23,0.0,virus gripa,2021,20
2021-05-30,0.0,virus gripa,2021,21
2021-06-06,0.0,virus gripa,2021,22
2021-06-13,0.0,virus gripa,2021,23
2021-06-20,0.0,virus gripa,2021,24
2021-06-27,0.0,virus gripa,2021,25
2021-07-04,0.0,virus gripa,2021,26
2021-07-11,0.0,virus gripa,2021,27
2021-07-18,0.0,virus gripa,2021,28
2021-07-25,0.0,virus gripa,2021,29
2021-08-01,0.0,virus gripa,2021,30
2021-08-08,0.0,virus gripa,2021,31
2021-08-15,0.0,virus gripa,2021,32
2021-08-22,0.0,virus gripa,2021,33
2021-08-29,0.0,virus gripa,2021,34
2021-09-05,0.0,virus gripa,2021,35
2021-09-12,0.0,virus gripa,2021,36
2021-09-19,100.0,virus gripa,2021,37
2021-09-26,0.0,virus gripa,2021,38
2021-10-03,0.0,virus gripa,2021,39
2021-10-10,0.0,virus gripa,2021,40
2021-10-17,0.0,virus gripa,2021,41
2021-10-24,0.0,virus gripa,2021,42
2021-10-31,0.0,virus gripa,2021,43
2021-11-07,0.0,virus gripa,2021,44
2021-11-14,0.0,virus gripa,2021,45
2021-11-21,0.0,virus gripa,2021,46
2021-11-28,0.0,virus gripa,2021,47
2021-12-05,0.0,virus gripa,2021,48
2021-12-12,0.0,virus gripa,2021,49
2021-12-19,0.0,virus gripa,2021,50
2021-12-26,0.0,virus gripa,2021,51
2022-01-02,0.0,virus gripa,2021,52
2022-01-09,0.0,virus gripa,2022,1
2022-01-16,0.0,virus gripa,2022,2
2022-01-23,0.0,virus gripa,2022,3
2022-01-30,0.0,virus gripa,2022,4
2022-02-06,0.0,virus gripa,2022,5
2022-02-13,0.0,virus gripa,2022,6
2022-02-20,0.0,virus gripa,2022,7
2022-02-27,0.0,virus gripa,2022,8
2022-03-06,0.0,virus gripa,2022,9
2022-03-13,0.0,virus gripa,2022,10
2022-03-20,0.0,virus gripa,2022,11
2022-03-27,0.0,virus gripa,2022,12
2022-04-03,0.0,virus gripa,2022,13
2022-04-10,0.0,virus gripa,2022,14
2022-04-17,0.0,virus gripa,2022,15
2022-04-24,0.0,virus gripa,2022,16
2022-05-01,0.0,virus gripa,2022,17
2022-05-08,0.0,virus gripa,2022,18
2022-05-15,0.0,virus gripa,2022,19
2022-05-22,0.0,virus gripa,2022,20
2022-05-29,0.0,virus gripa,2022,21
2022-06-05,0.0,virus gripa,2022,22
2022-06-12,0.0,virus gripa,2022,23
2022-06-19,0.0,virus gripa,2022,24
2022-06-26,0.0,virus gripa,2022,25
2022-07-03,0.0,virus gripa,2022,26
2022-07-10,0.0,virus gripa,2022,27
2022-07-17,0.0,virus gripa,2022,28
2022-07-24,0.0,virus gripa,2022,29
2022-07-31,0.0,virus gripa,2022,30
2022-08-07,0.0,virus gripa,2022,31
2022-08-14,0.0,virus gripa,2022,32
2022-08-21,0.0,virus gripa,2022,33
2022-08-28,0.0,virus gripa,2022,34
2022-09-04,0.0,virus gripa,2022,35
2022-09-11,0.0,virus gripa,2022,36
2022-09-18,0.0,virus gripa,2022,37
2022-09-25,0.0,virus gripa,2022,38
2022-10-02,0.0,virus gripa,2022,39
2022-10-09,0.0,virus gripa,2022,40
2022-10-16,0.0,virus gripa,2022,41
2022-10-23,0.0,virus gripa,2022,42
2022-10-30,0.0,virus gripa,2022,43
2022-11-06,0.0,virus gripa,2022,44
2022-11-13,0.0,virus gripa,2022,45
2022-11-20,0.0,virus gripa,2022,46
2022-11-27,0.0,virus gripa,2022,47
2022-12-04,0.0,virus gripa,2022,48
2022-12-11,0.0,virus gripa,2022,49
2022-12-18,0.0,virus gripa,2022,50
2022-12-25,0.0,virus gripa,2022,51
2023-01-01,0.0,virus gripa,2022,52
2023-01-08,0.0,virus gripa,2023,1
2023-01-15,0.0,virus gripa,2023,2
2023-01-22,0.0,virus gripa,2023,3
2023-01-29,0.0,virus gripa,2023,4
2023-02-05,0.0,virus gripa,2023,5
2023-02-12,92.0,virus gripa,2023,6
2023-02-19,0.0,virus gripa,2023,7
2023-02-26,0.0,virus gripa,2023,8
2023-03-05,0.0,virus gripa,2023,9
2023-03-12,0.0,virus gripa,2023,10
2023-03-19,0.0,virus gripa,2023,11
2023-03-26,0.0,virus gripa,2023,12
2023-04-02,0.0,virus gripa,2023,13
2023-04-09,0.0,virus gripa,2023,14
2023-04-16,0.0,virus gripa,2023,15
2023-04-23,0.0,virus gripa,2023,16
2023-04-30,0.0,virus gripa,2023,17
2023-05-07,0.0,virus gripa,2023,18
2023-05-14,0.0,virus gripa,2023,19
2023-05-21,0.0,virus gripa,2023,20
2023-05-28,0.0,virus gripa,2023,21
2023-06-04,0.0,virus gripa,2023,22
2023-06-11,0.0,virus gripa,2023,23
2023-06-18,0.0,virus gripa,2023,24
2023-06-25,0.0,virus gripa,2023,25
2023-07-02,0.0,virus gripa,2023,26
2023-07-09,0.0,virus gripa,2023,27
2023-07-16,0.0,virus gripa,2023,28
2023-07-23,0.0,virus gripa,2023,29
2023-07-30,0.0,virus gripa,2023,30
2023-08-06,0.0,virus gripa,2023,31
2023-08-13,0.0,virus gripa,2023,32
2023-08-20,0.0,virus gripa,2023,33
2023-08-27,0.0,virus gripa,2023,34
2023-09-03,0.0,virus gripa,2023,35
2023-09-10,0.0,virus gripa,2023,36
2023-09-17,0.0,virus gripa,2023,37
2023-09-24,0.0,virus gripa,2023,38
2023-10-01,0.0,virus gripa,2023,39
2023-10-08,0.0,virus gripa,2023,40
2023-10-15,0.0,virus gripa,2023,41
2023-10-22,0.0,virus gripa,2023,42
2023-10-29,0.0,virus gripa,2023,43
2023-11-05,0.0,virus gripa,2023,44
2023-11-12,0.0,virus gripa,2023,45
2023-11-19,0.0,virus gripa,2023,46
2023-11-26,0.0,virus gripa,2023,47
2023-12-03,0.0,virus gripa,2023,48
2023-12-10,0.0,virus gripa,2023,49
2023-12-17,0.0,virus gripa,2023,50
2023-12-24,0.0,virus gripa,2023,51
2023-12-31,0.0,virus gripa,2023,52
2024-01-07,0.0,virus gripa,2024,1
2024-01-14,73.60000000000001,virus gripa,2024,2
2024-01-21,0.0,virus gripa,2024,3
2024-01-28,0.0,virus gripa,2024,4
2024-02-04,0.0,virus gripa,2024,5
2024-02-11,0.0,virus gripa,2024,6
2024-02-18,0.0,virus gripa,2024,7
2024-02-25,0.0,virus gripa,2024,8
2024-03-03,0.0,virus gripa,2024,9
2024-03-10,0.0,virus gripa,2024,10
2024-03-17,0.0,virus gripa,2024,11
2024-03-24,0.0,virus gripa,2024,12
2024-03-31,0.0,virus gripa,2024,13
2024-04-07,0.0,virus gripa,2024,14
2024-04-14,0.0,virus gripa,2024,15
2024-04-21,0.0,virus gripa,2024,16
2024-04-28,0.0,virus gripa,2024,17
2024-05-05,0.0,virus gripa,2024,18
2024-05-12,0.0,virus gripa,2024,19
2024-05-19,0.0,virus gripa,2024,20
2024-05-26,0.0,virus gripa,2024,21
2024-06-02,0.0,virus gripa,2024,22
2024-06-09,0.0,virus gripa,2024,23
2024-06-16,0.0,virus gripa,2024,24
2024-06-23,0.0,virus gripa,2024,25
2024-06-30,0.0,virus gripa,2024,26
2024-07-07,0.0,virus gripa,2024,27
2024-07-14,0.0,virus gripa,2024,28
2024-07-21,0.0,virus gripa,2024,29
2024-07-28,0.0,virus gripa,2024,30
2024-08-04,0.0,virus gripa,2024,31
2024-08-11,0.0,virus gripa,2024,32
2024-08-18,0.0,virus gripa,2024,33
2024-08-25,0.0,virus gripa,2024,34
2024-09-01,0.0,virus gripa,2024,35
2024-09-08,0.0,virus gripa,2024,36
2024-09-15,0.0,virus gripa,2024,37
2024-09-22,0.0,virus gripa,2024,38
2024-09-29,0.0,virus gripa,2024,39
2024-10-06,0.0,virus gripa,2024,40
2024-10-13,0.0,virus gripa,2024,41
2024-10-20,0.0,virus gripa,2024,42
2024-10-27,0.0,virus gripa,2024,43
2024-11-03,0.0,virus gripa,2024,44
2024-11-10,0.0,virus gripa,2024,45
2024-11-17,0.0,virus gripa,2024,46
2024-11-24,0.0,virus gripa,2024,47
2024-12-01,0.0,virus gripa,2024,48
2024-12-08,0.0,virus gripa,2024,49
2024-12-15,0.0,virus gripa,2024,50
2024-12-22,0.0,virus gripa,2024,51
2024-12-29,0.0,virus gripa,2024,52
2013-01-06,0.0,simptomi gripa,2013,1
2013-01-13,16.0,simptomi gripa,2013,2
2013-01-20,0.0,simptomi gripa,2013,3
2013-01-27,0.0,simptomi gripa,2013,4
2013-02-03,0.0,simptomi gripa,2013,5
2013-02-10,18.0,simptomi gripa,2013,6
2013-02-17,22.0,simptomi gripa,2013,7
2013-02-24,0.0,simptomi gripa,2013,8
2013-03-03,0.0,simptomi gripa,2013,9
2013-03-10,0.0,simptomi gripa,2013,10
2013-03-17,0.0,simptomi gripa,2013,11
2013-03-24,0.0,simptomi gripa,2013,12
2013-03-31,0.0,simptomi gripa,2013,13
2013-04-07,0.0,simptomi gripa,2013,14
2013-04-14,0.0,simptomi gripa,2013,15
2013-04-21,0.0,simptomi gripa,2013,16
2013-04-28,0.0,simptomi gripa,2013,17
2013-05-05,0.0,simptomi gripa,2013,18
2013-05-12,0.0,simptomi gripa,2013,19
2013-05-19,0.0,simptomi gripa,2013,20
2013-05-26,0.0,simptomi gripa,2013,21
2013-06-02,0.0,simptomi gripa,2013,22
2013-06-09,0.0,simptomi gripa,2013,23
2013-06-16,0.0,simptomi gripa,2013,24
2013-06-23,0.0,simptomi gripa,2013,25
2013-06-30,0.0,simptomi gripa,2013,26
2013-07-07,0.0,simptomi gripa,2013,27
2013-07-14,0.0,simptomi gripa,2013,28
2013-07-21,0.0,simptomi gripa,2013,29
2013-07-28,0.0,simptomi gripa,2013,30
2013-08-04,0.0,simptomi gripa,2013,31
2013-08-11,0.0,simptomi gripa,2013,32
2013-08-18,0.0,simptomi gripa,2013,33
2013-08-25,0.0,simptomi gripa,2013,34
2013-09-01,0.0,simptomi gripa,2013,35
2013-09-08,0.0,simptomi gripa,2013,36
2013-09-15,0.0,simptomi gripa,2013,37
2013-09-22,0.0,simptomi gripa,2013,38
2013-09-29,0.0,simptomi gripa,2013,39
2013-10-06,0.0,simptomi gripa,2013,40
2013-10-13,0.0,simptomi gripa,2013,41
2013-10-20,20.0,simptomi gripa,2013,42
2013-10-27,0.0,simptomi gripa,2013,43
2013-11-03,0.0,simptomi gripa,2013,44
2013-11-10,0.0,simptomi gripa,2013,45
2013-11-17,0.0,simptomi gripa,2013,46
2013-11-24,0.0,simptomi gripa,2013,47
2013-12-01,0.0,simptomi gripa,2013,48
2013-12-08,0.0,simptomi gripa,2013,49
2013-12-15,0.0,simptomi gripa,2013,50
2013-12-22,0.0,simptomi gripa,2013,51
2013-12-29,0.0,simptomi gripa,2013,52
2014-01-05,0.0,simptomi gripa,2014,1
2014-01-12,0.0,simptomi gripa,2014,2
2014-01-19,0.0,simptomi gripa,2014,3
2014-01-26,0.0,simptomi gripa,2014,4
2014-02-02,0.0,simptomi gripa,2014,5
2014-02-09,0.0,simptomi gripa,2014,6
2014-02-16,0.0,simptomi gripa,2014,7
2014-02-23,0.0,simptomi gripa,2014,8
2014-03-02,0.0,simptomi gripa,2014,9
2014-03-09,0.0,simptomi gripa,2014,10
2014-03-16,0.0,simptomi gripa,2014,11
2014-03-23,0.0,simptomi gripa,2014,12
2014-03-30,0.0,simptomi gripa,2014,13
2014-04-06,0.0,simptomi gripa,2014,14
2014-04-13,0.0,simptomi gripa,2014,15
2014-04-20,0.0,simptomi gripa,2014,16
2014-04-27,0.0,simptomi gripa,2014,17
2014-05-04,0.0,simptomi gripa,2014,18
2014-05-11,0.0,simptomi gripa,2014,19
2014-05-18,0.0,simptomi gripa,2014,20
2014-05-25,0.0,simptomi gripa,2014,21
2014-06-01,0.0,simptomi gripa,2014,22
2014-06-08,0.0,simptomi gripa,2014,23
2014-06-15,0.0,simptomi gripa,2014,24
2014-06-22,0.0,simptomi gripa,2014,25
2014-06-29,0.0,simptomi gripa,2014,26
2014-07-06,0.0,simptomi gripa,2014,27
2014-07-13,0.0,simptomi gripa,2014,28
2014-07-20,0.0,simptomi gripa,2014,29
2014-07-27,0.0,simptomi gripa,2014,30
2014-08-03,0.0,simptomi gripa,2014,31
2014-08-10,0.0,simptomi gripa,2014,32
2014-08-17,0.0,simptomi gripa,2014,33
2014-08-24,0.0,simptomi gripa,2014,34
2014-08-31,0.0,simptomi gripa,2014,35
2014-09-07,0.0,simptomi gripa,2014,36
2014-09-14,0.0,simptomi gripa,2014,37
2014-09-21,0.0,simptomi gripa,2014,38
2014-09-28,0.0,simptomi gripa,2014,39
2014-10-05,0.0,simptomi gripa,2014,40
2014-10-12,0.0,simptomi gripa,2014,41
2014-10-19,0.0,simptomi gripa,2014,42
2014-10-26,0.0,simptomi gripa,2014,43
2014-11-02,0.0,simptomi gripa,2014,44
2014-11-09,0.0,simptomi gripa,2014,45
2014-11-16,0.0,simptomi gripa,2014,46
2014-11-23,0.0,simptomi gripa,2014,47
2014-11-30,0.0,simptomi gripa,2014,48
2014-12-07,0.0,simptomi gripa,2014,49
2014-12-14,0.0,simptomi gripa,2014,50
2014-12-21,0.0,simptomi gripa,2014,51
2014-12-28,0.0,simptomi gripa,2014,52
2015-01-04,0.0,simptomi gripa,2015,1
2015-01-11,0.0,simptomi gripa,2015,2
2015-01-18,0.0,simptomi gripa,2015,3
2015-01-25,0.0,simptomi gripa,2015,4
2015-02-01,0.0,simptomi gripa,2015,5
2015-02-08,0.0,simptomi gripa,2015,6
2015-02-15,0.0,simptomi gripa,2015,7
2015-02-22,0.0,simptomi gripa,2015,8
2015-03-01,82.0,simptomi gripa,2015,9
2015-03-08,100.0,simptomi gripa,2015,10
2015-03-15,26.0,simptomi gripa,2015,11
2015-03-22,30.0,simptomi gripa,2015,12
2015-03-29,0.0,simptomi gripa,2015,13
2015-04-05,0.0,simptomi gripa,2015,14
2015-04-12,0.0,simptomi gripa,2015,15
2015-04-19,0.0,simptomi gripa,2015,16
2015-04-26,0.0,simptomi gripa,2015,17
2015-05-03,0.0,simptomi gripa,2015,18
2015-05-10,0.0,simptomi gripa,2015,19
2015-05-17,0.0,simptomi gripa,2015,20
2015-05-24,0.0,simptomi gripa,2015,21
2015-05-31,0.0,simptomi gripa,2015,22
2015-06-07,0.0,simptomi gripa,2015,23
2015-06-14,0.0,simptomi gripa,2015,24
2015-06-21,0.0,simptomi gripa,2015,25
2015-06-28,0.0,simptomi gripa,2015,26
2015-07-05,0.0,simptomi gripa,2015,27
2015-07-12,0.0,simptomi gripa,2015,28
2015-07-19,0.0,simptomi gripa,2015,29
2015-07-26,0.0,simptomi gripa,2015,30
2015-08-02,0.0,simptomi gripa,2015,31
2015-08-09,0.0,simptomi gripa,2015,32
2015-08-16,0.0,simptomi gripa,2015,33
2015-08-23,0.0,simptomi gripa,2015,34
2015-08-30,0.0,simptomi gripa,2015,35
2015-09-06,0.0,simptomi gripa,2015,36
2015-09-13,0.0,simptomi gripa,2015,37
2015-09-20,0.0,simptomi gripa,2015,38
2015-09-27,0.0,simptomi gripa,2015,39
2015-10-04,0.0,simptomi gripa,2015,40
2015-10-11,0.0,simptomi gripa,2015,41
2015-10-18,0.0,simptomi gripa,2015,42
2015-10-25,0.0,simptomi gripa,2015,43
2015-11-01,0.0,simptomi gripa,2015,44
2015-11-08,0.0,simptomi gripa,2015,45
2015-11-15,0.0,simptomi gripa,2015,46
2015-11-22,0.0,simptomi gripa,2015,47
2015-11-29,0.0,simptomi gripa,2015,48
2015-12-06,0.0,simptomi gripa,2015,49
2015-12-13,0.0,simptomi gripa,2015,50
2015-12-20,0.0,simptomi gripa,2015,51
2015-12-27,0.0,simptomi gripa,2015,52
2016-01-03,0.0,simptomi gripa,2015,53
2016-01-10,0.0,simptomi gripa,2016,1
2016-01-17,0.0,simptomi gripa,2016,2
2016-01-24,0.0,simptomi gripa,2016,3
2016-01-31,0.0,simptomi gripa,2016,4
2016-02-07,0.0,simptomi gripa,2016,5
2016-02-14,52.0,simptomi gripa,2016,6
2016-02-21,0.0,simptomi gripa,2016,7
2016-02-28,0.0,simptomi gripa,2016,8
2016-03-06,0.0,simptomi gripa,2016,9
2016-03-13,0.0,simptomi gripa,2016,10
2016-03-20,0.0,simptomi gripa,2016,11
2016-03-27,0.0,simptomi gripa,2016,12
2016-04-03,0.0,simptomi gripa,2016,13
2016-04-10,0.0,simptomi gripa,2016,14
2016-04-17,0.0,simptomi gripa,2016,15
2016-04-24,0.0,simptomi gripa,2016,16
2016-05-01,0.0,simptomi gripa,2016,17
2016-05-08,0.0,simptomi gripa,2016,18
2016-05-15,0.0,simptomi gripa,2016,19
2016-05-22,0.0,simptomi gripa,2016,20
2016-05-29,0.0,simptomi gripa,2016,21
2016-06-05,0.0,simptomi gripa,2016,22
2016-06-12,0.0,simptomi gripa,2016,23
2016-06-19,0.0,simptomi gripa,2016,24
2016-06-26,0.0,simptomi gripa,2016,25
2016-07-03,0.0,simptomi gripa,2016,26
2016-07-10,0.0,simptomi gripa,2016,27
2016-07-17,0.0,simptomi gripa,2016,28
2016-07-24,0.0,simptomi gripa,2016,29
2016-07-31,0.0,simptomi gripa,2016,30
2016-08-07,0.0,simptomi gripa,2016,31
2016-08-14,0.0,simptomi gripa,2016,32
2016-08-21,0.0,simptomi gripa,2016,33
2016-08-28,0.0,simptomi gripa,2016,34
2016-09-04,0.0,simptomi gripa,2016,35
2016-09-11,0.0,simptomi gripa,2016,36
2016-09-18,0.0,simptomi gripa,2016,37
2016-09-25,0.0,simptomi gripa,2016,38
2016-10-02,0.0,simptomi gripa,2016,39
2016-10-09,0.0,simptomi gripa,2016,40
2016-10-16,0.0,simptomi gripa,2016,41
2016-10-23,0.0,simptomi gripa,2016,42
2016-10-30,0.0,simptomi gripa,2016,43
2016-11-06,0.0,simptomi gripa,2016,44
2016-11-13,0.0,simptomi gripa,2016,45
2016-11-20,0.0,simptomi gripa,2016,46
2016-11-27,0.0,simptomi gripa,2016,47
2016-12-04,0.0,simptomi gripa,2016,48
2016-12-11,46.0,simptomi gripa,2016,49
2016-12-18,0.0,simptomi gripa,2016,50
2016-12-25,69.0,simptomi gripa,2016,51
2017-01-01,100.0,simptomi gripa,2016,52
2017-01-08,76.0,simptomi gripa,2017,1
2017-01-15,40.0,simptomi gripa,2017,2
2017-01-22,0.0,simptomi gripa,2017,3
2017-01-29,0.0,simptomi gripa,2017,4
2017-02-05,0.0,simptomi gripa,2017,5
2017-02-12,0.0,simptomi gripa,2017,6
2017-02-19,0.0,simptomi gripa,2017,7
2017-02-26,0.0,simptomi gripa,2017,8
2017-03-05,0.0,simptomi gripa,2017,9
2017-03-12,0.0,simptomi gripa,2017,10
2017-03-19,0.0,simptomi gripa,2017,11
2017-03-26,0.0,simptomi gripa,2017,12
2017-04-02,0.0,simptomi gripa,2017,13
2017-04-09,0.0,simptomi gripa,2017,14
2017-04-16,0.0,simptomi gripa,2017,15
2017-04-23,0.0,simptomi gripa,2017,16
2017-04-30,0.0,simptomi gripa,2017,17
2017-05-07,0.0,simptomi gripa,2017,18
2017-05-14,0.0,simptomi gripa,2017,19
2017-05-21,0.0,simptomi gripa,2017,20
2017-05-28,0.0,simptomi gripa,2017,21
2017-06-04,0.0,simptomi gripa,2017,22
2017-06-11,0.0,simptomi gripa,2017,23
2017-06-18,0.0,simptomi gripa,2017,24
2017-06-25,0.0,simptomi gripa,2017,25
2017-07-02,0.0,simptomi gripa,2017,26
2017-07-09,0.0,simptomi gripa,2017,27
2017-07-16,0.0,simptomi gripa,2017,28
2017-07-23,0.0,simptomi gripa,2017,29
2017-07-30,0.0,simptomi gripa,2017,30
2017-08-06,0.0,simptomi gripa,2017,31
2017-08-13,0.0,simptomi gripa,2017,32
2017-08-20,0.0,simptomi gripa,2017,33
2017-08-27,0.0,simptomi gripa,2017,34
2017-09-03,0.0,simptomi gripa,2017,35
2017-09-10,0.0,simptomi gripa,2017,36
2017-09-17,0.0,simptomi gripa,2017,37
2017-09-24,0.0,simptomi gripa,2017,38
2017-10-01,0.0,simptomi gripa,2017,39
2017-10-08,0.0,simptomi gripa,2017,40
2017-10-15,0.0,simptomi gripa,2017,41
2017-10-22,0.0,simptomi gripa,2017,42
2017-10-29,0.0,simptomi gripa,2017,43
2017-11-05,0.0,simptomi gripa,2017,44
2017-11-12,0.0,simptomi gripa,2017,45
2017-11-19,0.0,simptomi gripa,2017,46
2017-11-26,0.0,simptomi gripa,2017,47
2017-12-03,0.0,simptomi gripa,2017,48
2017-12-10,0.0,simptomi gripa,2017,49
2017-12-17,0.0,simptomi gripa,2017,50
2017-12-24,0.0,simptomi gripa,2017,51
2017-12-31,0.0,simptomi gripa,2017,52
2018-01-07,0.0,simptomi gripa,2018,1
2018-01-14,0.0,simptomi gripa,2018,2
2018-01-21,0.0,simptomi gripa,2018,3
2018-01-28,54.0,simptomi gripa,2018,4
2018-02-04,0.0,simptomi gripa,2018,5
2018-02-11,0.0,simptomi gripa,2018,6
2018-02-18,0.0,simptomi gripa,2018,7
2018-02-25,0.0,simptomi gripa,2018,8
2018-03-04,0.0,simptomi gripa,2018,9
2018-03-11,0.0,simptomi gripa,2018,10
2018-03-18,0.0,simptomi gripa,2018,11
2018-03-25,0.0,simptomi gripa,2018,12
2018-04-01,0.0,simptomi gripa,2018,13
2018-04-08,0.0,simptomi gripa,2018,14
2018-04-15,0.0,simptomi gripa,2018,15
2018-04-22,0.0,simptomi gripa,2018,16
2018-04-29,0.0,simptomi gripa,2018,17
2018-05-06,0.0,simptomi gripa,2018,18
2018-05-13,0.0,simptomi gripa,2018,19
2018-05-20,0.0,simptomi gripa,2018,20
2018-05-27,0.0,simptomi gripa,2018,21
2018-06-03,0.0,simptomi gripa,2018,22
2018-06-10,0.0,simptomi gripa,2018,23
2018-06-17,0.0,simptomi gripa,2018,24
2018-06-24,0.0,simptomi gripa,2018,25
2018-07-01,0.0,simptomi gripa,2018,26
2018-07-08,0.0,simptomi gripa,2018,27
2018-07-15,0.0,simptomi gripa,2018,28
2018-07-22,0.0,simptomi gripa,2018,29
2018-07-29,0.0,simptomi gripa,2018,30
2018-08-05,0.0,simptomi gripa,2018,31
2018-08-12,0.0,simptomi gripa,2018,32
2018-08-19,0.0,simptomi gripa,2018,33
2018-08-26,0.0,simptomi gripa,2018,34
2018-09-02,0.0,simptomi gripa,2018,35
2018-09-09,0.0,simptomi gripa,2018,36
2018-09-16,0.0,simptomi gripa,2018,37
2018-09-23,0.0,simptomi gripa,2018,38
2018-09-30,0.0,simptomi gripa,2018,39
2018-10-07,0.0,simptomi gripa,2018,40
2018-10-14,0.0,simptomi gripa,2018,41
2018-10-21,0.0,simptomi gripa,2018,42
2018-10-28,0.0,simptomi gripa,2018,43
2018-11-04,0.0,simptomi gripa,2018,44
2018-11-11,0.0,simptomi gripa,2018,45
2018-11-18,0.0,simptomi gripa,2018,46
2018-11-25,0.0,simptomi gripa,2018,47
2018-12-02,0.0,simptomi gripa,2018,48
2018-12-09,0.0,simptomi gripa,2018,49
2018-12-16,0.0,simptomi gripa,2018,50
2018-12-23,0.0,simptomi gripa,2018,51
2018-12-30,0.0,simptomi gripa,2018,52
2019-01-06,0.0,simptomi gripa,2019,1
2019-01-13,0.0,simptomi gripa,2019,2
2019-01-20,63.0,simptomi gripa,2019,3
2019-01-27,54.0,simptomi gripa,2019,4
2019-02-03,585.0,simptomi gripa,2019,5
2019-02-10,900.0,simptomi gripa,2019,6
2019-02-17,459.0,simptomi gripa,2019,7
2019-02-24,198.0,simptomi gripa,2019,8
2019-03-03,81.0,simptomi gripa,2019,9
2019-03-10,63.0,simptomi gripa,2019,10
2019-03-17,0.0,simptomi gripa,2019,11
2019-03-24,0.0,simptomi gripa,2019,12
2019-03-31,0.0,simptomi gripa,2019,13
2019-04-07,0.0,simptomi gripa,2019,14
2019-04-14,0.0,simptomi gripa,2019,15
2019-04-21,0.0,simptomi gripa,2019,16
2019-04-28,0.0,simptomi gripa,2019,17
2019-05-05,0.0,simptomi gripa,2019,18
2019-05-12,0.0,simptomi gripa,2019,19
2019-05-19,0.0,simptomi gripa,2019,20
2019-05-26,0.0,simptomi gripa,2019,21
2019-06-02,0.0,simptomi gripa,2019,22
2019-06-09,0.0,simptomi gripa,2019,23
2019-06-16,0.0,simptomi gripa,2019,24
2019-06-23,0.0,simptomi gripa,2019,25
2019-06-30,0.0,simptomi gripa,2019,26
2019-07-07,0.0,simptomi gripa,2019,27
2019-07-14,0.0,simptomi gripa,2019,28
2019-07-21,0.0,simptomi gripa,2019,29
2019-07-28,0.0,simptomi gripa,2019,30
2019-08-04,0.0,simptomi gripa,2019,31
2019-08-11,0.0,simptomi gripa,2019,32
2019-08-18,0.0,simptomi gripa,2019,33
2019-08-25,0.0,simptomi gripa,2019,34
2019-09-01,0.0,simptomi gripa,2019,35
2019-09-08,0.0,simptomi gripa,2019,36
2019-09-15,0.0,simptomi gripa,2019,37
2019-09-22,0.0,simptomi gripa,2019,38
2019-09-29,0.0,simptomi gripa,2019,39
2019-10-06,0.0,simptomi gripa,2019,40
2019-10-13,0.0,simptomi gripa,2019,41
2019-10-20,0.0,simptomi gripa,2019,42
2019-10-27,0.0,simptomi gripa,2019,43
2019-11-03,0.0,simptomi gripa,2019,44
2019-11-10,0.0,simptomi gripa,2019,45
2019-11-17,0.0,simptomi gripa,2019,46
2019-11-24,0.0,simptomi gripa,2019,47
2019-12-01,0.0,simptomi gripa,2019,48
2019-12-08,0.0,simptomi gripa,2019,49
2019-12-15,0.0,simptomi gripa,2019,50
2019-12-22,0.0,simptomi gripa,2019,51
2019-12-29,0.0,simptomi gripa,2019,52
2020-01-05,0.0,simptomi gripa,2020,1
2020-01-12,0.0,simptomi gripa,2020,2
2020-01-19,0.0,simptomi gripa,2020,3
2020-01-26,45.0,simptomi gripa,2020,4
2020-02-02,135.0,simptomi gripa,2020,5
2020-02-09,90.0,simptomi gripa,2020,6
2020-02-16,54.0,simptomi gripa,2020,7
2020-02-23,54.0,simptomi gripa,2020,8
2020-03-01,0.0,simptomi gripa,2020,9
2020-03-08,306.0,simptomi gripa,2020,10
2020-03-15,387.0,simptomi gripa,2020,11
2020-03-22,117.0,simptomi gripa,2020,12
2020-03-29,54.0,simptomi gripa,2020,13
2020-04-05,45.0,simptomi gripa,2020,14
2020-04-12,0.0,simptomi gripa,2020,15
2020-04-19,0.0,simptomi gripa,2020,16
2020-04-26,0.0,simptomi gripa,2020,17
2020-05-03,0.0,simptomi gripa,2020,18
2020-05-10,0.0,simptomi gripa,2020,19
2020-05-17,0.0,simptomi gripa,2020,20
2020-05-24,0.0,simptomi gripa,2020,21
2020-05-31,0.0,simptomi gripa,2020,22
2020-06-07,0.0,simptomi gripa,2020,23
2020-06-14,0.0,simptomi gripa,2020,24
2020-06-21,0.0,simptomi gripa,2020,25
2020-06-28,0.0,simptomi gripa,2020,26
2020-07-05,0.0,simptomi gripa,2020,27
2020-07-12,0.0,simptomi gripa,2020,28
2020-07-19,0.0,simptomi gripa,2020,29
2020-07-26,0.0,simptomi gripa,2020,30
2020-08-02,0.0,simptomi gripa,2020,31
2020-08-09,0.0,simptomi gripa,2020,32
2020-08-16,0.0,simptomi gripa,2020,33
2020-08-23,0.0,simptomi gripa,2020,34
2020-08-30,0.0,simptomi gripa,2020,35
2020-09-06,0.0,simptomi gripa,2020,36
2020-09-13,0.0,simptomi gripa,2020,37
2020-09-20,0.0,simptomi gripa,2020,38
2020-09-27,0.0,simptomi gripa,2020,39
2020-10-04,0.0,simptomi gripa,2020,40
2020-10-11,0.0,simptomi gripa,2020,41
2020-10-18,0.0,simptomi gripa,2020,42
2020-10-25,0.0,simptomi gripa,2020,43
2020-11-01,45.0,simptomi gripa,2020,44
2020-11-08,0.0,simptomi gripa,2020,45
2020-11-15,0.0,simptomi gripa,2020,46
2020-11-22,0.0,simptomi gripa,2020,47
2020-11-29,0.0,simptomi gripa,2020,48
2020-12-06,0.0,simptomi gripa,2020,49
2020-12-13,0.0,simptomi gripa,2020,50
2020-12-20,0.0,simptomi gripa,2020,51
2020-12-27,0.0,simptomi gripa,2020,52
2021-01-03,0.0,simptomi gripa,2020,53
2021-01-10,0.0,simptomi gripa,2021,1
2021-01-17,0.0,simptomi gripa,2021,2
2021-01-24,0.0,simptomi gripa,2021,3
2021-01-31,0.0,simptomi gripa,2021,4
2021-02-07,0.0,simptomi gripa,2021,5
2021-02-14,0.0,simptomi gripa,2021,6
2021-02-21,0.0,simptomi gripa,2021,7
2021-02-28,0.0,simptomi gripa,2021,8
2021-03-07,0.0,simptomi gripa,2021,9
2021-03-14,0.0,simptomi gripa,2021,10
2021-03-21,0.0,simptomi gripa,2021,11
2021-03-28,0.0,simptomi gripa,2021,12
2021-04-04,0.0,simptomi gripa,2021,13
2021-04-11,0.0,simptomi gripa,2021,14
2021-04-18,0.0,simptomi gripa,2021,15
2021-04-25,0.0,simptomi gripa,2021,16
2021-05-02,0.0,simptomi gripa,2021,17
2021-05-09,0.0,simptomi gripa,2021,18
2021-05-16,0.0,simptomi gripa,2021,19
2021-05-23,0.0,simptomi gripa,2021,20
2021-05-30,0.0,simptomi gripa,2021,21
2021-06-06,0.0,simptomi gripa,2021,22
2021-06-13,0.0,simptomi gripa,2021,23
2021-06-20,0.0,simptomi gripa,2021,24
2021-06-27,0.0,simptomi gripa,2021,25
2021-07-04,0.0,simptomi gripa,2021,26
2021-07-11,0.0,simptomi gripa,2021,27
2021-07-18,0.0,simptomi gripa,2021,28
2021-07-25,0.0,simptomi gripa,2021,29
2021-08-01,0.0,simptomi gripa,2021,30
2021-08-08,0.0,simptomi gripa,2021,31
2021-08-15,0.0,simptomi gripa,2021,32
2021-08-22,0.0,simptomi gripa,2021,33
2021-08-29,0.0,simptomi gripa,2021,34
2021-09-05,0.0,simptomi gripa,2021,35
2021-09-12,0.0,simptomi gripa,2021,36
2021-09-19,0.0,simptomi gripa,2021,37
2021-09-26,0.0,simptomi gripa,2021,38
2021-10-03,0.0,simptomi gripa,2021,39
2021-10-10,0.0,simptomi gripa,2021,40
2021-10-17,55.16129032258065,simptomi gripa,2021,41
2021-10-24,0.0,simptomi gripa,2021,42
2021-10-31,0.0,simptomi gripa,2021,43
2021-11-07,0.0,simptomi gripa,2021,44
2021-11-14,0.0,simptomi gripa,2021,45
2021-11-21,0.0,simptomi gripa,2021,46
2021-11-28,0.0,simptomi gripa,2021,47
2021-12-05,0.0,simptomi gripa,2021,48
2021-12-12,0.0,simptomi gripa,2021,49
2021-12-19,0.0,simptomi gripa,2021,50
2021-12-26,0.0,simptomi gripa,2021,51
2022-01-02,72.58064516129032,simptomi gripa,2021,52
2022-01-09,0.0,simptomi gripa,2022,1
2022-01-16,0.0,simptomi gripa,2022,2
2022-01-23,0.0,simptomi gripa,2022,3
2022-01-30,0.0,simptomi gripa,2022,4
2022-02-06,0.0,simptomi gripa,2022,5
2022-02-13,0.0,simptomi gripa,2022,6
2022-02-20,0.0,simptomi gripa,2022,7
2022-02-27,0.0,simptomi gripa,2022,8
2022-03-06,0.0,simptomi gripa,2022,9
2022-03-13,0.0,simptomi gripa,2022,10
2022-03-20,0.0,simptomi gripa,2022,11
2022-03-27,0.0,simptomi gripa,2022,12
2022-04-03,0.0,simptomi gripa,2022,13
2022-04-10,0.0,simptomi gripa,2022,14
2022-04-17,0.0,simptomi gripa,2022,15
2022-04-24,0.0,simptomi gripa,2022,16
2022-05-01,0.0,simptomi gripa,2022,17
2022-05-08,0.0,simptomi gripa,2022,18
2022-05-15,0.0,simptomi gripa,2022,19
2022-05-22,0.0,simptomi gripa,2022,20
2022-05-29,0.0,simptomi gripa,2022,21
2022-06-05,0.0,simptomi gripa,2022,22
2022-06-12,0.0,simptomi gripa,2022,23
2022-06-19,0.0,simptomi gripa,2022,24
2022-06-26,0.0,simptomi gripa,2022,25
2022-07-03,0.0,simptomi gripa,2022,26
2022-07-10,0.0,simptomi gripa,2022,27
2022-07-17,0.0,simptomi gripa,2022,28
2022-07-24,0.0,simptomi gripa,2022,29
2022-07-31,0.0,simptomi gripa,2022,30
2022-08-07,0.0,simptomi gripa,2022,31
2022-08-14,0.0,simptomi gripa,2022,32
2022-08-21,0.0,simptomi gripa,2022,33
2022-08-28,0.0,simptomi gripa,2022,34
2022-09-04,0.0,simptomi gripa,2022,35
2022-09-11,0.0,simptomi gripa,2022,36
2022-09-18,0.0,simptomi gripa,2022,37
2022-09-25,0.0,simptomi gripa,2022,38
2022-10-02,0.0,simptomi gripa,2022,39
2022-10-09,0.0,simptomi gripa,2022,40
2022-10-16,0.0,simptomi gripa,2022,41
2022-10-23,0.0,simptomi gripa,2022,42
2022-10-30,0.0,simptomi gripa,2022,43
2022-11-06,0.0,simptomi gripa,2022,44
2022-11-13,0.0,simptomi gripa,2022,45
2022-11-20,0.0,simptomi gripa,2022,46
2022-11-27,0.0,simptomi gripa,2022,47
2022-12-04,0.0,simptomi gripa,2022,48
2022-12-11,0.0,simptomi gripa,2022,49
2022-12-18,0.0,simptomi gripa,2022,50
2022-12-25,0.0,simptomi gripa,2022,51
2023-01-01,39.193548387096776,simptomi gripa,2022,52
2023-01-08,0.0,simptomi gripa,2023,1
2023-01-15,0.0,simptomi gripa,2023,2
2023-01-22,0.0,simptomi gripa,2023,3
2023-01-29,0.0,simptomi gripa,2023,4
2023-02-05,0.0,simptomi gripa,2023,5
2023-02-12,0.0,simptomi gripa,2023,6
2023-02-19,0.0,simptomi gripa,2023,7
2023-02-26,0.0,simptomi gripa,2023,8
2023-03-05,0.0,simptomi gripa,2023,9
2023-03-12,0.0,simptomi gripa,2023,10
2023-03-19,0.0,simptomi gripa,2023,11
2023-03-26,0.0,simptomi gripa,2023,12
2023-04-02,0.0,simptomi gripa,2023,13
2023-04-09,0.0,simptomi gripa,2023,14
2023-04-16,0.0,simptomi gripa,2023,15
2023-04-23,0.0,simptomi gripa,2023,16
2023-04-30,0.0,simptomi gripa,2023,17
2023-05-07,0.0,simptomi gripa,2023,18
2023-05-14,0.0,simptomi gripa,2023,19
2023-05-21,0.0,simptomi gripa,2023,20
2023-05-28,0.0,simptomi gripa,2023,21
2023-06-04,0.0,simptomi gripa,2023,22
2023-06-11,0.0,simptomi gripa,2023,23
2023-06-18,0.0,simptomi gripa,2023,24
2023-06-25,0.0,simptomi gripa,2023,25
2023-07-02,0.0,simptomi gripa,2023,26
2023-07-09,0.0,simptomi gripa,2023,27
2023-07-16,0.0,simptomi gripa,2023,28
2023-07-23,0.0,simptomi gripa,2023,29
2023-07-30,0.0,simptomi gripa,2023,30
2023-08-06,0.0,simptomi gripa,2023,31
2023-08-13,0.0,simptomi gripa,2023,32
2023-08-20,0.0,simptomi gripa,2023,33
2023-08-27,0.0,simptomi gripa,2023,34
2023-09-03,0.0,simptomi gripa,2023,35
2023-09-10,0.0,simptomi gripa,2023,36
2023-09-17,0.0,simptomi gripa,2023,37
2023-09-24,0.0,simptomi gripa,2023,38
2023-10-01,0.0,simptomi gripa,2023,39
2023-10-08,0.0,simptomi gripa,2023,40
2023-10-15,0.0,simptomi gripa,2023,41
2023-10-22,0.0,simptomi gripa,2023,42
2023-10-29,0.0,simptomi gripa,2023,43
2023-11-05,0.0,simptomi gripa,2023,44
2023-11-12,0.0,simptomi gripa,2023,45
2023-11-19,0.0,simptomi gripa,2023,46
2023-11-26,0.0,simptomi gripa,2023,47
2023-12-03,0.0,simptomi gripa,2023,48
2023-12-10,0.0,simptomi gripa,2023,49
2023-12-17,0.0,simptomi gripa,2023,50
2023-12-24,0.0,simptomi gripa,2023,51
2023-12-31,0.0,simptomi gripa,2023,52
2024-01-07,0.0,simptomi gripa,2024,1
2024-01-14,0.0,simptomi gripa,2024,2
2024-01-21,0.0,simptomi gripa,2024,3
2024-01-28,0.0,simptomi gripa,2024,4
2024-02-04,51.57045840407471,simptomi gripa,2024,5
2024-02-11,0.0,simptomi gripa,2024,6
2024-02-18,0.0,simptomi gripa,2024,7
2024-02-25,0.0,simptomi gripa,2024,8
2024-03-03,0.0,simptomi gripa,2024,9
2024-03-10,0.0,simptomi gripa,2024,10
2024-03-17,0.0,simptomi gripa,2024,11
2024-03-24,0.0,simptomi gripa,2024,12
2024-03-31,0.0,simptomi gripa,2024,13
2024-04-07,0.0,simptomi gripa,2024,14
2024-04-14,0.0,simptomi gripa,2024,15
2024-04-21,0.0,simptomi gripa,2024,16
2024-04-28,0.0,simptomi gripa,2024,17
2024-05-05,0.0,simptomi gripa,2024,18
2024-05-12,0.0,simptomi gripa,2024,19
2024-05-19,0.0,simptomi gripa,2024,20
2024-05-26,0.0,simptomi gripa,2024,21
2024-06-02,0.0,simptomi gripa,2024,22
2024-06-09,0.0,simptomi gripa,2024,23
2024-06-16,0.0,simptomi gripa,2024,24
2024-06-23,0.0,simptomi gripa,2024,25
2024-06-30,0.0,simptomi gripa,2024,26
2024-07-07,0.0,simptomi gripa,2024,27
2024-07-14,0.0,simptomi gripa,2024,28
2024-07-21,0.0,simptomi gripa,2024,29
2024-07-28,0.0,simptomi gripa,2024,30
2024-08-04,0.0,simptomi gripa,2024,31
2024-08-11,0.0,simptomi gripa,2024,32
2024-08-18,0.0,simptomi gripa,2024,33
2024-08-25,0.0,simptomi gripa,2024,34
2024-09-01,0.0,simptomi gripa,2024,35
2024-09-08,0.0,simptomi gripa,2024,36
2024-09-15,0.0,simptomi gripa,2024,37
2024-09-22,0.0,simptomi gripa,2024,38
2024-09-29,0.0,simptomi gripa,2024,39
2024-10-06,0.0,simptomi gripa,2024,40
2024-10-13,0.0,simptomi gripa,2024,41
2024-10-20,0.0,simptomi gripa,2024,42
2024-10-27,0.0,simptomi gripa,2024,43
2024-11-03,0.0,simptomi gripa,2024,44
2024-11-10,0.0,simptomi gripa,2024,45
2024-11-17,0.0,simptomi gripa,2024,46
2024-11-24,0.0,simptomi gripa,2024,47
2024-12-01,0.0,simptomi gripa,2024,48
2024-12-08,0.0,simptomi gripa,2024,49
2024-12-15,0.0,simptomi gripa,2024,50
2024-12-22,0.0,simptomi gripa,2024,51
2024-12-29,0.0,simptomi gripa,2024,52
2013-01-06,65.0,prehlada,2013,1
2013-01-13,66.0,prehlada,2013,2
2013-01-20,50.0,prehlada,2013,3
2013-01-27,46.0,prehlada,2013,4
2013-02-03,45.0,prehlada,2013,5
2013-02-10,68.0,prehlada,2013,6
2013-02-17,53.0,prehlada,2013,7
2013-02-24,47.0,prehlada,2013,8
2013-03-03,53.0,prehlada,2013,9
2013-03-10,31.0,prehlada,2013,10
2013-03-17,55.0,prehlada,2013,11
2013-03-24,57.0,prehlada,2013,12
2013-03-31,39.0,prehlada,2013,13
2013-04-07,40.0,prehlada,2013,14
2013-04-14,31.0,prehlada,2013,15
2013-04-21,29.0,prehlada,2013,16
2013-04-28,0.0,prehlada,2013,17
2013-05-05,0.0,prehlada,2013,18
2013-05-12,0.0,prehlada,2013,19
2013-05-19,32.0,prehlada,2013,20
2013-05-26,48.0,prehlada,2013,21
2013-06-02,35.0,prehlada,2013,22
2013-06-09,29.0,prehlada,2013,23
2013-06-16,26.0,prehlada,2013,24
2013-06-23,37.0,prehlada,2013,25
2013-06-30,26.0,prehlada,2013,26
2013-07-07,0.0,prehlada,2013,27
2013-07-14,0.0,prehlada,2013,28
2013-07-21,0.0,prehlada,2013,29
2013-07-28,0.0,prehlada,2013,30
2013-08-04,28.0,prehlada,2013,31
2013-08-11,0.0,prehlada,2013,32
2013-08-18,37.0,prehlada,2013,33
2013-08-25,28.0,prehlada,2013,34
2013-09-01,42.0,prehlada,2013,35
2013-09-08,51.0,prehlada,2013,36
2013-09-15,68.0,prehlada,2013,37
2013-09-22,83.0,prehlada,2013,38
2013-09-29,65.0,prehlada,2013,39
2013-10-06,88.0,prehlada,2013,40
2013-10-13,42.0,prehlada,2013,41
2013-10-20,48.0,prehlada,2013,42
2013-10-27,45.0,prehlada,2013,43
2013-11-03,41.0,prehlada,2013,44
2013-11-10,42.0,prehlada,2013,45
2013-11-17,34.0,prehlada,2013,46
2013-11-24,57.0,prehlada,2013,47
2013-12-01,54.0,prehlada,2013,48
2013-12-08,63.0,prehlada,2013,49
2013-12-15,70.0,prehlada,2013,50
2013-12-22,57.0,prehlada,2013,51
2013-12-29,40.0,prehlada,2013,52
2014-01-05,62.0,prehlada,2014,1
2014-01-12,52.0,prehlada,2014,2
2014-01-19,39.0,prehlada,2014,3
2014-01-26,58.0,prehlada,2014,4
2014-02-02,52.0,prehlada,2014,5
2014-02-09,70.0,prehlada,2014,6
2014-02-16,56.0,prehlada,2014,7
2014-02-23,52.0,prehlada,2014,8
2014-03-02,53.0,prehlada,2014,9
2014-03-09,62.0,prehlada,2014,10
2014-03-16,62.0,prehlada,2014,11
2014-03-23,40.0,prehlada,2014,12
2014-03-30,46.0,prehlada,2014,13
2014-04-06,43.0,prehlada,2014,14
2014-04-13,29.0,prehlada,2014,15
2014-04-20,40.0,prehlada,2014,16
2014-04-27,45.0,prehlada,2014,17
2014-05-04,58.0,prehlada,2014,18
2014-05-11,36.0,prehlada,2014,19
2014-05-18,35.0,prehlada,2014,20
2014-05-25,23.0,prehlada,2014,21
2014-06-01,37.0,prehlada,2014,22
2014-06-08,0.0,prehlada,2014,23
2014-06-15,39.0,prehlada,2014,24
2014-06-22,0.0,prehlada,2014,25
2014-06-29,28.0,prehlada,2014,26
2014-07-06,0.0,prehlada,2014,27
2014-07-13,0.0,prehlada,2014,28
2014-07-20,0.0,prehlada,2014,29
2014-07-27,30.0,prehlada,2014,30
2014-08-03,0.0,prehlada,2014,31
2014-08-10,0.0,prehlada,2014,32
2014-08-17,33.0,prehlada,2014,33
2014-08-24,0.0,prehlada,2014,34
2014-08-31,53.0,prehlada,2014,35
2014-09-07,58.0,prehlada,2014,36
2014-09-14,63.0,prehlada,2014,37
2014-09-21,80.0,prehlada,2014,38
2014-09-28,87.0,prehlada,2014,39
2014-10-05,88.0,prehlada,2014,40
2014-10-12,56.0,prehlada,2014,41
2014-10-19,58.0,prehlada,2014,42
2014-10-26,70.0,prehlada,2014,43
2014-11-02,46.0,prehlada,2014,44
2014-11-09,50.0,prehlada,2014,45
2014-11-16,76.0,prehlada,2014,46
2014-11-23,59.0,prehlada,2014,47
2014-11-30,48.0,prehlada,2014,48
2014-12-07,65.0,prehlada,2014,49
2014-12-14,68.0,prehlada,2014,50
2014-12-21,57.0,prehlada,2014,51
2014-12-28,80.0,prehlada,2014,52
2015-01-04,97.0,prehlada,2015,1
2015-01-11,61.0,prehlada,2015,2
2015-01-18,46.0,prehlada,2015,3
2015-01-25,47.0,prehlada,2015,4
2015-02-01,63.0,prehlada,2015,5
2015-02-08,75.0,prehlada,2015,6
2015-02-15,79.0,prehlada,2015,7
2015-02-22,57.0,prehlada,2015,8
2015-03-01,71.0,prehlada,2015,9
2015-03-08,47.0,prehlada,2015,10
2015-03-15,40.0,prehlada,2015,11
2015-03-22,59.0,prehlada,2015,12
2015-03-29,45.0,prehlada,2015,13
2015-04-05,57.0,prehlada,2015,14
2015-04-12,45.0,prehlada,2015,15
2015-04-19,67.0,prehlada,2015,16
2015-04-26,50.0,prehlada,2015,17
2015-05-03,52.0,prehlada,2015,18
2015-05-10,28.0,prehlada,2015,19
2015-05-17,39.0,prehlada,2015,20
2015-05-24,45.0,prehlada,2015,21
2015-05-31,0.0,prehlada,2015,22
2015-06-07,45.0,prehlada,2015,23
2015-06-14,32.0,prehlada,2015,24
2015-06-21,39.0,prehlada,2015,25
2015-06-28,36.0,prehlada,2015,26
2015-07-05,30.0,prehlada,2015,27
2015-07-12,27.0,prehlada,2015,28
2015-07-19,37.0,prehlada,2015,29
2015-07-26,23.0,prehlada,2015,30
2015-08-02,0.0,prehlada,2015,31
2015-08-09,36.0,prehlada,2015,32
2015-08-16,45.0,prehlada,2015,33
2015-08-23,34.0,prehlada,2015,34
2015-08-30,39.0,prehlada,2015,35
2015-09-06,59.0,prehlada,2015,36
2015-09-13,47.0,prehlada,2015,37
2015-09-20,52.0,prehlada,2015,38
2015-09-27,90.0,prehlada,2015,39
2015-10-04,72.0,prehlada,2015,40
2015-10-11,100.0,prehlada,2015,41
2015-10-18,67.0,prehlada,2015,42
2015-10-25,45.0,prehlada,2015,43
2015-11-01,79.0,prehlada,2015,44
2015-11-08,57.0,prehlada,2015,45
2015-11-15,28.0,prehlada,2015,46
2015-11-22,67.0,prehlada,2015,47
2015-11-29,60.0,prehlada,2015,48
2015-12-06,62.0,prehlada,2015,49
2015-12-13,70.0,prehlada,2015,50
2015-12-20,47.0,prehlada,2015,51
2015-12-27,61.0,prehlada,2015,52
2016-01-03,93.8899613899614,prehlada,2015,53
2016-01-10,72.73166023166023,prehlada,2016,1
2016-01-17,83.3108108108108,prehlada,2016,2
2016-01-24,67.44208494208493,prehlada,2016,3
2016-01-31,67.44208494208493,prehlada,2016,4
2016-02-07,71.40926640926641,prehlada,2016,5
2016-02-14,66.11969111969111,prehlada,2016,6
2016-02-21,48.92857142857142,prehlada,2016,7
2016-02-28,52.89575289575289,prehlada,2016,8
2016-03-06,55.54054054054053,prehlada,2016,9
2016-03-13,67.44208494208493,prehlada,2016,10
2016-03-20,58.18532818532818,prehlada,2016,11
2016-03-27,71.40926640926641,prehlada,2016,12
2016-04-03,71.40926640926641,prehlada,2016,13
2016-04-10,38.349420849420845,prehlada,2016,14
2016-04-17,46.28378378378378,prehlada,2016,15
2016-04-24,35.704633204633204,prehlada,2016,16
2016-05-01,27.770270270270267,prehlada,2016,17
2016-05-08,51.57335907335907,prehlada,2016,18
2016-05-15,58.18532818532818,prehlada,2016,19
2016-05-22,0.0,prehlada,2016,20
2016-05-29,22.480694980694977,prehlada,2016,21
2016-06-05,27.770270270270267,prehlada,2016,22
2016-06-12,40.99420849420849,prehlada,2016,23
2016-06-19,26.44787644787645,prehlada,2016,24
2016-06-26,30.415057915057915,prehlada,2016,25
2016-07-03,22.480694980694977,prehlada,2016,26
2016-07-10,25.125482625482626,prehlada,2016,27
2016-07-17,42.316602316602314,prehlada,2016,28
2016-07-24,0.0,prehlada,2016,29
2016-07-31,40.99420849420849,prehlada,2016,30
2016-08-07,43.638996138996134,prehlada,2016,31
2016-08-14,39.67181467181467,prehlada,2016,32
2016-08-21,46.28378378378378,prehlada,2016,33
2016-08-28,50.25096525096525,prehlada,2016,34
2016-09-04,55.54054054054053,prehlada,2016,35
2016-09-11,63.47490347490347,prehlada,2016,36
2016-09-18,71.40926640926641,prehlada,2016,37
2016-09-25,75.37644787644787,prehlada,2016,38
2016-10-02,100.5019305019305,prehlada,2016,39
2016-10-09,107.1138996138996,prehlada,2016,40
2016-10-16,104.46911196911196,prehlada,2016,41
2016-10-23,76.69884169884169,prehlada,2016,42
2016-10-30,83.3108108108108,prehlada,2016,43
2016-11-06,54.21814671814671,prehlada,2016,44
2016-11-13,67.44208494208493,prehlada,2016,45
2016-11-20,59.507722007722,prehlada,2016,46
2016-11-27,60.83011583011583,prehlada,2016,47
2016-12-04,85.95559845559845,prehlada,2016,48
2016-12-11,85.95559845559845,prehlada,2016,49
2016-12-18,116.37065637065636,prehlada,2016,50
2016-12-25,132.23938223938222,prehlada,2016,51
2017-01-01,112.4034749034749,prehlada,2016,52
2017-01-08,108.43629343629344,prehlada,2017,1
2017-01-15,63.47490347490347,prehlada,2017,2
2017-01-22,58.18532818532818,prehlada,2017,3
2017-01-29,75.37644787644787,prehlada,2017,4
2017-02-05,66.11969111969111,prehlada,2017,5
2017-02-12,56.86293436293436,prehlada,2017,6
2017-02-19,52.89575289575289,prehlada,2017,7
2017-02-26,46.28378378378378,prehlada,2017,8
2017-03-05,33.059845559845556,prehlada,2017,9
2017-03-12,62.15250965250965,prehlada,2017,10
2017-03-19,34.382239382239376,prehlada,2017,11
2017-03-26,46.28378378378378,prehlada,2017,12
2017-04-02,46.28378378378378,prehlada,2017,13
2017-04-09,44.961389961389955,prehlada,2017,14
2017-04-16,67.44208494208493,prehlada,2017,15
2017-04-23,67.44208494208493,prehlada,2017,16
2017-04-30,59.507722007722,prehlada,2017,17
2017-05-07,46.28378378378378,prehlada,2017,18
2017-05-14,46.28378378378378,prehlada,2017,19
2017-05-21,47.6061776061776,prehlada,2017,20
2017-05-28,30.415057915057915,prehlada,2017,21
2017-06-04,0.0,prehlada,2017,22
2017-06-11,40.99420849420849,prehlada,2017,23
2017-06-18,0.0,prehlada,2017,24
2017-06-25,31.737451737451735,prehlada,2017,25
2017-07-02,0.0,prehlada,2017,26
2017-07-09,31.737451737451735,prehlada,2017,27
2017-07-16,0.0,prehlada,2017,28
2017-07-23,38.349420849420845,prehlada,2017,29
2017-07-30,25.125482625482626,prehlada,2017,30
2017-08-06,43.638996138996134,prehlada,2017,31
2017-08-13,37.027027027027025,prehlada,2017,32
2017-08-20,43.638996138996134,prehlada,2017,33
2017-08-27,43.638996138996134,prehlada,2017,34
2017-09-03,44.961389961389955,prehlada,2017,35
2017-09-10,60.83011583011583,prehlada,2017,36
2017-09-17,42.316602316602314,prehlada,2017,37
2017-09-24,111.08108108108108,prehlada,2017,38
2017-10-01,93.8899613899614,prehlada,2017,39
2017-10-08,100.5019305019305,prehlada,2017,40
2017-10-15,71.40926640926641,prehlada,2017,41
2017-10-22,71.40926640926641,prehlada,2017,42
2017-10-29,64.79729729729729,prehlada,2017,43
2017-11-05,72.73166023166023,prehlada,2017,44
2017-11-12,50.25096525096525,prehlada,2017,45
2017-11-19,55.54054054054053,prehlada,2017,46
2017-11-26,75.37644787644787,prehlada,2017,47
2017-12-03,67.44208494208493,prehlada,2017,48
2017-12-10,62.15250965250965,prehlada,2017,49
2017-12-17,68.76447876447875,prehlada,2017,50
2017-12-24,64.79729729729729,prehlada,2017,51
2017-12-31,71.40926640926641,prehlada,2017,52
2018-01-07,78.02123552123551,prehlada,2018,1
2018-01-14,85.95559845559845,prehlada,2018,2
2018-01-21,80.66602316602317,prehlada,2018,3
2018-01-28,103.14671814671814,prehlada,2018,4
2018-02-04,75.37644787644787,prehlada,2018,5
2018-02-11,103.14671814671814,prehlada,2018,6
2018-02-18,85.95559845559845,prehlada,2018,7
2018-02-25,83.3108108108108,prehlada,2018,8
2018-03-04,50.25096525096525,prehlada,2018,9
2018-03-11,48.92857142857142,prehlada,2018,10
2018-03-18,64.79729729729729,prehlada,2018,11
2018-03-25,34.382239382239376,prehlada,2018,12
2018-04-01,59.507722007722,prehlada,2018,13
2018-04-08,34.382239382239376,prehlada,2018,14
2018-04-15,31.737451737451735,prehlada,2018,15
2018-04-22,0.0,prehlada,2018,16
2018-04-29,34.382239382239376,prehlada,2018,17
2018-05-06,42.316602316602314,prehlada,2018,18
2018-05-13,34.382239382239376,prehlada,2018,19
2018-05-20,33.059845559845556,prehlada,2018,20
2018-05-27,29.09266409266409,prehlada,2018,21
2018-06-03,27.770270270270267,prehlada,2018,22
2018-06-10,29.09266409266409,prehlada,2018,23
2018-06-17,22.480694980694977,prehlada,2018,24
2018-06-24,43.638996138996134,prehlada,2018,25
2018-07-01,34.382239382239376,prehlada,2018,26
2018-07-08,37.300758692886966,prehlada,2018,27
2018-07-15,34.19236213514639,prehlada,2018,28
2018-07-22,37.300758692886966,prehlada,2018,29
2018-07-29,39.37302306471402,prehlada,2018,30
2018-08-05,41.44528743654107,prehlada,2018,31
2018-08-12,23.831040276011116,prehlada,2018,32
2018-08-19,42.4814196224546,prehlada,2018,33
2018-08-26,49.73434492384929,prehlada,2018,34
2018-09-02,49.73434492384929,prehlada,2018,35
2018-09-09,73.5653851998604,prehlada,2018,36
2018-09-16,64.24019552663866,prehlada,2018,37
2018-09-23,92.21576454630387,prehlada,2018,38
2018-09-30,98.43255766178504,prehlada,2018,39
2018-10-07,75.63764957168746,prehlada,2018,40
2018-10-14,72.52925301394689,prehlada,2018,41
2018-10-21,73.5653851998604,prehlada,2018,42
2018-10-28,47.66208055202223,prehlada,2018,43
2018-11-04,50.770477109762815,prehlada,2018,44
2018-11-11,80.8183105012551,prehlada,2018,45
2018-11-18,55.95113803933045,prehlada,2018,46
2018-11-25,85.99897143082273,prehlada,2018,47
2018-12-02,66.31245989846572,prehlada,2018,48
2018-12-09,70.45698864211982,prehlada,2018,49
2018-12-16,73.5653851998604,prehlada,2018,50
2018-12-23,69.4208564562063,prehlada,2018,51
2018-12-30,63.204063340725135,prehlada,2018,52
2019-01-06,92.21576454630387,prehlada,2019,1
2019-01-13,78.74604612942804,prehlada,2019,2
2019-01-20,80.8183105012551,prehlada,2019,3
2019-01-27,93.25189673221742,prehlada,2019,4
2019-02-03,98.43255766178504,prehlada,2019,5
2019-02-10,76.67378175760099,prehlada,2019,6
2019-02-17,60.09566678298456,prehlada,2019,7
2019-02-24,68.38472427029278,prehlada,2019,8
2019-03-03,50.770477109762815,prehlada,2019,9
2019-03-10,76.67378175760099,prehlada,2019,10
2019-03-17,43.517551808368125,prehlada,2019,11
2019-03-24,49.73434492384929,prehlada,2019,12
2019-03-31,41.44528743654107,prehlada,2019,13
2019-04-07,38.336890878800496,prehlada,2019,14
2019-04-14,44.553683994281656,prehlada,2019,15
2019-04-21,37.300758692886966,prehlada,2019,16
2019-04-28,52.84274148158987,prehlada,2019,17
2019-05-05,56.987270225243975,prehlada,2019,18
2019-05-12,64.24019552663866,prehlada,2019,19
2019-05-19,34.19236213514639,prehlada,2019,20
2019-05-26,25.903304647838173,prehlada,2019,21
2019-06-02,32.12009776331933,prehlada,2019,22
2019-06-09,25.903304647838173,prehlada,2019,23
2019-06-16,41.44528743654107,prehlada,2019,24
2019-06-23,31.08396557740581,prehlada,2019,25
2019-06-30,24.86717246192465,prehlada,2019,26
2019-07-07,33.15622994923286,prehlada,2019,27
2019-07-14,23.831040276011116,prehlada,2019,28
2019-07-21,29.011701205578753,prehlada,2019,29
2019-07-28,0.0,prehlada,2019,30
2019-08-04,32.12009776331933,prehlada,2019,31
2019-08-11,35.22849432105991,prehlada,2019,32
2019-08-18,30.04783339149228,prehlada,2019,33
2019-08-25,36.26462650697344,prehlada,2019,34
2019-09-01,30.04783339149228,prehlada,2019,35
2019-09-08,50.770477109762815,prehlada,2019,36
2019-09-15,81.85444268716861,prehlada,2019,37
2019-09-22,70.45698864211982,prehlada,2019,38
2019-09-29,69.4208564562063,prehlada,2019,39
2019-10-06,82.89057487308214,prehlada,2019,40
2019-10-13,59.05953459707103,prehlada,2019,41
2019-10-20,87.03510361673625,prehlada,2019,42
2019-10-27,56.987270225243975,prehlada,2019,43
2019-11-03,50.770477109762815,prehlada,2019,44
2019-11-10,66.31245989846572,prehlada,2019,45
2019-11-17,51.806609295676346,prehlada,2019,46
2019-11-24,65.27632771255219,prehlada,2019,47
2019-12-01,94.28802891813096,prehlada,2019,48
2019-12-08,76.67378175760099,prehlada,2019,49
2019-12-15,68.38472427029278,prehlada,2019,50
2019-12-22,73.5653851998604,prehlada,2019,51
2019-12-29,70.45698864211982,prehlada,2019,52
2020-01-05,78.74604612942804,prehlada,2020,1
2020-01-12,89.10736798856331,prehlada,2020,2
2020-01-19,81.85444268716861,prehlada,2020,3
2020-01-26,85.99897143082273,prehlada,2020,4
2020-02-02,80.8183105012551,prehlada,2020,5
2020-02-09,75.63764957168746,prehlada,2020,6
2020-02-16,71.49312082803335,prehlada,2020,7
2020-02-23,56.987270225243975,prehlada,2020,8
2020-03-01,47.66208055202223,prehlada,2020,9
2020-03-08,90.14350017447684,prehlada,2020,10
2020-03-15,75.63764957168746,prehlada,2020,11
2020-03-22,62.16793115481161,prehlada,2020,12
2020-03-29,48.69821273793576,prehlada,2020,13
2020-04-05,38.336890878800496,prehlada,2020,14
2020-04-12,33.15622994923286,prehlada,2020,15
2020-04-19,29.011701205578753,prehlada,2020,16
2020-04-26,0.0,prehlada,2020,17
2020-05-03,22.79490809009759,prehlada,2020,18
2020-05-10,0.0,prehlada,2020,19
2020-05-17,17.614247160529956,prehlada,2020,20
2020-05-24,21.758775904184063,prehlada,2020,21
2020-05-31,0.0,prehlada,2020,22
2020-06-07,20.722643718270536,prehlada,2020,23
2020-06-14,30.04783339149228,prehlada,2020,24
2020-06-21,56.987270225243975,prehlada,2020,25
2020-06-28,59.05953459707103,prehlada,2020,26
2020-07-05,42.4814196224546,prehlada,2020,27
2020-07-12,56.987270225243975,prehlada,2020,28
2020-07-19,27.975569019665222,prehlada,2020,29
2020-07-26,39.37302306471402,prehlada,2020,30
2020-08-02,17.614247160529956,prehlada,2020,31
2020-08-09,21.758775904184063,prehlada,2020,32
2020-08-16,37.300758692886966,prehlada,2020,33
2020-08-23,32.12009776331933,prehlada,2020,34
2020-08-30,33.15622994923286,prehlada,2020,35
2020-09-06,62.16793115481161,prehlada,2020,36
2020-09-13,77.70991394351451,prehlada,2020,37
2020-09-20,69.4208564562063,prehlada,2020,38
2020-09-27,68.38472427029278,prehlada,2020,39
2020-10-04,50.770477109762815,prehlada,2020,40
2020-10-11,68.38472427029278,prehlada,2020,41
2020-10-18,66.31245989846572,prehlada,2020,42
2020-10-25,78.74604612942804,prehlada,2020,43
2020-11-01,79.78217831534157,prehlada,2020,44
2020-11-08,87.03510361673625,prehlada,2020,45
2020-11-15,84.9628392449092,prehlada,2020,46
2020-11-22,82.89057487308214,prehlada,2020,47
2020-11-29,94.28802891813096,prehlada,2020,48
2020-12-06,61.13179896889808,prehlada,2020,49
2020-12-13,56.987270225243975,prehlada,2020,50
2020-12-20,39.37302306471402,prehlada,2020,51
2020-12-27,47.66208055202223,prehlada,2020,52
2021-01-03,47.14005975606579,prehlada,2020,53
2021-01-10,45.326980534678654,prehlada,2021,1
2021-01-17,41.70082209190436,prehlada,2021,2
2021-01-24,47.14005975606579,prehlada,2021,3
2021-01-31,48.953138977452944,prehlada,2021,4
2021-02-07,69.80355002340512,prehlada,2021,5
2021-02-14,75.24278768756656,prehlada,2021,6
2021-02-21,62.55123313785654,prehlada,2021,7
2021-02-28,63.45777274855011,prehlada,2021,8
2021-03-07,81.58856496242157,prehlada,2021,9
2021-03-14,51.672757809533664,prehlada,2021,10
2021-03-21,52.579297420227235,prehlada,2021,11
2021-03-28,37.168124038436495,prehlada,2021,12
2021-04-04,39.887742870517215,prehlada,2021,13
2021-04-11,36.26158442774292,prehlada,2021,14
2021-04-18,45.326980534678654,prehlada,2021,15
2021-04-25,48.953138977452944,prehlada,2021,16
2021-05-02,48.046599366759374,prehlada,2021,17
2021-05-09,22.663490267339327,prehlada,2021,18
2021-05-16,43.513901313291505,prehlada,2021,19
2021-05-23,42.607361702597935,prehlada,2021,20
2021-05-30,42.607361702597935,prehlada,2021,21
2021-06-06,29.91580715288791,prehlada,2021,22
2021-06-13,27.19618832080719,prehlada,2021,23
2021-06-20,31.728886374275056,prehlada,2021,24
2021-06-27,31.728886374275056,prehlada,2021,25
2021-07-04,48.046599366759374,prehlada,2021,26
2021-07-11,43.513901313291505,prehlada,2021,27
2021-07-18,53.485837030920806,prehlada,2021,28
2021-07-25,55.298916252307954,prehlada,2021,29
2021-08-01,67.99047080201798,prehlada,2021,30
2021-08-08,55.298916252307954,prehlada,2021,31
2021-08-15,60.73815391646939,prehlada,2021,32
2021-08-22,85.21472340519587,prehlada,2021,33
2021-08-29,70.7100896340987,prehlada,2021,34
2021-09-05,79.77548574103443,prehlada,2021,35
2021-09-12,80.682025351728,prehlada,2021,36
2021-09-19,79.77548574103443,prehlada,2021,37
2021-09-26,60.73815391646939,prehlada,2021,38
2021-10-03,73.42970846617942,prehlada,2021,39
2021-10-10,74.33624807687299,prehlada,2021,40
2021-10-17,74.33624807687299,prehlada,2021,41
2021-10-24,73.42970846617942,prehlada,2021,42
2021-10-31,54.39237664161438,prehlada,2021,43
2021-11-07,48.953138977452944,prehlada,2021,44
2021-11-14,57.1119954736951,prehlada,2021,45
2021-11-21,55.298916252307954,prehlada,2021,46
2021-11-28,63.45777274855011,prehlada,2021,47
2021-12-05,56.205455863001525,prehlada,2021,48
2021-12-12,63.45777274855011,prehlada,2021,49
2021-12-19,68.89701041271155,prehlada,2021,50
2021-12-26,83.40164418380871,prehlada,2021,51
2022-01-02,67.08393119132441,prehlada,2021,52
2022-01-09,90.65396106935732,prehlada,2022,1
2022-01-16,67.08393119132441,prehlada,2022,2
2022-01-23,76.14932729826013,prehlada,2022,3
2022-01-30,48.953138977452944,prehlada,2022,4
2022-02-06,39.887742870517215,prehlada,2022,5
2022-02-13,37.168124038436495,prehlada,2022,6
2022-02-20,28.102727931500763,prehlada,2022,7
2022-02-27,32.63542598496863,prehlada,2022,8
2022-03-06,25.383109099420047,prehlada,2022,9
2022-03-13,56.205455863001525,prehlada,2022,10
2022-03-20,56.205455863001525,prehlada,2022,11
2022-03-27,35.35504481704935,prehlada,2022,12
2022-04-03,59.83161430577582,prehlada,2022,13
2022-04-10,32.63542598496863,prehlada,2022,14
2022-04-17,53.485837030920806,prehlada,2022,15
2022-04-24,58.925074695082245,prehlada,2022,16
2022-05-01,27.19618832080719,prehlada,2022,17
2022-05-08,29.91580715288791,prehlada,2022,18
2022-05-15,33.541965595662205,prehlada,2022,19
2022-05-22,18.13079221387146,prehlada,2022,20
2022-05-29,30.82234676358148,prehlada,2022,21
2022-06-05,22.663490267339327,prehlada,2022,22
2022-06-12,38.074663649130066,prehlada,2022,23
2022-06-19,36.26158442774292,prehlada,2022,24
2022-06-26,29.009267542194337,prehlada,2022,25
2022-07-03,35.35504481704935,prehlada,2022,26
2022-07-10,23.570029878032894,prehlada,2022,27
2022-07-17,43.513901313291505,prehlada,2022,28
2022-07-24,32.63542598496863,prehlada,2022,29
2022-07-31,35.35504481704935,prehlada,2022,30
2022-08-07,29.91580715288791,prehlada,2022,31
2022-08-14,32.63542598496863,prehlada,2022,32
2022-08-21,28.102727931500763,prehlada,2022,33
2022-08-28,43.513901313291505,prehlada,2022,34
2022-09-04,44.42044092398507,prehlada,2022,35
2022-09-11,52.579297420227235,prehlada,2022,36
2022-09-18,71.61662924479226,prehlada,2022,37
2022-09-25,73.42970846617942,prehlada,2022,38
2022-10-02,61.64469352716296,prehlada,2022,39
2022-10-09,68.89701041271155,prehlada,2022,40
2022-10-16,53.485837030920806,prehlada,2022,41
2022-10-23,52.579297420227235,prehlada,2022,42
2022-10-30,38.074663649130066,prehlada,2022,43
2022-11-06,50.76621819884009,prehlada,2022,44
2022-11-13,48.953138977452944,prehlada,2022,45
2022-11-20,61.64469352716296,prehlada,2022,46
2022-11-27,69.80355002340512,prehlada,2022,47
2022-12-04,58.925074695082245,prehlada,2022,48
2022-12-11,66.17739158063083,prehlada,2022,49
2022-12-18,68.89701041271155,prehlada,2022,50
2022-12-25,65.27085196993725,prehlada,2022,51
2023-01-01,82.49510457311514,prehlada,2022,52
2023-01-08,85.21472340519587,prehlada,2023,1
2023-01-15,59.83161430577582,prehlada,2023,2
2023-01-22,54.39237664161438,prehlada,2023,3
2023-01-29,64.36431235924368,prehlada,2023,4
2023-02-05,71.61662924479226,prehlada,2023,5
2023-02-12,47.14005975606579,prehlada,2023,6
2023-02-19,73.42970846617942,prehlada,2023,7
2023-02-26,46.233520145372225,prehlada,2023,8
2023-03-05,37.168124038436495,prehlada,2023,9
2023-03-12,45.326980534678654,prehlada,2023,10
2023-03-19,36.26158442774292,prehlada,2023,11
2023-03-26,40.794282481210786,prehlada,2023,12
2023-04-02,45.326980534678654,prehlada,2023,13
2023-04-09,40.794282481210786,prehlada,2023,14
2023-04-16,32.63542598496863,prehlada,2023,15
2023-04-23,41.70082209190436,prehlada,2023,16
2023-04-30,34.448505206355776,prehlada,2023,17
2023-05-07,19.943871435258608,prehlada,2023,18
2023-05-14,24.476569488726472,prehlada,2023,19
2023-05-21,34.448505206355776,prehlada,2023,20
2023-05-28,35.35504481704935,prehlada,2023,21
2023-06-04,32.63542598496863,prehlada,2023,22
2023-06-11,19.037331824565033,prehlada,2023,23
2023-06-18,20.85041104595218,prehlada,2023,24
2023-06-25,35.35504481704935,prehlada,2023,25
2023-07-02,23.570029878032894,prehlada,2023,26
2023-07-09,20.536162198236244,prehlada,2023,27
2023-07-16,25.89342190212396,prehlada,2023,28
2023-07-23,36.607941309899395,prehlada,2023,29
2023-07-30,0.0,prehlada,2023,30
2023-08-06,25.89342190212396,prehlada,2023,31
2023-08-13,19.643285580921624,prehlada,2023,32
2023-08-20,29.46492837138244,prehlada,2023,33
2023-08-27,29.46492837138244,prehlada,2023,34
2023-09-03,49.10821395230406,prehlada,2023,35
2023-09-10,41.96520101378711,prehlada,2023,36
2023-09-17,38.39369454452863,prehlada,2023,37
2023-09-24,52.67972042156254,prehlada,2023,38
2023-10-01,55.3583502735064,prehlada,2023,39
2023-10-08,66.96574629859644,prehlada,2023,40
2023-10-15,54.465473656191776,prehlada,2023,41
2023-10-22,42.85807763110173,prehlada,2023,42
2023-10-29,53.57259703887715,prehlada,2023,43
2023-11-05,48.21533733498944,prehlada,2023,44
2023-11-12,50.00109056961868,prehlada,2023,45
2023-11-19,49.10821395230406,prehlada,2023,46
2023-11-26,52.67972042156254,prehlada,2023,47
2023-12-03,65.17999306396722,prehlada,2023,48
2023-12-10,66.96574629859644,prehlada,2023,49
2023-12-17,57.14410350813563,prehlada,2023,50
2023-12-24,89.28766173146194,prehlada,2023,51
2023-12-31,60.71560997739412,prehlada,2023,52
2024-01-07,83.03752541025959,prehlada,2024,1
2024-01-14,54.465473656191776,prehlada,2024,2
2024-01-21,56.251226890821016,prehlada,2024,3
2024-01-28,69.64437615054031,prehlada,2024,4
2024-02-04,63.39423982933797,prehlada,2024,5
2024-02-11,38.39369454452863,prehlada,2024,6
2024-02-18,41.07232439647249,prehlada,2024,7
2024-02-25,30.35780498869706,prehlada,2024,8
2024-03-03,21.429038815550864,prehlada,2024,9
2024-03-10,40.17944777915787,prehlada,2024,10
2024-03-17,42.85807763110173,prehlada,2024,11
2024-03-24,33.036434840640915,prehlada,2024,12
2024-03-31,25.89342190212396,prehlada,2024,13
2024-04-07,0.0,prehlada,2024,14
2024-04-14,25.89342190212396,prehlada,2024,15
2024-04-21,37.50081792721401,prehlada,2024,16
2024-04-28,0.0,prehlada,2024,17
2024-05-05,25.00054528480934,prehlada,2024,18
2024-05-12,27.6791751367532,prehlada,2024,19
2024-05-19,37.50081792721401,prehlada,2024,20
2024-05-26,25.89342190212396,prehlada,2024,21
2024-06-02,25.89342190212396,prehlada,2024,22
2024-06-09,0.0,prehlada,2024,23
2024-06-16,0.0,prehlada,2024,24
2024-06-23,25.89342190212396,prehlada,2024,25
2024-06-30,23.2147920501801,prehlada,2024,26
2024-07-07,21.429038815550864,prehlada,2024,27
2024-07-14,0.0,prehlada,2024,28
2024-07-21,24.10766866749472,prehlada,2024,29
2024-07-28,27.6791751367532,prehlada,2024,30
2024-08-04,32.143558223326295,prehlada,2024,31
2024-08-11,40.17944777915787,prehlada,2024,32
2024-08-18,27.6791751367532,prehlada,2024,33
2024-08-25,24.10766866749472,prehlada,2024,34
2024-09-01,20.536162198236244,prehlada,2024,35
2024-09-08,31.250681606011675,prehlada,2024,36
2024-09-15,43.75095424841635,prehlada,2024,37
2024-09-22,41.96520101378711,prehlada,2024,38
2024-09-29,66.96574629859644,prehlada,2024,39
2024-10-06,49.10821395230406,prehlada,2024,40
2024-10-13,72.32300600248416,prehlada,2024,41
2024-10-20,88.39478511414731,prehlada,2024,42
2024-10-27,61.60848659470873,prehlada,2024,43
2024-11-03,45.53670748304558,prehlada,2024,44
2024-11-10,57.14410350813563,prehlada,2024,45
2024-11-17,49.10821395230406,prehlada,2024,46
2024-11-24,42.85807763110173,prehlada,2024,47
2024-12-01,27.6791751367532,prehlada,2024,48
2024-12-08,58.92985674276488,prehlada,2024,49
2024-12-15,47.32246071767482,prehlada,2024,50
2024-12-22,39.28657116184325,prehlada,2024,51
2024-12-29,52.67972042156254,prehlada,2024,52
2013-01-06,0.0,simptomi prehlade,2013,1
2013-01-13,0.0,simptomi prehlade,2013,2
2013-01-20,0.0,simptomi prehlade,2013,3
2013-01-27,0.0,simptomi prehlade,2013,4
2013-02-03,0.0,simptomi prehlade,2013,5
2013-02-10,0.0,simptomi prehlade,2013,6
2013-02-17,0.0,simptomi prehlade,2013,7
2013-02-24,0.0,simptomi prehlade,2013,8
2013-03-03,0.0,simptomi prehlade,2013,9
2013-03-10,0.0,simptomi prehlade,2013,10
2013-03-17,0.0,simptomi prehlade,2013,11
2013-03-24,0.0,simptomi prehlade,2013,12
2013-03-31,0.0,simptomi prehlade,2013,13
2013-04-07,0.0,simptomi prehlade,2013,14
2013-04-14,100.0,simptomi prehlade,2013,15
2013-04-21,0.0,simptomi prehlade,2013,16
2013-04-28,0.0,simptomi prehlade,2013,17
2013-05-05,0.0,simptomi prehlade,2013,18
2013-05-12,0.0,simptomi prehlade,2013,19
2013-05-19,0.0,simptomi prehlade,2013,20
2013-05-26,0.0,simptomi prehlade,2013,21
2013-06-02,0.0,simptomi prehlade,2013,22
2013-06-09,0.0,simptomi prehlade,2013,23
2013-06-16,0.0,simptomi prehlade,2013,24
2013-06-23,0.0,simptomi prehlade,2013,25
2013-06-30,0.0,simptomi prehlade,2013,26
2013-07-07,0.0,simptomi prehlade,2013,27
2013-07-14,0.0,simptomi prehlade,2013,28
2013-07-21,0.0,simptomi prehlade,2013,29
2013-07-28,0.0,simptomi prehlade,2013,30
2013-08-04,0.0,simptomi prehlade,2013,31
2013-08-11,0.0,simptomi prehlade,2013,32
2013-08-18,0.0,simptomi prehlade,2013,33
2013-08-25,0.0,simptomi prehlade,2013,34
2013-09-01,0.0,simptomi prehlade,2013,35
2013-09-08,0.0,simptomi prehlade,2013,36
2013-09-15,0.0,simptomi prehlade,2013,37
2013-09-22,0.0,simptomi prehlade,2013,38
2013-09-29,0.0,simptomi prehlade,2013,39
2013-10-06,0.0,simptomi prehlade,2013,40
2013-10-13,0.0,simptomi prehlade,2013,41
2013-10-20,0.0,simptomi prehlade,2013,42
2013-10-27,0.0,simptomi prehlade,2013,43
2013-11-03,0.0,simptomi prehlade,2013,44
2013-11-10,0.0,simptomi prehlade,2013,45
2013-11-17,0.0,simptomi prehlade,2013,46
2013-11-24,0.0,simptomi prehlade,2013,47
2013-12-01,0.0,simptomi prehlade,2013,48
2013-12-08,0.0,simptomi prehlade,2013,49
2013-12-15,0.0,simptomi prehlade,2013,50
2013-12-22,0.0,simptomi prehlade,2013,51
2013-12-29,0.0,simptomi prehlade,2013,52
2014-01-05,0.0,simptomi prehlade,2014,1
2014-01-12,0.0,simptomi prehlade,2014,2
2014-01-19,0.0,simptomi prehlade,2014,3
2014-01-26,0.0,simptomi prehlade,2014,4
2014-02-02,0.0,simptomi prehlade,2014,5
2014-02-09,0.0,simptomi prehlade,2014,6
2014-02-16,0.0,simptomi prehlade,2014,7
2014-02-23,0.0,simptomi prehlade,2014,8
2014-03-02,0.0,simptomi prehlade,2014,9
2014-03-09,0.0,simptomi prehlade,2014,10
2014-03-16,0.0,simptomi prehlade,2014,11
2014-03-23,0.0,simptomi prehlade,2014,12
2014-03-30,0.0,simptomi prehlade,2014,13
2014-04-06,0.0,simptomi prehlade,2014,14
2014-04-13,0.0,simptomi prehlade,2014,15
2014-04-20,0.0,simptomi prehlade,2014,16
2014-04-27,0.0,simptomi prehlade,2014,17
2014-05-04,0.0,simptomi prehlade,2014,18
2014-05-11,0.0,simptomi prehlade,2014,19
2014-05-18,0.0,simptomi prehlade,2014,20
2014-05-25,0.0,simptomi prehlade,2014,21
2014-06-01,0.0,simptomi prehlade,2014,22
2014-06-08,0.0,simptomi prehlade,2014,23
2014-06-15,0.0,simptomi prehlade,2014,24
2014-06-22,0.0,simptomi prehlade,2014,25
2014-06-29,0.0,simptomi prehlade,2014,26
2014-07-06,0.0,simptomi prehlade,2014,27
2014-07-13,0.0,simptomi prehlade,2014,28
2014-07-20,0.0,simptomi prehlade,2014,29
2014-07-27,0.0,simptomi prehlade,2014,30
2014-08-03,0.0,simptomi prehlade,2014,31
2014-08-10,0.0,simptomi prehlade,2014,32
2014-08-17,0.0,simptomi prehlade,2014,33
2014-08-24,0.0,simptomi prehlade,2014,34
2014-08-31,0.0,simptomi prehlade,2014,35
2014-09-07,0.0,simptomi prehlade,2014,36
2014-09-14,0.0,simptomi prehlade,2014,37
2014-09-21,0.0,simptomi prehlade,2014,38
2014-09-28,0.0,simptomi prehlade,2014,39
2014-10-05,0.0,simptomi prehlade,2014,40
2014-10-12,0.0,simptomi prehlade,2014,41
2014-10-19,0.0,simptomi prehlade,2014,42
2014-10-26,0.0,simptomi prehlade,2014,43
2014-11-02,0.0,simptomi prehlade,2014,44
2014-11-09,0.0,simptomi prehlade,2014,45
2014-11-16,0.0,simptomi prehlade,2014,46
2014-11-23,0.0,simptomi prehlade,2014,47
2014-11-30,75.0,simptomi prehlade,2014,48
2014-12-07,0.0,simptomi prehlade,2014,49
2014-12-14,0.0,simptomi prehlade,2014,50
2014-12-21,0.0,simptomi prehlade,2014,51
2014-12-28,0.0,simptomi prehlade,2014,52
2015-01-04,0.0,simptomi prehlade,2015,1
2015-01-11,0.0,simptomi prehlade,2015,2
2015-01-18,0.0,simptomi prehlade,2015,3
2015-01-25,0.0,simptomi prehlade,2015,4
2015-02-01,0.0,simptomi prehlade,2015,5
2015-02-08,0.0,simptomi prehlade,2015,6
2015-02-15,0.0,simptomi prehlade,2015,7
2015-02-22,0.0,simptomi prehlade,2015,8
2015-03-01,0.0,simptomi prehlade,2015,9
2015-03-08,0.0,simptomi prehlade,2015,10
2015-03-15,0.0,simptomi prehlade,2015,11
2015-03-22,0.0,simptomi prehlade,2015,12
2015-03-29,0.0,simptomi prehlade,2015,13
2015-04-05,0.0,simptomi prehlade,2015,14
2015-04-12,0.0,simptomi prehlade,2015,15
2015-04-19,0.0,simptomi prehlade,2015,16
2015-04-26,0.0,simptomi prehlade,2015,17
2015-05-03,0.0,simptomi prehlade,2015,18
2015-05-10,0.0,simptomi prehlade,2015,19
2015-05-17,0.0,simptomi prehlade,2015,20
2015-05-24,0.0,simptomi prehlade,2015,21
2015-05-31,0.0,simptomi prehlade,2015,22
2015-06-07,0.0,simptomi prehlade,2015,23
2015-06-14,0.0,simptomi prehlade,2015,24
2015-06-21,0.0,simptomi prehlade,2015,25
2015-06-28,0.0,simptomi prehlade,2015,26
2015-07-05,0.0,simptomi prehlade,2015,27
2015-07-12,0.0,simptomi prehlade,2015,28
2015-07-19,0.0,simptomi prehlade,2015,29
2015-07-26,0.0,simptomi prehlade,2015,30
2015-08-02,0.0,simptomi prehlade,2015,31
2015-08-09,0.0,simptomi prehlade,2015,32
2015-08-16,0.0,simptomi prehlade,2015,33
2015-08-23,0.0,simptomi prehlade,2015,34
2015-08-30,0.0,simptomi prehlade,2015,35
2015-09-06,0.0,simptomi prehlade,2015,36
2015-09-13,0.0,simptomi prehlade,2015,37
2015-09-20,0.0,simptomi prehlade,2015,38
2015-09-27,0.0,simptomi prehlade,2015,39
2015-10-04,0.0,simptomi prehlade,2015,40
2015-10-11,0.0,simptomi prehlade,2015,41
2015-10-18,0.0,simptomi prehlade,2015,42
2015-10-25,0.0,simptomi prehlade,2015,43
2015-11-01,0.0,simptomi prehlade,2015,44
2015-11-08,0.0,simptomi prehlade,2015,45
2015-11-15,89.0,simptomi prehlade,2015,46
2015-11-22,0.0,simptomi prehlade,2015,47
2015-11-29,0.0,simptomi prehlade,2015,48
2015-12-06,0.0,simptomi prehlade,2015,49
2015-12-13,0.0,simptomi prehlade,2015,50
2015-12-20,0.0,simptomi prehlade,2015,51
2015-12-27,0.0,simptomi prehlade,2015,52
2016-01-03,0.0,simptomi prehlade,2015,53
2016-01-10,0.0,simptomi prehlade,2016,1
2016-01-17,0.0,simptomi prehlade,2016,2
2016-01-24,0.0,simptomi prehlade,2016,3
2016-01-31,0.0,simptomi prehlade,2016,4
2016-02-07,0.0,simptomi prehlade,2016,5
2016-02-14,0.0,simptomi prehlade,2016,6
2016-02-21,0.0,simptomi prehlade,2016,7
2016-02-28,0.0,simptomi prehlade,2016,8
2016-03-06,0.0,simptomi prehlade,2016,9
2016-03-13,0.0,simptomi prehlade,2016,10
2016-03-20,0.0,simptomi prehlade,2016,11
2016-03-27,0.0,simptomi prehlade,2016,12
2016-04-03,0.0,simptomi prehlade,2016,13
2016-04-10,0.0,simptomi prehlade,2016,14
2016-04-17,0.0,simptomi prehlade,2016,15
2016-04-24,0.0,simptomi prehlade,2016,16
2016-05-01,0.0,simptomi prehlade,2016,17
2016-05-08,0.0,simptomi prehlade,2016,18
2016-05-15,0.0,simptomi prehlade,2016,19
2016-05-22,0.0,simptomi prehlade,2016,20
2016-05-29,0.0,simptomi prehlade,2016,21
2016-06-05,0.0,simptomi prehlade,2016,22
2016-06-12,0.0,simptomi prehlade,2016,23
2016-06-19,0.0,simptomi prehlade,2016,24
2016-06-26,0.0,simptomi prehlade,2016,25
2016-07-03,0.0,simptomi prehlade,2016,26
2016-07-10,0.0,simptomi prehlade,2016,27
2016-07-17,0.0,simptomi prehlade,2016,28
2016-07-24,0.0,simptomi prehlade,2016,29
2016-07-31,0.0,simptomi prehlade,2016,30
2016-08-07,0.0,simptomi prehlade,2016,31
2016-08-14,0.0,simptomi prehlade,2016,32
2016-08-21,0.0,simptomi prehlade,2016,33
2016-08-28,0.0,simptomi prehlade,2016,34
2016-09-04,0.0,simptomi prehlade,2016,35
2016-09-11,0.0,simptomi prehlade,2016,36
2016-09-18,0.0,simptomi prehlade,2016,37
2016-09-25,0.0,simptomi prehlade,2016,38
2016-10-02,0.0,simptomi prehlade,2016,39
2016-10-09,0.0,simptomi prehlade,2016,40
2016-10-16,0.0,simptomi prehlade,2016,41
2016-10-23,0.0,simptomi prehlade,2016,42
2016-10-30,0.0,simptomi prehlade,2016,43
2016-11-06,0.0,simptomi prehlade,2016,44
2016-11-13,0.0,simptomi prehlade,2016,45
2016-11-20,0.0,simptomi prehlade,2016,46
2016-11-27,0.0,simptomi prehlade,2016,47
2016-12-04,0.0,simptomi prehlade,2016,48
2016-12-11,0.0,simptomi prehlade,2016,49
2016-12-18,0.0,simptomi prehlade,2016,50
2016-12-25,0.0,simptomi prehlade,2016,51
2017-01-01,0.0,simptomi prehlade,2016,52
2017-01-08,0.0,simptomi prehlade,2017,1
2017-01-15,0.0,simptomi prehlade,2017,2
2017-01-22,0.0,simptomi prehlade,2017,3
2017-01-29,0.0,simptomi prehlade,2017,4
2017-02-05,0.0,simptomi prehlade,2017,5
2017-02-12,0.0,simptomi prehlade,2017,6
2017-02-19,0.0,simptomi prehlade,2017,7
2017-02-26,0.0,simptomi prehlade,2017,8
2017-03-05,0.0,simptomi prehlade,2017,9
2017-03-12,0.0,simptomi prehlade,2017,10
2017-03-19,0.0,simptomi prehlade,2017,11
2017-03-26,78.32000000000001,simptomi prehlade,2017,12
2017-04-02,0.0,simptomi prehlade,2017,13
2017-04-09,0.0,simptomi prehlade,2017,14
2017-04-16,0.0,simptomi prehlade,2017,15
2017-04-23,0.0,simptomi prehlade,2017,16
2017-04-30,0.0,simptomi prehlade,2017,17
2017-05-07,0.0,simptomi prehlade,2017,18
2017-05-14,0.0,simptomi prehlade,2017,19
2017-05-21,0.0,simptomi prehlade,2017,20
2017-05-28,0.0,simptomi prehlade,2017,21
2017-06-04,0.0,simptomi prehlade,2017,22
2017-06-11,0.0,simptomi prehlade,2017,23
2017-06-18,0.0,simptomi prehlade,2017,24
2017-06-25,0.0,simptomi prehlade,2017,25
2017-07-02,0.0,simptomi prehlade,2017,26
2017-07-09,0.0,simptomi prehlade,2017,27
2017-07-16,0.0,simptomi prehlade,2017,28
2017-07-23,0.0,simptomi prehlade,2017,29
2017-07-30,0.0,simptomi prehlade,2017,30
2017-08-06,0.0,simptomi prehlade,2017,31
2017-08-13,0.0,simptomi prehlade,2017,32
2017-08-20,0.0,simptomi prehlade,2017,33
2017-08-27,0.0,simptomi prehlade,2017,34
2017-09-03,0.0,simptomi prehlade,2017,35
2017-09-10,0.0,simptomi prehlade,2017,36
2017-09-17,0.0,simptomi prehlade,2017,37
2017-09-24,0.0,simptomi prehlade,2017,38
2017-10-01,0.0,simptomi prehlade,2017,39
2017-10-08,0.0,simptomi prehlade,2017,40
2017-10-15,0.0,simptomi prehlade,2017,41
2017-10-22,0.0,simptomi prehlade,2017,42
2017-10-29,0.0,simptomi prehlade,2017,43
2017-11-05,0.0,simptomi prehlade,2017,44
2017-11-12,0.0,simptomi prehlade,2017,45
2017-11-19,0.0,simptomi prehlade,2017,46
2017-11-26,0.0,simptomi prehlade,2017,47
2017-12-03,0.0,simptomi prehlade,2017,48
2017-12-10,0.0,simptomi prehlade,2017,49
2017-12-17,0.0,simptomi prehlade,2017,50
2017-12-24,0.0,simptomi prehlade,2017,51
2017-12-31,0.0,simptomi prehlade,2017,52
2018-01-07,0.0,simptomi prehlade,2018,1
2018-01-14,0.0,simptomi prehlade,2018,2
2018-01-21,0.0,simptomi prehlade,2018,3
2018-01-28,0.0,simptomi prehlade,2018,4
2018-02-04,0.0,simptomi prehlade,2018,5
2018-02-11,0.0,simptomi prehlade,2018,6
2018-02-18,0.0,simptomi prehlade,2018,7
2018-02-25,0.0,simptomi prehlade,2018,8
2018-03-04,0.0,simptomi prehlade,2018,9
2018-03-11,0.0,simptomi prehlade,2018,10
2018-03-18,0.0,simptomi prehlade,2018,11
2018-03-25,0.0,simptomi prehlade,2018,12
2018-04-01,0.0,simptomi prehlade,2018,13
2018-04-08,0.0,simptomi prehlade,2018,14
2018-04-15,0.0,simptomi prehlade,2018,15
2018-04-22,0.0,simptomi prehlade,2018,16
2018-04-29,0.0,simptomi prehlade,2018,17
2018-05-06,0.0,simptomi prehlade,2018,18
2018-05-13,0.0,simptomi prehlade,2018,19
2018-05-20,0.0,simptomi prehlade,2018,20
2018-05-27,0.0,simptomi prehlade,2018,21
2018-06-03,0.0,simptomi prehlade,2018,22
2018-06-10,0.0,simptomi prehlade,2018,23
2018-06-17,0.0,simptomi prehlade,2018,24
2018-06-24,0.0,simptomi prehlade,2018,25
2018-07-01,0.0,simptomi prehlade,2018,26
2018-07-08,0.0,simptomi prehlade,2018,27
2018-07-15,0.0,simptomi prehlade,2018,28
2018-07-22,0.0,simptomi prehlade,2018,29
2018-07-29,0.0,simptomi prehlade,2018,30
2018-08-05,0.0,simptomi prehlade,2018,31
2018-08-12,0.0,simptomi prehlade,2018,32
2018-08-19,0.0,simptomi prehlade,2018,33
2018-08-26,0.0,simptomi prehlade,2018,34
2018-09-02,0.0,simptomi prehlade,2018,35
2018-09-09,0.0,simptomi prehlade,2018,36
2018-09-16,0.0,simptomi prehlade,2018,37
2018-09-23,100.0,simptomi prehlade,2018,38
2018-09-30,0.0,simptomi prehlade,2018,39
2018-10-07,0.0,simptomi prehlade,2018,40
2018-10-14,0.0,simptomi prehlade,2018,41
2018-10-21,0.0,simptomi prehlade,2018,42
2018-10-28,0.0,simptomi prehlade,2018,43
2018-11-04,0.0,simptomi prehlade,2018,44
2018-11-11,0.0,simptomi prehlade,2018,45
2018-11-18,0.0,simptomi prehlade,2018,46
2018-11-25,0.0,simptomi prehlade,2018,47
2018-12-02,0.0,simptomi prehlade,2018,48
2018-12-09,0.0,simptomi prehlade,2018,49
2018-12-16,0.0,simptomi prehlade,2018,50
2018-12-23,0.0,simptomi prehlade,2018,51
2018-12-30,0.0,simptomi prehlade,2018,52
2019-01-06,0.0,simptomi prehlade,2019,1
2019-01-13,0.0,simptomi prehlade,2019,2
2019-01-20,0.0,simptomi prehlade,2019,3
2019-01-27,0.0,simptomi prehlade,2019,4
2019-02-03,0.0,simptomi prehlade,2019,5
2019-02-10,0.0,simptomi prehlade,2019,6
2019-02-17,0.0,simptomi prehlade,2019,7
2019-02-24,0.0,simptomi prehlade,2019,8
2019-03-03,0.0,simptomi prehlade,2019,9
2019-03-10,0.0,simptomi prehlade,2019,10
2019-03-17,0.0,simptomi prehlade,2019,11
2019-03-24,0.0,simptomi prehlade,2019,12
2019-03-31,0.0,simptomi prehlade,2019,13
2019-04-07,0.0,simptomi prehlade,2019,14
2019-04-14,0.0,simptomi prehlade,2019,15
2019-04-21,0.0,simptomi prehlade,2019,16
2019-04-28,0.0,simptomi prehlade,2019,17
2019-05-05,0.0,simptomi prehlade,2019,18
2019-05-12,0.0,simptomi prehlade,2019,19
2019-05-19,0.0,simptomi prehlade,2019,20
2019-05-26,0.0,simptomi prehlade,2019,21
2019-06-02,0.0,simptomi prehlade,2019,22
2019-06-09,88.0,simptomi prehlade,2019,23
2019-06-16,0.0,simptomi prehlade,2019,24
2019-06-23,0.0,simptomi prehlade,2019,25
2019-06-30,0.0,simptomi prehlade,2019,26
2019-07-07,0.0,simptomi prehlade,2019,27
2019-07-14,0.0,simptomi prehlade,2019,28
2019-07-21,0.0,simptomi prehlade,2019,29
2019-07-28,0.0,simptomi prehlade,2019,30
2019-08-04,0.0,simptomi prehlade,2019,31
2019-08-11,0.0,simptomi prehlade,2019,32
2019-08-18,0.0,simptomi prehlade,2019,33
2019-08-25,0.0,simptomi prehlade,2019,34
2019-09-01,0.0,simptomi prehlade,2019,35
2019-09-08,0.0,simptomi prehlade,2019,36
2019-09-15,0.0,simptomi prehlade,2019,37
2019-09-22,0.0,simptomi prehlade,2019,38
2019-09-29,0.0,simptomi prehlade,2019,39
2019-10-06,0.0,simptomi prehlade,2019,40
2019-10-13,0.0,simptomi prehlade,2019,41
2019-10-20,0.0,simptomi prehlade,2019,42
2019-10-27,0.0,simptomi prehlade,2019,43
2019-11-03,0.0,simptomi prehlade,2019,44
2019-11-10,0.0,simptomi prehlade,2019,45
2019-11-17,0.0,simptomi prehlade,2019,46
2019-11-24,0.0,simptomi prehlade,2019,47
2019-12-01,0.0,simptomi prehlade,2019,48
2019-12-08,0.0,simptomi prehlade,2019,49
2019-12-15,0.0,simptomi prehlade,2019,50
2019-12-22,0.0,simptomi prehlade,2019,51
2019-12-29,0.0,simptomi prehlade,2019,52
2020-01-05,0.0,simptomi prehlade,2020,1
2020-01-12,0.0,simptomi prehlade,2020,2
2020-01-19,0.0,simptomi prehlade,2020,3
2020-01-26,0.0,simptomi prehlade,2020,4
2020-02-02,0.0,simptomi prehlade,2020,5
2020-02-09,0.0,simptomi prehlade,2020,6
2020-02-16,0.0,simptomi prehlade,2020,7
2020-02-23,0.0,simptomi prehlade,2020,8
2020-03-01,0.0,simptomi prehlade,2020,9
2020-03-08,0.0,simptomi prehlade,2020,10
2020-03-15,70.0,simptomi prehlade,2020,11
2020-03-22,76.0,simptomi prehlade,2020,12
2020-03-29,0.0,simptomi prehlade,2020,13
2020-04-05,0.0,simptomi prehlade,2020,14
2020-04-12,0.0,simptomi prehlade,2020,15
2020-04-19,0.0,simptomi prehlade,2020,16
2020-04-26,0.0,simptomi prehlade,2020,17
2020-05-03,0.0,simptomi prehlade,2020,18
2020-05-10,0.0,simptomi prehlade,2020,19
2020-05-17,0.0,simptomi prehlade,2020,20
2020-05-24,0.0,simptomi prehlade,2020,21
2020-05-31,0.0,simptomi prehlade,2020,22
2020-06-07,0.0,simptomi prehlade,2020,23
2020-06-14,0.0,simptomi prehlade,2020,24
2020-06-21,0.0,simptomi prehlade,2020,25
2020-06-28,0.0,simptomi prehlade,2020,26
2020-07-05,76.0,simptomi prehlade,2020,27
2020-07-12,83.0,simptomi prehlade,2020,28
2020-07-19,0.0,simptomi prehlade,2020,29
2020-07-26,0.0,simptomi prehlade,2020,30
2020-08-02,0.0,simptomi prehlade,2020,31
2020-08-09,0.0,simptomi prehlade,2020,32
2020-08-16,0.0,simptomi prehlade,2020,33
2020-08-23,0.0,simptomi prehlade,2020,34
2020-08-30,0.0,simptomi prehlade,2020,35
2020-09-06,0.0,simptomi prehlade,2020,36
2020-09-13,0.0,simptomi prehlade,2020,37
2020-09-20,0.0,simptomi prehlade,2020,38
2020-09-27,0.0,simptomi prehlade,2020,39
2020-10-04,0.0,simptomi prehlade,2020,40
2020-10-11,0.0,simptomi prehlade,2020,41
2020-10-18,0.0,simptomi prehlade,2020,42
2020-10-25,0.0,simptomi prehlade,2020,43
2020-11-01,67.0,simptomi prehlade,2020,44
2020-11-08,81.0,simptomi prehlade,2020,45
2020-11-15,0.0,simptomi prehlade,2020,46
2020-11-22,0.0,simptomi prehlade,2020,47
2020-11-29,80.0,simptomi prehlade,2020,48
2020-12-06,0.0,simptomi prehlade,2020,49
2020-12-13,0.0,simptomi prehlade,2020,50
2020-12-20,0.0,simptomi prehlade,2020,51
2020-12-27,0.0,simptomi prehlade,2020,52
2021-01-03,0.0,simptomi prehlade,2020,53
2021-01-10,0.0,simptomi prehlade,2021,1
2021-01-17,0.0,simptomi prehlade,2021,2
2021-01-24,0.0,simptomi prehlade,2021,3
2021-01-31,0.0,simptomi prehlade,2021,4
2021-02-07,0.0,simptomi prehlade,2021,5
2021-02-14,0.0,simptomi prehlade,2021,6
2021-02-21,0.0,simptomi prehlade,2021,7
2021-02-28,0.0,simptomi prehlade,2021,8
2021-03-07,0.0,simptomi prehlade,2021,9
2021-03-14,58.8372591006424,simptomi prehlade,2021,10
2021-03-21,0.0,simptomi prehlade,2021,11
2021-03-28,73.75374732334048,simptomi prehlade,2021,12
2021-04-04,0.0,simptomi prehlade,2021,13
2021-04-11,0.0,simptomi prehlade,2021,14
2021-04-18,0.0,simptomi prehlade,2021,15
2021-04-25,0.0,simptomi prehlade,2021,16
2021-05-02,0.0,simptomi prehlade,2021,17
2021-05-09,0.0,simptomi prehlade,2021,18
2021-05-16,0.0,simptomi prehlade,2021,19
2021-05-23,0.0,simptomi prehlade,2021,20
2021-05-30,0.0,simptomi prehlade,2021,21
2021-06-06,0.0,simptomi prehlade,2021,22
2021-06-13,0.0,simptomi prehlade,2021,23
2021-06-20,0.0,simptomi prehlade,2021,24
2021-06-27,0.0,simptomi prehlade,2021,25
2021-07-04,0.0,simptomi prehlade,2021,26
2021-07-11,0.0,simptomi prehlade,2021,27
2021-07-18,0.0,simptomi prehlade,2021,28
2021-07-25,0.0,simptomi prehlade,2021,29
2021-08-01,0.0,simptomi prehlade,2021,30
2021-08-08,0.0,simptomi prehlade,2021,31
2021-08-15,0.0,simptomi prehlade,2021,32
2021-08-22,0.0,simptomi prehlade,2021,33
2021-08-29,0.0,simptomi prehlade,2021,34
2021-09-05,82.86937901498929,simptomi prehlade,2021,35
2021-09-12,0.0,simptomi prehlade,2021,36
2021-09-19,0.0,simptomi prehlade,2021,37
2021-09-26,0.0,simptomi prehlade,2021,38
2021-10-03,0.0,simptomi prehlade,2021,39
2021-10-10,0.0,simptomi prehlade,2021,40
2021-10-17,0.0,simptomi prehlade,2021,41
2021-10-24,0.0,simptomi prehlade,2021,42
2021-10-31,0.0,simptomi prehlade,2021,43
2021-11-07,0.0,simptomi prehlade,2021,44
2021-11-14,0.0,simptomi prehlade,2021,45
2021-11-21,0.0,simptomi prehlade,2021,46
2021-11-28,0.0,simptomi prehlade,2021,47
2021-12-05,0.0,simptomi prehlade,2021,48
2021-12-12,0.0,simptomi prehlade,2021,49
2021-12-19,0.0,simptomi prehlade,2021,50
2021-12-26,0.0,simptomi prehlade,2021,51
2022-01-02,0.0,simptomi prehlade,2021,52
2022-01-09,0.0,simptomi prehlade,2022,1
2022-01-16,0.0,simptomi prehlade,2022,2
2022-01-23,0.0,simptomi prehlade,2022,3
2022-01-30,0.0,simptomi prehlade,2022,4
2022-02-06,0.0,simptomi prehlade,2022,5
2022-02-13,0.0,simptomi prehlade,2022,6
2022-02-20,0.0,simptomi prehlade,2022,7
2022-02-27,0.0,simptomi prehlade,2022,8
2022-03-06,0.0,simptomi prehlade,2022,9
2022-03-13,0.0,simptomi prehlade,2022,10
2022-03-20,0.0,simptomi prehlade,2022,11
2022-03-27,0.0,simptomi prehlade,2022,12
2022-04-03,0.0,simptomi prehlade,2022,13
2022-04-10,0.0,simptomi prehlade,2022,14
2022-04-17,0.0,simptomi prehlade,2022,15
2022-04-24,0.0,simptomi prehlade,2022,16
2022-05-01,0.0,simptomi prehlade,2022,17
2022-05-08,0.0,simptomi prehlade,2022,18
2022-05-15,0.0,simptomi prehlade,2022,19
2022-05-22,0.0,simptomi prehlade,2022,20
2022-05-29,0.0,simptomi prehlade,2022,21
2022-06-05,0.0,simptomi prehlade,2022,22
2022-06-12,0.0,simptomi prehlade,2022,23
2022-06-19,0.0,simptomi prehlade,2022,24
2022-06-26,0.0,simptomi prehlade,2022,25
2022-07-03,0.0,simptomi prehlade,2022,26
2022-07-10,0.0,simptomi prehlade,2022,27
2022-07-17,0.0,simptomi prehlade,2022,28
2022-07-24,0.0,simptomi prehlade,2022,29
2022-07-31,0.0,simptomi prehlade,2022,30
2022-08-07,0.0,simptomi prehlade,2022,31
2022-08-14,0.0,simptomi prehlade,2022,32
2022-08-21,0.0,simptomi prehlade,2022,33
2022-08-28,0.0,simptomi prehlade,2022,34
2022-09-04,0.0,simptomi prehlade,2022,35
2022-09-11,0.0,simptomi prehlade,2022,36
2022-09-18,0.0,simptomi prehlade,2022,37
2022-09-25,0.0,simptomi prehlade,2022,38
2022-10-02,0.0,simptomi prehlade,2022,39
2022-10-09,0.0,simptomi prehlade,2022,40
2022-10-16,0.0,simptomi prehlade,2022,41
2022-10-23,0.0,simptomi prehlade,2022,42
2022-10-30,0.0,simptomi prehlade,2022,43
2022-11-06,0.0,simptomi prehlade,2022,44
2022-11-13,0.0,simptomi prehlade,2022,45
2022-11-20,0.0,simptomi prehlade,2022,46
2022-11-27,0.0,simptomi prehlade,2022,47
2022-12-04,0.0,simptomi prehlade,2022,48
2022-12-11,0.0,simptomi prehlade,2022,49
2022-12-18,59.6659528907923,simptomi prehlade,2022,50
2022-12-25,0.0,simptomi prehlade,2022,51
2023-01-01,0.0,simptomi prehlade,2022,52
2023-01-08,0.0,simptomi prehlade,2023,1
2023-01-15,0.0,simptomi prehlade,2023,2
2023-01-22,0.0,simptomi prehlade,2023,3
2023-01-29,0.0,simptomi prehlade,2023,4
2023-02-05,0.0,simptomi prehlade,2023,5
2023-02-12,0.0,simptomi prehlade,2023,6
2023-02-19,0.0,simptomi prehlade,2023,7
2023-02-26,0.0,simptomi prehlade,2023,8
2023-03-05,0.0,simptomi prehlade,2023,9
2023-03-12,0.0,simptomi prehlade,2023,10
2023-03-19,0.0,simptomi prehlade,2023,11
2023-03-26,0.0,simptomi prehlade,2023,12
2023-04-02,0.0,simptomi prehlade,2023,13
2023-04-09,0.0,simptomi prehlade,2023,14
2023-04-16,0.0,simptomi prehlade,2023,15
2023-04-23,0.0,simptomi prehlade,2023,16
2023-04-30,66.29550321199144,simptomi prehlade,2023,17
2023-05-07,0.0,simptomi prehlade,2023,18
2023-05-14,60.49464668094219,simptomi prehlade,2023,19
2023-05-21,0.0,simptomi prehlade,2023,20
2023-05-28,0.0,simptomi prehlade,2023,21
2023-06-04,0.0,simptomi prehlade,2023,22
2023-06-11,0.0,simptomi prehlade,2023,23
2023-06-18,0.0,simptomi prehlade,2023,24
2023-06-25,0.0,simptomi prehlade,2023,25
2023-07-02,0.0,simptomi prehlade,2023,26
2023-07-09,0.0,simptomi prehlade,2023,27
2023-07-16,0.0,simptomi prehlade,2023,28
2023-07-23,0.0,simptomi prehlade,2023,29
2023-07-30,0.0,simptomi prehlade,2023,30
2023-08-06,0.0,simptomi prehlade,2023,31
2023-08-13,0.0,simptomi prehlade,2023,32
2023-08-20,0.0,simptomi prehlade,2023,33
2023-08-27,0.0,simptomi prehlade,2023,34
2023-09-03,0.0,simptomi prehlade,2023,35
2023-09-10,0.0,simptomi prehlade,2023,36
2023-09-17,0.0,simptomi prehlade,2023,37
2023-09-24,0.0,simptomi prehlade,2023,38
2023-10-01,0.0,simptomi prehlade,2023,39
2023-10-08,0.0,simptomi prehlade,2023,40
2023-10-15,0.0,simptomi prehlade,2023,41
2023-10-22,0.0,simptomi prehlade,2023,42
2023-10-29,0.0,simptomi prehlade,2023,43
2023-11-05,0.0,simptomi prehlade,2023,44
2023-11-12,0.0,simptomi prehlade,2023,45
2023-11-19,0.0,simptomi prehlade,2023,46
2023-11-26,0.0,simptomi prehlade,2023,47
2023-12-03,59.43288276231264,simptomi prehlade,2023,48
2023-12-10,0.0,simptomi prehlade,2023,49
2023-12-17,0.0,simptomi prehlade,2023,50
2023-12-24,0.0,simptomi prehlade,2023,51
2023-12-31,0.0,simptomi prehlade,2023,52
2024-01-07,0.0,simptomi prehlade,2024,1
2024-01-14,0.0,simptomi prehlade,2024,2
2024-01-21,0.0,simptomi prehlade,2024,3
2024-01-28,0.0,simptomi prehlade,2024,4
2024-02-04,0.0,simptomi prehlade,2024,5
2024-02-11,0.0,simptomi prehlade,2024,6
2024-02-18,0.0,simptomi prehlade,2024,7
2024-02-25,0.0,simptomi prehlade,2024,8
2024-03-03,0.0,simptomi prehlade,2024,9
2024-03-10,0.0,simptomi prehlade,2024,10
2024-03-17,0.0,simptomi prehlade,2024,11
2024-03-24,0.0,simptomi prehlade,2024,12
2024-03-31,0.0,simptomi prehlade,2024,13
2024-04-07,0.0,simptomi prehlade,2024,14
2024-04-14,0.0,simptomi prehlade,2024,15
2024-04-21,0.0,simptomi prehlade,2024,16
2024-04-28,0.0,simptomi prehlade,2024,17
2024-05-05,0.0,simptomi prehlade,2024,18
2024-05-12,0.0,simptomi prehlade,2024,19
2024-05-19,0.0,simptomi prehlade,2024,20
2024-05-26,0.0,simptomi prehlade,2024,21
2024-06-02,0.0,simptomi prehlade,2024,22
2024-06-09,0.0,simptomi prehlade,2024,23
2024-06-16,0.0,simptomi prehlade,2024,24
2024-06-23,0.0,simptomi prehlade,2024,25
2024-06-30,0.0,simptomi prehlade,2024,26
2024-07-07,0.0,simptomi prehlade,2024,27
2024-07-14,0.0,simptomi prehlade,2024,28
2024-07-21,0.0,simptomi prehlade,2024,29
2024-07-28,0.0,simptomi prehlade,2024,30
2024-08-04,0.0,simptomi prehlade,2024,31
2024-08-11,0.0,simptomi prehlade,2024,32
2024-08-18,0.0,simptomi prehlade,2024,33
2024-08-25,0.0,simptomi prehlade,2024,34
2024-09-01,0.0,simptomi prehlade,2024,35
2024-09-08,0.0,simptomi prehlade,2024,36
2024-09-15,0.0,simptomi prehlade,2024,37
2024-09-22,0.0,simptomi prehlade,2024,38
2024-09-29,0.0,simptomi prehlade,2024,39
2024-10-06,0.0,simptomi prehlade,2024,40
2024-10-13,0.0,simptomi prehlade,2024,41
2024-10-20,0.0,simptomi prehlade,2024,42
2024-10-27,0.0,simptomi prehlade,2024,43
2024-11-03,0.0,simptomi prehlade,2024,44
2024-11-10,0.0,simptomi prehlade,2024,45
2024-11-17,0.0,simptomi prehlade,2024,46
2024-11-24,0.0,simptomi prehlade,2024,47
2024-12-01,0.0,simptomi prehlade,2024,48
2024-12-08,0.0,simptomi prehlade,2024,49
2024-12-15,0.0,simptomi prehlade,2024,50
2024-12-22,0.0,simptomi prehlade,2024,51
2024-12-29,0.0,simptomi prehlade,2024,52
2017-12-31,0.0,temperatura i bolovi,2017,52
2018-01-07,0.0,temperatura i bolovi,2018,1
2018-01-14,0.0,temperatura i bolovi,2018,2
2018-01-21,0.0,temperatura i bolovi,2018,3
2018-01-28,0.0,temperatura i bolovi,2018,4
2018-02-04,0.0,temperatura i bolovi,2018,5
2018-02-11,0.0,temperatura i bolovi,2018,6
2018-02-18,0.0,temperatura i bolovi,2018,7
2018-02-25,0.0,temperatura i bolovi,2018,8
2018-03-04,0.0,temperatura i bolovi,2018,9
2018-03-11,0.0,temperatura i bolovi,2018,10
2018-03-18,0.0,temperatura i bolovi,2018,11
2018-03-25,0.0,temperatura i bolovi,2018,12
2018-04-01,0.0,temperatura i bolovi,2018,13
2018-04-08,0.0,temperatura i bolovi,2018,14
2018-04-15,0.0,temperatura i bolovi,2018,15
2018-04-22,0.0,temperatura i bolovi,2018,16
2018-04-29,0.0,temperatura i bolovi,2018,17
2018-05-06,0.0,temperatura i bolovi,2018,18
2018-05-13,0.0,temperatura i bolovi,2018,19
2018-05-20,0.0,temperatura i bolovi,2018,20
2018-05-27,0.0,temperatura i bolovi,2018,21
2018-06-03,0.0,temperatura i bolovi,2018,22
2018-06-10,0.0,temperatura i bolovi,2018,23
2018-06-17,0.0,temperatura i bolovi,2018,24
2018-06-24,0.0,temperatura i bolovi,2018,25
2018-07-01,0.0,temperatura i bolovi,2018,26
2018-07-08,0.0,temperatura i bolovi,2018,27
2018-07-15,0.0,temperatura i bolovi,2018,28
2018-07-22,0.0,temperatura i bolovi,2018,29
2018-07-29,100.0,temperatura i bolovi,2018,30
2018-08-05,0.0,temperatura i bolovi,2018,31
2018-08-12,0.0,temperatura i bolovi,2018,32
2018-08-19,0.0,temperatura i bolovi,2018,33
2018-08-26,0.0,temperatura i bolovi,2018,34
2018-09-02,0.0,temperatura i bolovi,2018,35
2018-09-09,0.0,temperatura i bolovi,2018,36
2018-09-16,0.0,temperatura i bolovi,2018,37
2018-09-23,0.0,temperatura i bolovi,2018,38
2018-09-30,0.0,temperatura i bolovi,2018,39
2018-10-07,0.0,temperatura i bolovi,2018,40
2018-10-14,0.0,temperatura i bolovi,2018,41
2018-10-21,0.0,temperatura i bolovi,2018,42
2018-10-28,0.0,temperatura i bolovi,2018,43
2018-11-04,0.0,temperatura i bolovi,2018,44
2018-11-11,0.0,temperatura i bolovi,2018,45
2018-11-18,0.0,temperatura i bolovi,2018,46
2018-11-25,0.0,temperatura i bolovi,2018,47
2018-12-02,0.0,temperatura i bolovi,2018,48
2018-12-09,0.0,temperatura i bolovi,2018,49
2018-12-16,0.0,temperatura i bolovi,2018,50
2018-12-23,0.0,temperatura i bolovi,2018,51
2018-12-30,0.0,temperatura i bolovi,2018,52
2019-01-06,0.0,temperatura i bolovi,2019,1
2019-01-13,0.0,temperatura i bolovi,2019,2
2019-01-20,0.0,temperatura i bolovi,2019,3
2019-01-27,0.0,temperatura i bolovi,2019,4
2019-02-03,0.0,temperatura i bolovi,2019,5
2019-02-10,0.0,temperatura i bolovi,2019,6
2019-02-17,0.0,temperatura i bolovi,2019,7
2019-02-24,0.0,temperatura i bolovi,2019,8
2019-03-03,0.0,temperatura i bolovi,2019,9
2019-03-10,0.0,temperatura i bolovi,2019,10
2019-03-17,0.0,temperatura i bolovi,2019,11
2019-03-24,0.0,temperatura i bolovi,2019,12
2019-03-31,0.0,temperatura i bolovi,2019,13
2019-04-07,0.0,temperatura i bolovi,2019,14
2019-04-14,0.0,temperatura i bolovi,2019,15
2019-04-21,0.0,temperatura i bolovi,2019,16
2019-04-28,0.0,temperatura i bolovi,2019,17
2019-05-05,0.0,temperatura i bolovi,2019,18
2019-05-12,0.0,temperatura i bolovi,2019,19
2019-05-19,0.0,temperatura i bolovi,2019,20
2019-05-26,0.0,temperatura i bolovi,2019,21
2019-06-02,0.0,temperatura i bolovi,2019,22
2019-06-09,0.0,temperatura i bolovi,2019,23
2019-06-16,0.0,temperatura i bolovi,2019,24
2019-06-23,0.0,temperatura i bolovi,2019,25
2019-06-30,0.0,temperatura i bolovi,2019,26
2019-07-07,0.0,temperatura i bolovi,2019,27
2019-07-14,0.0,temperatura i bolovi,2019,28
2019-07-21,0.0,temperatura i bolovi,2019,29
2019-07-28,0.0,temperatura i bolovi,2019,30
2019-08-04,0.0,temperatura i bolovi,2019,31
2019-08-11,0.0,temperatura i bolovi,2019,32
2019-08-18,0.0,temperatura i bolovi,2019,33
2019-08-25,0.0,temperatura i bolovi,2019,34
2019-09-01,0.0,temperatura i bolovi,2019,35
2019-09-08,0.0,temperatura i bolovi,2019,36
2019-09-15,0.0,temperatura i bolovi,2019,37
2019-09-22,0.0,temperatura i bolovi,2019,38
2019-09-29,0.0,temperatura i bolovi,2019,39
2019-10-06,0.0,temperatura i bolovi,2019,40
2019-10-13,0.0,temperatura i bolovi,2019,41
2019-10-20,0.0,temperatura i bolovi,2019,42
2019-10-27,0.0,temperatura i bolovi,2019,43
2019-11-03,0.0,temperatura i bolovi,2019,44
2019-11-10,0.0,temperatura i bolovi,2019,45
2019-11-17,0.0,temperatura i bolovi,2019,46
2019-11-24,0.0,temperatura i bolovi,2019,47
2019-12-01,0.0,temperatura i bolovi,2019,48
2019-12-08,0.0,temperatura i bolovi,2019,49
2019-12-15,0.0,temperatura i bolovi,2019,50
2019-12-22,0.0,temperatura i bolovi,2019,51
2019-12-29,0.0,temperatura i bolovi,2019,52
2020-01-05,0.0,temperatura i bolovi,2020,1
2020-01-12,0.0,temperatura i bolovi,2020,2
2020-01-19,0.0,temperatura i bolovi,2020,3
2020-01-26,0.0,temperatura i bolovi,2020,4
2020-02-02,0.0,temperatura i bolovi,2020,5
2020-02-09,0.0,temperatura i bolovi,2020,6
2020-02-16,0.0,temperatura i bolovi,2020,7
2020-02-23,0.0,temperatura i bolovi,2020,8
2020-03-01,0.0,temperatura i bolovi,2020,9
2020-03-08,0.0,temperatura i bolovi,2020,10
2020-03-15,0.0,temperatura i bolovi,2020,11
2020-03-22,0.0,temperatura i bolovi,2020,12
2020-03-29,0.0,temperatura i bolovi,2020,13
2020-04-05,0.0,temperatura i bolovi,2020,14
2020-04-12,0.0,temperatura i bolovi,2020,15
2020-04-19,0.0,temperatura i bolovi,2020,16
2020-04-26,0.0,temperatura i bolovi,2020,17
2020-05-03,0.0,temperatura i bolovi,2020,18
2020-05-10,0.0,temperatura i bolovi,2020,19
2020-05-17,0.0,temperatura i bolovi,2020,20
2020-05-24,0.0,temperatura i bolovi,2020,21
2020-05-31,0.0,temperatura i bolovi,2020,22
2020-06-07,0.0,temperatura i bolovi,2020,23
2020-06-14,0.0,temperatura i bolovi,2020,24
2020-06-21,0.0,temperatura i bolovi,2020,25
2020-06-28,0.0,temperatura i bolovi,2020,26
2020-07-05,0.0,temperatura i bolovi,2020,27
2020-07-12,0.0,temperatura i bolovi,2020,28
2020-07-19,0.0,temperatura i bolovi,2020,29
2020-07-26,0.0,temperatura i bolovi,2020,30
2020-08-02,0.0,temperatura i bolovi,2020,31
2020-08-09,0.0,temperatura i bolovi,2020,32
2020-08-16,0.0,temperatura i bolovi,2020,33
2020-08-23,0.0,temperatura i bolovi,2020,34
2020-08-30,0.0,temperatura i bolovi,2020,35
2020-09-06,0.0,temperatura i bolovi,2020,36
2020-09-13,0.0,temperatura i bolovi,2020,37
2020-09-20,0.0,temperatura i bolovi,2020,38
2020-09-27,0.0,temperatura i bolovi,2020,39
2020-10-04,0.0,temperatura i bolovi,2020,40
2020-10-11,0.0,temperatura i bolovi,2020,41
2020-10-18,0.0,temperatura i bolovi,2020,42
2020-10-25,0.0,temperatura i bolovi,2020,43
2020-11-01,0.0,temperatura i bolovi,2020,44
2020-11-08,0.0,temperatura i bolovi,2020,45
2020-11-15,0.0,temperatura i bolovi,2020,46
2020-11-22,0.0,temperatura i bolovi,2020,47
2020-11-29,0.0,temperatura i bolovi,2020,48
2020-12-06,0.0,temperatura i bolovi,2020,49
2020-12-13,0.0,temperatura i bolovi,2020,50
2020-12-20,0.0,temperatura i bolovi,2020,51
2020-12-27,0.0,temperatura i bolovi,2020,52
2013-01-06,0.0,kašalj,2013,1
2013-01-13,0.0,kašalj,2013,2
2013-01-20,0.0,kašalj,2013,3
2013-01-27,0.0,kašalj,2013,4
2013-02-03,0.0,kašalj,2013,5
2013-02-10,56.0,kašalj,2013,6
2013-02-17,59.0,kašalj,2013,7
2013-02-24,0.0,kašalj,2013,8
2013-03-03,0.0,kašalj,2013,9
2013-03-10,56.0,kašalj,2013,10
2013-03-17,0.0,kašalj,2013,11
2013-03-24,0.0,kašalj,2013,12
2013-03-31,0.0,kašalj,2013,13
2013-04-07,0.0,kašalj,2013,14
2013-04-14,0.0,kašalj,2013,15
2013-04-21,40.0,kašalj,2013,16
2013-04-28,0.0,kašalj,2013,17
2013-05-05,0.0,kašalj,2013,18
2013-05-12,0.0,kašalj,2013,19
2013-05-19,0.0,kašalj,2013,20
2013-05-26,40.0,kašalj,2013,21
2013-06-02,0.0,kašalj,2013,22
2013-06-09,0.0,kašalj,2013,23
2013-06-16,0.0,kašalj,2013,24
2013-06-23,0.0,kašalj,2013,25
2013-06-30,0.0,kašalj,2013,26
2013-07-07,0.0,kašalj,2013,27
2013-07-14,0.0,kašalj,2013,28
2013-07-21,0.0,kašalj,2013,29
2013-07-28,0.0,kašalj,2013,30
2013-08-04,0.0,kašalj,2013,31
2013-08-11,0.0,kašalj,2013,32
2013-08-18,0.0,kašalj,2013,33
2013-08-25,0.0,kašalj,2013,34
2013-09-01,0.0,kašalj,2013,35
2013-09-08,0.0,kašalj,2013,36
2013-09-15,0.0,kašalj,2013,37
2013-09-22,0.0,kašalj,2013,38
2013-09-29,47.0,kašalj,2013,39
2013-10-06,0.0,kašalj,2013,40
2013-10-13,44.0,kašalj,2013,41
2013-10-20,43.0,kašalj,2013,42
2013-10-27,0.0,kašalj,2013,43
2013-11-03,39.0,kašalj,2013,44
2013-11-10,45.0,kašalj,2013,45
2013-11-17,43.0,kašalj,2013,46
2013-11-24,0.0,kašalj,2013,47
2013-12-01,60.0,kašalj,2013,48
2013-12-08,0.0,kašalj,2013,49
2013-12-15,0.0,kašalj,2013,50
2013-12-22,0.0,kašalj,2013,51
2013-12-29,0.0,kašalj,2013,52
2014-01-05,49.0,kašalj,2014,1
2014-01-12,44.0,kašalj,2014,2
2014-01-19,31.0,kašalj,2014,3
2014-01-26,39.0,kašalj,2014,4
2014-02-02,0.0,kašalj,2014,5
2014-02-09,35.0,kašalj,2014,6
2014-02-16,38.0,kašalj,2014,7
2014-02-23,59.0,kašalj,2014,8
2014-03-02,50.0,kašalj,2014,9
2014-03-09,41.0,kašalj,2014,10
2014-03-16,40.0,kašalj,2014,11
2014-03-23,0.0,kašalj,2014,12
2014-03-30,42.0,kašalj,2014,13
2014-04-06,37.0,kašalj,2014,14
2014-04-13,35.0,kašalj,2014,15
2014-04-20,35.0,kašalj,2014,16
2014-04-27,0.0,kašalj,2014,17
2014-05-04,0.0,kašalj,2014,18
2014-05-11,35.0,kašalj,2014,19
2014-05-18,0.0,kašalj,2014,20
2014-05-25,0.0,kašalj,2014,21
2014-06-01,0.0,kašalj,2014,22
2014-06-08,0.0,kašalj,2014,23
2014-06-15,0.0,kašalj,2014,24
2014-06-22,0.0,kašalj,2014,25
2014-06-29,0.0,kašalj,2014,26
2014-07-06,0.0,kašalj,2014,27
2014-07-13,47.0,kašalj,2014,28
2014-07-20,0.0,kašalj,2014,29
2014-07-27,0.0,kašalj,2014,30
2014-08-03,0.0,kašalj,2014,31
2014-08-10,0.0,kašalj,2014,32
2014-08-17,0.0,kašalj,2014,33
2014-08-24,41.0,kašalj,2014,34
2014-08-31,38.0,kašalj,2014,35
2014-09-07,46.0,kašalj,2014,36
2014-09-14,0.0,kašalj,2014,37
2014-09-21,40.0,kašalj,2014,38
2014-09-28,45.0,kašalj,2014,39
2014-10-05,40.0,kašalj,2014,40
2014-10-12,35.0,kašalj,2014,41
2014-10-19,50.0,kašalj,2014,42
2014-10-26,61.0,kašalj,2014,43
2014-11-02,59.0,kašalj,2014,44
2014-11-09,0.0,kašalj,2014,45
2014-11-16,44.0,kašalj,2014,46
2014-11-23,40.0,kašalj,2014,47
2014-11-30,0.0,kašalj,2014,48
2014-12-07,46.0,kašalj,2014,49
2014-12-14,37.0,kašalj,2014,50
2014-12-21,66.0,kašalj,2014,51
2014-12-28,45.0,kašalj,2014,52
2015-01-04,66.0,kašalj,2015,1
2015-01-11,62.0,kašalj,2015,2
2015-01-18,42.0,kašalj,2015,3
2015-01-25,57.0,kašalj,2015,4
2015-02-01,46.0,kašalj,2015,5
2015-02-08,67.0,kašalj,2015,6
2015-02-15,58.0,kašalj,2015,7
2015-02-22,70.0,kašalj,2015,8
2015-03-01,69.0,kašalj,2015,9
2015-03-08,59.0,kašalj,2015,10
2015-03-15,54.0,kašalj,2015,11
2015-03-22,60.0,kašalj,2015,12
2015-03-29,69.0,kašalj,2015,13
2015-04-05,38.0,kašalj,2015,14
2015-04-12,37.0,kašalj,2015,15
2015-04-19,42.0,kašalj,2015,16
2015-04-26,40.0,kašalj,2015,17
2015-05-03,0.0,kašalj,2015,18
2015-05-10,41.0,kašalj,2015,19
2015-05-17,0.0,kašalj,2015,20
2015-05-24,32.0,kašalj,2015,21
2015-05-31,57.0,kašalj,2015,22
2015-06-07,0.0,kašalj,2015,23
2015-06-14,0.0,kašalj,2015,24
2015-06-21,33.0,kašalj,2015,25
2015-06-28,37.0,kašalj,2015,26
2015-07-05,0.0,kašalj,2015,27
2015-07-12,0.0,kašalj,2015,28
2015-07-19,0.0,kašalj,2015,29
2015-07-26,0.0,kašalj,2015,30
2015-08-02,0.0,kašalj,2015,31
2015-08-09,0.0,kašalj,2015,32
2015-08-16,0.0,kašalj,2015,33
2015-08-23,0.0,kašalj,2015,34
2015-08-30,0.0,kašalj,2015,35
2015-09-06,0.0,kašalj,2015,36
2015-09-13,0.0,kašalj,2015,37
2015-09-20,0.0,kašalj,2015,38
2015-09-27,56.0,kašalj,2015,39
2015-10-04,37.0,kašalj,2015,40
2015-10-11,39.0,kašalj,2015,41
2015-10-18,50.0,kašalj,2015,42
2015-10-25,45.0,kašalj,2015,43
2015-11-01,63.0,kašalj,2015,44
2015-11-08,0.0,kašalj,2015,45
2015-11-15,60.0,kašalj,2015,46
2015-11-22,53.0,kašalj,2015,47
2015-11-29,60.0,kašalj,2015,48
2015-12-06,49.0,kašalj,2015,49
2015-12-13,58.0,kašalj,2015,50
2015-12-20,50.0,kašalj,2015,51
2015-12-27,100.0,kašalj,2015,52
2016-01-03,57.86739469578783,kašalj,2015,53
2016-01-10,47.2386895475819,kašalj,2016,1
2016-01-17,46.05772230889235,kašalj,2016,2
2016-01-24,54.32449297971919,kašalj,2016,3
2016-01-31,53.14352574102964,kašalj,2016,4
2016-02-07,61.41029641185647,kašalj,2016,5
2016-02-14,46.05772230889235,kašalj,2016,6
2016-02-21,75.58190327613104,kašalj,2016,7
2016-02-28,0.0,kašalj,2016,8
2016-03-06,48.41965678627145,kašalj,2016,9
2016-03-13,63.772230889235566,kašalj,2016,10
2016-03-20,72.0390015600624,kašalj,2016,11
2016-03-27,55.505460218408736,kašalj,2016,12
2016-04-03,60.22932917316693,kašalj,2016,13
2016-04-10,61.41029641185647,kašalj,2016,14
2016-04-17,38.97191887675507,kašalj,2016,15
2016-04-24,0.0,kašalj,2016,16
2016-05-01,33.06708268330733,kašalj,2016,17
2016-05-08,0.0,kašalj,2016,18
2016-05-15,0.0,kašalj,2016,19
2016-05-22,0.0,kašalj,2016,20
2016-05-29,0.0,kašalj,2016,21
2016-06-05,0.0,kašalj,2016,22
2016-06-12,0.0,kašalj,2016,23
2016-06-19,0.0,kašalj,2016,24
2016-06-26,0.0,kašalj,2016,25
2016-07-03,0.0,kašalj,2016,26
2016-07-10,0.0,kašalj,2016,27
2016-07-17,0.0,kašalj,2016,28
2016-07-24,37.79095163806552,kašalj,2016,29
2016-07-31,0.0,kašalj,2016,30
2016-08-07,37.79095163806552,kašalj,2016,31
2016-08-14,0.0,kašalj,2016,32
2016-08-21,0.0,kašalj,2016,33
2016-08-28,0.0,kašalj,2016,34
2016-09-04,0.0,kašalj,2016,35
2016-09-11,54.32449297971919,kašalj,2016,36
2016-09-18,48.41965678627145,kašalj,2016,37
2016-09-25,47.2386895475819,kašalj,2016,38
2016-10-02,47.2386895475819,kašalj,2016,39
2016-10-09,56.68642745709828,kašalj,2016,40
2016-10-16,40.152886115444616,kašalj,2016,41
2016-10-23,82.66770670826833,kašalj,2016,42
2016-10-30,63.772230889235566,kašalj,2016,43
2016-11-06,66.13416536661467,kašalj,2016,44
2016-11-13,57.86739469578783,kašalj,2016,45
2016-11-20,77.94383775351014,kašalj,2016,46
2016-11-27,83.84867394695787,kašalj,2016,47
2016-12-04,44.876755070202805,kašalj,2016,48
2016-12-11,79.12480499219969,kašalj,2016,49
2016-12-18,112.19188767550702,kašalj,2016,50
2016-12-25,113.37285491419657,kašalj,2016,51
2017-01-01,118.09672386895475,kašalj,2016,52
2017-01-08,82.66770670826833,kašalj,2017,1
2017-01-15,92.1154446177847,kašalj,2017,2
2017-01-22,0.0,kašalj,2017,3
2017-01-29,36.609984399375975,kašalj,2017,4
2017-02-05,54.32449297971919,kašalj,2017,5
2017-02-12,0.0,kašalj,2017,6
2017-02-19,33.06708268330733,kašalj,2017,7
2017-02-26,40.152886115444616,kašalj,2017,8
2017-03-05,59.04836193447738,kašalj,2017,9
2017-03-12,94.4773790951638,kašalj,2017,10
2017-03-19,34.24804992199688,kašalj,2017,11
2017-03-26,44.876755070202805,kašalj,2017,12
2017-04-02,49.600624024961,kašalj,2017,13
2017-04-09,35.42901716068643,kašalj,2017,14
2017-04-16,67.31513260530421,kašalj,2017,15
2017-04-23,79.12480499219969,kašalj,2017,16
2017-04-30,0.0,kašalj,2017,17
2017-05-07,42.51482059282371,kašalj,2017,18
2017-05-14,42.51482059282371,kašalj,2017,19
2017-05-21,0.0,kašalj,2017,20
2017-05-28,0.0,kašalj,2017,21
2017-06-04,41.33385335413416,kašalj,2017,22
2017-06-11,42.51482059282371,kašalj,2017,23
2017-06-18,0.0,kašalj,2017,24
2017-06-25,0.0,kašalj,2017,25
2017-07-02,0.0,kašalj,2017,26
2017-07-09,0.0,kašalj,2017,27
2017-07-16,0.0,kašalj,2017,28
2017-07-23,0.0,kašalj,2017,29
2017-07-30,0.0,kašalj,2017,30
2017-08-06,0.0,kašalj,2017,31
2017-08-13,0.0,kašalj,2017,32
2017-08-20,0.0,kašalj,2017,33
2017-08-27,48.41965678627145,kašalj,2017,34
2017-09-03,0.0,kašalj,2017,35
2017-09-10,38.97191887675507,kašalj,2017,36
2017-09-17,46.05772230889235,kašalj,2017,37
2017-09-24,42.51482059282371,kašalj,2017,38
2017-10-01,74.4009360374415,kašalj,2017,39
2017-10-08,56.68642745709828,kašalj,2017,40
2017-10-15,42.51482059282371,kašalj,2017,41
2017-10-22,59.04836193447738,kašalj,2017,42
2017-10-29,41.33385335413416,kašalj,2017,43
2017-11-05,67.31513260530421,kašalj,2017,44
2017-11-12,62.59126365054602,kašalj,2017,45
2017-11-19,46.05772230889235,kašalj,2017,46
2017-11-26,36.609984399375975,kašalj,2017,47
2017-12-03,81.48673946957878,kašalj,2017,48
2017-12-10,75.58190327613104,kašalj,2017,49
2017-12-17,81.48673946957878,kašalj,2017,50
2017-12-24,76.76287051482059,kašalj,2017,51
2017-12-31,73.21996879875195,kašalj,2017,52
2018-01-07,77.94383775351014,kašalj,2018,1
2018-01-14,41.33385335413416,kašalj,2018,2
2018-01-21,67.31513260530421,kašalj,2018,3
2018-01-28,96.8393135725429,kašalj,2018,4
2018-02-04,79.12480499219969,kašalj,2018,5
2018-02-11,94.4773790951638,kašalj,2018,6
2018-02-18,73.21996879875195,kašalj,2018,7
2018-02-25,107.46801872074884,kašalj,2018,8
2018-03-04,69.67706708268331,kašalj,2018,9
2018-03-11,56.68642745709828,kašalj,2018,10
2018-03-18,49.600624024961,kašalj,2018,11
2018-03-25,69.67706708268331,kašalj,2018,12
2018-04-01,83.84867394695787,kašalj,2018,13
2018-04-08,48.41965678627145,kašalj,2018,14
2018-04-15,37.79095163806552,kašalj,2018,15
2018-04-22,36.609984399375975,kašalj,2018,16
2018-04-29,0.0,kašalj,2018,17
2018-05-06,53.14352574102964,kašalj,2018,18
2018-05-13,0.0,kašalj,2018,19
2018-05-20,46.05772230889235,kašalj,2018,20
2018-05-27,0.0,kašalj,2018,21
2018-06-03,38.97191887675507,kašalj,2018,22
2018-06-10,0.0,kašalj,2018,23
2018-06-17,0.0,kašalj,2018,24
2018-06-24,0.0,kašalj,2018,25
2018-07-01,0.0,kašalj,2018,26
2018-07-08,0.0,kašalj,2018,27
2018-07-15,0.0,kašalj,2018,28
2018-07-22,0.0,kašalj,2018,29
2018-07-29,37.087266495841185,kašalj,2018,30
2018-08-05,38.77305133656124,kašalj,2018,31
2018-08-12,0.0,kašalj,2018,32
2018-08-19,0.0,kašalj,2018,33
2018-08-26,52.259330062321666,kašalj,2018,34
2018-09-02,0.0,kašalj,2018,35
2018-09-09,72.48874815096231,kašalj,2018,36
2018-09-16,38.77305133656124,kašalj,2018,37
2018-09-23,57.31668458448183,kašalj,2018,38
2018-09-30,89.34659655816284,kašalj,2018,39
2018-10-07,50.57354522160161,kašalj,2018,40
2018-10-14,85.97502687672274,kašalj,2018,41
2018-10-21,43.8304058587214,kašalj,2018,42
2018-10-28,82.60345719528263,kašalj,2018,43
2018-11-04,62.37403910664199,kašalj,2018,44
2018-11-11,94.403951080323,kašalj,2018,45
2018-11-18,70.80296331024226,kašalj,2018,46
2018-11-25,101.14709044320324,kašalj,2018,47
2018-12-02,60.688254265921934,kašalj,2018,48
2018-12-09,96.08973592104306,kašalj,2018,49
2018-12-16,80.91767235456258,kašalj,2018,50
2018-12-23,102.83287528392329,kašalj,2018,51
2018-12-30,104.51866012464332,kašalj,2018,52
2019-01-06,104.51866012464332,kašalj,2019,1
2019-01-13,94.403951080323,kašalj,2019,2
2019-01-20,109.5760146468035,kašalj,2019,3
2019-01-27,139.92014177976446,kašalj,2019,4
2019-02-03,168.57848407200538,kašalj,2019,5
2019-02-10,92.71816623960297,kašalj,2019,6
2019-02-17,91.0323813988829,kašalj,2019,7
2019-02-24,82.60345719528263,kašalj,2019,8
2019-03-03,62.37403910664199,kašalj,2019,9
2019-03-10,72.48874815096231,kašalj,2019,10
2019-03-17,94.403951080323,kašalj,2019,11
2019-03-24,47.201975540161506,kašalj,2019,12
2019-03-31,75.86031783240242,kašalj,2019,13
2019-04-07,57.31668458448183,kašalj,2019,14
2019-04-14,67.43139362880216,kašalj,2019,15
2019-04-21,48.88776038088156,kašalj,2019,16
2019-04-28,77.54610267312248,kašalj,2019,17
2019-05-05,0.0,kašalj,2019,18
2019-05-12,52.259330062321666,kašalj,2019,19
2019-05-19,33.71569681440108,kašalj,2019,20
2019-05-26,45.51619069944145,kašalj,2019,21
2019-06-02,38.77305133656124,kašalj,2019,22
2019-06-09,43.8304058587214,kašalj,2019,23
2019-06-16,64.05982394736205,kašalj,2019,24
2019-06-23,35.40148165512113,kašalj,2019,25
2019-06-30,40.45883617728129,kašalj,2019,26
2019-07-07,0.0,kašalj,2019,27
2019-07-14,35.40148165512113,kašalj,2019,28
2019-07-21,0.0,kašalj,2019,29
2019-07-28,0.0,kašalj,2019,30
2019-08-04,0.0,kašalj,2019,31
2019-08-11,0.0,kašalj,2019,32
2019-08-18,0.0,kašalj,2019,33
2019-08-25,43.8304058587214,kašalj,2019,34
2019-09-01,0.0,kašalj,2019,35
2019-09-08,0.0,kašalj,2019,36
2019-09-15,50.57354522160161,kašalj,2019,37
2019-09-22,48.88776038088156,kašalj,2019,38
2019-09-29,59.00246942520188,kašalj,2019,39
2019-10-06,62.37403910664199,kašalj,2019,40
2019-10-13,80.91767235456258,kašalj,2019,41
2019-10-20,74.17453299168237,kašalj,2019,42
2019-10-27,60.688254265921934,kašalj,2019,43
2019-11-03,59.00246942520188,kašalj,2019,44
2019-11-10,85.97502687672274,kašalj,2019,45
2019-11-17,79.23188751384252,kašalj,2019,46
2019-11-24,65.7456087880821,kašalj,2019,47
2019-12-01,74.17453299168237,kašalj,2019,48
2019-12-08,96.08973592104306,kašalj,2019,49
2019-12-15,72.48874815096231,kašalj,2019,50
2019-12-22,70.80296331024226,kašalj,2019,51
2019-12-29,85.97502687672274,kašalj,2019,52
2020-01-05,128.1196478947241,kašalj,2020,1
2020-01-12,77.54610267312248,kašalj,2020,2
2020-01-19,102.83287528392329,kašalj,2020,3
2020-01-26,134.8627872576043,kašalj,2020,4
2020-02-02,144.97749630192462,kašalj,2020,5
2020-02-09,101.14709044320324,kašalj,2020,6
2020-02-16,64.05982394736205,kašalj,2020,7
2020-02-23,53.94511490304172,kašalj,2020,8
2020-03-01,67.43139362880216,kašalj,2020,9
2020-03-08,80.91767235456258,kašalj,2020,10
2020-03-15,101.14709044320324,kašalj,2020,11
2020-03-22,121.37650853184388,kašalj,2020,12
2020-03-29,116.31915400968371,kašalj,2020,13
2020-04-05,65.7456087880821,kašalj,2020,14
2020-04-12,60.688254265921934,kašalj,2020,15
2020-04-19,47.201975540161506,kašalj,2020,16
2020-04-26,40.45883617728129,kašalj,2020,17
2020-05-03,28.658342292240913,kašalj,2020,18
2020-05-10,43.8304058587214,kašalj,2020,19
2020-05-17,0.0,kašalj,2020,20
2020-05-24,0.0,kašalj,2020,21
2020-05-31,0.0,kašalj,2020,22
2020-06-07,45.51619069944145,kašalj,2020,23
2020-06-14,0.0,kašalj,2020,24
2020-06-21,33.71569681440108,kašalj,2020,25
2020-06-28,35.40148165512113,kašalj,2020,26
2020-07-05,48.88776038088156,kašalj,2020,27
2020-07-12,35.40148165512113,kašalj,2020,28
2020-07-19,59.00246942520188,kašalj,2020,29
2020-07-26,0.0,kašalj,2020,30
2020-08-02,0.0,kašalj,2020,31
2020-08-09,37.087266495841185,kašalj,2020,32
2020-08-16,0.0,kašalj,2020,33
2020-08-23,0.0,kašalj,2020,34
2020-08-30,0.0,kašalj,2020,35
2020-09-06,52.259330062321666,kašalj,2020,36
2020-09-13,47.201975540161506,kašalj,2020,37
2020-09-20,0.0,kašalj,2020,38
2020-09-27,28.658342292240913,kašalj,2020,39
2020-10-04,52.259330062321666,kašalj,2020,40
2020-10-11,40.45883617728129,kašalj,2020,41
2020-10-18,37.087266495841185,kašalj,2020,42
2020-10-25,79.23188751384252,kašalj,2020,43
2020-11-01,82.60345719528263,kašalj,2020,44
2020-11-08,92.71816623960297,kašalj,2020,45
2020-11-15,84.28924203600269,kašalj,2020,46
2020-11-22,107.89022980608344,kašalj,2020,47
2020-11-29,112.9475843282436,kašalj,2020,48
2020-12-06,79.23188751384252,kašalj,2020,49
2020-12-13,72.48874815096231,kašalj,2020,50
2020-12-20,94.403951080323,kašalj,2020,51
2020-12-27,70.80296331024226,kašalj,2020,52
2021-01-03,48.741268382690635,kašalj,2020,53
2021-01-10,48.741268382690635,kašalj,2021,1
2021-01-17,55.962197031978135,kašalj,2021,2
2021-01-24,63.18312568126563,kašalj,2021,3
2021-01-31,59.57266135662188,kašalj,2021,4
2021-02-07,59.57266135662188,kašalj,2021,5
2021-02-14,68.59882216823127,kašalj,2021,6
2021-02-21,55.962197031978135,kašalj,2021,7
2021-02-28,110.1191619016344,kašalj,2021,8
2021-03-07,70.40405433055314,kašalj,2021,9
2021-03-14,83.04067946680627,kašalj,2021,10
2021-03-21,75.81975081751875,kašalj,2021,11
2021-03-28,57.76742919430001,kašalj,2021,12
2021-04-04,81.23544730448438,kašalj,2021,13
2021-04-11,36.104643246437504,kašalj,2021,14
2021-04-18,55.962197031978135,kašalj,2021,15
2021-04-25,86.65114379145001,kašalj,2021,16
2021-05-02,74.01451865519688,kašalj,2021,17
2021-05-09,59.57266135662188,kašalj,2021,18
2021-05-16,37.909875408759376,kašalj,2021,19
2021-05-23,52.35173270733438,kašalj,2021,20
2021-05-30,61.37789351894376,kašalj,2021,21
2021-06-06,39.715107571081255,kašalj,2021,22
2021-06-13,54.15696486965626,kašalj,2021,23
2021-06-20,0.0,kašalj,2021,24
2021-06-27,36.104643246437504,kašalj,2021,25
2021-07-04,39.715107571081255,kašalj,2021,26
2021-07-11,0.0,kašalj,2021,27
2021-07-18,34.29941108411563,kašalj,2021,28
2021-07-25,46.93603622036875,kašalj,2021,29
2021-08-01,57.76742919430001,kašalj,2021,30
2021-08-08,46.93603622036875,kašalj,2021,31
2021-08-15,57.76742919430001,kašalj,2021,32
2021-08-22,92.06684027841564,kašalj,2021,33
2021-08-29,45.13080405804688,kašalj,2021,34
2021-09-05,97.48253676538128,kašalj,2021,35
2021-09-12,115.5348583886,kašalj,2021,36
2021-09-19,106.50869757699064,kašalj,2021,37
2021-09-26,148.02903731039376,kašalj,2021,38
2021-10-03,113.72962622627814,kašalj,2021,39
2021-10-10,133.58718001181876,kašalj,2021,40
2021-10-17,167.8865910959344,kašalj,2021,41
2021-10-24,153.4447337973594,kašalj,2021,42
2021-10-31,126.36625136253129,kašalj,2021,43
2021-11-07,122.75578703788752,kašalj,2021,44
2021-11-14,92.06684027841564,kašalj,2021,45
2021-11-21,59.57266135662188,kašalj,2021,46
2021-11-28,83.04067946680627,kašalj,2021,47
2021-12-05,93.87207244073753,kašalj,2021,48
2021-12-12,104.70346541466876,kašalj,2021,49
2021-12-19,63.18312568126563,kašalj,2021,50
2021-12-26,137.19764433646253,kašalj,2021,51
2022-01-02,133.58718001181876,kašalj,2021,52
2022-01-09,157.05519812200313,kašalj,2022,1
2022-01-16,119.14532271324376,kašalj,2022,2
2022-01-23,180.5232162321875,kašalj,2022,3
2022-01-30,142.61334082342813,kašalj,2022,4
2022-02-06,113.72962622627814,kašalj,2022,5
2022-02-13,102.89823325234688,kašalj,2022,6
2022-02-20,79.43021514216251,kašalj,2022,7
2022-02-27,74.01451865519688,kašalj,2022,8
2022-03-06,55.962197031978135,kašalj,2022,9
2022-03-13,83.04067946680627,kašalj,2022,10
2022-03-20,92.06684027841564,kašalj,2022,11
2022-03-27,101.093001090025,kašalj,2022,12
2022-04-03,106.50869757699064,kašalj,2022,13
2022-04-10,93.87207244073753,kašalj,2022,14
2022-04-17,81.23544730448438,kašalj,2022,15
2022-04-24,106.50869757699064,kašalj,2022,16
2022-05-01,93.87207244073753,kašalj,2022,17
2022-05-08,79.43021514216251,kašalj,2022,18
2022-05-15,66.79359000590938,kašalj,2022,19
2022-05-22,55.962197031978135,kašalj,2022,20
2022-05-29,50.546500545012506,kašalj,2022,21
2022-06-05,59.57266135662188,kašalj,2022,22
2022-06-12,70.40405433055314,kašalj,2022,23
2022-06-19,66.79359000590938,kašalj,2022,24
2022-06-26,63.18312568126563,kašalj,2022,25
2022-07-03,37.909875408759376,kašalj,2022,26
2022-07-10,68.59882216823127,kašalj,2022,27
2022-07-17,64.98835784358751,kašalj,2022,28
2022-07-24,50.546500545012506,kašalj,2022,29
2022-07-31,52.35173270733438,kašalj,2022,30
2022-08-07,88.45637595377188,kašalj,2022,31
2022-08-14,59.57266135662188,kašalj,2022,32
2022-08-21,46.93603622036875,kašalj,2022,33
2022-08-28,52.35173270733438,kašalj,2022,34
2022-09-04,75.81975081751875,kašalj,2022,35
2022-09-11,83.04067946680627,kašalj,2022,36
2022-09-18,72.20928649287501,kašalj,2022,37
2022-09-25,81.23544730448438,kašalj,2022,38
2022-10-02,101.093001090025,kašalj,2022,39
2022-10-09,99.28776892770314,kašalj,2022,40
2022-10-16,92.06684027841564,kašalj,2022,41
2022-10-23,111.92439406395629,kašalj,2022,42
2022-10-30,128.17148352485313,kašalj,2022,43
2022-11-06,146.2238051480719,kašalj,2022,44
2022-11-13,92.06684027841564,kašalj,2022,45
2022-11-20,99.28776892770314,kašalj,2022,46
2022-11-27,120.95055487556564,kašalj,2022,47
2022-12-04,110.1191619016344,kašalj,2022,48
2022-12-11,139.0028764987844,kašalj,2022,49
2022-12-18,108.31392973931251,kašalj,2022,50
2022-12-25,153.4447337973594,kašalj,2022,51
2023-01-01,171.49705542057814,kašalj,2022,52
2023-01-08,128.17148352485313,kašalj,2023,1
2023-01-15,128.17148352485313,kašalj,2023,2
2023-01-22,106.50869757699064,kašalj,2023,3
2023-01-29,129.97671568717502,kašalj,2023,4
2023-02-05,142.61334082342813,kašalj,2023,5
2023-02-12,140.80810866110627,kašalj,2023,6
2023-02-19,137.19764433646253,kašalj,2023,7
2023-02-26,92.06684027841564,kašalj,2023,8
2023-03-05,117.34009055092189,kašalj,2023,9
2023-03-12,88.45637595377188,kašalj,2023,10
2023-03-19,81.23544730448438,kašalj,2023,11
2023-03-26,74.01451865519688,kašalj,2023,12
2023-04-02,101.093001090025,kašalj,2023,13
2023-04-09,95.67730460305938,kašalj,2023,14
2023-04-16,72.20928649287501,kašalj,2023,15
2023-04-23,66.79359000590938,kašalj,2023,16
2023-04-30,68.59882216823127,kašalj,2023,17
2023-05-07,63.18312568126563,kašalj,2023,18
2023-05-14,43.325571895725005,kašalj,2023,19
2023-05-21,59.57266135662188,kašalj,2023,20
2023-05-28,74.01451865519688,kašalj,2023,21
2023-06-04,77.62498297984064,kašalj,2023,22
2023-06-11,63.18312568126563,kašalj,2023,23
2023-06-18,61.37789351894376,kašalj,2023,24
2023-06-25,52.35173270733438,kašalj,2023,25
2023-07-02,75.81975081751875,kašalj,2023,26
2023-07-09,49.04594017127997,kašalj,2023,27
2023-07-16,43.275829562894096,kašalj,2023,28
2023-07-23,51.93099547547291,kašalj,2023,29
2023-07-30,63.471216692244674,kašalj,2023,30
2023-08-06,77.89649321320937,kašalj,2023,31
2023-08-13,63.471216692244674,kašalj,2023,32
2023-08-20,34.62066365031528,kašalj,2023,33
2023-08-27,49.04594017127997,kašalj,2023,34
2023-09-03,63.471216692244674,kašalj,2023,35
2023-09-10,69.24132730063056,kašalj,2023,36
2023-09-17,80.78154851740231,kašalj,2023,37
2023-09-24,103.86199095094582,kašalj,2023,38
2023-10-01,92.32176973417408,kašalj,2023,39
2023-10-08,77.89649321320937,kašalj,2023,40
2023-10-15,144.25276520964698,kašalj,2023,41
2023-10-22,126.94243338448936,kašalj,2023,42
2023-10-29,138.48265460126112,kašalj,2023,43
2023-11-05,115.40221216771758,kašalj,2023,44
2023-11-12,138.48265460126112,kašalj,2023,45
2023-11-19,138.48265460126112,kašalj,2023,46
2023-11-26,196.1837606851199,kašalj,2023,47
2023-12-03,181.7584841641552,kašalj,2023,48
2023-12-10,210.6090372060846,kašalj,2023,49
2023-12-17,201.95387129350576,kašalj,2023,50
2023-12-24,204.8389265976987,kašalj,2023,51
2023-12-31,259.65497737736456,kašalj,2023,52
2024-01-07,288.50553041929396,kašalj,2024,1
2024-01-14,187.52859477254108,kašalj,2024,2
2024-01-21,147.13782051383993,kašalj,2024,3
2024-01-28,288.50553041929396,kašalj,2024,4
2024-02-04,230.80442433543516,kašalj,2024,5
2024-02-11,138.48265460126112,kašalj,2024,6
2024-02-18,109.6321015593317,kašalj,2024,7
2024-02-25,57.70110608385879,kašalj,2024,8
2024-03-03,100.97693564675288,kašalj,2024,9
2024-03-10,66.35627199643761,kašalj,2024,10
2024-03-17,83.66660382159525,kašalj,2024,11
2024-03-24,60.586161388051735,kašalj,2024,12
2024-03-31,46.160884867087034,kašalj,2024,13
2024-04-07,75.01143790901644,kašalj,2024,14
2024-04-14,69.24132730063056,kašalj,2024,15
2024-04-21,57.70110608385879,kašalj,2024,16
2024-04-28,54.81605077966585,kašalj,2024,17
2024-05-05,51.93099547547291,kašalj,2024,18
2024-05-12,46.160884867087034,kašalj,2024,19
2024-05-19,54.81605077966585,kašalj,2024,20
2024-05-26,63.471216692244674,kašalj,2024,21
2024-06-02,49.04594017127997,kašalj,2024,22
2024-06-09,63.471216692244674,kašalj,2024,23
2024-06-16,46.160884867087034,kašalj,2024,24
2024-06-23,51.93099547547291,kašalj,2024,25
2024-06-30,0.0,kašalj,2024,26
2024-07-07,34.62066365031528,kašalj,2024,27
2024-07-14,31.735608346122337,kašalj,2024,28
2024-07-21,0.0,kašalj,2024,29
2024-07-28,60.586161388051735,kašalj,2024,30
2024-08-04,34.62066365031528,kašalj,2024,31
2024-08-11,57.70110608385879,kašalj,2024,32
2024-08-18,0.0,kašalj,2024,33
2024-08-25,37.50571895450822,kašalj,2024,34
2024-09-01,54.81605077966585,kašalj,2024,35
2024-09-08,0.0,kašalj,2024,36
2024-09-15,51.93099547547291,kašalj,2024,37
2024-09-22,46.160884867087034,kašalj,2024,38
2024-09-29,46.160884867087034,kašalj,2024,39
2024-10-06,92.32176973417408,kašalj,2024,40
2024-10-13,77.89649321320937,kašalj,2024,41
2024-10-20,98.09188034255996,kašalj,2024,42
2024-10-27,77.89649321320937,kašalj,2024,43
2024-11-03,95.206825038367,kašalj,2024,44
2024-11-10,80.78154851740231,kašalj,2024,45
2024-11-17,75.01143790901644,kašalj,2024,46
2024-11-24,98.09188034255996,kašalj,2024,47
2024-12-01,89.43671442998112,kašalj,2024,48
2024-12-08,72.12638260482349,kašalj,2024,49
2024-12-15,106.74704625513876,kašalj,2024,50
2024-12-22,69.24132730063056,kašalj,2024,51
2024-12-29,77.89649321320937,kašalj,2024,52
2013-01-06,48.0,bol u grlu,2013,1
2013-01-13,32.0,bol u grlu,2013,2
2013-01-20,0.0,bol u grlu,2013,3
2013-01-27,0.0,bol u grlu,2013,4
2013-02-03,38.0,bol u grlu,2013,5
2013-02-10,49.0,bol u grlu,2013,6
2013-02-17,32.0,bol u grlu,2013,7
2013-02-24,0.0,bol u grlu,2013,8
2013-03-03,41.0,bol u grlu,2013,9
2013-03-10,38.0,bol u grlu,2013,10
2013-03-17,31.0,bol u grlu,2013,11
2013-03-24,38.0,bol u grlu,2013,12
2013-03-31,0.0,bol u grlu,2013,13
2013-04-07,47.0,bol u grlu,2013,14
2013-04-14,38.0,bol u grlu,2013,15
2013-04-21,39.0,bol u grlu,2013,16
2013-04-28,68.0,bol u grlu,2013,17
2013-05-05,48.0,bol u grlu,2013,18
2013-05-12,0.0,bol u grlu,2013,19
2013-05-19,39.0,bol u grlu,2013,20
2013-05-26,0.0,bol u grlu,2013,21
2013-06-02,33.0,bol u grlu,2013,22
2013-06-09,59.0,bol u grlu,2013,23
2013-06-16,0.0,bol u grlu,2013,24
2013-06-23,0.0,bol u grlu,2013,25
2013-06-30,0.0,bol u grlu,2013,26
2013-07-07,0.0,bol u grlu,2013,27
2013-07-14,0.0,bol u grlu,2013,28
2013-07-21,44.0,bol u grlu,2013,29
2013-07-28,0.0,bol u grlu,2013,30
2013-08-04,0.0,bol u grlu,2013,31
2013-08-11,0.0,bol u grlu,2013,32
2013-08-18,0.0,bol u grlu,2013,33
2013-08-25,42.0,bol u grlu,2013,34
2013-09-01,0.0,bol u grlu,2013,35
2013-09-08,0.0,bol u grlu,2013,36
2013-09-15,32.0,bol u grlu,2013,37
2013-09-22,0.0,bol u grlu,2013,38
2013-09-29,47.0,bol u grlu,2013,39
2013-10-06,52.0,bol u grlu,2013,40
2013-10-13,40.0,bol u grlu,2013,41
2013-10-20,36.0,bol u grlu,2013,42
2013-10-27,57.0,bol u grlu,2013,43
2013-11-03,30.0,bol u grlu,2013,44
2013-11-10,45.0,bol u grlu,2013,45
2013-11-17,51.0,bol u grlu,2013,46
2013-11-24,43.0,bol u grlu,2013,47
2013-12-01,34.0,bol u grlu,2013,48
2013-12-08,61.0,bol u grlu,2013,49
2013-12-15,31.0,bol u grlu,2013,50
2013-12-22,0.0,bol u grlu,2013,51
2013-12-29,32.0,bol u grlu,2013,52
2014-01-05,52.0,bol u grlu,2014,1
2014-01-12,38.0,bol u grlu,2014,2
2014-01-19,35.0,bol u grlu,2014,3
2014-01-26,26.0,bol u grlu,2014,4
2014-02-02,38.0,bol u grlu,2014,5
2014-02-09,46.0,bol u grlu,2014,6
2014-02-16,30.0,bol u grlu,2014,7
2014-02-23,37.0,bol u grlu,2014,8
2014-03-02,66.0,bol u grlu,2014,9
2014-03-09,41.0,bol u grlu,2014,10
2014-03-16,58.0,bol u grlu,2014,11
2014-03-23,52.0,bol u grlu,2014,12
2014-03-30,45.0,bol u grlu,2014,13
2014-04-06,38.0,bol u grlu,2014,14
2014-04-13,29.0,bol u grlu,2014,15
2014-04-20,62.0,bol u grlu,2014,16
2014-04-27,52.0,bol u grlu,2014,17
2014-05-04,45.0,bol u grlu,2014,18
2014-05-11,49.0,bol u grlu,2014,19
2014-05-18,59.0,bol u grlu,2014,20
2014-05-25,52.0,bol u grlu,2014,21
2014-06-01,37.0,bol u grlu,2014,22
2014-06-08,42.0,bol u grlu,2014,23
2014-06-15,47.0,bol u grlu,2014,24
2014-06-22,0.0,bol u grlu,2014,25
2014-06-29,0.0,bol u grlu,2014,26
2014-07-06,0.0,bol u grlu,2014,27
2014-07-13,35.0,bol u grlu,2014,28
2014-07-20,0.0,bol u grlu,2014,29
2014-07-27,36.0,bol u grlu,2014,30
2014-08-03,39.0,bol u grlu,2014,31
2014-08-10,0.0,bol u grlu,2014,32
2014-08-17,52.0,bol u grlu,2014,33
2014-08-24,52.0,bol u grlu,2014,34
2014-08-31,53.0,bol u grlu,2014,35
2014-09-07,87.0,bol u grlu,2014,36
2014-09-14,64.0,bol u grlu,2014,37
2014-09-21,72.0,bol u grlu,2014,38
2014-09-28,66.0,bol u grlu,2014,39
2014-10-05,61.0,bol u grlu,2014,40
2014-10-12,44.0,bol u grlu,2014,41
2014-10-19,49.0,bol u grlu,2014,42
2014-10-26,0.0,bol u grlu,2014,43
2014-11-02,60.0,bol u grlu,2014,44
2014-11-09,65.0,bol u grlu,2014,45
2014-11-16,40.0,bol u grlu,2014,46
2014-11-23,37.0,bol u grlu,2014,47
2014-11-30,100.0,bol u grlu,2014,48
2014-12-07,41.0,bol u grlu,2014,49
2014-12-14,59.0,bol u grlu,2014,50
2014-12-21,48.0,bol u grlu,2014,51
2014-12-28,68.0,bol u grlu,2014,52
2015-01-04,80.0,bol u grlu,2015,1
2015-01-11,68.0,bol u grlu,2015,2
2015-01-18,58.0,bol u grlu,2015,3
2015-01-25,63.0,bol u grlu,2015,4
2015-02-01,98.0,bol u grlu,2015,5
2015-02-08,65.0,bol u grlu,2015,6
2015-02-15,57.0,bol u grlu,2015,7
2015-02-22,62.0,bol u grlu,2015,8
2015-03-01,66.0,bol u grlu,2015,9
2015-03-08,72.0,bol u grlu,2015,10
2015-03-15,55.0,bol u grlu,2015,11
2015-03-22,73.0,bol u grlu,2015,12
2015-03-29,72.0,bol u grlu,2015,13
2015-04-05,78.0,bol u grlu,2015,14
2015-04-12,65.0,bol u grlu,2015,15
2015-04-19,60.0,bol u grlu,2015,16
2015-04-26,56.0,bol u grlu,2015,17
2015-05-03,55.0,bol u grlu,2015,18
2015-05-10,36.0,bol u grlu,2015,19
2015-05-17,47.0,bol u grlu,2015,20
2015-05-24,53.0,bol u grlu,2015,21
2015-05-31,51.0,bol u grlu,2015,22
2015-06-07,64.0,bol u grlu,2015,23
2015-06-14,46.0,bol u grlu,2015,24
2015-06-21,40.0,bol u grlu,2015,25
2015-06-28,63.0,bol u grlu,2015,26
2015-07-05,36.0,bol u grlu,2015,27
2015-07-12,50.0,bol u grlu,2015,28
2015-07-19,0.0,bol u grlu,2015,29
2015-07-26,40.0,bol u grlu,2015,30
2015-08-02,55.0,bol u grlu,2015,31
2015-08-09,64.0,bol u grlu,2015,32
2015-08-16,0.0,bol u grlu,2015,33
2015-08-23,55.0,bol u grlu,2015,34
2015-08-30,58.0,bol u grlu,2015,35
2015-09-06,40.0,bol u grlu,2015,36
2015-09-13,44.0,bol u grlu,2015,37
2015-09-20,47.0,bol u grlu,2015,38
2015-09-27,64.0,bol u grlu,2015,39
2015-10-04,77.0,bol u grlu,2015,40
2015-10-11,54.0,bol u grlu,2015,41
2015-10-18,59.0,bol u grlu,2015,42
2015-10-25,67.0,bol u grlu,2015,43
2015-11-01,57.0,bol u grlu,2015,44
2015-11-08,40.0,bol u grlu,2015,45
2015-11-15,45.0,bol u grlu,2015,46
2015-11-22,51.0,bol u grlu,2015,47
2015-11-29,70.0,bol u grlu,2015,48
2015-12-06,88.0,bol u grlu,2015,49
2015-12-13,67.0,bol u grlu,2015,50
2015-12-20,86.0,bol u grlu,2015,51
2015-12-27,96.0,bol u grlu,2015,52
2016-01-03,51.151490066225165,bol u grlu,2015,53
2016-01-10,72.5637417218543,bol u grlu,2016,1
2016-01-17,57.09933774834437,bol u grlu,2016,2
2016-01-24,58.28890728476821,bol u grlu,2016,3
2016-01-31,76.13245033112582,bol u grlu,2016,4
2016-02-07,39.25579470198675,bol u grlu,2016,5
2016-02-14,63.04718543046357,bol u grlu,2016,6
2016-02-21,84.4594370860927,bol u grlu,2016,7
2016-02-28,64.23675496688742,bol u grlu,2016,8
2016-03-06,64.23675496688742,bol u grlu,2016,9
2016-03-13,79.70115894039735,bol u grlu,2016,10
2016-03-20,84.4594370860927,bol u grlu,2016,11
2016-03-27,101.11341059602648,bol u grlu,2016,12
2016-04-03,68.99503311258277,bol u grlu,2016,13
2016-04-10,40.44536423841059,bol u grlu,2016,14
2016-04-17,72.5637417218543,bol u grlu,2016,15
2016-04-24,83.26986754966887,bol u grlu,2016,16
2016-05-01,59.47847682119205,bol u grlu,2016,17
2016-05-08,39.25579470198675,bol u grlu,2016,18
2016-05-15,53.53062913907284,bol u grlu,2016,19
2016-05-22,52.34105960264901,bol u grlu,2016,20
2016-05-29,33.30794701986755,bol u grlu,2016,21
2016-06-05,30.928807947019862,bol u grlu,2016,22
2016-06-12,61.85761589403973,bol u grlu,2016,23
2016-06-19,55.90976821192053,bol u grlu,2016,24
2016-06-26,55.90976821192053,bol u grlu,2016,25
2016-07-03,51.151490066225165,bol u grlu,2016,26
2016-07-10,38.06622516556291,bol u grlu,2016,27
2016-07-17,51.151490066225165,bol u grlu,2016,28
2016-07-24,45.20364238410596,bol u grlu,2016,29
2016-07-31,51.151490066225165,bol u grlu,2016,30
2016-08-07,48.77235099337748,bol u grlu,2016,31
2016-08-14,0.0,bol u grlu,2016,32
2016-08-21,42.82450331125827,bol u grlu,2016,33
2016-08-28,57.09933774834437,bol u grlu,2016,34
2016-09-04,58.28890728476821,bol u grlu,2016,35
2016-09-11,0.0,bol u grlu,2016,36
2016-09-18,63.04718543046357,bol u grlu,2016,37
2016-09-25,74.94288079470198,bol u grlu,2016,38
2016-10-02,93.97599337748343,bol u grlu,2016,39
2016-10-09,60.66804635761589,bol u grlu,2016,40
2016-10-16,72.5637417218543,bol u grlu,2016,41
2016-10-23,104.682119205298,bol u grlu,2016,42
2016-10-30,64.23675496688742,bol u grlu,2016,43
2016-11-06,83.26986754966887,bol u grlu,2016,44
2016-11-13,73.75331125827815,bol u grlu,2016,45
2016-11-20,70.18460264900662,bol u grlu,2016,46
2016-11-27,71.37417218543047,bol u grlu,2016,47
2016-12-04,46.3932119205298,bol u grlu,2016,48
2016-12-11,86.8385761589404,bol u grlu,2016,49
2016-12-18,101.11341059602648,bol u grlu,2016,50
2016-12-25,103.49254966887416,bol u grlu,2016,51
2017-01-01,72.5637417218543,bol u grlu,2016,52
2017-01-08,78.5115894039735,bol u grlu,2017,1
2017-01-15,38.06622516556291,bol u grlu,2017,2
2017-01-22,78.5115894039735,bol u grlu,2017,3
2017-01-29,77.32201986754967,bol u grlu,2017,4
2017-02-05,84.4594370860927,bol u grlu,2017,5
2017-02-12,66.6158940397351,bol u grlu,2017,6
2017-02-19,63.04718543046357,bol u grlu,2017,7
2017-02-26,92.7864238410596,bol u grlu,2017,8
2017-03-05,78.5115894039735,bol u grlu,2017,9
2017-03-12,80.89072847682118,bol u grlu,2017,10
2017-03-19,66.6158940397351,bol u grlu,2017,11
2017-03-26,77.32201986754967,bol u grlu,2017,12
2017-04-02,73.75331125827815,bol u grlu,2017,13
2017-04-09,77.32201986754967,bol u grlu,2017,14
2017-04-16,59.47847682119205,bol u grlu,2017,15
2017-04-23,64.23675496688742,bol u grlu,2017,16
2017-04-30,78.5115894039735,bol u grlu,2017,17
2017-05-07,70.18460264900662,bol u grlu,2017,18
2017-05-14,82.08029801324503,bol u grlu,2017,19
2017-05-21,60.66804635761589,bol u grlu,2017,20
2017-05-28,71.37417218543047,bol u grlu,2017,21
2017-06-04,48.77235099337748,bol u grlu,2017,22
2017-06-11,46.3932119205298,bol u grlu,2017,23
2017-06-18,54.72019867549669,bol u grlu,2017,24
2017-06-25,55.90976821192053,bol u grlu,2017,25
2017-07-02,61.85761589403973,bol u grlu,2017,26
2017-07-09,45.20364238410596,bol u grlu,2017,27
2017-07-16,51.151490066225165,bol u grlu,2017,28
2017-07-23,40.44536423841059,bol u grlu,2017,29
2017-07-30,0.0,bol u grlu,2017,30
2017-08-06,61.85761589403973,bol u grlu,2017,31
2017-08-13,44.014072847682115,bol u grlu,2017,32
2017-08-20,85.64900662251655,bol u grlu,2017,33
2017-08-27,52.34105960264901,bol u grlu,2017,34
2017-09-03,54.72019867549669,bol u grlu,2017,35
2017-09-10,74.94288079470198,bol u grlu,2017,36
2017-09-17,54.72019867549669,bol u grlu,2017,37
2017-09-24,96.35513245033113,bol u grlu,2017,38
2017-10-01,78.5115894039735,bol u grlu,2017,39
2017-10-08,68.99503311258277,bol u grlu,2017,40
2017-10-15,66.6158940397351,bol u grlu,2017,41
2017-10-22,65.42632450331125,bol u grlu,2017,42
2017-10-29,48.77235099337748,bol u grlu,2017,43
2017-11-05,67.80546357615894,bol u grlu,2017,44
2017-11-12,86.8385761589404,bol u grlu,2017,45
2017-11-19,53.53062913907284,bol u grlu,2017,46
2017-11-26,61.85761589403973,bol u grlu,2017,47
2017-12-03,55.90976821192053,bol u grlu,2017,48
2017-12-10,86.8385761589404,bol u grlu,2017,49
2017-12-17,76.13245033112582,bol u grlu,2017,50
2017-12-24,99.92384105960264,bol u grlu,2017,51
2017-12-31,98.7342715231788,bol u grlu,2017,52
2018-01-07,95.16556291390728,bol u grlu,2018,1
2018-01-14,95.16556291390728,bol u grlu,2018,2
2018-01-21,90.40728476821192,bol u grlu,2018,3
2018-01-28,95.16556291390728,bol u grlu,2018,4
2018-02-04,102.30298013245032,bol u grlu,2018,5
2018-02-11,84.4594370860927,bol u grlu,2018,6
2018-02-18,74.94288079470198,bol u grlu,2018,7
2018-02-25,71.37417218543047,bol u grlu,2018,8
2018-03-04,107.06125827814569,bol u grlu,2018,9
2018-03-11,88.02814569536423,bol u grlu,2018,10
2018-03-18,70.18460264900662,bol u grlu,2018,11
2018-03-25,118.9569536423841,bol u grlu,2018,12
2018-04-01,71.37417218543047,bol u grlu,2018,13
2018-04-08,67.80546357615894,bol u grlu,2018,14
2018-04-15,60.66804635761589,bol u grlu,2018,15
2018-04-22,59.47847682119205,bol u grlu,2018,16
2018-04-29,64.23675496688742,bol u grlu,2018,17
2018-05-06,59.47847682119205,bol u grlu,2018,18
2018-05-13,41.63493377483444,bol u grlu,2018,19
2018-05-20,0.0,bol u grlu,2018,20
2018-05-27,91.59685430463576,bol u grlu,2018,21
2018-06-03,49.96192052980132,bol u grlu,2018,22
2018-06-10,54.72019867549669,bol u grlu,2018,23
2018-06-17,53.53062913907284,bol u grlu,2018,24
2018-06-24,66.6158940397351,bol u grlu,2018,25
2018-07-01,58.28890728476821,bol u grlu,2018,26
2018-07-08,65.47487836194081,bol u grlu,2018,27
2018-07-15,63.21712393566699,bol u grlu,2018,28
2018-07-22,79.02140491958373,bol u grlu,2018,29
2018-07-29,49.67059737802406,bol u grlu,2018,30
2018-08-05,65.47487836194081,bol u grlu,2018,31
2018-08-12,67.73263278821463,bol u grlu,2018,32
2018-08-19,65.47487836194081,bol u grlu,2018,33
2018-08-26,69.99038721448845,bol u grlu,2018,34
2018-09-02,58.70161508311934,bol u grlu,2018,35
2018-09-09,65.47487836194081,bol u grlu,2018,36
2018-09-16,67.73263278821463,bol u grlu,2018,37
2018-09-23,60.95936950939316,bol u grlu,2018,38
2018-09-30,76.76365049330991,bol u grlu,2018,39
2018-10-07,74.50589606703609,bol u grlu,2018,40
2018-10-14,74.50589606703609,bol u grlu,2018,41
2018-10-21,74.50589606703609,bol u grlu,2018,42
2018-10-28,90.31017705095284,bol u grlu,2018,43
2018-11-04,74.50589606703609,bol u grlu,2018,44
2018-11-11,69.99038721448845,bol u grlu,2018,45
2018-11-18,81.27915934585755,bol u grlu,2018,46
2018-11-25,90.31017705095284,bol u grlu,2018,47
2018-12-02,83.53691377213137,bol u grlu,2018,48
2018-12-09,83.53691377213137,bol u grlu,2018,49
2018-12-16,88.05242262467901,bol u grlu,2018,50
2018-12-23,108.3722124611434,bol u grlu,2018,51
2018-12-30,126.43424787133398,bol u grlu,2018,52
2019-01-06,99.34119475604813,bol u grlu,2019,1
2019-01-13,85.79466819840519,bol u grlu,2019,2
2019-01-20,97.0834403297743,bol u grlu,2019,3
2019-01-27,110.62996688741724,bol u grlu,2019,4
2019-02-03,117.40323016623869,bol u grlu,2019,5
2019-02-10,99.34119475604813,bol u grlu,2019,6
2019-02-17,76.76365049330991,bol u grlu,2019,7
2019-02-24,79.02140491958373,bol u grlu,2019,8
2019-03-03,97.0834403297743,bol u grlu,2019,9
2019-03-10,76.76365049330991,bol u grlu,2019,10
2019-03-17,67.73263278821463,bol u grlu,2019,11
2019-03-24,58.70161508311934,bol u grlu,2019,12
2019-03-31,81.27915934585755,bol u grlu,2019,13
2019-04-07,49.67059737802406,bol u grlu,2019,14
2019-04-14,69.99038721448845,bol u grlu,2019,15
2019-04-21,81.27915934585755,bol u grlu,2019,16
2019-04-28,115.14547573996488,bol u grlu,2019,17
2019-05-05,56.44386065684552,bol u grlu,2019,18
2019-05-12,76.76365049330991,bol u grlu,2019,19
2019-05-19,74.50589606703609,bol u grlu,2019,20
2019-05-26,74.50589606703609,bol u grlu,2019,21
2019-06-02,92.56793147722668,bol u grlu,2019,22
2019-06-09,85.79466819840519,bol u grlu,2019,23
2019-06-16,60.95936950939316,bol u grlu,2019,24
2019-06-23,42.897334099202595,bol u grlu,2019,25
2019-06-30,45.155088525476415,bol u grlu,2019,26
2019-07-07,33.866316394107315,bol u grlu,2019,27
2019-07-14,38.381825246654955,bol u grlu,2019,28
2019-07-21,67.73263278821463,bol u grlu,2019,29
2019-07-28,45.155088525476415,bol u grlu,2019,30
2019-08-04,63.21712393566699,bol u grlu,2019,31
2019-08-11,36.124070820381135,bol u grlu,2019,32
2019-08-18,72.24814164076227,bol u grlu,2019,33
2019-08-25,65.47487836194081,bol u grlu,2019,34
2019-09-01,65.47487836194081,bol u grlu,2019,35
2019-09-08,63.21712393566699,bol u grlu,2019,36
2019-09-15,97.0834403297743,bol u grlu,2019,37
2019-09-22,108.3722124611434,bol u grlu,2019,38
2019-09-29,81.27915934585755,bol u grlu,2019,39
2019-10-06,72.24814164076227,bol u grlu,2019,40
2019-10-13,81.27915934585755,bol u grlu,2019,41
2019-10-20,72.24814164076227,bol u grlu,2019,42
2019-10-27,74.50589606703609,bol u grlu,2019,43
2019-11-03,79.02140491958373,bol u grlu,2019,44
2019-11-10,69.99038721448845,bol u grlu,2019,45
2019-11-17,60.95936950939316,bol u grlu,2019,46
2019-11-24,81.27915934585755,bol u grlu,2019,47
2019-12-01,69.99038721448845,bol u grlu,2019,48
2019-12-08,69.99038721448845,bol u grlu,2019,49
2019-12-15,85.79466819840519,bol u grlu,2019,50
2019-12-22,51.92835180429788,bol u grlu,2019,51
2019-12-29,83.53691377213137,bol u grlu,2019,52
2020-01-05,83.53691377213137,bol u grlu,2020,1
2020-01-12,85.79466819840519,bol u grlu,2020,2
2020-01-19,97.0834403297743,bol u grlu,2020,3
2020-01-26,117.40323016623869,bol u grlu,2020,4
2020-02-02,126.43424787133398,bol u grlu,2020,5
2020-02-09,88.05242262467901,bol u grlu,2020,6
2020-02-16,85.79466819840519,bol u grlu,2020,7
2020-02-23,81.27915934585755,bol u grlu,2020,8
2020-03-01,90.31017705095284,bol u grlu,2020,9
2020-03-08,130.94975672388162,bol u grlu,2020,10
2020-03-15,225.7754426273821,bol u grlu,2020,11
2020-03-22,189.65137180700097,bol u grlu,2020,12
2020-03-29,169.33158197053658,bol u grlu,2020,13
2020-04-05,133.20751115015543,bol u grlu,2020,14
2020-04-12,99.34119475604813,bol u grlu,2020,15
2020-04-19,81.27915934585755,bol u grlu,2020,16
2020-04-26,45.155088525476415,bol u grlu,2020,17
2020-05-03,58.70161508311934,bol u grlu,2020,18
2020-05-10,45.155088525476415,bol u grlu,2020,19
2020-05-17,36.124070820381135,bol u grlu,2020,20
2020-05-24,54.1861062305717,bol u grlu,2020,21
2020-05-31,42.897334099202595,bol u grlu,2020,22
2020-06-07,63.21712393566699,bol u grlu,2020,23
2020-06-14,85.79466819840519,bol u grlu,2020,24
2020-06-21,85.79466819840519,bol u grlu,2020,25
2020-06-28,155.78505541289366,bol u grlu,2020,26
2020-07-05,164.81607311798894,bol u grlu,2020,27
2020-07-12,146.75403770779835,bol u grlu,2020,28
2020-07-19,121.91873901878633,bol u grlu,2020,29
2020-07-26,88.05242262467901,bol u grlu,2020,30
2020-08-02,67.73263278821463,bol u grlu,2020,31
2020-08-09,69.99038721448845,bol u grlu,2020,32
2020-08-16,76.76365049330991,bol u grlu,2020,33
2020-08-23,81.27915934585755,bol u grlu,2020,34
2020-08-30,76.76365049330991,bol u grlu,2020,35
2020-09-06,106.1144580348696,bol u grlu,2020,36
2020-09-13,88.05242262467901,bol u grlu,2020,37
2020-09-20,103.85670360859577,bol u grlu,2020,38
2020-09-27,72.24814164076227,bol u grlu,2020,39
2020-10-04,81.27915934585755,bol u grlu,2020,40
2020-10-11,97.0834403297743,bol u grlu,2020,41
2020-10-18,88.05242262467901,bol u grlu,2020,42
2020-10-25,92.56793147722668,bol u grlu,2020,43
2020-11-01,90.31017705095284,bol u grlu,2020,44
2020-11-08,99.34119475604813,bol u grlu,2020,45
2020-11-15,128.6920022976078,bol u grlu,2020,46
2020-11-22,117.40323016623869,bol u grlu,2020,47
2020-11-29,79.02140491958373,bol u grlu,2020,48
2020-12-06,72.24814164076227,bol u grlu,2020,49
2020-12-13,72.24814164076227,bol u grlu,2020,50
2020-12-20,88.05242262467901,bol u grlu,2020,51
2020-12-27,72.24814164076227,bol u grlu,2020,52
2021-01-03,75.7863876411085,bol u grlu,2020,53
2021-01-10,57.83698004189859,bol u grlu,2021,1
2021-01-17,49.859465553360856,bol u grlu,2021,2
2021-01-24,75.7863876411085,bol u grlu,2021,3
2021-01-31,75.7863876411085,bol u grlu,2021,4
2021-02-07,89.74703799604954,bol u grlu,2021,5
2021-02-14,93.7357952403184,bol u grlu,2021,6
2021-02-21,123.65147457233492,bol u grlu,2021,7
2021-02-28,81.7695235075118,bol u grlu,2021,8
2021-03-07,77.78076626324294,bol u grlu,2021,9
2021-03-14,89.74703799604954,bol u grlu,2021,10
2021-03-21,91.74141661818398,bol u grlu,2021,11
2021-03-28,91.74141661818398,bol u grlu,2021,12
2021-04-04,61.82573728616746,bol u grlu,2021,13
2021-04-11,41.88195106482312,bol u grlu,2021,14
2021-04-18,57.83698004189859,bol u grlu,2021,15
2021-04-25,83.76390212964624,bol u grlu,2021,16
2021-05-02,75.7863876411085,bol u grlu,2021,17
2021-05-09,67.80887315257077,bol u grlu,2021,18
2021-05-16,41.88195106482312,bol u grlu,2021,19
2021-05-23,63.820115908301894,bol u grlu,2021,20
2021-05-30,81.7695235075118,bol u grlu,2021,21
2021-06-06,77.78076626324294,bol u grlu,2021,22
2021-06-13,79.77514488537737,bol u grlu,2021,23
2021-06-20,79.77514488537737,bol u grlu,2021,24
2021-06-27,57.83698004189859,bol u grlu,2021,25
2021-07-04,89.74703799604954,bol u grlu,2021,26
2021-07-11,81.7695235075118,bol u grlu,2021,27
2021-07-18,75.7863876411085,bol u grlu,2021,28
2021-07-25,45.87070830909199,bol u grlu,2021,29
2021-08-01,59.831358664033026,bol u grlu,2021,30
2021-08-08,73.79200901897407,bol u grlu,2021,31
2021-08-15,85.75828075178067,bol u grlu,2021,32
2021-08-22,85.75828075178067,bol u grlu,2021,33
2021-08-29,93.7357952403184,bol u grlu,2021,34
2021-09-05,133.6233676830071,bol u grlu,2021,35
2021-09-12,121.65709595020049,bol u grlu,2021,36
2021-09-19,119.66271732806604,bol u grlu,2021,37
2021-09-26,103.70768835099058,bol u grlu,2021,38
2021-10-03,75.7863876411085,bol u grlu,2021,39
2021-10-10,107.69644559525943,bol u grlu,2021,40
2021-10-17,161.54466839288918,bol u grlu,2021,41
2021-10-24,145.5896394158137,bol u grlu,2021,42
2021-10-31,117.66833870593162,bol u grlu,2021,43
2021-11-07,117.66833870593162,bol u grlu,2021,44
2021-11-14,85.75828075178067,bol u grlu,2021,45
2021-11-21,69.8032517747052,bol u grlu,2021,46
2021-11-28,79.77514488537737,bol u grlu,2021,47
2021-12-05,103.70768835099058,bol u grlu,2021,48
2021-12-12,91.74141661818398,bol u grlu,2021,49
2021-12-19,117.66833870593162,bol u grlu,2021,50
2021-12-26,123.65147457233492,bol u grlu,2021,51
2022-01-02,199.43786221344345,bol u grlu,2021,52
2022-01-09,133.6233676830071,bol u grlu,2022,1
2022-01-16,107.69644559525943,bol u grlu,2022,2
2022-01-23,107.69644559525943,bol u grlu,2022,3
2022-01-30,113.67958146166276,bol u grlu,2022,4
2022-02-06,111.68520283952832,bol u grlu,2022,5
2022-02-13,79.77514488537737,bol u grlu,2022,6
2022-02-20,73.79200901897407,bol u grlu,2022,7
2022-02-27,63.820115908301894,bol u grlu,2022,8
2022-03-06,73.79200901897407,bol u grlu,2022,9
2022-03-13,99.71893110672173,bol u grlu,2022,10
2022-03-20,99.71893110672173,bol u grlu,2022,11
2022-03-27,91.74141661818398,bol u grlu,2022,12
2022-04-03,83.76390212964624,bol u grlu,2022,13
2022-04-10,67.80887315257077,bol u grlu,2022,14
2022-04-17,83.76390212964624,bol u grlu,2022,15
2022-04-24,97.72455248458728,bol u grlu,2022,16
2022-05-01,87.75265937391511,bol u grlu,2022,17
2022-05-08,97.72455248458728,bol u grlu,2022,18
2022-05-15,87.75265937391511,bol u grlu,2022,19
2022-05-22,55.84260141976416,bol u grlu,2022,20
2022-05-29,75.7863876411085,bol u grlu,2022,21
2022-06-05,71.79763039683964,bol u grlu,2022,22
2022-06-12,69.8032517747052,bol u grlu,2022,23
2022-06-19,89.74703799604954,bol u grlu,2022,24
2022-06-26,57.83698004189859,bol u grlu,2022,25
2022-07-03,73.79200901897407,bol u grlu,2022,26
2022-07-10,65.81449453043633,bol u grlu,2022,27
2022-07-17,69.8032517747052,bol u grlu,2022,28
2022-07-24,77.78076626324294,bol u grlu,2022,29
2022-07-31,95.73017386245284,bol u grlu,2022,30
2022-08-07,79.77514488537737,bol u grlu,2022,31
2022-08-14,99.71893110672173,bol u grlu,2022,32
2022-08-21,81.7695235075118,bol u grlu,2022,33
2022-08-28,65.81449453043633,bol u grlu,2022,34
2022-09-04,65.81449453043633,bol u grlu,2022,35
2022-09-11,69.8032517747052,bol u grlu,2022,36
2022-09-18,97.72455248458728,bol u grlu,2022,37
2022-09-25,83.76390212964624,bol u grlu,2022,38
2022-10-02,105.702066973125,bol u grlu,2022,39
2022-10-09,95.73017386245284,bol u grlu,2022,40
2022-10-16,107.69644559525943,bol u grlu,2022,41
2022-10-23,89.74703799604954,bol u grlu,2022,42
2022-10-30,89.74703799604954,bol u grlu,2022,43
2022-11-06,89.74703799604954,bol u grlu,2022,44
2022-11-13,89.74703799604954,bol u grlu,2022,45
2022-11-20,85.75828075178067,bol u grlu,2022,46
2022-11-27,79.77514488537737,bol u grlu,2022,47
2022-12-04,97.72455248458728,bol u grlu,2022,48
2022-12-11,81.7695235075118,bol u grlu,2022,49
2022-12-18,101.71330972885616,bol u grlu,2022,50
2022-12-25,101.71330972885616,bol u grlu,2022,51
2023-01-01,121.65709595020049,bol u grlu,2022,52
2023-01-08,119.66271732806604,bol u grlu,2023,1
2023-01-15,111.68520283952832,bol u grlu,2023,2
2023-01-22,97.72455248458728,bol u grlu,2023,3
2023-01-29,101.71330972885616,bol u grlu,2023,4
2023-02-05,73.79200901897407,bol u grlu,2023,5
2023-02-12,123.65147457233492,bol u grlu,2023,6
2023-02-19,91.74141661818398,bol u grlu,2023,7
2023-02-26,109.69082421739388,bol u grlu,2023,8
2023-03-05,89.74703799604954,bol u grlu,2023,9
2023-03-12,77.78076626324294,bol u grlu,2023,10
2023-03-19,85.75828075178067,bol u grlu,2023,11
2023-03-26,59.831358664033026,bol u grlu,2023,12
2023-04-02,75.7863876411085,bol u grlu,2023,13
2023-04-09,93.7357952403184,bol u grlu,2023,14
2023-04-16,97.72455248458728,bol u grlu,2023,15
2023-04-23,49.859465553360856,bol u grlu,2023,16
2023-04-30,75.7863876411085,bol u grlu,2023,17
2023-05-07,63.820115908301894,bol u grlu,2023,18
2023-05-14,75.7863876411085,bol u grlu,2023,19
2023-05-21,69.8032517747052,bol u grlu,2023,20
2023-05-28,75.7863876411085,bol u grlu,2023,21
2023-06-04,41.88195106482312,bol u grlu,2023,22
2023-06-11,77.78076626324294,bol u grlu,2023,23
2023-06-18,61.82573728616746,bol u grlu,2023,24
2023-06-25,55.84260141976416,bol u grlu,2023,25
2023-07-02,65.81449453043633,bol u grlu,2023,26
2023-07-09,59.226470202814234,bol u grlu,2023,27
2023-07-16,50.58927663157049,bol u grlu,2023,28
2023-07-23,59.226470202814234,bol u grlu,2023,29
2023-07-30,57.992585406922274,bol u grlu,2023,30
2023-08-06,38.25042867265086,bol u grlu,2023,31
2023-08-13,67.86366377405798,bol u grlu,2023,32
2023-08-20,45.65373744800264,bol u grlu,2023,33
2023-08-27,40.71819826443478,bol u grlu,2023,34
2023-09-03,71.56531816173387,bol u grlu,2023,35
2023-09-10,92.54135969189724,bol u grlu,2023,36
2023-09-17,62.92812459049012,bol u grlu,2023,37
2023-09-24,71.56531816173387,bol u grlu,2023,38
2023-10-01,67.86366377405798,bol u grlu,2023,39
2023-10-08,92.54135969189724,bol u grlu,2023,40
2023-10-15,78.96862693708565,bol u grlu,2023,41
2023-10-22,61.69423979459816,bol u grlu,2023,42
2023-10-29,70.3314333658419,bol u grlu,2023,43
2023-11-05,67.86366377405798,bol u grlu,2023,44
2023-11-12,76.50085734530172,bol u grlu,2023,45
2023-11-19,74.03308775351779,bol u grlu,2023,46
2023-11-26,95.00912928368116,bol u grlu,2023,47
2023-12-03,87.60582050832939,bol u grlu,2023,48
2023-12-10,86.37193571243742,bol u grlu,2023,49
2023-12-17,99.94466846724902,bol u grlu,2023,50
2023-12-24,97.4768988754651,bol u grlu,2023,51
2023-12-31,95.00912928368116,bol u grlu,2023,52
2024-01-07,90.07359010011332,bol u grlu,2024,1
2024-01-14,82.67028132476153,bol u grlu,2024,2
2024-01-21,91.30747489600527,bol u grlu,2024,3
2024-01-28,71.56531816173387,bol u grlu,2024,4
2024-02-04,66.62977897816602,bol u grlu,2024,5
2024-02-11,76.50085734530172,bol u grlu,2024,6
2024-02-18,59.226470202814234,bol u grlu,2024,7
2024-02-25,39.48431346854282,bol u grlu,2024,8
2024-03-03,40.71819826443478,bol u grlu,2024,9
2024-03-10,80.20251173297761,bol u grlu,2024,10
2024-03-17,71.56531816173387,bol u grlu,2024,11
2024-03-24,67.86366377405798,bol u grlu,2024,12
2024-03-31,56.75870061103031,bol u grlu,2024,13
2024-04-07,77.73474214119368,bol u grlu,2024,14
2024-04-14,48.121507039786565,bol u grlu,2024,15
2024-04-21,74.03308775351779,bol u grlu,2024,16
2024-04-28,56.75870061103031,bol u grlu,2024,17
2024-05-05,59.226470202814234,bol u grlu,2024,18
2024-05-12,41.95208306032675,bol u grlu,2024,19
2024-05-19,29.613235101407117,bol u grlu,2024,20
2024-05-26,55.524815815138346,bol u grlu,2024,21
2024-06-02,44.41985265211068,bol u grlu,2024,22
2024-06-09,60.460354998706194,bol u grlu,2024,23
2024-06-16,67.86366377405798,bol u grlu,2024,24
2024-06-23,33.31488948908301,bol u grlu,2024,25
2024-06-30,48.121507039786565,bol u grlu,2024,26
2024-07-07,54.29093101924638,bol u grlu,2024,27
2024-07-14,45.65373744800264,bol u grlu,2024,28
2024-07-21,50.58927663157049,bol u grlu,2024,29
2024-07-28,62.92812459049012,bol u grlu,2024,30
2024-08-04,69.09754856994994,bol u grlu,2024,31
2024-08-11,46.88762224389461,bol u grlu,2024,32
2024-08-18,49.35539183567853,bol u grlu,2024,33
2024-08-25,49.35539183567853,bol u grlu,2024,34
2024-09-01,70.3314333658419,bol u grlu,2024,35
2024-09-08,67.86366377405798,bol u grlu,2024,36
2024-09-15,51.82316142746245,bol u grlu,2024,37
2024-09-22,55.524815815138346,bol u grlu,2024,38
2024-09-29,85.13805091654547,bol u grlu,2024,39
2024-10-06,53.05704622335442,bol u grlu,2024,40
2024-10-13,34.54877428497497,bol u grlu,2024,41
2024-10-20,71.56531816173387,bol u grlu,2024,42
2024-10-27,69.09754856994994,bol u grlu,2024,43
2024-11-03,88.83970530422135,bol u grlu,2024,44
2024-11-10,48.121507039786565,bol u grlu,2024,45
2024-11-17,72.79920295762582,bol u grlu,2024,46
2024-11-24,80.20251173297761,bol u grlu,2024,47
2024-12-01,59.226470202814234,bol u grlu,2024,48
2024-12-08,83.9041661206535,bol u grlu,2024,49
2024-12-15,34.54877428497497,bol u grlu,2024,50
2024-12-22,72.79920295762582,bol u grlu,2024,51
2024-12-29,76.50085734530172,bol u grlu,2024,52
2013-01-06,0.0,curenje nosa,2013,1
2013-01-13,0.0,curenje nosa,2013,2
2013-01-20,0.0,curenje nosa,2013,3
2013-01-27,0.0,curenje nosa,2013,4
2013-02-03,0.0,curenje nosa,2013,5
2013-02-10,34.0,curenje nosa,2013,6
2013-02-17,0.0,curenje nosa,2013,7
2013-02-24,0.0,curenje nosa,2013,8
2013-03-03,0.0,curenje nosa,2013,9
2013-03-10,33.0,curenje nosa,2013,10
2013-03-17,0.0,curenje nosa,2013,11
2013-03-24,35.0,curenje nosa,2013,12
2013-03-31,0.0,curenje nosa,2013,13
2013-04-07,0.0,curenje nosa,2013,14
2013-04-14,0.0,curenje nosa,2013,15
2013-04-21,0.0,curenje nosa,2013,16
2013-04-28,0.0,curenje nosa,2013,17
2013-05-05,43.0,curenje nosa,2013,18
2013-05-12,0.0,curenje nosa,2013,19
2013-05-19,0.0,curenje nosa,2013,20
2013-05-26,0.0,curenje nosa,2013,21
2013-06-02,0.0,curenje nosa,2013,22
2013-06-09,0.0,curenje nosa,2013,23
2013-06-16,0.0,curenje nosa,2013,24
2013-06-23,0.0,curenje nosa,2013,25
2013-06-30,0.0,curenje nosa,2013,26
2013-07-07,0.0,curenje nosa,2013,27
2013-07-14,46.0,curenje nosa,2013,28
2013-07-21,0.0,curenje nosa,2013,29
2013-07-28,0.0,curenje nosa,2013,30
2013-08-04,0.0,curenje nosa,2013,31
2013-08-11,0.0,curenje nosa,2013,32
2013-08-18,0.0,curenje nosa,2013,33
2013-08-25,0.0,curenje nosa,2013,34
2013-09-01,0.0,curenje nosa,2013,35
2013-09-08,0.0,curenje nosa,2013,36
2013-09-15,0.0,curenje nosa,2013,37
2013-09-22,0.0,curenje nosa,2013,38
2013-09-29,0.0,curenje nosa,2013,39
2013-10-06,0.0,curenje nosa,2013,40
2013-10-13,0.0,curenje nosa,2013,41
2013-10-20,0.0,curenje nosa,2013,42
2013-10-27,0.0,curenje nosa,2013,43
2013-11-03,0.0,curenje nosa,2013,44
2013-11-10,0.0,curenje nosa,2013,45
2013-11-17,0.0,curenje nosa,2013,46
2013-11-24,0.0,curenje nosa,2013,47
2013-12-01,0.0,curenje nosa,2013,48
2013-12-08,0.0,curenje nosa,2013,49
2013-12-15,0.0,curenje nosa,2013,50
2013-12-22,0.0,curenje nosa,2013,51
2013-12-29,0.0,curenje nosa,2013,52
2014-01-05,34.0,curenje nosa,2014,1
2014-01-12,0.0,curenje nosa,2014,2
2014-01-19,0.0,curenje nosa,2014,3
2014-01-26,0.0,curenje nosa,2014,4
2014-02-02,0.0,curenje nosa,2014,5
2014-02-09,0.0,curenje nosa,2014,6
2014-02-16,0.0,curenje nosa,2014,7
2014-02-23,0.0,curenje nosa,2014,8
2014-03-02,0.0,curenje nosa,2014,9
2014-03-09,0.0,curenje nosa,2014,10
2014-03-16,38.0,curenje nosa,2014,11
2014-03-23,0.0,curenje nosa,2014,12
2014-03-30,0.0,curenje nosa,2014,13
2014-04-06,0.0,curenje nosa,2014,14
2014-04-13,0.0,curenje nosa,2014,15
2014-04-20,0.0,curenje nosa,2014,16
2014-04-27,0.0,curenje nosa,2014,17
2014-05-04,0.0,curenje nosa,2014,18
2014-05-11,0.0,curenje nosa,2014,19
2014-05-18,0.0,curenje nosa,2014,20
2014-05-25,0.0,curenje nosa,2014,21
2014-06-01,0.0,curenje nosa,2014,22
2014-06-08,0.0,curenje nosa,2014,23
2014-06-15,0.0,curenje nosa,2014,24
2014-06-22,0.0,curenje nosa,2014,25
2014-06-29,0.0,curenje nosa,2014,26
2014-07-06,0.0,curenje nosa,2014,27
2014-07-13,0.0,curenje nosa,2014,28
2014-07-20,0.0,curenje nosa,2014,29
2014-07-27,47.0,curenje nosa,2014,30
2014-08-03,0.0,curenje nosa,2014,31
2014-08-10,0.0,curenje nosa,2014,32
2014-08-17,0.0,curenje nosa,2014,33
2014-08-24,0.0,curenje nosa,2014,34
2014-08-31,0.0,curenje nosa,2014,35
2014-09-07,0.0,curenje nosa,2014,36
2014-09-14,37.0,curenje nosa,2014,37
2014-09-21,0.0,curenje nosa,2014,38
2014-09-28,0.0,curenje nosa,2014,39
2014-10-05,0.0,curenje nosa,2014,40
2014-10-12,0.0,curenje nosa,2014,41
2014-10-19,0.0,curenje nosa,2014,42
2014-10-26,0.0,curenje nosa,2014,43
2014-11-02,0.0,curenje nosa,2014,44
2014-11-09,0.0,curenje nosa,2014,45
2014-11-16,0.0,curenje nosa,2014,46
2014-11-23,0.0,curenje nosa,2014,47
2014-11-30,0.0,curenje nosa,2014,48
2014-12-07,37.0,curenje nosa,2014,49
2014-12-14,32.0,curenje nosa,2014,50
2014-12-21,0.0,curenje nosa,2014,51
2014-12-28,54.0,curenje nosa,2014,52
2015-01-04,35.0,curenje nosa,2015,1
2015-01-11,38.0,curenje nosa,2015,2
2015-01-18,0.0,curenje nosa,2015,3
2015-01-25,0.0,curenje nosa,2015,4
2015-02-01,0.0,curenje nosa,2015,5
2015-02-08,0.0,curenje nosa,2015,6
2015-02-15,35.0,curenje nosa,2015,7
2015-02-22,0.0,curenje nosa,2015,8
2015-03-01,43.0,curenje nosa,2015,9
2015-03-08,0.0,curenje nosa,2015,10
2015-03-15,61.0,curenje nosa,2015,11
2015-03-22,0.0,curenje nosa,2015,12
2015-03-29,0.0,curenje nosa,2015,13
2015-04-05,39.0,curenje nosa,2015,14
2015-04-12,100.0,curenje nosa,2015,15
2015-04-19,0.0,curenje nosa,2015,16
2015-04-26,0.0,curenje nosa,2015,17
2015-05-03,35.0,curenje nosa,2015,18
2015-05-10,58.0,curenje nosa,2015,19
2015-05-17,37.0,curenje nosa,2015,20
2015-05-24,0.0,curenje nosa,2015,21
2015-05-31,42.0,curenje nosa,2015,22
2015-06-07,0.0,curenje nosa,2015,23
2015-06-14,0.0,curenje nosa,2015,24
2015-06-21,36.0,curenje nosa,2015,25
2015-06-28,0.0,curenje nosa,2015,26
2015-07-05,0.0,curenje nosa,2015,27
2015-07-12,0.0,curenje nosa,2015,28
2015-07-19,0.0,curenje nosa,2015,29
2015-07-26,0.0,curenje nosa,2015,30
2015-08-02,0.0,curenje nosa,2015,31
2015-08-09,0.0,curenje nosa,2015,32
2015-08-16,0.0,curenje nosa,2015,33
2015-08-23,37.0,curenje nosa,2015,34
2015-08-30,34.0,curenje nosa,2015,35
2015-09-06,0.0,curenje nosa,2015,36
2015-09-13,57.0,curenje nosa,2015,37
2015-09-20,32.0,curenje nosa,2015,38
2015-09-27,39.0,curenje nosa,2015,39
2015-10-04,39.0,curenje nosa,2015,40
2015-10-11,0.0,curenje nosa,2015,41
2015-10-18,43.0,curenje nosa,2015,42
2015-10-25,0.0,curenje nosa,2015,43
2015-11-01,32.0,curenje nosa,2015,44
2015-11-08,0.0,curenje nosa,2015,45
2015-11-15,35.0,curenje nosa,2015,46
2015-11-22,0.0,curenje nosa,2015,47
2015-11-29,0.0,curenje nosa,2015,48
2015-12-06,32.0,curenje nosa,2015,49
2015-12-13,43.0,curenje nosa,2015,50
2015-12-20,0.0,curenje nosa,2015,51
2015-12-27,35.0,curenje nosa,2015,52
2016-01-03,0.0,curenje nosa,2015,53
2016-01-10,35.81794871794871,curenje nosa,2016,1
2016-01-17,0.0,curenje nosa,2016,2
2016-01-24,49.32307692307692,curenje nosa,2016,3
2016-01-31,37.579487179487174,curenje nosa,2016,4
2016-02-07,0.0,curenje nosa,2016,5
2016-02-14,0.0,curenje nosa,2016,6
2016-02-21,29.94615384615384,curenje nosa,2016,7
2016-02-28,0.0,curenje nosa,2016,8
2016-03-06,0.0,curenje nosa,2016,9
2016-03-13,0.0,curenje nosa,2016,10
2016-03-20,0.0,curenje nosa,2016,11
2016-03-27,41.689743589743586,curenje nosa,2016,12
2016-04-03,0.0,curenje nosa,2016,13
2016-04-10,0.0,curenje nosa,2016,14
2016-04-17,0.0,curenje nosa,2016,15
2016-04-24,0.0,curenje nosa,2016,16
2016-05-01,0.0,curenje nosa,2016,17
2016-05-08,0.0,curenje nosa,2016,18
2016-05-15,0.0,curenje nosa,2016,19
2016-05-22,39.34102564102564,curenje nosa,2016,20
2016-05-29,0.0,curenje nosa,2016,21
2016-06-05,0.0,curenje nosa,2016,22
2016-06-12,0.0,curenje nosa,2016,23
2016-06-19,0.0,curenje nosa,2016,24
2016-06-26,0.0,curenje nosa,2016,25
2016-07-03,0.0,curenje nosa,2016,26
2016-07-10,0.0,curenje nosa,2016,27
2016-07-17,0.0,curenje nosa,2016,28
2016-07-24,0.0,curenje nosa,2016,29
2016-07-31,0.0,curenje nosa,2016,30
2016-08-07,0.0,curenje nosa,2016,31
2016-08-14,0.0,curenje nosa,2016,32
2016-08-21,0.0,curenje nosa,2016,33
2016-08-28,0.0,curenje nosa,2016,34
2016-09-04,0.0,curenje nosa,2016,35
2016-09-11,0.0,curenje nosa,2016,36
2016-09-18,0.0,curenje nosa,2016,37
2016-09-25,0.0,curenje nosa,2016,38
2016-10-02,45.79999999999999,curenje nosa,2016,39
2016-10-09,0.0,curenje nosa,2016,40
2016-10-16,0.0,curenje nosa,2016,41
2016-10-23,38.75384615384615,curenje nosa,2016,42
2016-10-30,0.0,curenje nosa,2016,43
2016-11-06,0.0,curenje nosa,2016,44
2016-11-13,0.0,curenje nosa,2016,45
2016-11-20,0.0,curenje nosa,2016,46
2016-11-27,0.0,curenje nosa,2016,47
2016-12-04,39.92820512820512,curenje nosa,2016,48
2016-12-11,0.0,curenje nosa,2016,49
2016-12-18,0.0,curenje nosa,2016,50
2016-12-25,39.92820512820512,curenje nosa,2016,51
2017-01-01,0.0,curenje nosa,2016,52
2017-01-08,0.0,curenje nosa,2017,1
2017-01-15,0.0,curenje nosa,2017,2
2017-01-22,0.0,curenje nosa,2017,3
2017-01-29,29.94615384615384,curenje nosa,2017,4
2017-02-05,0.0,curenje nosa,2017,5
2017-02-12,32.29487179487179,curenje nosa,2017,6
2017-02-19,51.671794871794866,curenje nosa,2017,7
2017-02-26,0.0,curenje nosa,2017,8
2017-03-05,0.0,curenje nosa,2017,9
2017-03-12,31.7076923076923,curenje nosa,2017,10
2017-03-19,0.0,curenje nosa,2017,11
2017-03-26,0.0,curenje nosa,2017,12
2017-04-02,0.0,curenje nosa,2017,13
2017-04-09,0.0,curenje nosa,2017,14
2017-04-16,0.0,curenje nosa,2017,15
2017-04-23,32.88205128205128,curenje nosa,2017,16
2017-04-30,0.0,curenje nosa,2017,17
2017-05-07,0.0,curenje nosa,2017,18
2017-05-14,0.0,curenje nosa,2017,19
2017-05-21,0.0,curenje nosa,2017,20
2017-05-28,0.0,curenje nosa,2017,21
2017-06-04,0.0,curenje nosa,2017,22
2017-06-11,0.0,curenje nosa,2017,23
2017-06-18,0.0,curenje nosa,2017,24
2017-06-25,0.0,curenje nosa,2017,25
2017-07-02,0.0,curenje nosa,2017,26
2017-07-09,0.0,curenje nosa,2017,27
2017-07-16,0.0,curenje nosa,2017,28
2017-07-23,0.0,curenje nosa,2017,29
2017-07-30,0.0,curenje nosa,2017,30
2017-08-06,0.0,curenje nosa,2017,31
2017-08-13,0.0,curenje nosa,2017,32
2017-08-20,0.0,curenje nosa,2017,33
2017-08-27,41.102564102564095,curenje nosa,2017,34
2017-09-03,0.0,curenje nosa,2017,35
2017-09-10,38.75384615384615,curenje nosa,2017,36
2017-09-17,0.0,curenje nosa,2017,37
2017-09-24,39.34102564102564,curenje nosa,2017,38
2017-10-01,36.99230769230768,curenje nosa,2017,39
2017-10-08,0.0,curenje nosa,2017,40
2017-10-15,0.0,curenje nosa,2017,41
2017-10-22,0.0,curenje nosa,2017,42
2017-10-29,0.0,curenje nosa,2017,43
2017-11-05,44.03846153846153,curenje nosa,2017,44
2017-11-12,0.0,curenje nosa,2017,45
2017-11-19,0.0,curenje nosa,2017,46
2017-11-26,0.0,curenje nosa,2017,47
2017-12-03,32.88205128205128,curenje nosa,2017,48
2017-12-10,0.0,curenje nosa,2017,49
2017-12-17,34.643589743589736,curenje nosa,2017,50
2017-12-24,32.88205128205128,curenje nosa,2017,51
2017-12-31,37.579487179487174,curenje nosa,2017,52
2018-01-07,58.130769230769225,curenje nosa,2018,1
2018-01-14,36.99230769230768,curenje nosa,2018,2
2018-01-21,32.29487179487179,curenje nosa,2018,3
2018-01-28,58.71794871794871,curenje nosa,2018,4
2018-02-04,40.51538461538461,curenje nosa,2018,5
2018-02-11,0.0,curenje nosa,2018,6
2018-02-18,31.7076923076923,curenje nosa,2018,7
2018-02-25,38.75384615384615,curenje nosa,2018,8
2018-03-04,0.0,curenje nosa,2018,9
2018-03-11,34.643589743589736,curenje nosa,2018,10
2018-03-18,35.81794871794871,curenje nosa,2018,11
2018-03-25,0.0,curenje nosa,2018,12
2018-04-01,36.4051282051282,curenje nosa,2018,13
2018-04-08,0.0,curenje nosa,2018,14
2018-04-15,0.0,curenje nosa,2018,15
2018-04-22,0.0,curenje nosa,2018,16
2018-04-29,0.0,curenje nosa,2018,17
2018-05-06,0.0,curenje nosa,2018,18
2018-05-13,0.0,curenje nosa,2018,19
2018-05-20,0.0,curenje nosa,2018,20
2018-05-27,0.0,curenje nosa,2018,21
2018-06-03,33.46923076923076,curenje nosa,2018,22
2018-06-10,0.0,curenje nosa,2018,23
2018-06-17,0.0,curenje nosa,2018,24
2018-06-24,0.0,curenje nosa,2018,25
2018-07-01,0.0,curenje nosa,2018,26
2018-07-08,0.0,curenje nosa,2018,27
2018-07-15,41.669140800719745,curenje nosa,2018,28
2018-07-22,0.0,curenje nosa,2018,29
2018-07-29,33.33531264057579,curenje nosa,2018,30
2018-08-05,41.669140800719745,curenje nosa,2018,31
2018-08-12,0.0,curenje nosa,2018,32
2018-08-19,0.0,curenje nosa,2018,33
2018-08-26,33.33531264057579,curenje nosa,2018,34
2018-09-02,0.0,curenje nosa,2018,35
2018-09-09,44.44708352076773,curenje nosa,2018,36
2018-09-16,50.00296896086369,curenje nosa,2018,37
2018-09-23,51.39194032088768,curenje nosa,2018,38
2018-09-30,0.0,curenje nosa,2018,39
2018-10-07,0.0,curenje nosa,2018,40
2018-10-14,0.0,curenje nosa,2018,41
2018-10-21,0.0,curenje nosa,2018,42
2018-10-28,0.0,curenje nosa,2018,43
2018-11-04,0.0,curenje nosa,2018,44
2018-11-11,0.0,curenje nosa,2018,45
2018-11-18,41.669140800719745,curenje nosa,2018,46
2018-11-25,43.05811216074373,curenje nosa,2018,47
2018-12-02,0.0,curenje nosa,2018,48
2018-12-09,0.0,curenje nosa,2018,49
2018-12-16,31.946341280551803,curenje nosa,2018,50
2018-12-23,0.0,curenje nosa,2018,51
2018-12-30,0.0,curenje nosa,2018,52
2019-01-06,43.05811216074373,curenje nosa,2019,1
2019-01-13,0.0,curenje nosa,2019,2
2019-01-20,29.16839856050382,curenje nosa,2019,3
2019-01-27,44.44708352076773,curenje nosa,2019,4
2019-02-03,34.72428400059979,curenje nosa,2019,5
2019-02-10,31.946341280551803,curenje nosa,2019,6
2019-02-17,0.0,curenje nosa,2019,7
2019-02-24,0.0,curenje nosa,2019,8
2019-03-03,0.0,curenje nosa,2019,9
2019-03-10,0.0,curenje nosa,2019,10
2019-03-17,33.33531264057579,curenje nosa,2019,11
2019-03-24,0.0,curenje nosa,2019,12
2019-03-31,0.0,curenje nosa,2019,13
2019-04-07,0.0,curenje nosa,2019,14
2019-04-14,36.113255360623775,curenje nosa,2019,15
2019-04-21,0.0,curenje nosa,2019,16
2019-04-28,0.0,curenje nosa,2019,17
2019-05-05,0.0,curenje nosa,2019,18
2019-05-12,0.0,curenje nosa,2019,19
2019-05-19,0.0,curenje nosa,2019,20
2019-05-26,0.0,curenje nosa,2019,21
2019-06-02,0.0,curenje nosa,2019,22
2019-06-09,0.0,curenje nosa,2019,23
2019-06-16,0.0,curenje nosa,2019,24
2019-06-23,0.0,curenje nosa,2019,25
2019-06-30,0.0,curenje nosa,2019,26
2019-07-07,0.0,curenje nosa,2019,27
2019-07-14,0.0,curenje nosa,2019,28
2019-07-21,0.0,curenje nosa,2019,29
2019-07-28,0.0,curenje nosa,2019,30
2019-08-04,0.0,curenje nosa,2019,31
2019-08-11,54.169883040935666,curenje nosa,2019,32
2019-08-18,34.72428400059979,curenje nosa,2019,33
2019-08-25,41.669140800719745,curenje nosa,2019,34
2019-09-01,40.28016944069575,curenje nosa,2019,35
2019-09-08,37.50222672064777,curenje nosa,2019,36
2019-09-15,33.33531264057579,curenje nosa,2019,37
2019-09-22,45.83605488079172,curenje nosa,2019,38
2019-09-29,0.0,curenje nosa,2019,39
2019-10-06,38.89119808067176,curenje nosa,2019,40
2019-10-13,30.55736992052781,curenje nosa,2019,41
2019-10-20,37.50222672064777,curenje nosa,2019,42
2019-10-27,40.28016944069575,curenje nosa,2019,43
2019-11-03,0.0,curenje nosa,2019,44
2019-11-10,0.0,curenje nosa,2019,45
2019-11-17,0.0,curenje nosa,2019,46
2019-11-24,0.0,curenje nosa,2019,47
2019-12-01,0.0,curenje nosa,2019,48
2019-12-08,37.50222672064777,curenje nosa,2019,49
2019-12-15,27.77942720047983,curenje nosa,2019,50
2019-12-22,0.0,curenje nosa,2019,51
2019-12-29,44.44708352076773,curenje nosa,2019,52
2020-01-05,29.16839856050382,curenje nosa,2020,1
2020-01-12,0.0,curenje nosa,2020,2
2020-01-19,27.77942720047983,curenje nosa,2020,3
2020-01-26,36.113255360623775,curenje nosa,2020,4
2020-02-02,30.55736992052781,curenje nosa,2020,5
2020-02-09,0.0,curenje nosa,2020,6
2020-02-16,0.0,curenje nosa,2020,7
2020-02-23,33.33531264057579,curenje nosa,2020,8
2020-03-01,0.0,curenje nosa,2020,9
2020-03-08,86.11622432148746,curenje nosa,2020,10
2020-03-15,138.89713600239915,curenje nosa,2020,11
2020-03-22,77.78239616134353,curenje nosa,2020,12
2020-03-29,48.6139976008397,curenje nosa,2020,13
2020-04-05,50.00296896086369,curenje nosa,2020,14
2020-04-12,37.50222672064777,curenje nosa,2020,15
2020-04-19,25.001484480431845,curenje nosa,2020,16
2020-04-26,36.113255360623775,curenje nosa,2020,17
2020-05-03,0.0,curenje nosa,2020,18
2020-05-10,36.113255360623775,curenje nosa,2020,19
2020-05-17,0.0,curenje nosa,2020,20
2020-05-24,0.0,curenje nosa,2020,21
2020-05-31,0.0,curenje nosa,2020,22
2020-06-07,0.0,curenje nosa,2020,23
2020-06-14,0.0,curenje nosa,2020,24
2020-06-21,34.72428400059979,curenje nosa,2020,25
2020-06-28,51.39194032088768,curenje nosa,2020,26
2020-07-05,72.22651072124755,curenje nosa,2020,27
2020-07-12,47.22502624081571,curenje nosa,2020,28
2020-07-19,51.39194032088768,curenje nosa,2020,29
2020-07-26,48.6139976008397,curenje nosa,2020,30
2020-08-02,26.39045584045584,curenje nosa,2020,31
2020-08-09,26.39045584045584,curenje nosa,2020,32
2020-08-16,30.55736992052781,curenje nosa,2020,33
2020-08-23,31.946341280551803,curenje nosa,2020,34
2020-08-30,51.39194032088768,curenje nosa,2020,35
2020-09-06,65.2816539211276,curenje nosa,2020,36
2020-09-13,88.89416704153545,curenje nosa,2020,37
2020-09-20,61.11473984105562,curenje nosa,2020,38
2020-09-27,34.72428400059979,curenje nosa,2020,39
2020-10-04,0.0,curenje nosa,2020,40
2020-10-11,48.6139976008397,curenje nosa,2020,41
2020-10-18,44.44708352076773,curenje nosa,2020,42
2020-10-25,0.0,curenje nosa,2020,43
2020-11-01,34.72428400059979,curenje nosa,2020,44
2020-11-08,65.2816539211276,curenje nosa,2020,45
2020-11-15,61.11473984105562,curenje nosa,2020,46
2020-11-22,47.22502624081571,curenje nosa,2020,47
2020-11-29,86.11622432148746,curenje nosa,2020,48
2020-12-06,37.50222672064777,curenje nosa,2020,49
2020-12-13,48.6139976008397,curenje nosa,2020,50
2020-12-20,62.50371120107962,curenje nosa,2020,51
2020-12-27,47.22502624081571,curenje nosa,2020,52
2021-01-03,44.97771595504187,curenje nosa,2020,53
2021-01-10,35.751517810417894,curenje nosa,2021,1
2021-01-17,32.291693506183904,curenje nosa,2021,2
2021-01-24,34.5982430423399,curenje nosa,2021,3
2021-01-31,29.985143970027913,curenje nosa,2021,4
2021-02-07,25.372044897715927,curenje nosa,2021,5
2021-02-14,61.123562708133825,curenje nosa,2021,6
2021-02-21,49.590815027353855,curenje nosa,2021,7
2021-02-28,51.89736456350985,curenje nosa,2021,8
2021-03-07,62.27683747621182,curenje nosa,2021,9
2021-03-14,33.4449682742619,curenje nosa,2021,10
2021-03-21,49.590815027353855,curenje nosa,2021,11
2021-03-28,0.0,curenje nosa,2021,12
2021-04-04,39.211342114651885,curenje nosa,2021,13
2021-04-11,46.130990723119865,curenje nosa,2021,14
2021-04-18,42.671166418885875,curenje nosa,2021,15
2021-04-25,49.590815027353855,curenje nosa,2021,16
2021-05-02,48.43754025927586,curenje nosa,2021,17
2021-05-09,26.525319665793923,curenje nosa,2021,18
2021-05-16,27.67859443387192,curenje nosa,2021,19
2021-05-23,33.4449682742619,curenje nosa,2021,20
2021-05-30,41.51789165080788,curenje nosa,2021,21
2021-06-06,0.0,curenje nosa,2021,22
2021-06-13,47.284265491197864,curenje nosa,2021,23
2021-06-20,34.5982430423399,curenje nosa,2021,24
2021-06-27,49.590815027353855,curenje nosa,2021,25
2021-07-04,0.0,curenje nosa,2021,26
2021-07-11,0.0,curenje nosa,2021,27
2021-07-18,40.36461688272989,curenje nosa,2021,28
2021-07-25,44.97771595504187,curenje nosa,2021,29
2021-08-01,50.744089795431854,curenje nosa,2021,30
2021-08-08,56.51046363582184,curenje nosa,2021,31
2021-08-15,65.73666178044581,curenje nosa,2021,32
2021-08-22,86.49560760584976,curenje nosa,2021,33
2021-08-29,64.58338701236781,curenje nosa,2021,34
2021-09-05,109.56110296740968,curenje nosa,2021,35
2021-09-12,115.32747680779968,curenje nosa,2021,36
2021-09-19,85.34233283777175,curenje nosa,2021,37
2021-09-26,71.50303562083579,curenje nosa,2021,38
2021-10-03,78.42268422930377,curenje nosa,2021,39
2021-10-10,70.3497608527578,curenje nosa,2021,40
2021-10-17,85.34233283777175,curenje nosa,2021,41
2021-10-24,55.35718886774384,curenje nosa,2021,42
2021-10-31,33.4449682742619,curenje nosa,2021,43
2021-11-07,79.57595899738178,curenje nosa,2021,44
2021-11-14,47.284265491197864,curenje nosa,2021,45
2021-11-21,63.430112244289816,curenje nosa,2021,46
2021-11-28,42.671166418885875,curenje nosa,2021,47
2021-12-05,46.130990723119865,curenje nosa,2021,48
2021-12-12,50.744089795431854,curenje nosa,2021,49
2021-12-19,62.27683747621182,curenje nosa,2021,50
2021-12-26,79.57595899738178,curenje nosa,2021,51
2022-01-02,76.11613469314779,curenje nosa,2021,52
2022-01-09,53.050639331587846,curenje nosa,2022,1
2022-01-16,35.751517810417894,curenje nosa,2022,2
2022-01-23,38.05806734657389,curenje nosa,2022,3
2022-01-30,49.590815027353855,curenje nosa,2022,4
2022-02-06,41.51789165080788,curenje nosa,2022,5
2022-02-13,25.372044897715927,curenje nosa,2022,6
2022-02-20,21.912220593481937,curenje nosa,2022,7
2022-02-27,28.831869201949917,curenje nosa,2022,8
2022-03-06,31.13841873810591,curenje nosa,2022,9
2022-03-13,49.590815027353855,curenje nosa,2022,10
2022-03-20,56.51046363582184,curenje nosa,2022,11
2022-03-27,47.284265491197864,curenje nosa,2022,12
2022-04-03,34.5982430423399,curenje nosa,2022,13
2022-04-10,36.90479257849589,curenje nosa,2022,14
2022-04-17,20.75894582540394,curenje nosa,2022,15
2022-04-24,33.4449682742619,curenje nosa,2022,16
2022-05-01,31.13841873810591,curenje nosa,2022,17
2022-05-08,27.67859443387192,curenje nosa,2022,18
2022-05-15,23.065495361559933,curenje nosa,2022,19
2022-05-22,43.824441186963874,curenje nosa,2022,20
2022-05-29,23.065495361559933,curenje nosa,2022,21
2022-06-05,23.065495361559933,curenje nosa,2022,22
2022-06-12,27.67859443387192,curenje nosa,2022,23
2022-06-19,25.372044897715927,curenje nosa,2022,24
2022-06-26,31.13841873810591,curenje nosa,2022,25
2022-07-03,0.0,curenje nosa,2022,26
2022-07-10,0.0,curenje nosa,2022,27
2022-07-17,40.36461688272989,curenje nosa,2022,28
2022-07-24,27.67859443387192,curenje nosa,2022,29
2022-07-31,0.0,curenje nosa,2022,30
2022-08-07,43.824441186963874,curenje nosa,2022,31
2022-08-14,32.291693506183904,curenje nosa,2022,32
2022-08-21,0.0,curenje nosa,2022,33
2022-08-28,26.525319665793923,curenje nosa,2022,34
2022-09-04,0.0,curenje nosa,2022,35
2022-09-11,0.0,curenje nosa,2022,36
2022-09-18,40.36461688272989,curenje nosa,2022,37
2022-09-25,40.36461688272989,curenje nosa,2022,38
2022-10-02,54.203914099665845,curenje nosa,2022,39
2022-10-09,27.67859443387192,curenje nosa,2022,40
2022-10-16,68.0432113166018,curenje nosa,2022,41
2022-10-23,36.90479257849589,curenje nosa,2022,42
2022-10-30,0.0,curenje nosa,2022,43
2022-11-06,0.0,curenje nosa,2022,44
2022-11-13,36.90479257849589,curenje nosa,2022,45
2022-11-20,27.67859443387192,curenje nosa,2022,46
2022-11-27,44.97771595504187,curenje nosa,2022,47
2022-12-04,31.13841873810591,curenje nosa,2022,48
2022-12-11,26.525319665793923,curenje nosa,2022,49
2022-12-18,0.0,curenje nosa,2022,50
2022-12-25,38.05806734657389,curenje nosa,2022,51
2023-01-01,65.73666178044581,curenje nosa,2022,52
2023-01-08,40.36461688272989,curenje nosa,2023,1
2023-01-15,54.203914099665845,curenje nosa,2023,2
2023-01-22,29.985143970027913,curenje nosa,2023,3
2023-01-29,50.744089795431854,curenje nosa,2023,4
2023-02-05,31.13841873810591,curenje nosa,2023,5
2023-02-12,47.284265491197864,curenje nosa,2023,6
2023-02-19,36.90479257849589,curenje nosa,2023,7
2023-02-26,32.291693506183904,curenje nosa,2023,8
2023-03-05,40.36461688272989,curenje nosa,2023,9
2023-03-12,29.985143970027913,curenje nosa,2023,10
2023-03-19,33.4449682742619,curenje nosa,2023,11
2023-03-26,28.831869201949917,curenje nosa,2023,12
2023-04-02,21.912220593481937,curenje nosa,2023,13
2023-04-09,24.21877012963793,curenje nosa,2023,14
2023-04-16,26.525319665793923,curenje nosa,2023,15
2023-04-23,28.831869201949917,curenje nosa,2023,16
2023-04-30,21.912220593481937,curenje nosa,2023,17
2023-05-07,25.372044897715927,curenje nosa,2023,18
2023-05-14,0.0,curenje nosa,2023,19
2023-05-21,0.0,curenje nosa,2023,20
2023-05-28,0.0,curenje nosa,2023,21
2023-06-04,34.5982430423399,curenje nosa,2023,22
2023-06-11,23.065495361559933,curenje nosa,2023,23
2023-06-18,26.525319665793923,curenje nosa,2023,24
2023-06-25,29.985143970027913,curenje nosa,2023,25
2023-07-02,0.0,curenje nosa,2023,26
2023-07-09,0.0,curenje nosa,2023,27
2023-07-16,0.0,curenje nosa,2023,28
2023-07-23,0.0,curenje nosa,2023,29
2023-07-30,0.0,curenje nosa,2023,30
2023-08-06,33.52520449031428,curenje nosa,2023,31
2023-08-13,24.322207179247613,curenje nosa,2023,32
2023-08-20,0.0,curenje nosa,2023,33
2023-08-27,32.21049058873333,curenje nosa,2023,34
2023-09-03,31.55313363794285,curenje nosa,2023,35
2023-09-10,29.581062785571422,curenje nosa,2023,36
2023-09-17,28.923705834780947,curenje nosa,2023,37
2023-09-24,0.0,curenje nosa,2023,38
2023-10-01,32.8678475395238,curenje nosa,2023,39
2023-10-08,43.38555875217142,curenje nosa,2023,40
2023-10-15,0.0,curenje nosa,2023,41
2023-10-22,26.95163498240952,curenje nosa,2023,42
2023-10-29,26.95163498240952,curenje nosa,2023,43
2023-11-05,0.0,curenje nosa,2023,44
2023-11-12,23.00749327766666,curenje nosa,2023,45
2023-11-19,0.0,curenje nosa,2023,46
2023-11-26,43.38555875217142,curenje nosa,2023,47
2023-12-03,0.0,curenje nosa,2023,48
2023-12-10,39.441417047428565,curenje nosa,2023,49
2023-12-17,34.83991839189523,curenje nosa,2023,50
2023-12-24,33.52520449031428,curenje nosa,2023,51
2023-12-31,28.923705834780947,curenje nosa,2023,52
2024-01-07,40.75613094900952,curenje nosa,2024,1
2024-01-14,41.41348789979999,curenje nosa,2024,2
2024-01-21,39.441417047428565,curenje nosa,2024,3
2024-01-28,32.21049058873333,curenje nosa,2024,4
2024-02-04,28.923705834780947,curenje nosa,2024,5
2024-02-11,0.0,curenje nosa,2024,6
2024-02-18,28.923705834780947,curenje nosa,2024,7
2024-02-25,0.0,curenje nosa,2024,8
2024-03-03,0.0,curenje nosa,2024,9
2024-03-10,0.0,curenje nosa,2024,10
2024-03-17,0.0,curenje nosa,2024,11
2024-03-24,38.126703145847614,curenje nosa,2024,12
2024-03-31,32.8678475395238,curenje nosa,2024,13
2024-04-07,30.895776687152377,curenje nosa,2024,14
2024-04-14,48.644414358495226,curenje nosa,2024,15
2024-04-21,0.0,curenje nosa,2024,16
2024-04-28,0.0,curenje nosa,2024,17
2024-05-05,0.0,curenje nosa,2024,18
2024-05-12,0.0,curenje nosa,2024,19
2024-05-19,0.0,curenje nosa,2024,20
2024-05-26,0.0,curenje nosa,2024,21
2024-06-02,34.18256144110475,curenje nosa,2024,22
2024-06-09,0.0,curenje nosa,2024,23
2024-06-16,0.0,curenje nosa,2024,24
2024-06-23,0.0,curenje nosa,2024,25
2024-06-30,0.0,curenje nosa,2024,26
2024-07-07,0.0,curenje nosa,2024,27
2024-07-14,0.0,curenje nosa,2024,28
2024-07-21,0.0,curenje nosa,2024,29
2024-07-28,0.0,curenje nosa,2024,30
2024-08-04,28.923705834780947,curenje nosa,2024,31
2024-08-11,36.15463229347618,curenje nosa,2024,32
2024-08-18,0.0,curenje nosa,2024,33
2024-08-25,0.0,curenje nosa,2024,34
2024-09-01,0.0,curenje nosa,2024,35
2024-09-08,0.0,curenje nosa,2024,36
2024-09-15,44.70027265375237,curenje nosa,2024,37
2024-09-22,0.0,curenje nosa,2024,38
2024-09-29,29.581062785571422,curenje nosa,2024,39
2024-10-06,0.0,curenje nosa,2024,40
2024-10-13,32.8678475395238,curenje nosa,2024,41
2024-10-20,32.21049058873333,curenje nosa,2024,42
2024-10-27,0.0,curenje nosa,2024,43
2024-11-03,0.0,curenje nosa,2024,44
2024-11-10,33.52520449031428,curenje nosa,2024,45
2024-11-17,31.55313363794285,curenje nosa,2024,46
2024-11-24,0.0,curenje nosa,2024,47
2024-12-01,42.72820180138095,curenje nosa,2024,48
2024-12-08,0.0,curenje nosa,2024,49
2024-12-15,0.0,curenje nosa,2024,50
2024-12-22,0.0,curenje nosa,2024,51
2024-12-29,0.0,curenje nosa,2024,52
2015-06-28,0.0,lek za grip,2015,26
2015-07-05,0.0,lek za grip,2015,27
2015-07-12,0.0,lek za grip,2015,28
2015-07-19,0.0,lek za grip,2015,29
2015-07-26,0.0,lek za grip,2015,30
2015-08-02,0.0,lek za grip,2015,31
2015-08-09,0.0,lek za grip,2015,32
2015-08-16,0.0,lek za grip,2015,33
2015-08-23,0.0,lek za grip,2015,34
2015-08-30,0.0,lek za grip,2015,35
2015-09-06,0.0,lek za grip,2015,36
2015-09-13,0.0,lek za grip,2015,37
2015-09-20,0.0,lek za grip,2015,38
2015-09-27,0.0,lek za grip,2015,39
2015-10-04,0.0,lek za grip,2015,40
2015-10-11,0.0,lek za grip,2015,41
2015-10-18,0.0,lek za grip,2015,42
2015-10-25,0.0,lek za grip,2015,43
2015-11-01,0.0,lek za grip,2015,44
2015-11-08,0.0,lek za grip,2015,45
2015-11-15,0.0,lek za grip,2015,46
2015-11-22,0.0,lek za grip,2015,47
2015-11-29,0.0,lek za grip,2015,48
2015-12-06,0.0,lek za grip,2015,49
2015-12-13,0.0,lek za grip,2015,50
2015-12-20,0.0,lek za grip,2015,51
2015-12-27,0.0,lek za grip,2015,52
2016-01-03,0.0,lek za grip,2015,53
2016-01-10,0.0,lek za grip,2016,1
2016-01-17,0.0,lek za grip,2016,2
2016-01-24,0.0,lek za grip,2016,3
2016-01-31,0.0,lek za grip,2016,4
2016-02-07,0.0,lek za grip,2016,5
2016-02-14,0.0,lek za grip,2016,6
2016-02-21,0.0,lek za grip,2016,7
2016-02-28,0.0,lek za grip,2016,8
2016-03-06,0.0,lek za grip,2016,9
2016-03-13,0.0,lek za grip,2016,10
2016-03-20,0.0,lek za grip,2016,11
2016-03-27,0.0,lek za grip,2016,12
2016-04-03,0.0,lek za grip,2016,13
2016-04-10,0.0,lek za grip,2016,14
2016-04-17,0.0,lek za grip,2016,15
2016-04-24,0.0,lek za grip,2016,16
2016-05-01,0.0,lek za grip,2016,17
2016-05-08,0.0,lek za grip,2016,18
2016-05-15,0.0,lek za grip,2016,19
2016-05-22,0.0,lek za grip,2016,20
2016-05-29,0.0,lek za grip,2016,21
2016-06-05,0.0,lek za grip,2016,22
2016-06-12,0.0,lek za grip,2016,23
2016-06-19,0.0,lek za grip,2016,24
2016-06-26,0.0,lek za grip,2016,25
2016-07-03,0.0,lek za grip,2016,26
2016-07-10,0.0,lek za grip,2016,27
2016-07-17,0.0,lek za grip,2016,28
2016-07-24,0.0,lek za grip,2016,29
2016-07-31,0.0,lek za grip,2016,30
2016-08-07,0.0,lek za grip,2016,31
2016-08-14,0.0,lek za grip,2016,32
2016-08-21,0.0,lek za grip,2016,33
2016-08-28,0.0,lek za grip,2016,34
2016-09-04,0.0,lek za grip,2016,35
2016-09-11,0.0,lek za grip,2016,36
2016-09-18,0.0,lek za grip,2016,37
2016-09-25,0.0,lek za grip,2016,38
2016-10-02,0.0,lek za grip,2016,39
2016-10-09,0.0,lek za grip,2016,40
2016-10-16,0.0,lek za grip,2016,41
2016-10-23,0.0,lek za grip,2016,42
2016-10-30,0.0,lek za grip,2016,43
2016-11-06,0.0,lek za grip,2016,44
2016-11-13,0.0,lek za grip,2016,45
2016-11-20,0.0,lek za grip,2016,46
2016-11-27,0.0,lek za grip,2016,47
2016-12-04,0.0,lek za grip,2016,48
2016-12-11,0.0,lek za grip,2016,49
2016-12-18,0.0,lek za grip,2016,50
2016-12-25,0.0,lek za grip,2016,51
2017-01-01,0.0,lek za grip,2016,52
2017-01-08,0.0,lek za grip,2017,1
2017-01-15,0.0,lek za grip,2017,2
2017-01-22,0.0,lek za grip,2017,3
2017-01-29,0.0,lek za grip,2017,4
2017-02-05,0.0,lek za grip,2017,5
2017-02-12,0.0,lek za grip,2017,6
2017-02-19,0.0,lek za grip,2017,7
2017-02-26,0.0,lek za grip,2017,8
2017-03-05,0.0,lek za grip,2017,9
2017-03-12,0.0,lek za grip,2017,10
2017-03-19,0.0,lek za grip,2017,11
2017-03-26,0.0,lek za grip,2017,12
2017-04-02,0.0,lek za grip,2017,13
2017-04-09,0.0,lek za grip,2017,14
2017-04-16,0.0,lek za grip,2017,15
2017-04-23,0.0,lek za grip,2017,16
2017-04-30,81.0,lek za grip,2017,17
2017-05-07,0.0,lek za grip,2017,18
2017-05-14,0.0,lek za grip,2017,19
2017-05-21,0.0,lek za grip,2017,20
2017-05-28,0.0,lek za grip,2017,21
2017-06-04,0.0,lek za grip,2017,22
2017-06-11,0.0,lek za grip,2017,23
2017-06-18,0.0,lek za grip,2017,24
2017-06-25,0.0,lek za grip,2017,25
2017-07-02,0.0,lek za grip,2017,26
2017-07-09,0.0,lek za grip,2017,27
2017-07-16,0.0,lek za grip,2017,28
2017-07-23,0.0,lek za grip,2017,29
2017-07-30,0.0,lek za grip,2017,30
2017-08-06,0.0,lek za grip,2017,31
2017-08-13,0.0,lek za grip,2017,32
2017-08-20,0.0,lek za grip,2017,33
2017-08-27,0.0,lek za grip,2017,34
2017-09-03,0.0,lek za grip,2017,35
2017-09-10,0.0,lek za grip,2017,36
2017-09-17,0.0,lek za grip,2017,37
2017-09-24,0.0,lek za grip,2017,38
2017-10-01,0.0,lek za grip,2017,39
2017-10-08,0.0,lek za grip,2017,40
2017-10-15,0.0,lek za grip,2017,41
2017-10-22,100.0,lek za grip,2017,42
2017-10-29,0.0,lek za grip,2017,43
2017-11-05,0.0,lek za grip,2017,44
2017-11-12,0.0,lek za grip,2017,45
2017-11-19,0.0,lek za grip,2017,46
2017-11-26,0.0,lek za grip,2017,47
2017-12-03,0.0,lek za grip,2017,48
2017-12-10,0.0,lek za grip,2017,49
2017-12-17,0.0,lek za grip,2017,50
2017-12-24,0.0,lek za grip,2017,51
2017-12-31,0.0,lek za grip,2017,52
2018-01-07,0.0,lek za grip,2018,1
2018-01-14,0.0,lek za grip,2018,2
2018-01-21,0.0,lek za grip,2018,3
2018-01-28,0.0,lek za grip,2018,4
2018-02-04,0.0,lek za grip,2018,5
2018-02-11,0.0,lek za grip,2018,6
2018-02-18,0.0,lek za grip,2018,7
2018-02-25,0.0,lek za grip,2018,8
2018-03-04,0.0,lek za grip,2018,9
2018-03-11,0.0,lek za grip,2018,10
2018-03-18,0.0,lek za grip,2018,11
2018-03-25,0.0,lek za grip,2018,12
2018-04-01,0.0,lek za grip,2018,13
2018-04-08,0.0,lek za grip,2018,14
2018-04-15,0.0,lek za grip,2018,15
2018-04-22,0.0,lek za grip,2018,16
2018-04-29,0.0,lek za grip,2018,17
2018-05-06,0.0,lek za grip,2018,18
2018-05-13,0.0,lek za grip,2018,19
2018-05-20,0.0,lek za grip,2018,20
2018-05-27,0.0,lek za grip,2018,21
2018-06-03,0.0,lek za grip,2018,22
2018-06-10,0.0,lek za grip,2018,23
2018-06-17,0.0,lek za grip,2018,24
2018-06-24,0.0,lek za grip,2018,25
2018-07-01,0.0,lek za grip,2018,26
2018-07-08,0.0,lek za grip,2018,27
2018-07-15,0.0,lek za grip,2018,28
2018-07-22,0.0,lek za grip,2018,29
2018-07-29,0.0,lek za grip,2018,30
2018-08-05,0.0,lek za grip,2018,31
2018-08-12,0.0,lek za grip,2018,32
2018-08-19,0.0,lek za grip,2018,33
2018-08-26,0.0,lek za grip,2018,34
2018-09-02,0.0,lek za grip,2018,35
2018-09-09,0.0,lek za grip,2018,36
2018-09-16,0.0,lek za grip,2018,37
2018-09-23,0.0,lek za grip,2018,38
2018-09-30,0.0,lek za grip,2018,39
2018-10-07,0.0,lek za grip,2018,40
2018-10-14,0.0,lek za grip,2018,41
2018-10-21,0.0,lek za grip,2018,42
2018-10-28,0.0,lek za grip,2018,43
2018-11-04,0.0,lek za grip,2018,44
2018-11-11,0.0,lek za grip,2018,45
2018-11-18,0.0,lek za grip,2018,46
2018-11-25,0.0,lek za grip,2018,47
2018-12-02,0.0,lek za grip,2018,48
2018-12-09,0.0,lek za grip,2018,49
2018-12-16,100.0,lek za grip,2018,50
2018-12-23,0.0,lek za grip,2018,51
2018-12-30,0.0,lek za grip,2018,52
2019-01-06,0.0,lek za grip,2019,1
2019-01-13,0.0,lek za grip,2019,2
2019-01-20,0.0,lek za grip,2019,3
2019-01-27,0.0,lek za grip,2019,4
2019-02-03,0.0,lek za grip,2019,5
2019-02-10,0.0,lek za grip,2019,6
2019-02-17,0.0,lek za grip,2019,7
2019-02-24,0.0,lek za grip,2019,8
2019-03-03,0.0,lek za grip,2019,9
2019-03-10,0.0,lek za grip,2019,10
2019-03-17,0.0,lek za grip,2019,11
2019-03-24,0.0,lek za grip,2019,12
2019-03-31,0.0,lek za grip,2019,13
2019-04-07,0.0,lek za grip,2019,14
2019-04-14,0.0,lek za grip,2019,15
2019-04-21,0.0,lek za grip,2019,16
2019-04-28,0.0,lek za grip,2019,17
2019-05-05,0.0,lek za grip,2019,18
2019-05-12,0.0,lek za grip,2019,19
2019-05-19,0.0,lek za grip,2019,20
2019-05-26,0.0,lek za grip,2019,21
2019-06-02,0.0,lek za grip,2019,22
2019-06-09,0.0,lek za grip,2019,23
2019-06-16,0.0,lek za grip,2019,24
2019-06-23,0.0,lek za grip,2019,25
2019-06-30,0.0,lek za grip,2019,26
2019-07-07,0.0,lek za grip,2019,27
2019-07-14,0.0,lek za grip,2019,28
2019-07-21,0.0,lek za grip,2019,29
2019-07-28,0.0,lek za grip,2019,30
2019-08-04,0.0,lek za grip,2019,31
2019-08-11,0.0,lek za grip,2019,32
2019-08-18,0.0,lek za grip,2019,33
2019-08-25,0.0,lek za grip,2019,34
2019-09-01,0.0,lek za grip,2019,35
2019-09-08,0.0,lek za grip,2019,36
2019-09-15,0.0,lek za grip,2019,37
2019-09-22,0.0,lek za grip,2019,38
2019-09-29,0.0,lek za grip,2019,39
2019-10-06,0.0,lek za grip,2019,40
2019-10-13,0.0,lek za grip,2019,41
2019-10-20,0.0,lek za grip,2019,42
2019-10-27,0.0,lek za grip,2019,43
2019-11-03,0.0,lek za grip,2019,44
2019-11-10,0.0,lek za grip,2019,45
2019-11-17,0.0,lek za grip,2019,46
2019-11-24,0.0,lek za grip,2019,47
2019-12-01,0.0,lek za grip,2019,48
2019-12-08,0.0,lek za grip,2019,49
2019-12-15,0.0,lek za grip,2019,50
2019-12-22,0.0,lek za grip,2019,51
2019-12-29,0.0,lek za grip,2019,52
2020-01-05,0.0,lek za grip,2020,1
2020-01-12,0.0,lek za grip,2020,2
2020-01-19,0.0,lek za grip,2020,3
2020-01-26,0.0,lek za grip,2020,4
2020-02-02,0.0,lek za grip,2020,5
2020-02-09,0.0,lek za grip,2020,6
2020-02-16,0.0,lek za grip,2020,7
2020-02-23,0.0,lek za grip,2020,8
2020-03-01,0.0,lek za grip,2020,9
2020-03-08,0.0,lek za grip,2020,10
2020-03-15,0.0,lek za grip,2020,11
2020-03-22,0.0,lek za grip,2020,12
2020-03-29,0.0,lek za grip,2020,13
2020-04-05,0.0,lek za grip,2020,14
2020-04-12,0.0,lek za grip,2020,15
2020-04-19,0.0,lek za grip,2020,16
2020-04-26,0.0,lek za grip,2020,17
2020-05-03,0.0,lek za grip,2020,18
2020-05-10,0.0,lek za grip,2020,19
2020-05-17,0.0,lek za grip,2020,20
2020-05-24,0.0,lek za grip,2020,21
2020-05-31,0.0,lek za grip,2020,22
2020-06-07,0.0,lek za grip,2020,23
2020-06-14,0.0,lek za grip,2020,24
2020-06-21,0.0,lek za grip,2020,25
2020-06-28,0.0,lek za grip,2020,26
2020-07-05,0.0,lek za grip,2020,27
2020-07-12,0.0,lek za grip,2020,28
2020-07-19,0.0,lek za grip,2020,29
2020-07-26,0.0,lek za grip,2020,30
2020-08-02,0.0,lek za grip,2020,31
2020-08-09,0.0,lek za grip,2020,32
2020-08-16,0.0,lek za grip,2020,33
2020-08-23,0.0,lek za grip,2020,34
2020-08-30,0.0,lek za grip,2020,35
2020-09-06,0.0,lek za grip,2020,36
2020-09-13,0.0,lek za grip,2020,37
2020-09-20,0.0,lek za grip,2020,38
2020-09-27,0.0,lek za grip,2020,39
2020-10-04,0.0,lek za grip,2020,40
2020-10-11,0.0,lek za grip,2020,41
2020-10-18,0.0,lek za grip,2020,42
2020-10-25,0.0,lek za grip,2020,43
2020-11-01,0.0,lek za grip,2020,44
2020-11-08,0.0,lek za grip,2020,45
2020-11-15,0.0,lek za grip,2020,46
2020-11-22,0.0,lek za grip,2020,47
2020-11-29,0.0,lek za grip,2020,48
2020-12-06,0.0,lek za grip,2020,49
2020-12-13,0.0,lek za grip,2020,50
2020-12-20,0.0,lek za grip,2020,51
2020-12-27,0.0,lek za grip,2020,52
2017-12-31,99.0,sirup za kašalj,2017,52
2018-01-07,0.0,sirup za kašalj,2018,1
2018-01-14,0.0,sirup za kašalj,2018,2
2018-01-21,0.0,sirup za kašalj,2018,3
2018-01-28,0.0,sirup za kašalj,2018,4
2018-02-04,0.0,sirup za kašalj,2018,5
2018-02-11,0.0,sirup za kašalj,2018,6
2018-02-18,0.0,sirup za kašalj,2018,7
2018-02-25,0.0,sirup za kašalj,2018,8
2018-03-04,0.0,sirup za kašalj,2018,9
2018-03-11,0.0,sirup za kašalj,2018,10
2018-03-18,0.0,sirup za kašalj,2018,11
2018-03-25,0.0,sirup za kašalj,2018,12
2018-04-01,0.0,sirup za kašalj,2018,13
2018-04-08,0.0,sirup za kašalj,2018,14
2018-04-15,0.0,sirup za kašalj,2018,15
2018-04-22,0.0,sirup za kašalj,2018,16
2018-04-29,0.0,sirup za kašalj,2018,17
2018-05-06,100.0,sirup za kašalj,2018,18
2018-05-13,0.0,sirup za kašalj,2018,19
2018-05-20,0.0,sirup za kašalj,2018,20
2018-05-27,0.0,sirup za kašalj,2018,21
2018-06-03,0.0,sirup za kašalj,2018,22
2018-06-10,0.0,sirup za kašalj,2018,23
2018-06-17,0.0,sirup za kašalj,2018,24
2018-06-24,0.0,sirup za kašalj,2018,25
2018-07-01,0.0,sirup za kašalj,2018,26
2018-07-08,0.0,sirup za kašalj,2018,27
2018-07-15,0.0,sirup za kašalj,2018,28
2018-07-22,0.0,sirup za kašalj,2018,29
2018-07-29,0.0,sirup za kašalj,2018,30
2018-08-05,0.0,sirup za kašalj,2018,31
2018-08-12,0.0,sirup za kašalj,2018,32
2018-08-19,0.0,sirup za kašalj,2018,33
2018-08-26,0.0,sirup za kašalj,2018,34
2018-09-02,0.0,sirup za kašalj,2018,35
2018-09-09,0.0,sirup za kašalj,2018,36
2018-09-16,77.0,sirup za kašalj,2018,37
2018-09-23,0.0,sirup za kašalj,2018,38
2018-09-30,0.0,sirup za kašalj,2018,39
2018-10-07,0.0,sirup za kašalj,2018,40
2018-10-14,0.0,sirup za kašalj,2018,41
2018-10-21,0.0,sirup za kašalj,2018,42
2018-10-28,0.0,sirup za kašalj,2018,43
2018-11-04,0.0,sirup za kašalj,2018,44
2018-11-11,0.0,sirup za kašalj,2018,45
2018-11-18,0.0,sirup za kašalj,2018,46
2018-11-25,0.0,sirup za kašalj,2018,47
2018-12-02,0.0,sirup za kašalj,2018,48
2018-12-09,0.0,sirup za kašalj,2018,49
2018-12-16,0.0,sirup za kašalj,2018,50
2018-12-23,0.0,sirup za kašalj,2018,51
2018-12-30,0.0,sirup za kašalj,2018,52
2019-01-06,0.0,sirup za kašalj,2019,1
2019-01-13,0.0,sirup za kašalj,2019,2
2019-01-20,0.0,sirup za kašalj,2019,3
2019-01-27,0.0,sirup za kašalj,2019,4
2019-02-03,67.0,sirup za kašalj,2019,5
2019-02-10,0.0,sirup za kašalj,2019,6
2019-02-17,0.0,sirup za kašalj,2019,7
2019-02-24,0.0,sirup za kašalj,2019,8
2019-03-03,0.0,sirup za kašalj,2019,9
2019-03-10,0.0,sirup za kašalj,2019,10
2019-03-17,0.0,sirup za kašalj,2019,11
2019-03-24,0.0,sirup za kašalj,2019,12
2019-03-31,0.0,sirup za kašalj,2019,13
2019-04-07,0.0,sirup za kašalj,2019,14
2019-04-14,0.0,sirup za kašalj,2019,15
2019-04-21,0.0,sirup za kašalj,2019,16
2019-04-28,0.0,sirup za kašalj,2019,17
2019-05-05,0.0,sirup za kašalj,2019,18
2019-05-12,0.0,sirup za kašalj,2019,19
2019-05-19,0.0,sirup za kašalj,2019,20
2019-05-26,0.0,sirup za kašalj,2019,21
2019-06-02,0.0,sirup za kašalj,2019,22
2019-06-09,0.0,sirup za kašalj,2019,23
2019-06-16,0.0,sirup za kašalj,2019,24
2019-06-23,0.0,sirup za kašalj,2019,25
2019-06-30,0.0,sirup za kašalj,2019,26
2019-07-07,0.0,sirup za kašalj,2019,27
2019-07-14,0.0,sirup za kašalj,2019,28
2019-07-21,0.0,sirup za kašalj,2019,29
2019-07-28,0.0,sirup za kašalj,2019,30
2019-08-04,0.0,sirup za kašalj,2019,31
2019-08-11,0.0,sirup za kašalj,2019,32
2019-08-18,0.0,sirup za kašalj,2019,33
2019-08-25,0.0,sirup za kašalj,2019,34
2019-09-01,0.0,sirup za kašalj,2019,35
2019-09-08,0.0,sirup za kašalj,2019,36
2019-09-15,79.0,sirup za kašalj,2019,37
2019-09-22,0.0,sirup za kašalj,2019,38
2019-09-29,0.0,sirup za kašalj,2019,39
2019-10-06,0.0,sirup za kašalj,2019,40
2019-10-13,0.0,sirup za kašalj,2019,41
2019-10-20,0.0,sirup za kašalj,2019,42
2019-10-27,0.0,sirup za kašalj,2019,43
2019-11-03,0.0,sirup za kašalj,2019,44
2019-11-10,0.0,sirup za kašalj,2019,45
2019-11-17,0.0,sirup za kašalj,2019,46
2019-11-24,0.0,sirup za kašalj,2019,47
2019-12-01,0.0,sirup za kašalj,2019,48
2019-12-08,0.0,sirup za kašalj,2019,49
2019-12-15,0.0,sirup za kašalj,2019,50
2019-12-22,0.0,sirup za kašalj,2019,51
2019-12-29,0.0,sirup za kašalj,2019,52
2020-01-05,0.0,sirup za kašalj,2020,1
2020-01-12,0.0,sirup za kašalj,2020,2
2020-01-19,0.0,sirup za kašalj,2020,3
2020-01-26,64.0,sirup za kašalj,2020,4
2020-02-02,0.0,sirup za kašalj,2020,5
2020-02-09,0.0,sirup za kašalj,2020,6
2020-02-16,0.0,sirup za kašalj,2020,7
2020-02-23,0.0,sirup za kašalj,2020,8
2020-03-01,0.0,sirup za kašalj,2020,9
2020-03-08,0.0,sirup za kašalj,2020,10
2020-03-15,0.0,sirup za kašalj,2020,11
2020-03-22,0.0,sirup za kašalj,2020,12
2020-03-29,0.0,sirup za kašalj,2020,13
2020-04-05,0.0,sirup za kašalj,2020,14
2020-04-12,0.0,sirup za kašalj,2020,15
2020-04-19,0.0,sirup za kašalj,2020,16
2020-04-26,0.0,sirup za kašalj,2020,17
2020-05-03,0.0,sirup za kašalj,2020,18
2020-05-10,0.0,sirup za kašalj,2020,19
2020-05-17,0.0,sirup za kašalj,2020,20
2020-05-24,0.0,sirup za kašalj,2020,21
2020-05-31,0.0,sirup za kašalj,2020,22
2020-06-07,0.0,sirup za kašalj,2020,23
2020-06-14,0.0,sirup za kašalj,2020,24
2020-06-21,0.0,sirup za kašalj,2020,25
2020-06-28,0.0,sirup za kašalj,2020,26
2020-07-05,0.0,sirup za kašalj,2020,27
2020-07-12,0.0,sirup za kašalj,2020,28
2020-07-19,0.0,sirup za kašalj,2020,29
2020-07-26,0.0,sirup za kašalj,2020,30
2020-08-02,0.0,sirup za kašalj,2020,31
2020-08-09,0.0,sirup za kašalj,2020,32
2020-08-16,0.0,sirup za kašalj,2020,33
2020-08-23,0.0,sirup za kašalj,2020,34
2020-08-30,0.0,sirup za kašalj,2020,35
2020-09-06,0.0,sirup za kašalj,2020,36
2020-09-13,0.0,sirup za kašalj,2020,37
2020-09-20,0.0,sirup za kašalj,2020,38
2020-09-27,0.0,sirup za kašalj,2020,39
2020-10-04,0.0,sirup za kašalj,2020,40
2020-10-11,0.0,sirup za kašalj,2020,41
2020-10-18,0.0,sirup za kašalj,2020,42
2020-10-25,0.0,sirup za kašalj,2020,43
2020-11-01,0.0,sirup za kašalj,2020,44
2020-11-08,0.0,sirup za kašalj,2020,45
2020-11-15,0.0,sirup za kašalj,2020,46
2020-11-22,0.0,sirup za kašalj,2020,47
2020-11-29,0.0,sirup za kašalj,2020,48
2020-12-06,0.0,sirup za kašalj,2020,49
2020-12-13,0.0,sirup za kašalj,2020,50
2020-12-20,0.0,sirup za kašalj,2020,51
2020-12-27,0.0,sirup za kašalj,2020,52
2021-01-03,0.0,sirup za kašalj,2020,53
2021-01-10,0.0,sirup za kašalj,2021,1
2021-01-17,0.0,sirup za kašalj,2021,2
2021-01-24,0.0,sirup za kašalj,2021,3
2021-01-31,0.0,sirup za kašalj,2021,4
2021-02-07,0.0,sirup za kašalj,2021,5
2021-02-14,0.0,sirup za kašalj,2021,6
2021-02-21,0.0,sirup za kašalj,2021,7
2021-02-28,0.0,sirup za kašalj,2021,8
2021-03-07,0.0,sirup za kašalj,2021,9
2021-03-14,72.0,sirup za kašalj,2021,10
2021-03-21,0.0,sirup za kašalj,2021,11
2021-03-28,0.0,sirup za kašalj,2021,12
2021-04-04,0.0,sirup za kašalj,2021,13
2021-04-11,0.0,sirup za kašalj,2021,14
2021-04-18,0.0,sirup za kašalj,2021,15
2021-04-25,0.0,sirup za kašalj,2021,16
2021-05-02,0.0,sirup za kašalj,2021,17
2021-05-09,0.0,sirup za kašalj,2021,18
2021-05-16,0.0,sirup za kašalj,2021,19
2021-05-23,0.0,sirup za kašalj,2021,20
2021-05-30,0.0,sirup za kašalj,2021,21
2021-06-06,0.0,sirup za kašalj,2021,22
2021-06-13,0.0,sirup za kašalj,2021,23
2021-06-20,0.0,sirup za kašalj,2021,24
2021-06-27,0.0,sirup za kašalj,2021,25
2021-07-04,0.0,sirup za kašalj,2021,26
2021-07-11,0.0,sirup za kašalj,2021,27
2021-07-18,0.0,sirup za kašalj,2021,28
2021-07-25,0.0,sirup za kašalj,2021,29
2021-08-01,0.0,sirup za kašalj,2021,30
2021-08-08,0.0,sirup za kašalj,2021,31
2021-08-15,0.0,sirup za kašalj,2021,32
2021-08-22,0.0,sirup za kašalj,2021,33
2021-08-29,0.0,sirup za kašalj,2021,34
2021-09-05,0.0,sirup za kašalj,2021,35
2021-09-12,93.0,sirup za kašalj,2021,36
2021-09-19,0.0,sirup za kašalj,2021,37
2021-09-26,0.0,sirup za kašalj,2021,38
2021-10-03,0.0,sirup za kašalj,2021,39
2021-10-10,100.0,sirup za kašalj,2021,40
2021-10-17,0.0,sirup za kašalj,2021,41
2021-10-24,0.0,sirup za kašalj,2021,42
2021-10-31,86.0,sirup za kašalj,2021,43
2021-11-07,0.0,sirup za kašalj,2021,44
2021-11-14,0.0,sirup za kašalj,2021,45
2021-11-21,0.0,sirup za kašalj,2021,46
2021-11-28,0.0,sirup za kašalj,2021,47
2021-12-05,0.0,sirup za kašalj,2021,48
2021-12-12,0.0,sirup za kašalj,2021,49
2021-12-19,0.0,sirup za kašalj,2021,50
2021-12-26,0.0,sirup za kašalj,2021,51
2022-01-02,0.0,sirup za kašalj,2021,52
2022-01-09,0.0,sirup za kašalj,2022,1
2022-01-16,0.0,sirup za kašalj,2022,2
2022-01-23,89.0,sirup za kašalj,2022,3
2022-01-30,0.0,sirup za kašalj,2022,4
2022-02-06,0.0,sirup za kašalj,2022,5
2022-02-13,0.0,sirup za kašalj,2022,6
2022-02-20,0.0,sirup za kašalj,2022,7
2022-02-27,0.0,sirup za kašalj,2022,8
2022-03-06,0.0,sirup za kašalj,2022,9
2022-03-13,0.0,sirup za kašalj,2022,10
2022-03-20,0.0,sirup za kašalj,2022,11
2022-03-27,63.0,sirup za kašalj,2022,12
2022-04-03,0.0,sirup za kašalj,2022,13
2022-04-10,0.0,sirup za kašalj,2022,14
2022-04-17,0.0,sirup za kašalj,2022,15
2022-04-24,0.0,sirup za kašalj,2022,16
2022-05-01,0.0,sirup za kašalj,2022,17
2022-05-08,0.0,sirup za kašalj,2022,18
2022-05-15,0.0,sirup za kašalj,2022,19
2022-05-22,0.0,sirup za kašalj,2022,20
2022-05-29,0.0,sirup za kašalj,2022,21
2022-06-05,0.0,sirup za kašalj,2022,22
2022-06-12,0.0,sirup za kašalj,2022,23
2022-06-19,0.0,sirup za kašalj,2022,24
2022-06-26,0.0,sirup za kašalj,2022,25
2022-07-03,0.0,sirup za kašalj,2022,26
2022-07-10,0.0,sirup za kašalj,2022,27
2022-07-17,0.0,sirup za kašalj,2022,28
2022-07-24,0.0,sirup za kašalj,2022,29
2022-07-31,0.0,sirup za kašalj,2022,30
2022-08-07,0.0,sirup za kašalj,2022,31
2022-08-14,0.0,sirup za kašalj,2022,32
2022-08-21,0.0,sirup za kašalj,2022,33
2022-08-28,0.0,sirup za kašalj,2022,34
2022-09-04,0.0,sirup za kašalj,2022,35
2022-09-11,0.0,sirup za kašalj,2022,36
2022-09-18,0.0,sirup za kašalj,2022,37
2022-09-25,0.0,sirup za kašalj,2022,38
2022-10-02,0.0,sirup za kašalj,2022,39
2022-10-09,0.0,sirup za kašalj,2022,40
2022-10-16,0.0,sirup za kašalj,2022,41
2022-10-23,0.0,sirup za kašalj,2022,42
2022-10-30,78.0,sirup za kašalj,2022,43
2022-11-06,0.0,sirup za kašalj,2022,44
2022-11-13,0.0,sirup za kašalj,2022,45
2022-11-20,65.0,sirup za kašalj,2022,46
2022-11-27,0.0,sirup za kašalj,2022,47
2022-12-04,0.0,sirup za kašalj,2022,48
2022-12-11,0.0,sirup za kašalj,2022,49
2022-12-18,74.0,sirup za kašalj,2022,50
2022-12-25,72.0,sirup za kašalj,2022,51
2023-01-01,92.0,sirup za kašalj,2022,52
2023-01-08,93.0,sirup za kašalj,2023,1
2023-01-15,0.0,sirup za kašalj,2023,2
2023-01-22,0.0,sirup za kašalj,2023,3
2023-01-29,66.0,sirup za kašalj,2023,4
2023-02-05,87.0,sirup za kašalj,2023,5
2023-02-12,70.0,sirup za kašalj,2023,6
2023-02-19,76.0,sirup za kašalj,2023,7
2023-02-26,0.0,sirup za kašalj,2023,8
2023-03-05,60.0,sirup za kašalj,2023,9
2023-03-12,75.0,sirup za kašalj,2023,10
2023-03-19,0.0,sirup za kašalj,2023,11
2023-03-26,0.0,sirup za kašalj,2023,12
2023-04-02,0.0,sirup za kašalj,2023,13
2023-04-09,0.0,sirup za kašalj,2023,14
2023-04-16,0.0,sirup za kašalj,2023,15
2023-04-23,0.0,sirup za kašalj,2023,16
2023-04-30,0.0,sirup za kašalj,2023,17
2023-05-07,0.0,sirup za kašalj,2023,18
2023-05-14,0.0,sirup za kašalj,2023,19
2023-05-21,0.0,sirup za kašalj,2023,20
2023-05-28,0.0,sirup za kašalj,2023,21
2023-06-04,0.0,sirup za kašalj,2023,22
2023-06-11,0.0,sirup za kašalj,2023,23
2023-06-18,76.0,sirup za kašalj,2023,24
2023-06-25,0.0,sirup za kašalj,2023,25
2023-07-02,0.0,sirup za kašalj,2023,26
2023-07-09,0.0,sirup za kašalj,2023,27
2023-07-16,0.0,sirup za kašalj,2023,28
2023-07-23,0.0,sirup za kašalj,2023,29
2023-07-30,0.0,sirup za kašalj,2023,30
2023-08-06,0.0,sirup za kašalj,2023,31
2023-08-13,0.0,sirup za kašalj,2023,32
2023-08-20,0.0,sirup za kašalj,2023,33
2023-08-27,0.0,sirup za kašalj,2023,34
2023-09-03,0.0,sirup za kašalj,2023,35
2023-09-10,0.0,sirup za kašalj,2023,36
2023-09-17,0.0,sirup za kašalj,2023,37
2023-09-24,0.0,sirup za kašalj,2023,38
2023-10-01,0.0,sirup za kašalj,2023,39
2023-10-08,70.6561922365989,sirup za kašalj,2023,40
2023-10-15,0.0,sirup za kašalj,2023,41
2023-10-22,74.5101663585952,sirup za kašalj,2023,42
2023-10-29,74.5101663585952,sirup za kašalj,2023,43
2023-11-05,0.0,sirup za kašalj,2023,44
2023-11-12,74.5101663585952,sirup za kašalj,2023,45
2023-11-19,0.0,sirup za kašalj,2023,46
2023-11-26,70.6561922365989,sirup za kašalj,2023,47
2023-12-03,106.62661737523106,sirup za kašalj,2023,48
2023-12-10,89.92606284658041,sirup za kašalj,2023,49
2023-12-17,111.7652495378928,sirup za kašalj,2023,50
2023-12-24,128.46580406654346,sirup za kašalj,2023,51
2023-12-31,70.6561922365989,sirup za kašalj,2023,52
2024-01-07,66.8022181146026,sirup za kašalj,2024,1
2024-01-14,74.5101663585952,sirup za kašalj,2024,2
2024-01-21,0.0,sirup za kašalj,2024,3
2024-01-28,0.0,sirup za kašalj,2024,4
2024-02-04,105.34195933456564,sirup za kašalj,2024,5
2024-02-11,0.0,sirup za kašalj,2024,6
2024-02-18,0.0,sirup za kašalj,2024,7
2024-02-25,0.0,sirup za kašalj,2024,8
2024-03-03,0.0,sirup za kašalj,2024,9
2024-03-10,0.0,sirup za kašalj,2024,10
2024-03-17,0.0,sirup za kašalj,2024,11
2024-03-24,0.0,sirup za kašalj,2024,12
2024-03-31,0.0,sirup za kašalj,2024,13
2024-04-07,0.0,sirup za kašalj,2024,14
2024-04-14,0.0,sirup za kašalj,2024,15
2024-04-21,0.0,sirup za kašalj,2024,16
2024-04-28,0.0,sirup za kašalj,2024,17
2024-05-05,0.0,sirup za kašalj,2024,18
2024-05-12,0.0,sirup za kašalj,2024,19
2024-05-19,0.0,sirup za kašalj,2024,20
2024-05-26,0.0,sirup za kašalj,2024,21
2024-06-02,0.0,sirup za kašalj,2024,22
2024-06-09,0.0,sirup za kašalj,2024,23
2024-06-16,0.0,sirup za kašalj,2024,24
2024-06-23,0.0,sirup za kašalj,2024,25
2024-06-30,0.0,sirup za kašalj,2024,26
2024-07-07,0.0,sirup za kašalj,2024,27
2024-07-14,0.0,sirup za kašalj,2024,28
2024-07-21,0.0,sirup za kašalj,2024,29
2024-07-28,0.0,sirup za kašalj,2024,30
2024-08-04,0.0,sirup za kašalj,2024,31
2024-08-11,0.0,sirup za kašalj,2024,32
2024-08-18,0.0,sirup za kašalj,2024,33
2024-08-25,0.0,sirup za kašalj,2024,34
2024-09-01,0.0,sirup za kašalj,2024,35
2024-09-08,0.0,sirup za kašalj,2024,36
2024-09-15,0.0,sirup za kašalj,2024,37
2024-09-22,0.0,sirup za kašalj,2024,38
2024-09-29,0.0,sirup za kašalj,2024,39
2024-10-06,0.0,sirup za kašalj,2024,40
2024-10-13,0.0,sirup za kašalj,2024,41
2024-10-20,0.0,sirup za kašalj,2024,42
2024-10-27,0.0,sirup za kašalj,2024,43
2024-11-03,0.0,sirup za kašalj,2024,44
2024-11-10,0.0,sirup za kašalj,2024,45
2024-11-17,0.0,sirup za kašalj,2024,46
2024-11-24,0.0,sirup za kašalj,2024,47
2024-12-01,0.0,sirup za kašalj,2024,48
2024-12-08,0.0,sirup za kašalj,2024,49
2024-12-15,0.0,sirup za kašalj,2024,50
2024-12-22,0.0,sirup za kašalj,2024,51
2024-12-29,0.0,sirup za kašalj,2024,52
2013-01-06,0.0,čaj za grip,2013,1
2013-01-13,0.0,čaj za grip,2013,2
2013-01-20,0.0,čaj za grip,2013,3
2013-01-27,0.0,čaj za grip,2013,4
2013-02-03,0.0,čaj za grip,2013,5
2013-02-10,0.0,čaj za grip,2013,6
2013-02-17,0.0,čaj za grip,2013,7
2013-02-24,0.0,čaj za grip,2013,8
2013-03-03,0.0,čaj za grip,2013,9
2013-03-10,0.0,čaj za grip,2013,10
2013-03-17,0.0,čaj za grip,2013,11
2013-03-24,0.0,čaj za grip,2013,12
2013-03-31,0.0,čaj za grip,2013,13
2013-04-07,0.0,čaj za grip,2013,14
2013-04-14,0.0,čaj za grip,2013,15
2013-04-21,0.0,čaj za grip,2013,16
2013-04-28,0.0,čaj za grip,2013,17
2013-05-05,100.0,čaj za grip,2013,18
2013-05-12,0.0,čaj za grip,2013,19
2013-05-19,0.0,čaj za grip,2013,20
2013-05-26,0.0,čaj za grip,2013,21
2013-06-02,0.0,čaj za grip,2013,22
2013-06-09,0.0,čaj za grip,2013,23
2013-06-16,0.0,čaj za grip,2013,24
2013-06-23,0.0,čaj za grip,2013,25
2013-06-30,0.0,čaj za grip,2013,26
2013-07-07,0.0,čaj za grip,2013,27
2013-07-14,0.0,čaj za grip,2013,28
2013-07-21,0.0,čaj za grip,2013,29
2013-07-28,0.0,čaj za grip,2013,30
2013-08-04,0.0,čaj za grip,2013,31
2013-08-11,0.0,čaj za grip,2013,32
2013-08-18,0.0,čaj za grip,2013,33
2013-08-25,0.0,čaj za grip,2013,34
2013-09-01,0.0,čaj za grip,2013,35
2013-09-08,0.0,čaj za grip,2013,36
2013-09-15,0.0,čaj za grip,2013,37
2013-09-22,0.0,čaj za grip,2013,38
2013-09-29,0.0,čaj za grip,2013,39
2013-10-06,0.0,čaj za grip,2013,40
2013-10-13,0.0,čaj za grip,2013,41
2013-10-20,0.0,čaj za grip,2013,42
2013-10-27,0.0,čaj za grip,2013,43
2013-11-03,0.0,čaj za grip,2013,44
2013-11-10,0.0,čaj za grip,2013,45
2013-11-17,0.0,čaj za grip,2013,46
2013-11-24,0.0,čaj za grip,2013,47
2013-12-01,0.0,čaj za grip,2013,48
2013-12-08,0.0,čaj za grip,2013,49
2013-12-15,0.0,čaj za grip,2013,50
2013-12-22,0.0,čaj za grip,2013,51
2013-12-29,0.0,čaj za grip,2013,52
2014-01-05,0.0,čaj za grip,2014,1
2014-01-12,0.0,čaj za grip,2014,2
2014-01-19,0.0,čaj za grip,2014,3
2014-01-26,0.0,čaj za grip,2014,4
2014-02-02,0.0,čaj za grip,2014,5
2014-02-09,0.0,čaj za grip,2014,6
2014-02-16,0.0,čaj za grip,2014,7
2014-02-23,0.0,čaj za grip,2014,8
2014-03-02,0.0,čaj za grip,2014,9
2014-03-09,0.0,čaj za grip,2014,10
2014-03-16,0.0,čaj za grip,2014,11
2014-03-23,0.0,čaj za grip,2014,12
2014-03-30,0.0,čaj za grip,2014,13
2014-04-06,0.0,čaj za grip,2014,14
2014-04-13,0.0,čaj za grip,2014,15
2014-04-20,0.0,čaj za grip,2014,16
2014-04-27,0.0,čaj za grip,2014,17
2014-05-04,0.0,čaj za grip,2014,18
2014-05-11,0.0,čaj za grip,2014,19
2014-05-18,0.0,čaj za grip,2014,20
2014-05-25,0.0,čaj za grip,2014,21
2014-06-01,0.0,čaj za grip,2014,22
2014-06-08,0.0,čaj za grip,2014,23
2014-06-15,0.0,čaj za grip,2014,24
2014-06-22,0.0,čaj za grip,2014,25
2014-06-29,0.0,čaj za grip,2014,26
2014-07-06,0.0,čaj za grip,2014,27
2014-07-13,0.0,čaj za grip,2014,28
2014-07-20,0.0,čaj za grip,2014,29
2014-07-27,0.0,čaj za grip,2014,30
2014-08-03,0.0,čaj za grip,2014,31
2014-08-10,0.0,čaj za grip,2014,32
2014-08-17,0.0,čaj za grip,2014,33
2014-08-24,0.0,čaj za grip,2014,34
2014-08-31,0.0,čaj za grip,2014,35
2014-09-07,0.0,čaj za grip,2014,36
2014-09-14,0.0,čaj za grip,2014,37
2014-09-21,0.0,čaj za grip,2014,38
2014-09-28,0.0,čaj za grip,2014,39
2014-10-05,0.0,čaj za grip,2014,40
2014-10-12,0.0,čaj za grip,2014,41
2014-10-19,0.0,čaj za grip,2014,42
2014-10-26,0.0,čaj za grip,2014,43
2014-11-02,0.0,čaj za grip,2014,44
2014-11-09,0.0,čaj za grip,2014,45
2014-11-16,0.0,čaj za grip,2014,46
2014-11-23,0.0,čaj za grip,2014,47
2014-11-30,0.0,čaj za grip,2014,48
2014-12-07,0.0,čaj za grip,2014,49
2014-12-14,0.0,čaj za grip,2014,50
2014-12-21,0.0,čaj za grip,2014,51
2014-12-28,0.0,čaj za grip,2014,52
2015-01-04,0.0,čaj za grip,2015,1
2015-01-11,0.0,čaj za grip,2015,2
2015-01-18,0.0,čaj za grip,2015,3
2015-01-25,0.0,čaj za grip,2015,4
2015-02-01,0.0,čaj za grip,2015,5
2015-02-08,72.0,čaj za grip,2015,6
2015-02-15,0.0,čaj za grip,2015,7
2015-02-22,0.0,čaj za grip,2015,8
2015-03-01,0.0,čaj za grip,2015,9
2015-03-08,0.0,čaj za grip,2015,10
2015-03-15,0.0,čaj za grip,2015,11
2015-03-22,0.0,čaj za grip,2015,12
2015-03-29,0.0,čaj za grip,2015,13
2015-04-05,0.0,čaj za grip,2015,14
2015-04-12,0.0,čaj za grip,2015,15
2015-04-19,0.0,čaj za grip,2015,16
2015-04-26,0.0,čaj za grip,2015,17
2015-05-03,0.0,čaj za grip,2015,18
2015-05-10,0.0,čaj za grip,2015,19
2015-05-17,0.0,čaj za grip,2015,20
2015-05-24,0.0,čaj za grip,2015,21
2015-05-31,0.0,čaj za grip,2015,22
2015-06-07,0.0,čaj za grip,2015,23
2015-06-14,0.0,čaj za grip,2015,24
2015-06-21,0.0,čaj za grip,2015,25
2015-06-28,0.0,čaj za grip,2015,26
2015-07-05,0.0,čaj za grip,2015,27
2015-07-12,0.0,čaj za grip,2015,28
2015-07-19,0.0,čaj za grip,2015,29
2015-07-26,0.0,čaj za grip,2015,30
2015-08-02,0.0,čaj za grip,2015,31
2015-08-09,0.0,čaj za grip,2015,32
2015-08-16,0.0,čaj za grip,2015,33
2015-08-23,0.0,čaj za grip,2015,34
2015-08-30,0.0,čaj za grip,2015,35
2015-09-06,0.0,čaj za grip,2015,36
2015-09-13,0.0,čaj za grip,2015,37
2015-09-20,0.0,čaj za grip,2015,38
2015-09-27,0.0,čaj za grip,2015,39
2015-10-04,0.0,čaj za grip,2015,40
2015-10-11,0.0,čaj za grip,2015,41
2015-10-18,0.0,čaj za grip,2015,42
2015-10-25,0.0,čaj za grip,2015,43
2015-11-01,0.0,čaj za grip,2015,44
2015-11-08,0.0,čaj za grip,2015,45
2015-11-15,0.0,čaj za grip,2015,46
2015-11-22,0.0,čaj za grip,2015,47
2015-11-29,0.0,čaj za grip,2015,48
2015-12-06,0.0,čaj za grip,2015,49
2015-12-13,0.0,čaj za grip,2015,50
2015-12-20,0.0,čaj za grip,2015,51
2015-12-27,0.0,čaj za grip,2015,52
2016-01-03,0.0,čaj za grip,2015,53
2016-01-10,0.0,čaj za grip,2016,1
2016-01-17,0.0,čaj za grip,2016,2
2016-01-24,0.0,čaj za grip,2016,3
2016-01-31,0.0,čaj za grip,2016,4
2016-02-07,0.0,čaj za grip,2016,5
2016-02-14,0.0,čaj za grip,2016,6
2016-02-21,0.0,čaj za grip,2016,7
2016-02-28,0.0,čaj za grip,2016,8
2016-03-06,0.0,čaj za grip,2016,9
2016-03-13,0.0,čaj za grip,2016,10
2016-03-20,0.0,čaj za grip,2016,11
2016-03-27,0.0,čaj za grip,2016,12
2016-04-03,0.0,čaj za grip,2016,13
2016-04-10,0.0,čaj za grip,2016,14
2016-04-17,0.0,čaj za grip,2016,15
2016-04-24,0.0,čaj za grip,2016,16
2016-05-01,0.0,čaj za grip,2016,17
2016-05-08,0.0,čaj za grip,2016,18
2016-05-15,0.0,čaj za grip,2016,19
2016-05-22,0.0,čaj za grip,2016,20
2016-05-29,0.0,čaj za grip,2016,21
2016-06-05,0.0,čaj za grip,2016,22
2016-06-12,0.0,čaj za grip,2016,23
2016-06-19,0.0,čaj za grip,2016,24
2016-06-26,0.0,čaj za grip,2016,25
2016-07-03,0.0,čaj za grip,2016,26
2016-07-10,0.0,čaj za grip,2016,27
2016-07-17,0.0,čaj za grip,2016,28
2016-07-24,0.0,čaj za grip,2016,29
2016-07-31,0.0,čaj za grip,2016,30
2016-08-07,0.0,čaj za grip,2016,31
2016-08-14,0.0,čaj za grip,2016,32
2016-08-21,0.0,čaj za grip,2016,33
2016-08-28,0.0,čaj za grip,2016,34
2016-09-04,0.0,čaj za grip,2016,35
2016-09-11,0.0,čaj za grip,2016,36
2016-09-18,0.0,čaj za grip,2016,37
2016-09-25,0.0,čaj za grip,2016,38
2016-10-02,0.0,čaj za grip,2016,39
2016-10-09,0.0,čaj za grip,2016,40
2016-10-16,0.0,čaj za grip,2016,41
2016-10-23,0.0,čaj za grip,2016,42
2016-10-30,100.0,čaj za grip,2016,43
2016-11-06,0.0,čaj za grip,2016,44
2016-11-13,0.0,čaj za grip,2016,45
2016-11-20,0.0,čaj za grip,2016,46
2016-11-27,0.0,čaj za grip,2016,47
2016-12-04,0.0,čaj za grip,2016,48
2016-12-11,0.0,čaj za grip,2016,49
2016-12-18,0.0,čaj za grip,2016,50
2016-12-25,0.0,čaj za grip,2016,51
2017-01-01,0.0,čaj za grip,2016,52
2017-01-08,0.0,čaj za grip,2017,1
2017-01-15,0.0,čaj za grip,2017,2
2017-01-22,0.0,čaj za grip,2017,3
2017-01-29,0.0,čaj za grip,2017,4
2017-02-05,0.0,čaj za grip,2017,5
2017-02-12,0.0,čaj za grip,2017,6
2017-02-19,0.0,čaj za grip,2017,7
2017-02-26,0.0,čaj za grip,2017,8
2017-03-05,0.0,čaj za grip,2017,9
2017-03-12,0.0,čaj za grip,2017,10
2017-03-19,0.0,čaj za grip,2017,11
2017-03-26,0.0,čaj za grip,2017,12
2017-04-02,0.0,čaj za grip,2017,13
2017-04-09,0.0,čaj za grip,2017,14
2017-04-16,0.0,čaj za grip,2017,15
2017-04-23,0.0,čaj za grip,2017,16
2017-04-30,0.0,čaj za grip,2017,17
2017-05-07,0.0,čaj za grip,2017,18
2017-05-14,0.0,čaj za grip,2017,19
2017-05-21,0.0,čaj za grip,2017,20
2017-05-28,0.0,čaj za grip,2017,21
2017-06-04,0.0,čaj za grip,2017,22
2017-06-11,0.0,čaj za grip,2017,23
2017-06-18,0.0,čaj za grip,2017,24
2017-06-25,0.0,čaj za grip,2017,25
2017-07-02,0.0,čaj za grip,2017,26
2017-07-09,0.0,čaj za grip,2017,27
2017-07-16,0.0,čaj za grip,2017,28
2017-07-23,0.0,čaj za grip,2017,29
2017-07-30,0.0,čaj za grip,2017,30
2017-08-06,0.0,čaj za grip,2017,31
2017-08-13,0.0,čaj za grip,2017,32
2017-08-20,0.0,čaj za grip,2017,33
2017-08-27,0.0,čaj za grip,2017,34
2017-09-03,0.0,čaj za grip,2017,35
2017-09-10,0.0,čaj za grip,2017,36
2017-09-17,0.0,čaj za grip,2017,37
2017-09-24,0.0,čaj za grip,2017,38
2017-10-01,0.0,čaj za grip,2017,39
2017-10-08,0.0,čaj za grip,2017,40
2017-10-15,0.0,čaj za grip,2017,41
2017-10-22,0.0,čaj za grip,2017,42
2017-10-29,0.0,čaj za grip,2017,43
2017-11-05,0.0,čaj za grip,2017,44
2017-11-12,0.0,čaj za grip,2017,45
2017-11-19,0.0,čaj za grip,2017,46
2017-11-26,0.0,čaj za grip,2017,47
2017-12-03,0.0,čaj za grip,2017,48
2017-12-10,0.0,čaj za grip,2017,49
2017-12-17,0.0,čaj za grip,2017,50
2017-12-24,0.0,čaj za grip,2017,51
2017-12-31,0.0,čaj za grip,2017,52
2018-01-07,0.0,čaj za grip,2018,1
2018-01-14,0.0,čaj za grip,2018,2
2018-01-21,0.0,čaj za grip,2018,3
2018-01-28,0.0,čaj za grip,2018,4
2018-02-04,0.0,čaj za grip,2018,5
2018-02-11,0.0,čaj za grip,2018,6
2018-02-18,0.0,čaj za grip,2018,7
2018-02-25,0.0,čaj za grip,2018,8
2018-03-04,0.0,čaj za grip,2018,9
2018-03-11,0.0,čaj za grip,2018,10
2018-03-18,0.0,čaj za grip,2018,11
2018-03-25,0.0,čaj za grip,2018,12
2018-04-01,0.0,čaj za grip,2018,13
2018-04-08,0.0,čaj za grip,2018,14
2018-04-15,0.0,čaj za grip,2018,15
2018-04-22,0.0,čaj za grip,2018,16
2018-04-29,0.0,čaj za grip,2018,17
2018-05-06,0.0,čaj za grip,2018,18
2018-05-13,0.0,čaj za grip,2018,19
2018-05-20,0.0,čaj za grip,2018,20
2018-05-27,0.0,čaj za grip,2018,21
2018-06-03,0.0,čaj za grip,2018,22
2018-06-10,0.0,čaj za grip,2018,23
2018-06-17,0.0,čaj za grip,2018,24
2018-06-24,0.0,čaj za grip,2018,25
2018-07-01,0.0,čaj za grip,2018,26
2020-06-28,0.0,čaj za grip,2020,26
2020-07-05,0.0,čaj za grip,2020,27
2020-07-12,0.0,čaj za grip,2020,28
2020-07-19,0.0,čaj za grip,2020,29
2020-07-26,0.0,čaj za grip,2020,30
2020-08-02,0.0,čaj za grip,2020,31
2020-08-09,0.0,čaj za grip,2020,32
2020-08-16,0.0,čaj za grip,2020,33
2020-08-23,0.0,čaj za grip,2020,34
2020-08-30,0.0,čaj za grip,2020,35
2020-09-06,0.0,čaj za grip,2020,36
2020-09-13,0.0,čaj za grip,2020,37
2020-09-20,0.0,čaj za grip,2020,38
2020-09-27,0.0,čaj za grip,2020,39
2020-10-04,0.0,čaj za grip,2020,40
2020-10-11,0.0,čaj za grip,2020,41
2020-10-18,0.0,čaj za grip,2020,42
2020-10-25,0.0,čaj za grip,2020,43
2020-11-01,0.0,čaj za grip,2020,44
2020-11-08,0.0,čaj za grip,2020,45
2020-11-15,0.0,čaj za grip,2020,46
2020-11-22,0.0,čaj za grip,2020,47
2020-11-29,0.0,čaj za grip,2020,48
2020-12-06,0.0,čaj za grip,2020,49
2020-12-13,0.0,čaj za grip,2020,50
2020-12-20,0.0,čaj za grip,2020,51
2020-12-27,0.0,čaj za grip,2020,52
2021-01-03,0.0,čaj za grip,2020,53
2021-01-10,0.0,čaj za grip,2021,1
2021-01-17,0.0,čaj za grip,2021,2
2021-01-24,0.0,čaj za grip,2021,3
2021-01-31,0.0,čaj za grip,2021,4
2021-02-07,0.0,čaj za grip,2021,5
2021-02-14,0.0,čaj za grip,2021,6
2021-02-21,0.0,čaj za grip,2021,7
2021-02-28,0.0,čaj za grip,2021,8
2021-03-07,0.0,čaj za grip,2021,9
2021-03-14,0.0,čaj za grip,2021,10
2021-03-21,0.0,čaj za grip,2021,11
2021-03-28,0.0,čaj za grip,2021,12
2021-04-04,0.0,čaj za grip,2021,13
2021-04-11,0.0,čaj za grip,2021,14
2021-04-18,0.0,čaj za grip,2021,15
2021-04-25,0.0,čaj za grip,2021,16
2021-05-02,0.0,čaj za grip,2021,17
2021-05-09,0.0,čaj za grip,2021,18
2021-05-16,0.0,čaj za grip,2021,19
2021-05-23,0.0,čaj za grip,2021,20
2021-05-30,0.0,čaj za grip,2021,21
2021-06-06,0.0,čaj za grip,2021,22
2021-06-13,0.0,čaj za grip,2021,23
2021-06-20,0.0,čaj za grip,2021,24
2021-06-27,0.0,čaj za grip,2021,25
2021-07-04,0.0,čaj za grip,2021,26
2021-07-11,0.0,čaj za grip,2021,27
2021-07-18,0.0,čaj za grip,2021,28
2021-07-25,0.0,čaj za grip,2021,29
2021-08-01,0.0,čaj za grip,2021,30
2021-08-08,0.0,čaj za grip,2021,31
2021-08-15,0.0,čaj za grip,2021,32
2021-08-22,0.0,čaj za grip,2021,33
2021-08-29,0.0,čaj za grip,2021,34
2021-09-05,0.0,čaj za grip,2021,35
2021-09-12,0.0,čaj za grip,2021,36
2021-09-19,0.0,čaj za grip,2021,37
2021-09-26,0.0,čaj za grip,2021,38
2021-10-03,0.0,čaj za grip,2021,39
2021-10-10,0.0,čaj za grip,2021,40
2021-10-17,0.0,čaj za grip,2021,41
2021-10-24,0.0,čaj za grip,2021,42
2021-10-31,0.0,čaj za grip,2021,43
2021-11-07,0.0,čaj za grip,2021,44
2021-11-14,0.0,čaj za grip,2021,45
2021-11-21,0.0,čaj za grip,2021,46
2021-11-28,0.0,čaj za grip,2021,47
2021-12-05,0.0,čaj za grip,2021,48
2021-12-12,0.0,čaj za grip,2021,49
2021-12-19,0.0,čaj za grip,2021,50
2021-12-26,100.0,čaj za grip,2021,51
2022-01-02,0.0,čaj za grip,2021,52
2022-01-09,0.0,čaj za grip,2022,1
2022-01-16,0.0,čaj za grip,2022,2
2022-01-23,0.0,čaj za grip,2022,3
2022-01-30,0.0,čaj za grip,2022,4
2022-02-06,0.0,čaj za grip,2022,5
2022-02-13,0.0,čaj za grip,2022,6
2022-02-20,0.0,čaj za grip,2022,7
2022-02-27,0.0,čaj za grip,2022,8
2022-03-06,0.0,čaj za grip,2022,9
2022-03-13,0.0,čaj za grip,2022,10
2022-03-20,0.0,čaj za grip,2022,11
2022-03-27,0.0,čaj za grip,2022,12
2022-04-03,0.0,čaj za grip,2022,13
2022-04-10,0.0,čaj za grip,2022,14
2022-04-17,0.0,čaj za grip,2022,15
2022-04-24,0.0,čaj za grip,2022,16
2022-05-01,0.0,čaj za grip,2022,17
2022-05-08,0.0,čaj za grip,2022,18
2022-05-15,0.0,čaj za grip,2022,19
2022-05-22,0.0,čaj za grip,2022,20
2022-05-29,0.0,čaj za grip,2022,21
2022-06-05,0.0,čaj za grip,2022,22
2022-06-12,0.0,čaj za grip,2022,23
2022-06-19,0.0,čaj za grip,2022,24
2022-06-26,0.0,čaj za grip,2022,25
2022-07-03,0.0,čaj za grip,2022,26
2022-07-10,0.0,čaj za grip,2022,27
2022-07-17,0.0,čaj za grip,2022,28
2022-07-24,0.0,čaj za grip,2022,29
2022-07-31,0.0,čaj za grip,2022,30
2022-08-07,0.0,čaj za grip,2022,31
2022-08-14,0.0,čaj za grip,2022,32
2022-08-21,0.0,čaj za grip,2022,33
2022-08-28,0.0,čaj za grip,2022,34
2022-09-04,0.0,čaj za grip,2022,35
2022-09-11,0.0,čaj za grip,2022,36
2022-09-18,0.0,čaj za grip,2022,37
2022-09-25,0.0,čaj za grip,2022,38
2022-10-02,0.0,čaj za grip,2022,39
2022-10-09,0.0,čaj za grip,2022,40
2022-10-16,0.0,čaj za grip,2022,41
2022-10-23,0.0,čaj za grip,2022,42
2022-10-30,0.0,čaj za grip,2022,43
2022-11-06,0.0,čaj za grip,2022,44
2022-11-13,0.0,čaj za grip,2022,45
2022-11-20,0.0,čaj za grip,2022,46
2022-11-27,0.0,čaj za grip,2022,47
2022-12-04,0.0,čaj za grip,2022,48
2022-12-11,0.0,čaj za grip,2022,49
2022-12-18,0.0,čaj za grip,2022,50
2022-12-25,0.0,čaj za grip,2022,51
2023-01-01,0.0,čaj za grip,2022,52
2023-01-08,0.0,čaj za grip,2023,1
2023-01-15,0.0,čaj za grip,2023,2
2023-01-22,0.0,čaj za grip,2023,3
2023-01-29,0.0,čaj za grip,2023,4
2023-02-05,0.0,čaj za grip,2023,5
2023-02-12,0.0,čaj za grip,2023,6
2023-02-19,0.0,čaj za grip,2023,7
2023-02-26,0.0,čaj za grip,2023,8
2023-03-05,0.0,čaj za grip,2023,9
2023-03-12,0.0,čaj za grip,2023,10
2023-03-19,0.0,čaj za grip,2023,11
2023-03-26,0.0,čaj za grip,2023,12
2023-04-02,0.0,čaj za grip,2023,13
2023-04-09,0.0,čaj za grip,2023,14
2023-04-16,0.0,čaj za grip,2023,15
2023-04-23,0.0,čaj za grip,2023,16
2023-04-30,0.0,čaj za grip,2023,17
2023-05-07,0.0,čaj za grip,2023,18
2023-05-14,0.0,čaj za grip,2023,19
2023-05-21,0.0,čaj za grip,2023,20
2023-05-28,0.0,čaj za grip,2023,21
2023-06-04,0.0,čaj za grip,2023,22
2023-06-11,0.0,čaj za grip,2023,23
2023-06-18,0.0,čaj za grip,2023,24
2023-06-25,0.0,čaj za grip,2023,25
2023-07-02,0.0,čaj za grip,2023,26
2015-06-28,0.0,vakcina protiv gripa,2015,26
2015-07-05,0.0,vakcina protiv gripa,2015,27
2015-07-12,0.0,vakcina protiv gripa,2015,28
2015-07-19,0.0,vakcina protiv gripa,2015,29
2015-07-26,0.0,vakcina protiv gripa,2015,30
2015-08-02,0.0,vakcina protiv gripa,2015,31
2015-08-09,0.0,vakcina protiv gripa,2015,32
2015-08-16,0.0,vakcina protiv gripa,2015,33
2015-08-23,0.0,vakcina protiv gripa,2015,34
2015-08-30,0.0,vakcina protiv gripa,2015,35
2015-09-06,0.0,vakcina protiv gripa,2015,36
2015-09-13,0.0,vakcina protiv gripa,2015,37
2015-09-20,0.0,vakcina protiv gripa,2015,38
2015-09-27,0.0,vakcina protiv gripa,2015,39
2015-10-04,0.0,vakcina protiv gripa,2015,40
2015-10-11,0.0,vakcina protiv gripa,2015,41
2015-10-18,0.0,vakcina protiv gripa,2015,42
2015-10-25,0.0,vakcina protiv gripa,2015,43
2015-11-01,0.0,vakcina protiv gripa,2015,44
2015-11-08,0.0,vakcina protiv gripa,2015,45
2015-11-15,0.0,vakcina protiv gripa,2015,46
2015-11-22,0.0,vakcina protiv gripa,2015,47
2015-11-29,0.0,vakcina protiv gripa,2015,48
2015-12-06,0.0,vakcina protiv gripa,2015,49
2015-12-13,0.0,vakcina protiv gripa,2015,50
2015-12-20,0.0,vakcina protiv gripa,2015,51
2015-12-27,0.0,vakcina protiv gripa,2015,52
2016-01-03,0.0,vakcina protiv gripa,2015,53
2016-01-10,0.0,vakcina protiv gripa,2016,1
2016-01-17,0.0,vakcina protiv gripa,2016,2
2016-01-24,0.0,vakcina protiv gripa,2016,3
2016-01-31,0.0,vakcina protiv gripa,2016,4
2016-02-07,0.0,vakcina protiv gripa,2016,5
2016-02-14,0.0,vakcina protiv gripa,2016,6
2016-02-21,0.0,vakcina protiv gripa,2016,7
2016-02-28,0.0,vakcina protiv gripa,2016,8
2016-03-06,0.0,vakcina protiv gripa,2016,9
2016-03-13,0.0,vakcina protiv gripa,2016,10
2016-03-20,0.0,vakcina protiv gripa,2016,11
2016-03-27,0.0,vakcina protiv gripa,2016,12
2016-04-03,0.0,vakcina protiv gripa,2016,13
2016-04-10,0.0,vakcina protiv gripa,2016,14
2016-04-17,0.0,vakcina protiv gripa,2016,15
2016-04-24,0.0,vakcina protiv gripa,2016,16
2016-05-01,0.0,vakcina protiv gripa,2016,17
2016-05-08,0.0,vakcina protiv gripa,2016,18
2016-05-15,0.0,vakcina protiv gripa,2016,19
2016-05-22,0.0,vakcina protiv gripa,2016,20
2016-05-29,0.0,vakcina protiv gripa,2016,21
2016-06-05,0.0,vakcina protiv gripa,2016,22
2016-06-12,0.0,vakcina protiv gripa,2016,23
2016-06-19,0.0,vakcina protiv gripa,2016,24
2016-06-26,0.0,vakcina protiv gripa,2016,25
2016-07-03,0.0,vakcina protiv gripa,2016,26
2016-07-10,0.0,vakcina protiv gripa,2016,27
2016-07-17,0.0,vakcina protiv gripa,2016,28
2016-07-24,0.0,vakcina protiv gripa,2016,29
2016-07-31,83.0,vakcina protiv gripa,2016,30
2016-08-07,0.0,vakcina protiv gripa,2016,31
2016-08-14,0.0,vakcina protiv gripa,2016,32
2016-08-21,0.0,vakcina protiv gripa,2016,33
2016-08-28,0.0,vakcina protiv gripa,2016,34
2016-09-04,0.0,vakcina protiv gripa,2016,35
2016-09-11,0.0,vakcina protiv gripa,2016,36
2016-09-18,0.0,vakcina protiv gripa,2016,37
2016-09-25,0.0,vakcina protiv gripa,2016,38
2016-10-02,0.0,vakcina protiv gripa,2016,39
2016-10-09,0.0,vakcina protiv gripa,2016,40
2016-10-16,100.0,vakcina protiv gripa,2016,41
2016-10-23,0.0,vakcina protiv gripa,2016,42
2016-10-30,0.0,vakcina protiv gripa,2016,43
2016-11-06,0.0,vakcina protiv gripa,2016,44
2016-11-13,0.0,vakcina protiv gripa,2016,45
2016-11-20,0.0,vakcina protiv gripa,2016,46
2016-11-27,0.0,vakcina protiv gripa,2016,47
2016-12-04,0.0,vakcina protiv gripa,2016,48
2016-12-11,0.0,vakcina protiv gripa,2016,49
2016-12-18,0.0,vakcina protiv gripa,2016,50
2016-12-25,0.0,vakcina protiv gripa,2016,51
2017-01-01,0.0,vakcina protiv gripa,2016,52
2017-01-08,0.0,vakcina protiv gripa,2017,1
2017-01-15,0.0,vakcina protiv gripa,2017,2
2017-01-22,0.0,vakcina protiv gripa,2017,3
2017-01-29,0.0,vakcina protiv gripa,2017,4
2017-02-05,0.0,vakcina protiv gripa,2017,5
2017-02-12,0.0,vakcina protiv gripa,2017,6
2017-02-19,0.0,vakcina protiv gripa,2017,7
2017-02-26,0.0,vakcina protiv gripa,2017,8
2017-03-05,0.0,vakcina protiv gripa,2017,9
2017-03-12,0.0,vakcina protiv gripa,2017,10
2017-03-19,0.0,vakcina protiv gripa,2017,11
2017-03-26,0.0,vakcina protiv gripa,2017,12
2017-04-02,0.0,vakcina protiv gripa,2017,13
2017-04-09,0.0,vakcina protiv gripa,2017,14
2017-04-16,0.0,vakcina protiv gripa,2017,15
2017-04-23,0.0,vakcina protiv gripa,2017,16
2017-04-30,0.0,vakcina protiv gripa,2017,17
2017-05-07,0.0,vakcina protiv gripa,2017,18
2017-05-14,0.0,vakcina protiv gripa,2017,19
2017-05-21,0.0,vakcina protiv gripa,2017,20
2017-05-28,0.0,vakcina protiv gripa,2017,21
2017-06-04,0.0,vakcina protiv gripa,2017,22
2017-06-11,0.0,vakcina protiv gripa,2017,23
2017-06-18,0.0,vakcina protiv gripa,2017,24
2017-06-25,0.0,vakcina protiv gripa,2017,25
2017-07-02,0.0,vakcina protiv gripa,2017,26
2017-07-09,0.0,vakcina protiv gripa,2017,27
2017-07-16,0.0,vakcina protiv gripa,2017,28
2017-07-23,0.0,vakcina protiv gripa,2017,29
2017-07-30,0.0,vakcina protiv gripa,2017,30
2017-08-06,0.0,vakcina protiv gripa,2017,31
2017-08-13,0.0,vakcina protiv gripa,2017,32
2017-08-20,0.0,vakcina protiv gripa,2017,33
2017-08-27,0.0,vakcina protiv gripa,2017,34
2017-09-03,0.0,vakcina protiv gripa,2017,35
2017-09-10,0.0,vakcina protiv gripa,2017,36
2017-09-17,0.0,vakcina protiv gripa,2017,37
2017-09-24,0.0,vakcina protiv gripa,2017,38
2017-10-01,0.0,vakcina protiv gripa,2017,39
2017-10-08,0.0,vakcina protiv gripa,2017,40
2017-10-15,0.0,vakcina protiv gripa,2017,41
2017-10-22,0.0,vakcina protiv gripa,2017,42
2017-10-29,0.0,vakcina protiv gripa,2017,43
2017-11-05,0.0,vakcina protiv gripa,2017,44
2017-11-12,0.0,vakcina protiv gripa,2017,45
2017-11-19,0.0,vakcina protiv gripa,2017,46
2017-11-26,0.0,vakcina protiv gripa,2017,47
2017-12-03,0.0,vakcina protiv gripa,2017,48
2017-12-10,0.0,vakcina protiv gripa,2017,49
2017-12-17,0.0,vakcina protiv gripa,2017,50
2017-12-24,0.0,vakcina protiv gripa,2017,51
2017-12-31,0.0,vakcina protiv gripa,2017,52
2018-01-07,0.0,vakcina protiv gripa,2018,1
2018-01-14,0.0,vakcina protiv gripa,2018,2
2018-01-21,0.0,vakcina protiv gripa,2018,3
2018-01-28,0.0,vakcina protiv gripa,2018,4
2018-02-04,0.0,vakcina protiv gripa,2018,5
2018-02-11,0.0,vakcina protiv gripa,2018,6
2018-02-18,0.0,vakcina protiv gripa,2018,7
2018-02-25,0.0,vakcina protiv gripa,2018,8
2018-03-04,0.0,vakcina protiv gripa,2018,9
2018-03-11,0.0,vakcina protiv gripa,2018,10
2018-03-18,0.0,vakcina protiv gripa,2018,11
2018-03-25,0.0,vakcina protiv gripa,2018,12
2018-04-01,0.0,vakcina protiv gripa,2018,13
2018-04-08,0.0,vakcina protiv gripa,2018,14
2018-04-15,0.0,vakcina protiv gripa,2018,15
2018-04-22,0.0,vakcina protiv gripa,2018,16
2018-04-29,0.0,vakcina protiv gripa,2018,17
2018-05-06,0.0,vakcina protiv gripa,2018,18
2018-05-13,0.0,vakcina protiv gripa,2018,19
2018-05-20,0.0,vakcina protiv gripa,2018,20
2018-05-27,0.0,vakcina protiv gripa,2018,21
2018-06-03,0.0,vakcina protiv gripa,2018,22
2018-06-10,0.0,vakcina protiv gripa,2018,23
2018-06-17,0.0,vakcina protiv gripa,2018,24
2018-06-24,0.0,vakcina protiv gripa,2018,25
2018-07-01,0.0,vakcina protiv gripa,2018,26
2018-07-08,0.0,vakcina protiv gripa,2018,27
2018-07-15,0.0,vakcina protiv gripa,2018,28
2018-07-22,0.0,vakcina protiv gripa,2018,29
2018-07-29,0.0,vakcina protiv gripa,2018,30
2018-08-05,0.0,vakcina protiv gripa,2018,31
2018-08-12,0.0,vakcina protiv gripa,2018,32
2018-08-19,0.0,vakcina protiv gripa,2018,33
2018-08-26,0.0,vakcina protiv gripa,2018,34
2018-09-02,0.0,vakcina protiv gripa,2018,35
2018-09-09,0.0,vakcina protiv gripa,2018,36
2018-09-16,0.0,vakcina protiv gripa,2018,37
2018-09-23,0.0,vakcina protiv gripa,2018,38
2018-09-30,0.0,vakcina protiv gripa,2018,39
2018-10-07,0.0,vakcina protiv gripa,2018,40
2018-10-14,22.0,vakcina protiv gripa,2018,41
2018-10-21,0.0,vakcina protiv gripa,2018,42
2018-10-28,0.0,vakcina protiv gripa,2018,43
2018-11-04,0.0,vakcina protiv gripa,2018,44
2018-11-11,0.0,vakcina protiv gripa,2018,45
2018-11-18,0.0,vakcina protiv gripa,2018,46
2018-11-25,0.0,vakcina protiv gripa,2018,47
2018-12-02,0.0,vakcina protiv gripa,2018,48
2018-12-09,0.0,vakcina protiv gripa,2018,49
2018-12-16,0.0,vakcina protiv gripa,2018,50
2018-12-23,0.0,vakcina protiv gripa,2018,51
2018-12-30,0.0,vakcina protiv gripa,2018,52
2019-01-06,0.0,vakcina protiv gripa,2019,1
2019-01-13,0.0,vakcina protiv gripa,2019,2
2019-01-20,0.0,vakcina protiv gripa,2019,3
2019-01-27,0.0,vakcina protiv gripa,2019,4
2019-02-03,29.0,vakcina protiv gripa,2019,5
2019-02-10,32.0,vakcina protiv gripa,2019,6
2019-02-17,0.0,vakcina protiv gripa,2019,7
2019-02-24,0.0,vakcina protiv gripa,2019,8
2019-03-03,0.0,vakcina protiv gripa,2019,9
2019-03-10,0.0,vakcina protiv gripa,2019,10
2019-03-17,0.0,vakcina protiv gripa,2019,11
2019-03-24,0.0,vakcina protiv gripa,2019,12
2019-03-31,0.0,vakcina protiv gripa,2019,13
2019-04-07,0.0,vakcina protiv gripa,2019,14
2019-04-14,0.0,vakcina protiv gripa,2019,15
2019-04-21,0.0,vakcina protiv gripa,2019,16
2019-04-28,0.0,vakcina protiv gripa,2019,17
2019-05-05,0.0,vakcina protiv gripa,2019,18
2019-05-12,0.0,vakcina protiv gripa,2019,19
2019-05-19,0.0,vakcina protiv gripa,2019,20
2019-05-26,0.0,vakcina protiv gripa,2019,21
2019-06-02,0.0,vakcina protiv gripa,2019,22
2019-06-09,0.0,vakcina protiv gripa,2019,23
2019-06-16,0.0,vakcina protiv gripa,2019,24
2019-06-23,0.0,vakcina protiv gripa,2019,25
2019-06-30,0.0,vakcina protiv gripa,2019,26
2019-07-07,0.0,vakcina protiv gripa,2019,27
2019-07-14,0.0,vakcina protiv gripa,2019,28
2019-07-21,0.0,vakcina protiv gripa,2019,29
2019-07-28,0.0,vakcina protiv gripa,2019,30
2019-08-04,0.0,vakcina protiv gripa,2019,31
2019-08-11,0.0,vakcina protiv gripa,2019,32
2019-08-18,0.0,vakcina protiv gripa,2019,33
2019-08-25,0.0,vakcina protiv gripa,2019,34
2019-09-01,0.0,vakcina protiv gripa,2019,35
2019-09-08,0.0,vakcina protiv gripa,2019,36
2019-09-15,0.0,vakcina protiv gripa,2019,37
2019-09-22,0.0,vakcina protiv gripa,2019,38
2019-09-29,0.0,vakcina protiv gripa,2019,39
2019-10-06,0.0,vakcina protiv gripa,2019,40
2019-10-13,60.0,vakcina protiv gripa,2019,41
2019-10-20,42.0,vakcina protiv gripa,2019,42
2019-10-27,43.0,vakcina protiv gripa,2019,43
2019-11-03,34.0,vakcina protiv gripa,2019,44
2019-11-10,26.0,vakcina protiv gripa,2019,45
2019-11-17,26.0,vakcina protiv gripa,2019,46
2019-11-24,22.0,vakcina protiv gripa,2019,47
2019-12-01,0.0,vakcina protiv gripa,2019,48
2019-12-08,0.0,vakcina protiv gripa,2019,49
2019-12-15,0.0,vakcina protiv gripa,2019,50
2019-12-22,0.0,vakcina protiv gripa,2019,51
2019-12-29,0.0,vakcina protiv gripa,2019,52
2020-01-05,0.0,vakcina protiv gripa,2020,1
2020-01-12,0.0,vakcina protiv gripa,2020,2
2020-01-19,0.0,vakcina protiv gripa,2020,3
2020-01-26,0.0,vakcina protiv gripa,2020,4
2020-02-02,0.0,vakcina protiv gripa,2020,5
2020-02-09,0.0,vakcina protiv gripa,2020,6
2020-02-16,0.0,vakcina protiv gripa,2020,7
2020-02-23,0.0,vakcina protiv gripa,2020,8
2020-03-01,0.0,vakcina protiv gripa,2020,9
2020-03-08,0.0,vakcina protiv gripa,2020,10
2020-03-15,0.0,vakcina protiv gripa,2020,11
2020-03-22,0.0,vakcina protiv gripa,2020,12
2020-03-29,0.0,vakcina protiv gripa,2020,13
2020-04-05,0.0,vakcina protiv gripa,2020,14
2020-04-12,0.0,vakcina protiv gripa,2020,15
2020-04-19,0.0,vakcina protiv gripa,2020,16
2020-04-26,0.0,vakcina protiv gripa,2020,17
2020-05-03,0.0,vakcina protiv gripa,2020,18
2020-05-10,0.0,vakcina protiv gripa,2020,19
2020-05-17,0.0,vakcina protiv gripa,2020,20
2020-05-24,0.0,vakcina protiv gripa,2020,21
2020-05-31,0.0,vakcina protiv gripa,2020,22
2020-06-07,0.0,vakcina protiv gripa,2020,23
2020-06-14,0.0,vakcina protiv gripa,2020,24
2020-06-21,0.0,vakcina protiv gripa,2020,25
2020-06-28,0.0,vakcina protiv gripa,2020,26
2020-07-05,0.0,vakcina protiv gripa,2020,27
2020-07-12,0.0,vakcina protiv gripa,2020,28
2020-07-19,0.0,vakcina protiv gripa,2020,29
2020-07-26,0.0,vakcina protiv gripa,2020,30
2020-08-02,0.0,vakcina protiv gripa,2020,31
2020-08-09,0.0,vakcina protiv gripa,2020,32
2020-08-16,0.0,vakcina protiv gripa,2020,33
2020-08-23,0.0,vakcina protiv gripa,2020,34
2020-08-30,0.0,vakcina protiv gripa,2020,35
2020-09-06,0.0,vakcina protiv gripa,2020,36
2020-09-13,0.0,vakcina protiv gripa,2020,37
2020-09-20,28.0,vakcina protiv gripa,2020,38
2020-09-27,83.0,vakcina protiv gripa,2020,39
2020-10-04,100.0,vakcina protiv gripa,2020,40
2020-10-11,99.0,vakcina protiv gripa,2020,41
2020-10-18,98.0,vakcina protiv gripa,2020,42
2020-10-25,44.0,vakcina protiv gripa,2020,43
2020-11-01,36.0,vakcina protiv gripa,2020,44
2020-11-08,26.0,vakcina protiv gripa,2020,45
2020-11-15,20.0,vakcina protiv gripa,2020,46
2020-11-22,0.0,vakcina protiv gripa,2020,47
2020-11-29,0.0,vakcina protiv gripa,2020,48
2020-12-06,27.0,vakcina protiv gripa,2020,49
2020-12-13,0.0,vakcina protiv gripa,2020,50
2020-12-20,0.0,vakcina protiv gripa,2020,51
2020-12-27,0.0,vakcina protiv gripa,2020,52
2021-01-03,0.0,vakcina protiv gripa,2020,53
2021-01-10,24.0,vakcina protiv gripa,2021,1
2021-01-17,35.0,vakcina protiv gripa,2021,2
2021-01-24,27.0,vakcina protiv gripa,2021,3
2021-01-31,0.0,vakcina protiv gripa,2021,4
2021-02-07,0.0,vakcina protiv gripa,2021,5
2021-02-14,0.0,vakcina protiv gripa,2021,6
2021-02-21,0.0,vakcina protiv gripa,2021,7
2021-02-28,0.0,vakcina protiv gripa,2021,8
2021-03-07,0.0,vakcina protiv gripa,2021,9
2021-03-14,0.0,vakcina protiv gripa,2021,10
2021-03-21,0.0,vakcina protiv gripa,2021,11
2021-03-28,0.0,vakcina protiv gripa,2021,12
2021-04-04,0.0,vakcina protiv gripa,2021,13
2021-04-11,0.0,vakcina protiv gripa,2021,14
2021-04-18,0.0,vakcina protiv gripa,2021,15
2021-04-25,0.0,vakcina protiv gripa,2021,16
2021-05-02,0.0,vakcina protiv gripa,2021,17
2021-05-09,0.0,vakcina protiv gripa,2021,18
2021-05-16,0.0,vakcina protiv gripa,2021,19
2021-05-23,0.0,vakcina protiv gripa,2021,20
2021-05-30,0.0,vakcina protiv gripa,2021,21
2021-06-06,0.0,vakcina protiv gripa,2021,22
2021-06-13,0.0,vakcina protiv gripa,2021,23
2021-06-20,0.0,vakcina protiv gripa,2021,24
2021-06-27,0.0,vakcina protiv gripa,2021,25
2021-07-04,0.0,vakcina protiv gripa,2021,26
2021-07-11,0.0,vakcina protiv gripa,2021,27
2021-07-18,0.0,vakcina protiv gripa,2021,28
2021-07-25,0.0,vakcina protiv gripa,2021,29
2021-08-01,0.0,vakcina protiv gripa,2021,30
2021-08-08,0.0,vakcina protiv gripa,2021,31
2021-08-15,0.0,vakcina protiv gripa,2021,32
2021-08-22,0.0,vakcina protiv gripa,2021,33
2021-08-29,0.0,vakcina protiv gripa,2021,34
2021-09-05,0.0,vakcina protiv gripa,2021,35
2021-09-12,0.0,vakcina protiv gripa,2021,36
2021-09-19,28.0,vakcina protiv gripa,2021,37
2021-09-26,23.0,vakcina protiv gripa,2021,38
2021-10-03,0.0,vakcina protiv gripa,2021,39
2021-10-10,44.0,vakcina protiv gripa,2021,40
2021-10-17,38.0,vakcina protiv gripa,2021,41
2021-10-24,36.0,vakcina protiv gripa,2021,42
2021-10-31,38.0,vakcina protiv gripa,2021,43
2021-11-07,21.0,vakcina protiv gripa,2021,44
2021-11-14,0.0,vakcina protiv gripa,2021,45
2021-11-21,18.0,vakcina protiv gripa,2021,46
2021-11-28,0.0,vakcina protiv gripa,2021,47
2021-12-05,0.0,vakcina protiv gripa,2021,48
2021-12-12,0.0,vakcina protiv gripa,2021,49
2021-12-19,0.0,vakcina protiv gripa,2021,50
2021-12-26,0.0,vakcina protiv gripa,2021,51
2022-01-02,0.0,vakcina protiv gripa,2021,52
2022-01-09,0.0,vakcina protiv gripa,2022,1
2022-01-16,0.0,vakcina protiv gripa,2022,2
2022-01-23,0.0,vakcina protiv gripa,2022,3
2022-01-30,0.0,vakcina protiv gripa,2022,4
2022-02-06,0.0,vakcina protiv gripa,2022,5
2022-02-13,0.0,vakcina protiv gripa,2022,6
2022-02-20,0.0,vakcina protiv gripa,2022,7
2022-02-27,0.0,vakcina protiv gripa,2022,8
2022-03-06,0.0,vakcina protiv gripa,2022,9
2022-03-13,0.0,vakcina protiv gripa,2022,10
2022-03-20,0.0,vakcina protiv gripa,2022,11
2022-03-27,0.0,vakcina protiv gripa,2022,12
2022-04-03,0.0,vakcina protiv gripa,2022,13
2022-04-10,0.0,vakcina protiv gripa,2022,14
2022-04-17,0.0,vakcina protiv gripa,2022,15
2022-04-24,0.0,vakcina protiv gripa,2022,16
2022-05-01,0.0,vakcina protiv gripa,2022,17
2022-05-08,0.0,vakcina protiv gripa,2022,18
2022-05-15,0.0,vakcina protiv gripa,2022,19
2022-05-22,0.0,vakcina protiv gripa,2022,20
2022-05-29,0.0,vakcina protiv gripa,2022,21
2022-06-05,0.0,vakcina protiv gripa,2022,22
2022-06-12,0.0,vakcina protiv gripa,2022,23
2022-06-19,0.0,vakcina protiv gripa,2022,24
2022-06-26,0.0,vakcina protiv gripa,2022,25
2022-07-03,0.0,vakcina protiv gripa,2022,26
2022-07-10,0.0,vakcina protiv gripa,2022,27
2022-07-17,0.0,vakcina protiv gripa,2022,28
2022-07-24,0.0,vakcina protiv gripa,2022,29
2022-07-31,0.0,vakcina protiv gripa,2022,30
2022-08-07,0.0,vakcina protiv gripa,2022,31
2022-08-14,0.0,vakcina protiv gripa,2022,32
2022-08-21,0.0,vakcina protiv gripa,2022,33
2022-08-28,0.0,vakcina protiv gripa,2022,34
2022-09-04,0.0,vakcina protiv gripa,2022,35
2022-09-11,0.0,vakcina protiv gripa,2022,36
2022-09-18,0.0,vakcina protiv gripa,2022,37
2022-09-25,17.0,vakcina protiv gripa,2022,38
2022-10-02,29.0,vakcina protiv gripa,2022,39
2022-10-09,0.0,vakcina protiv gripa,2022,40
2022-10-16,0.0,vakcina protiv gripa,2022,41
2022-10-23,0.0,vakcina protiv gripa,2022,42
2022-10-30,0.0,vakcina protiv gripa,2022,43
2022-11-06,0.0,vakcina protiv gripa,2022,44
2022-11-13,0.0,vakcina protiv gripa,2022,45
2022-11-20,0.0,vakcina protiv gripa,2022,46
2022-11-27,0.0,vakcina protiv gripa,2022,47
2022-12-04,0.0,vakcina protiv gripa,2022,48
2022-12-11,0.0,vakcina protiv gripa,2022,49
2022-12-18,0.0,vakcina protiv gripa,2022,50
2022-12-25,0.0,vakcina protiv gripa,2022,51
2023-01-01,0.0,vakcina protiv gripa,2022,52
2023-01-08,0.0,vakcina protiv gripa,2023,1
2023-01-15,0.0,vakcina protiv gripa,2023,2
2023-01-22,0.0,vakcina protiv gripa,2023,3
2023-01-29,0.0,vakcina protiv gripa,2023,4
2023-02-05,0.0,vakcina protiv gripa,2023,5
2023-02-12,0.0,vakcina protiv gripa,2023,6
2023-02-19,0.0,vakcina protiv gripa,2023,7
2023-02-26,0.0,vakcina protiv gripa,2023,8
2023-03-05,0.0,vakcina protiv gripa,2023,9
2023-03-12,0.0,vakcina protiv gripa,2023,10
2023-03-19,0.0,vakcina protiv gripa,2023,11
2023-03-26,0.0,vakcina protiv gripa,2023,12
2023-04-02,0.0,vakcina protiv gripa,2023,13
2023-04-09,0.0,vakcina protiv gripa,2023,14
2023-04-16,0.0,vakcina protiv gripa,2023,15
2023-04-23,0.0,vakcina protiv gripa,2023,16
2023-04-30,0.0,vakcina protiv gripa,2023,17
2023-05-07,0.0,vakcina protiv gripa,2023,18
2023-05-14,0.0,vakcina protiv gripa,2023,19
2023-05-21,0.0,vakcina protiv gripa,2023,20
2023-05-28,0.0,vakcina protiv gripa,2023,21
2023-06-04,0.0,vakcina protiv gripa,2023,22
2023-06-11,0.0,vakcina protiv gripa,2023,23
2023-06-18,0.0,vakcina protiv gripa,2023,24
2023-06-25,0.0,vakcina protiv gripa,2023,25
2023-07-02,0.0,vakcina protiv gripa,2023,26
2023-07-09,0.0,vakcina protiv gripa,2023,27
2023-07-16,0.0,vakcina protiv gripa,2023,28
2023-07-23,0.0,vakcina protiv gripa,2023,29
2023-07-30,0.0,vakcina protiv gripa,2023,30
2023-08-06,0.0,vakcina protiv gripa,2023,31
2023-08-13,0.0,vakcina protiv gripa,2023,32
2023-08-20,0.0,vakcina protiv gripa,2023,33
2023-08-27,0.0,vakcina protiv gripa,2023,34
2023-09-03,0.0,vakcina protiv gripa,2023,35
2023-09-10,0.0,vakcina protiv gripa,2023,36
2023-09-17,0.0,vakcina protiv gripa,2023,37
2023-09-24,0.0,vakcina protiv gripa,2023,38
2023-10-01,33.0,vakcina protiv gripa,2023,39
2023-10-08,35.0,vakcina protiv gripa,2023,40
2023-10-15,0.0,vakcina protiv gripa,2023,41
2023-10-22,0.0,vakcina protiv gripa,2023,42
2023-10-29,0.0,vakcina protiv gripa,2023,43
2023-11-05,0.0,vakcina protiv gripa,2023,44
2023-11-12,0.0,vakcina protiv gripa,2023,45
2023-11-19,0.0,vakcina protiv gripa,2023,46
2023-11-26,42.0,vakcina protiv gripa,2023,47
2023-12-03,0.0,vakcina protiv gripa,2023,48
2023-12-10,0.0,vakcina protiv gripa,2023,49
2023-12-17,0.0,vakcina protiv gripa,2023,50
2023-12-24,0.0,vakcina protiv gripa,2023,51
2023-12-31,0.0,vakcina protiv gripa,2023,52
2024-01-07,0.0,vakcina protiv gripa,2024,1
2024-01-14,0.0,vakcina protiv gripa,2024,2
2024-01-21,0.0,vakcina protiv gripa,2024,3
2024-01-28,0.0,vakcina protiv gripa,2024,4
2024-02-04,0.0,vakcina protiv gripa,2024,5
2024-02-11,0.0,vakcina protiv gripa,2024,6
2024-02-18,0.0,vakcina protiv gripa,2024,7
2024-02-25,0.0,vakcina protiv gripa,2024,8
2024-03-03,0.0,vakcina protiv gripa,2024,9
2024-03-10,0.0,vakcina protiv gripa,2024,10
2024-03-17,0.0,vakcina protiv gripa,2024,11
2024-03-24,0.0,vakcina protiv gripa,2024,12
2024-03-31,0.0,vakcina protiv gripa,2024,13
2024-04-07,0.0,vakcina protiv gripa,2024,14
2024-04-14,0.0,vakcina protiv gripa,2024,15
2024-04-21,0.0,vakcina protiv gripa,2024,16
2024-04-28,0.0,vakcina protiv gripa,2024,17
2024-05-05,0.0,vakcina protiv gripa,2024,18
2024-05-12,0.0,vakcina protiv gripa,2024,19
2024-05-19,0.0,vakcina protiv gripa,2024,20
2024-05-26,0.0,vakcina protiv gripa,2024,21
2024-06-02,0.0,vakcina protiv gripa,2024,22
2024-06-09,0.0,vakcina protiv gripa,2024,23
2024-06-16,0.0,vakcina protiv gripa,2024,24
2024-06-23,0.0,vakcina protiv gripa,2024,25
2024-06-30,0.0,vakcina protiv gripa,2024,26
2024-07-07,0.0,vakcina protiv gripa,2024,27
2024-07-14,0.0,vakcina protiv gripa,2024,28
2024-07-21,0.0,vakcina protiv gripa,2024,29
2024-07-28,0.0,vakcina protiv gripa,2024,30
2024-08-04,0.0,vakcina protiv gripa,2024,31
2024-08-11,0.0,vakcina protiv gripa,2024,32
2024-08-18,0.0,vakcina protiv gripa,2024,33
2024-08-25,0.0,vakcina protiv gripa,2024,34
2024-09-01,0.0,vakcina protiv gripa,2024,35
2024-09-08,0.0,vakcina protiv gripa,2024,36
2024-09-15,0.0,vakcina protiv gripa,2024,37
2024-09-22,0.0,vakcina protiv gripa,2024,38
2024-09-29,0.0,vakcina protiv gripa,2024,39
2024-10-06,100.0,vakcina protiv gripa,2024,40
2024-10-13,0.0,vakcina protiv gripa,2024,41
2024-10-20,0.0,vakcina protiv gripa,2024,42
2024-10-27,0.0,vakcina protiv gripa,2024,43
2024-11-03,0.0,vakcina protiv gripa,2024,44
2024-11-10,0.0,vakcina protiv gripa,2024,45
2024-11-17,0.0,vakcina protiv gripa,2024,46
2024-11-24,0.0,vakcina protiv gripa,2024,47
2024-12-01,0.0,vakcina protiv gripa,2024,48
2024-12-08,0.0,vakcina protiv gripa,2024,49
2024-12-15,0.0,vakcina protiv gripa,2024,50
2024-12-22,0.0,vakcina protiv gripa,2024,51
2024-12-29,0.0,vakcina protiv gripa,2024,52
2013-01-06,46.0,vitamin c,2013,1
2013-01-13,27.0,vitamin c,2013,2
2013-01-20,45.0,vitamin c,2013,3
2013-01-27,34.0,vitamin c,2013,4
2013-02-03,0.0,vitamin c,2013,5
2013-02-10,45.0,vitamin c,2013,6
2013-02-17,41.0,vitamin c,2013,7
2013-02-24,58.0,vitamin c,2013,8
2013-03-03,32.0,vitamin c,2013,9
2013-03-10,36.0,vitamin c,2013,10
2013-03-17,66.0,vitamin c,2013,11
2013-03-24,45.0,vitamin c,2013,12
2013-03-31,38.0,vitamin c,2013,13
2013-04-07,49.0,vitamin c,2013,14
2013-04-14,83.0,vitamin c,2013,15
2013-04-21,56.0,vitamin c,2013,16
2013-04-28,31.0,vitamin c,2013,17
2013-05-05,30.0,vitamin c,2013,18
2013-05-12,61.0,vitamin c,2013,19
2013-05-19,38.0,vitamin c,2013,20
2013-05-26,40.0,vitamin c,2013,21
2013-06-02,43.0,vitamin c,2013,22
2013-06-09,0.0,vitamin c,2013,23
2013-06-16,34.0,vitamin c,2013,24
2013-06-23,40.0,vitamin c,2013,25
2013-06-30,27.0,vitamin c,2013,26
2013-07-07,0.0,vitamin c,2013,27
2013-07-14,29.0,vitamin c,2013,28
2013-07-21,44.0,vitamin c,2013,29
2013-07-28,58.0,vitamin c,2013,30
2013-08-04,42.0,vitamin c,2013,31
2013-08-11,45.0,vitamin c,2013,32
2013-08-18,49.0,vitamin c,2013,33
2013-08-25,40.0,vitamin c,2013,34
2013-09-01,52.0,vitamin c,2013,35
2013-09-08,51.0,vitamin c,2013,36
2013-09-15,42.0,vitamin c,2013,37
2013-09-22,42.0,vitamin c,2013,38
2013-09-29,41.0,vitamin c,2013,39
2013-10-06,37.0,vitamin c,2013,40
2013-10-13,37.0,vitamin c,2013,41
2013-10-20,53.0,vitamin c,2013,42
2013-10-27,35.0,vitamin c,2013,43
2013-11-03,38.0,vitamin c,2013,44
2013-11-10,61.0,vitamin c,2013,45
2013-11-17,47.0,vitamin c,2013,46
2013-11-24,72.0,vitamin c,2013,47
2013-12-01,57.0,vitamin c,2013,48
2013-12-08,59.0,vitamin c,2013,49
2013-12-15,57.0,vitamin c,2013,50
2013-12-22,43.0,vitamin c,2013,51
2013-12-29,34.0,vitamin c,2013,52
2014-01-05,35.0,vitamin c,2014,1
2014-01-12,52.0,vitamin c,2014,2
2014-01-19,57.0,vitamin c,2014,3
2014-01-26,51.0,vitamin c,2014,4
2014-02-02,59.0,vitamin c,2014,5
2014-02-09,76.0,vitamin c,2014,6
2014-02-16,42.0,vitamin c,2014,7
2014-02-23,62.0,vitamin c,2014,8
2014-03-02,66.0,vitamin c,2014,9
2014-03-09,70.0,vitamin c,2014,10
2014-03-16,46.0,vitamin c,2014,11
2014-03-23,50.0,vitamin c,2014,12
2014-03-30,63.0,vitamin c,2014,13
2014-04-06,51.0,vitamin c,2014,14
2014-04-13,44.0,vitamin c,2014,15
2014-04-20,45.0,vitamin c,2014,16
2014-04-27,51.0,vitamin c,2014,17
2014-05-04,51.0,vitamin c,2014,18
2014-05-11,38.0,vitamin c,2014,19
2014-05-18,41.0,vitamin c,2014,20
2014-05-25,49.0,vitamin c,2014,21
2014-06-01,54.0,vitamin c,2014,22
2014-06-08,0.0,vitamin c,2014,23
2014-06-15,56.0,vitamin c,2014,24
2014-06-22,29.0,vitamin c,2014,25
2014-06-29,55.0,vitamin c,2014,26
2014-07-06,47.0,vitamin c,2014,27
2014-07-13,35.0,vitamin c,2014,28
2014-07-20,39.0,vitamin c,2014,29
2014-07-27,38.0,vitamin c,2014,30
2014-08-03,42.0,vitamin c,2014,31
2014-08-10,54.0,vitamin c,2014,32
2014-08-17,60.0,vitamin c,2014,33
2014-08-24,28.0,vitamin c,2014,34
2014-08-31,50.0,vitamin c,2014,35
2014-09-07,48.0,vitamin c,2014,36
2014-09-14,55.0,vitamin c,2014,37
2014-09-21,50.0,vitamin c,2014,38
2014-09-28,68.0,vitamin c,2014,39
2014-10-05,45.0,vitamin c,2014,40
2014-10-12,66.0,vitamin c,2014,41
2014-10-19,58.0,vitamin c,2014,42
2014-10-26,46.0,vitamin c,2014,43
2014-11-02,40.0,vitamin c,2014,44
2014-11-09,58.0,vitamin c,2014,45
2014-11-16,62.0,vitamin c,2014,46
2014-11-23,62.0,vitamin c,2014,47
2014-11-30,51.0,vitamin c,2014,48
2014-12-07,66.0,vitamin c,2014,49
2014-12-14,52.0,vitamin c,2014,50
2014-12-21,44.0,vitamin c,2014,51
2014-12-28,74.0,vitamin c,2014,52
2015-01-04,73.0,vitamin c,2015,1
2015-01-11,50.0,vitamin c,2015,2
2015-01-18,87.0,vitamin c,2015,3
2015-01-25,57.0,vitamin c,2015,4
2015-02-01,60.0,vitamin c,2015,5
2015-02-08,56.0,vitamin c,2015,6
2015-02-15,88.0,vitamin c,2015,7
2015-02-22,69.0,vitamin c,2015,8
2015-03-01,84.0,vitamin c,2015,9
2015-03-08,60.0,vitamin c,2015,10
2015-03-15,65.0,vitamin c,2015,11
2015-03-22,66.0,vitamin c,2015,12
2015-03-29,60.0,vitamin c,2015,13
2015-04-05,48.0,vitamin c,2015,14
2015-04-12,61.0,vitamin c,2015,15
2015-04-19,75.0,vitamin c,2015,16
2015-04-26,80.0,vitamin c,2015,17
2015-05-03,62.0,vitamin c,2015,18
2015-05-10,60.0,vitamin c,2015,19
2015-05-17,64.0,vitamin c,2015,20
2015-05-24,56.0,vitamin c,2015,21
2015-05-31,66.0,vitamin c,2015,22
2015-06-07,62.0,vitamin c,2015,23
2015-06-14,48.0,vitamin c,2015,24
2015-06-21,54.0,vitamin c,2015,25
2015-06-28,51.0,vitamin c,2015,26
2015-07-05,56.0,vitamin c,2015,27
2015-07-12,58.0,vitamin c,2015,28
2015-07-19,47.0,vitamin c,2015,29
2015-07-26,71.0,vitamin c,2015,30
2015-08-02,48.0,vitamin c,2015,31
2015-08-09,59.0,vitamin c,2015,32
2015-08-16,72.0,vitamin c,2015,33
2015-08-23,77.0,vitamin c,2015,34
2015-08-30,64.0,vitamin c,2015,35
2015-09-06,54.0,vitamin c,2015,36
2015-09-13,83.0,vitamin c,2015,37
2015-09-20,92.0,vitamin c,2015,38
2015-09-27,73.0,vitamin c,2015,39
2015-10-04,75.0,vitamin c,2015,40
2015-10-11,76.0,vitamin c,2015,41
2015-10-18,66.0,vitamin c,2015,42
2015-10-25,79.0,vitamin c,2015,43
2015-11-01,82.0,vitamin c,2015,44
2015-11-08,100.0,vitamin c,2015,45
2015-11-15,55.0,vitamin c,2015,46
2015-11-22,65.0,vitamin c,2015,47
2015-11-29,64.0,vitamin c,2015,48
2015-12-06,55.0,vitamin c,2015,49
2015-12-13,81.0,vitamin c,2015,50
2015-12-20,67.0,vitamin c,2015,51
2015-12-27,59.0,vitamin c,2015,52
2016-01-03,58.49375975039002,vitamin c,2015,53
2016-01-10,78.46723868954759,vitamin c,2016,1
2016-01-17,62.77379095163807,vitamin c,2016,2
2016-01-24,61.347113884555384,vitamin c,2016,3
2016-01-31,87.02730109204369,vitamin c,2016,4
2016-02-07,84.17394695787831,vitamin c,2016,5
2016-02-14,74.18720748829953,vitamin c,2016,6
2016-02-21,68.4804992199688,vitamin c,2016,7
2016-02-28,64.20046801872076,vitamin c,2016,8
2016-03-06,71.33385335413416,vitamin c,2016,9
2016-03-13,91.30733229329174,vitamin c,2016,10
2016-03-20,97.01404056162248,vitamin c,2016,11
2016-03-27,87.02730109204369,vitamin c,2016,12
2016-04-03,67.05382215288611,vitamin c,2016,13
2016-04-10,62.77379095163807,vitamin c,2016,14
2016-04-17,65.62714508580343,vitamin c,2016,15
2016-04-24,47.080343213728554,vitamin c,2016,16
2016-05-01,39.94695787831513,vitamin c,2016,17
2016-05-08,49.93369734789392,vitamin c,2016,18
2016-05-15,67.05382215288611,vitamin c,2016,19
2016-05-22,67.05382215288611,vitamin c,2016,20
2016-05-29,61.347113884555384,vitamin c,2016,21
2016-06-05,39.94695787831513,vitamin c,2016,22
2016-06-12,57.06708268330733,vitamin c,2016,23
2016-06-19,59.920436817472705,vitamin c,2016,24
2016-06-26,38.52028081123245,vitamin c,2016,25
2016-07-03,64.20046801872076,vitamin c,2016,26
2016-07-10,39.94695787831513,vitamin c,2016,27
2016-07-17,64.20046801872076,vitamin c,2016,28
2016-07-24,38.52028081123245,vitamin c,2016,29
2016-07-31,72.76053042121686,vitamin c,2016,30
2016-08-07,68.4804992199688,vitamin c,2016,31
2016-08-14,58.49375975039002,vitamin c,2016,32
2016-08-21,35.66692667706708,vitamin c,2016,33
2016-08-28,67.05382215288611,vitamin c,2016,34
2016-09-04,74.18720748829953,vitamin c,2016,35
2016-09-11,94.16068642745712,vitamin c,2016,36
2016-09-18,81.32059282371296,vitamin c,2016,37
2016-09-25,91.30733229329174,vitamin c,2016,38
2016-10-02,78.46723868954759,vitamin c,2016,39
2016-10-09,69.90717628705148,vitamin c,2016,40
2016-10-16,98.44071762870516,vitamin c,2016,41
2016-10-23,72.76053042121686,vitamin c,2016,42
2016-10-30,51.36037441497661,vitamin c,2016,43
2016-11-06,77.0405616224649,vitamin c,2016,44
2016-11-13,78.46723868954759,vitamin c,2016,45
2016-11-20,101.29407176287052,vitamin c,2016,46
2016-11-27,94.16068642745712,vitamin c,2016,47
2016-12-04,82.74726989079564,vitamin c,2016,48
2016-12-11,81.32059282371296,vitamin c,2016,49
2016-12-18,89.88065522620906,vitamin c,2016,50
2016-12-25,95.5873634945398,vitamin c,2016,51
2017-01-01,99.86739469578784,vitamin c,2016,52
2017-01-08,97.01404056162248,vitamin c,2017,1
2017-01-15,95.5873634945398,vitamin c,2017,2
2017-01-22,71.33385335413416,vitamin c,2017,3
2017-01-29,88.45397815912636,vitamin c,2017,4
2017-02-05,95.5873634945398,vitamin c,2017,5
2017-02-12,78.46723868954759,vitamin c,2017,6
2017-02-19,68.4804992199688,vitamin c,2017,7
2017-02-26,69.90717628705148,vitamin c,2017,8
2017-03-05,72.76053042121686,vitamin c,2017,9
2017-03-12,94.16068642745712,vitamin c,2017,10
2017-03-19,99.86739469578784,vitamin c,2017,11
2017-03-26,84.17394695787831,vitamin c,2017,12
2017-04-02,79.89391575663026,vitamin c,2017,13
2017-04-09,99.86739469578784,vitamin c,2017,14
2017-04-16,78.46723868954759,vitamin c,2017,15
2017-04-23,98.44071762870516,vitamin c,2017,16
2017-04-30,52.78705148205928,vitamin c,2017,17
2017-05-07,97.01404056162248,vitamin c,2017,18
2017-05-14,71.33385335413416,vitamin c,2017,19
2017-05-21,65.62714508580343,vitamin c,2017,20
2017-05-28,72.76053042121686,vitamin c,2017,21
2017-06-04,79.89391575663026,vitamin c,2017,22
2017-06-11,44.22698907956318,vitamin c,2017,23
2017-06-18,99.86739469578784,vitamin c,2017,24
2017-06-25,104.14742589703587,vitamin c,2017,25
2017-07-02,51.36037441497661,vitamin c,2017,26
2017-07-09,48.50702028081123,vitamin c,2017,27
2017-07-16,62.77379095163807,vitamin c,2017,28
2017-07-23,81.32059282371296,vitamin c,2017,29
2017-07-30,72.76053042121686,vitamin c,2017,30
2017-08-06,42.800312012480504,vitamin c,2017,31
2017-08-13,75.61388455538221,vitamin c,2017,32
2017-08-20,75.61388455538221,vitamin c,2017,33
2017-08-27,75.61388455538221,vitamin c,2017,34
2017-09-03,57.06708268330733,vitamin c,2017,35
2017-09-10,75.61388455538221,vitamin c,2017,36
2017-09-17,118.41419656786272,vitamin c,2017,37
2017-09-24,98.44071762870516,vitamin c,2017,38
2017-10-01,88.45397815912636,vitamin c,2017,39
2017-10-08,85.60062402496101,vitamin c,2017,40
2017-10-15,97.01404056162248,vitamin c,2017,41
2017-10-22,105.57410296411857,vitamin c,2017,42
2017-10-29,97.01404056162248,vitamin c,2017,43
2017-11-05,122.69422776911075,vitamin c,2017,44
2017-11-12,74.18720748829953,vitamin c,2017,45
2017-11-19,92.73400936037442,vitamin c,2017,46
2017-11-26,89.88065522620906,vitamin c,2017,47
2017-12-03,102.7207488299532,vitamin c,2017,48
2017-12-10,82.74726989079564,vitamin c,2017,49
2017-12-17,102.7207488299532,vitamin c,2017,50
2017-12-24,69.90717628705148,vitamin c,2017,51
2017-12-31,84.17394695787831,vitamin c,2017,52
2018-01-07,101.29407176287052,vitamin c,2018,1
2018-01-14,111.28081123244932,vitamin c,2018,2
2018-01-21,126.97425897035882,vitamin c,2018,3
2018-01-28,132.68096723868956,vitamin c,2018,4
2018-02-04,142.66770670826833,vitamin c,2018,5
2018-02-11,122.69422776911075,vitamin c,2018,6
2018-02-18,136.9609984399376,vitamin c,2018,7
2018-02-25,112.707488299532,vitamin c,2018,8
2018-03-04,124.12090483619346,vitamin c,2018,9
2018-03-11,125.54758190327614,vitamin c,2018,10
2018-03-18,125.54758190327614,vitamin c,2018,11
2018-03-25,121.26755070202807,vitamin c,2018,12
2018-04-01,104.14742589703587,vitamin c,2018,13
2018-04-08,114.13416536661468,vitamin c,2018,14
2018-04-15,118.41419656786272,vitamin c,2018,15
2018-04-22,112.707488299532,vitamin c,2018,16
2018-04-29,109.85413416536662,vitamin c,2018,17
2018-05-06,95.5873634945398,vitamin c,2018,18
2018-05-13,89.88065522620906,vitamin c,2018,19
2018-05-20,71.33385335413416,vitamin c,2018,20
2018-05-27,82.74726989079564,vitamin c,2018,21
2018-06-03,68.4804992199688,vitamin c,2018,22
2018-06-10,77.0405616224649,vitamin c,2018,23
2018-06-17,74.18720748829953,vitamin c,2018,24
2018-06-24,97.01404056162248,vitamin c,2018,25
2018-07-01,79.89391575663026,vitamin c,2018,26
2018-07-08,98.33695929655369,vitamin c,2018,27
2018-07-15,104.121486313998,vitamin c,2018,28
2018-07-22,104.121486313998,vitamin c,2018,29
2018-07-29,92.55243227910934,vitamin c,2018,30
2018-08-05,86.767905261665,vitamin c,2018,31
2018-08-12,98.33695929655369,vitamin c,2018,32
2018-08-19,109.90601333144234,vitamin c,2018,33
2018-08-26,92.55243227910934,vitamin c,2018,34
2018-09-02,104.121486313998,vitamin c,2018,35
2018-09-09,63.62979719188767,vitamin c,2018,36
2018-09-16,115.69054034888669,vitamin c,2018,37
2018-09-23,104.121486313998,vitamin c,2018,38
2018-09-30,127.25959438377534,vitamin c,2018,39
2018-10-07,138.82864841866402,vitamin c,2018,40
2018-10-14,127.25959438377534,vitamin c,2018,41
2018-10-21,98.33695929655369,vitamin c,2018,42
2018-10-28,133.04412140121968,vitamin c,2018,43
2018-11-04,127.25959438377534,vitamin c,2018,44
2018-11-11,133.04412140121968,vitamin c,2018,45
2018-11-18,133.04412140121968,vitamin c,2018,46
2018-11-25,144.61317543610835,vitamin c,2018,47
2018-12-02,121.475067366331,vitamin c,2018,48
2018-12-09,161.96675648844135,vitamin c,2018,49
2018-12-16,98.33695929655369,vitamin c,2018,50
2018-12-23,86.767905261665,vitamin c,2018,51
2018-12-30,92.55243227910934,vitamin c,2018,52
2019-01-06,121.475067366331,vitamin c,2019,1
2019-01-13,104.121486313998,vitamin c,2019,2
2019-01-20,144.61317543610835,vitamin c,2019,3
2019-01-27,167.75128350588568,vitamin c,2019,4
2019-02-03,156.18222947099702,vitamin c,2019,5
2019-02-10,190.889391575663,vitamin c,2019,6
2019-02-17,138.82864841866402,vitamin c,2019,7
2019-02-24,133.04412140121968,vitamin c,2019,8
2019-03-03,121.475067366331,vitamin c,2019,9
2019-03-10,138.82864841866402,vitamin c,2019,10
2019-03-17,127.25959438377534,vitamin c,2019,11
2019-03-24,115.69054034888669,vitamin c,2019,12
2019-03-31,167.75128350588568,vitamin c,2019,13
2019-04-07,179.32033754077435,vitamin c,2019,14
2019-04-14,109.90601333144234,vitamin c,2019,15
2019-04-21,92.55243227910934,vitamin c,2019,16
2019-04-28,98.33695929655369,vitamin c,2019,17
2019-05-05,144.61317543610835,vitamin c,2019,18
2019-05-12,121.475067366331,vitamin c,2019,19
2019-05-19,115.69054034888669,vitamin c,2019,20
2019-05-26,121.475067366331,vitamin c,2019,21
2019-06-02,109.90601333144234,vitamin c,2019,22
2019-06-09,92.55243227910934,vitamin c,2019,23
2019-06-16,86.767905261665,vitamin c,2019,24
2019-06-23,121.475067366331,vitamin c,2019,25
2019-06-30,115.69054034888669,vitamin c,2019,26
2019-07-07,127.25959438377534,vitamin c,2019,27
2019-07-14,115.69054034888669,vitamin c,2019,28
2019-07-21,109.90601333144234,vitamin c,2019,29
2019-07-28,109.90601333144234,vitamin c,2019,30
2019-08-04,115.69054034888669,vitamin c,2019,31
2019-08-11,98.33695929655369,vitamin c,2019,32
2019-08-18,109.90601333144234,vitamin c,2019,33
2019-08-25,109.90601333144234,vitamin c,2019,34
2019-09-01,133.04412140121968,vitamin c,2019,35
2019-09-08,109.90601333144234,vitamin c,2019,36
2019-09-15,127.25959438377534,vitamin c,2019,37
2019-09-22,138.82864841866402,vitamin c,2019,38
2019-09-29,138.82864841866402,vitamin c,2019,39
2019-10-06,127.25959438377534,vitamin c,2019,40
2019-10-13,138.82864841866402,vitamin c,2019,41
2019-10-20,156.18222947099702,vitamin c,2019,42
2019-10-27,121.475067366331,vitamin c,2019,43
2019-11-03,133.04412140121968,vitamin c,2019,44
2019-11-10,121.475067366331,vitamin c,2019,45
2019-11-17,127.25959438377534,vitamin c,2019,46
2019-11-24,127.25959438377534,vitamin c,2019,47
2019-12-01,138.82864841866402,vitamin c,2019,48
2019-12-08,144.61317543610835,vitamin c,2019,49
2019-12-15,133.04412140121968,vitamin c,2019,50
2019-12-22,138.82864841866402,vitamin c,2019,51
2019-12-29,98.33695929655369,vitamin c,2019,52
2020-01-05,133.04412140121968,vitamin c,2020,1
2020-01-12,133.04412140121968,vitamin c,2020,2
2020-01-19,161.96675648844135,vitamin c,2020,3
2020-01-26,173.53581052333,vitamin c,2020,4
2020-02-02,190.889391575663,vitamin c,2020,5
2020-02-09,173.53581052333,vitamin c,2020,6
2020-02-16,167.75128350588568,vitamin c,2020,7
2020-02-23,167.75128350588568,vitamin c,2020,8
2020-03-01,196.67391859310737,vitamin c,2020,9
2020-03-08,312.36445894199403,vitamin c,2020,10
2020-03-15,375.9942561338817,vitamin c,2020,11
2020-03-22,347.07162104666,vitamin c,2020,12
2020-03-29,283.44182385477234,vitamin c,2020,13
2020-04-05,260.303715784995,vitamin c,2020,14
2020-04-12,237.16560771521767,vitamin c,2020,15
2020-04-19,202.45844561055168,vitamin c,2020,16
2020-04-26,167.75128350588568,vitamin c,2020,17
2020-05-03,185.10486455821868,vitamin c,2020,18
2020-05-10,190.889391575663,vitamin c,2020,19
2020-05-17,161.96675648844135,vitamin c,2020,20
2020-05-24,138.82864841866402,vitamin c,2020,21
2020-05-31,133.04412140121968,vitamin c,2020,22
2020-06-07,127.25959438377534,vitamin c,2020,23
2020-06-14,144.61317543610835,vitamin c,2020,24
2020-06-21,179.32033754077435,vitamin c,2020,25
2020-06-28,306.57993192454967,vitamin c,2020,26
2020-07-05,462.7621613955467,vitamin c,2020,27
2020-07-12,514.8229045525457,vitamin c,2020,28
2020-07-19,393.3478371862147,vitamin c,2020,29
2020-07-26,306.57993192454967,vitamin c,2020,30
2020-08-02,242.950134732662,vitamin c,2020,31
2020-08-09,237.16560771521767,vitamin c,2020,32
2020-08-16,190.889391575663,vitamin c,2020,33
2020-08-23,179.32033754077435,vitamin c,2020,34
2020-08-30,202.45844561055168,vitamin c,2020,35
2020-09-06,161.96675648844135,vitamin c,2020,36
2020-09-13,202.45844561055168,vitamin c,2020,37
2020-09-20,202.45844561055168,vitamin c,2020,38
2020-09-27,167.75128350588568,vitamin c,2020,39
2020-10-04,202.45844561055168,vitamin c,2020,40
2020-10-11,225.596553680329,vitamin c,2020,41
2020-10-18,225.596553680329,vitamin c,2020,42
2020-10-25,318.14898595943833,vitamin c,2020,43
2020-11-01,306.57993192454967,vitamin c,2020,44
2020-11-08,393.3478371862147,vitamin c,2020,45
2020-11-15,439.62405332576935,vitamin c,2020,46
2020-11-22,578.4527017444334,vitamin c,2020,47
2020-11-29,503.25385051765704,vitamin c,2020,48
2020-12-06,445.4085803432137,vitamin c,2020,49
2020-12-13,370.20972911643736,vitamin c,2020,50
2020-12-20,289.2263508722167,vitamin c,2020,51
2020-12-27,271.8727698198837,vitamin c,2020,52
2021-01-03,260.30371578499506,vitamin c,2020,53
2021-01-10,237.16560771521773,vitamin c,2021,1
2021-01-17,225.59655368032904,vitamin c,2021,2
2021-01-24,190.88939157566304,vitamin c,2021,3
2021-01-31,237.16560771521773,vitamin c,2021,4
2021-02-07,254.51918876755073,vitamin c,2021,5
2021-02-14,214.02749964544037,vitamin c,2021,6
2021-02-21,214.02749964544037,vitamin c,2021,7
2021-02-28,260.30371578499506,vitamin c,2021,8
2021-03-07,254.51918876755073,vitamin c,2021,9
2021-03-14,306.5799319245497,vitamin c,2021,10
2021-03-21,283.4418238547724,vitamin c,2021,11
2021-03-28,300.7954049071054,vitamin c,2021,12
2021-04-04,306.5799319245497,vitamin c,2021,13
2021-04-11,237.16560771521773,vitamin c,2021,14
2021-04-18,248.7346617501064,vitamin c,2021,15
2021-04-25,190.88939157566304,vitamin c,2021,16
2021-05-02,208.24297262799604,vitamin c,2021,17
2021-05-09,214.02749964544037,vitamin c,2021,18
2021-05-16,185.1048645582187,vitamin c,2021,19
2021-05-23,167.7512835058857,vitamin c,2021,20
2021-05-30,179.32033754077435,vitamin c,2021,21
2021-06-06,161.96675648844138,vitamin c,2021,22
2021-06-13,133.04412140121968,vitamin c,2021,23
2021-06-20,127.25959438377537,vitamin c,2021,24
2021-06-27,138.82864841866405,vitamin c,2021,25
2021-07-04,109.90601333144237,vitamin c,2021,26
2021-07-11,109.90601333144237,vitamin c,2021,27
2021-07-18,127.25959438377537,vitamin c,2021,28
2021-07-25,121.47506736633105,vitamin c,2021,29
2021-08-01,138.82864841866405,vitamin c,2021,30
2021-08-08,150.3977024535527,vitamin c,2021,31
2021-08-15,150.3977024535527,vitamin c,2021,32
2021-08-22,121.47506736633105,vitamin c,2021,33
2021-08-29,167.7512835058857,vitamin c,2021,34
2021-09-05,185.1048645582187,vitamin c,2021,35
2021-09-12,202.4584456105517,vitamin c,2021,36
2021-09-19,219.8120266628847,vitamin c,2021,37
2021-09-26,248.7346617501064,vitamin c,2021,38
2021-10-03,242.9501347326621,vitamin c,2021,39
2021-10-10,260.30371578499506,vitamin c,2021,40
2021-10-17,260.30371578499506,vitamin c,2021,41
2021-10-24,231.38108069777337,vitamin c,2021,42
2021-10-31,225.59655368032904,vitamin c,2021,43
2021-11-07,219.8120266628847,vitamin c,2021,44
2021-11-14,202.4584456105517,vitamin c,2021,45
2021-11-21,225.59655368032904,vitamin c,2021,46
2021-11-28,167.7512835058857,vitamin c,2021,47
2021-12-05,167.7512835058857,vitamin c,2021,48
2021-12-12,173.53581052333004,vitamin c,2021,49
2021-12-19,167.7512835058857,vitamin c,2021,50
2021-12-26,161.96675648844138,vitamin c,2021,51
2022-01-02,266.08824280243937,vitamin c,2021,52
2022-01-09,242.9501347326621,vitamin c,2022,1
2022-01-16,225.59655368032904,vitamin c,2022,2
2022-01-23,254.51918876755073,vitamin c,2022,3
2022-01-30,260.30371578499506,vitamin c,2022,4
2022-02-06,242.9501347326621,vitamin c,2022,5
2022-02-13,202.4584456105517,vitamin c,2022,6
2022-02-20,208.24297262799604,vitamin c,2022,7
2022-02-27,185.1048645582187,vitamin c,2022,8
2022-03-06,196.67391859310737,vitamin c,2022,9
2022-03-13,173.53581052333004,vitamin c,2022,10
2022-03-20,185.1048645582187,vitamin c,2022,11
2022-03-27,173.53581052333004,vitamin c,2022,12
2022-04-03,161.96675648844138,vitamin c,2022,13
2022-04-10,156.18222947099704,vitamin c,2022,14
2022-04-17,185.1048645582187,vitamin c,2022,15
2022-04-24,150.3977024535527,vitamin c,2022,16
2022-05-01,133.04412140121968,vitamin c,2022,17
2022-05-08,185.1048645582187,vitamin c,2022,18
2022-05-15,156.18222947099704,vitamin c,2022,19
2022-05-22,150.3977024535527,vitamin c,2022,20
2022-05-29,144.61317543610838,vitamin c,2022,21
2022-06-05,127.25959438377537,vitamin c,2022,22
2022-06-12,150.3977024535527,vitamin c,2022,23
2022-06-19,173.53581052333004,vitamin c,2022,24
2022-06-26,127.25959438377537,vitamin c,2022,25
2022-07-03,115.69054034888669,vitamin c,2022,26
2022-07-10,144.61317543610838,vitamin c,2022,27
2022-07-17,161.96675648844138,vitamin c,2022,28
2022-07-24,167.7512835058857,vitamin c,2022,29
2022-07-31,185.1048645582187,vitamin c,2022,30
2022-08-07,173.53581052333004,vitamin c,2022,31
2022-08-14,196.67391859310737,vitamin c,2022,32
2022-08-21,173.53581052333004,vitamin c,2022,33
2022-08-28,161.96675648844138,vitamin c,2022,34
2022-09-04,185.1048645582187,vitamin c,2022,35
2022-09-11,161.96675648844138,vitamin c,2022,36
2022-09-18,185.1048645582187,vitamin c,2022,37
2022-09-25,190.88939157566304,vitamin c,2022,38
2022-10-02,179.32033754077435,vitamin c,2022,39
2022-10-09,214.02749964544037,vitamin c,2022,40
2022-10-16,190.88939157566304,vitamin c,2022,41
2022-10-23,138.82864841866405,vitamin c,2022,42
2022-10-30,190.88939157566304,vitamin c,2022,43
2022-11-06,185.1048645582187,vitamin c,2022,44
2022-11-13,173.53581052333004,vitamin c,2022,45
2022-11-20,173.53581052333004,vitamin c,2022,46
2022-11-27,179.32033754077435,vitamin c,2022,47
2022-12-04,185.1048645582187,vitamin c,2022,48
2022-12-11,167.7512835058857,vitamin c,2022,49
2022-12-18,167.7512835058857,vitamin c,2022,50
2022-12-25,173.53581052333004,vitamin c,2022,51
2023-01-01,167.7512835058857,vitamin c,2022,52
2023-01-08,196.67391859310737,vitamin c,2023,1
2023-01-15,202.4584456105517,vitamin c,2023,2
2023-01-22,185.1048645582187,vitamin c,2023,3
2023-01-29,208.24297262799604,vitamin c,2023,4
2023-02-05,260.30371578499506,vitamin c,2023,5
2023-02-12,225.59655368032904,vitamin c,2023,6
2023-02-19,242.9501347326621,vitamin c,2023,7
2023-02-26,271.87276981988373,vitamin c,2023,8
2023-03-05,242.9501347326621,vitamin c,2023,9
2023-03-12,237.16560771521773,vitamin c,2023,10
2023-03-19,231.38108069777337,vitamin c,2023,11
2023-03-26,237.16560771521773,vitamin c,2023,12
2023-04-02,225.59655368032904,vitamin c,2023,13
2023-04-09,225.59655368032904,vitamin c,2023,14
2023-04-16,173.53581052333004,vitamin c,2023,15
2023-04-23,190.88939157566304,vitamin c,2023,16
2023-04-30,167.7512835058857,vitamin c,2023,17
2023-05-07,185.1048645582187,vitamin c,2023,18
2023-05-14,219.8120266628847,vitamin c,2023,19
2023-05-21,202.4584456105517,vitamin c,2023,20
2023-05-28,231.38108069777337,vitamin c,2023,21
2023-06-04,202.4584456105517,vitamin c,2023,22
2023-06-11,179.32033754077435,vitamin c,2023,23
2023-06-18,179.32033754077435,vitamin c,2023,24
2023-06-25,173.53581052333004,vitamin c,2023,25
2023-07-02,185.1048645582187,vitamin c,2023,26
2023-07-09,131.87709237242075,vitamin c,2023,27
2023-07-16,134.62453179684618,vitamin c,2023,28
2023-07-23,151.10916834339878,vitamin c,2023,29
2023-07-30,164.84636546552596,vitamin c,2023,30
2023-08-06,192.32075970978028,vitamin c,2023,31
2023-08-13,173.08868373880225,vitamin c,2023,32
2023-08-20,164.84636546552596,vitamin c,2023,33
2023-08-27,162.09892604110053,vitamin c,2023,34
2023-09-03,186.8258808609294,vitamin c,2023,35
2023-09-10,195.0681991342057,vitamin c,2023,36
2023-09-17,203.310517407482,vitamin c,2023,37
2023-09-24,219.79515395403465,vitamin c,2023,38
2023-10-01,200.5630779830566,vitamin c,2023,39
2023-10-08,203.310517407482,vitamin c,2023,40
2023-10-15,206.05795683190743,vitamin c,2023,41
2023-10-22,203.310517407482,vitamin c,2023,42
2023-10-29,225.29003280288543,vitamin c,2023,43
2023-11-05,239.02722992501265,vitamin c,2023,44
2023-11-12,206.05795683190743,vitamin c,2023,45
2023-11-19,186.8258808609294,vitamin c,2023,46
2023-11-26,200.5630779830566,vitamin c,2023,47
2023-12-03,219.79515395403465,vitamin c,2023,48
2023-12-10,195.0681991342057,vitamin c,2023,49
2023-12-17,173.08868373880225,vitamin c,2023,50
2023-12-24,192.32075970978028,vitamin c,2023,51
2023-12-31,164.84636546552596,vitamin c,2023,52
2024-01-07,197.81563855863115,vitamin c,2024,1
2024-01-14,241.77466934943808,vitamin c,2024,2
2024-01-21,274.74394244254324,vitamin c,2024,3
2024-01-28,241.77466934943808,vitamin c,2024,4
2024-02-04,271.99650301811783,vitamin c,2024,5
2024-02-11,230.7849116517363,vitamin c,2024,6
2024-02-18,252.7644270471398,vitamin c,2024,7
2024-02-25,236.2797905005872,vitamin c,2024,8
2024-03-03,219.79515395403465,vitamin c,2024,9
2024-03-10,219.79515395403465,vitamin c,2024,10
2024-03-17,189.57332028535484,vitamin c,2024,11
2024-03-24,236.2797905005872,vitamin c,2024,12
2024-03-31,170.3412443143768,vitamin c,2024,13
2024-04-07,186.8258808609294,vitamin c,2024,14
2024-04-14,219.79515395403465,vitamin c,2024,15
2024-04-21,214.30027510518377,vitamin c,2024,16
2024-04-28,195.0681991342057,vitamin c,2024,17
2024-05-05,189.57332028535484,vitamin c,2024,18
2024-05-12,203.310517407482,vitamin c,2024,19
2024-05-19,151.10916834339878,vitamin c,2024,20
2024-05-26,211.5528356807583,vitamin c,2024,21
2024-06-02,167.59380488995137,vitamin c,2024,22
2024-06-09,170.3412443143768,vitamin c,2024,23
2024-06-16,134.62453179684618,vitamin c,2024,24
2024-06-23,131.87709237242075,vitamin c,2024,25
2024-06-30,126.3822135235699,vitamin c,2024,26
2024-07-07,131.87709237242075,vitamin c,2024,27
2024-07-14,140.11941064569706,vitamin c,2024,28
2024-07-21,164.84636546552596,vitamin c,2024,29
2024-07-28,156.60404719224965,vitamin c,2024,30
2024-08-04,151.10916834339878,vitamin c,2024,31
2024-08-11,156.60404719224965,vitamin c,2024,32
2024-08-18,162.09892604110053,vitamin c,2024,33
2024-08-25,159.3514866166751,vitamin c,2024,34
2024-09-01,175.83612316322768,vitamin c,2024,35
2024-09-08,173.08868373880225,vitamin c,2024,36
2024-09-15,181.33100201207856,vitamin c,2024,37
2024-09-22,181.33100201207856,vitamin c,2024,38
2024-09-29,175.83612316322768,vitamin c,2024,39
2024-10-06,178.58356258765312,vitamin c,2024,40
2024-10-13,178.58356258765312,vitamin c,2024,41
2024-10-20,181.33100201207856,vitamin c,2024,42
2024-10-27,186.8258808609294,vitamin c,2024,43
2024-11-03,208.80539625633287,vitamin c,2024,44
2024-11-10,206.05795683190743,vitamin c,2024,45
2024-11-17,195.0681991342057,vitamin c,2024,46
2024-11-24,261.0067453204161,vitamin c,2024,47
2024-12-01,225.29003280288543,vitamin c,2024,48
2024-12-08,197.81563855863115,vitamin c,2024,49
2024-12-15,156.60404719224965,vitamin c,2024,50
2024-12-22,159.3514866166751,vitamin c,2024,51
2024-12-29,189.57332028535484,vitamin c,2024,52
2013-01-06,19.0,tenis,2013,1
2013-01-13,42.0,tenis,2013,2
2013-01-20,66.0,tenis,2013,3
2013-01-27,39.0,tenis,2013,4
2013-02-03,20.0,tenis,2013,5
2013-02-10,22.0,tenis,2013,6
2013-02-17,21.0,tenis,2013,7
2013-02-24,37.0,tenis,2013,8
2013-03-03,23.0,tenis,2013,9
2013-03-10,46.0,tenis,2013,10
2013-03-17,28.0,tenis,2013,11
2013-03-24,35.0,tenis,2013,12
2013-03-31,28.0,tenis,2013,13
2013-04-07,26.0,tenis,2013,14
2013-04-14,40.0,tenis,2013,15
2013-04-21,35.0,tenis,2013,16
2013-04-28,20.0,tenis,2013,17
2013-05-05,40.0,tenis,2013,18
2013-05-12,49.0,tenis,2013,19
2013-05-19,24.0,tenis,2013,20
2013-05-26,61.0,tenis,2013,21
2013-06-02,71.0,tenis,2013,22
2013-06-09,28.0,tenis,2013,23
2013-06-16,21.0,tenis,2013,24
2013-06-23,47.0,tenis,2013,25
2013-06-30,58.0,tenis,2013,26
2013-07-07,29.0,tenis,2013,27
2013-07-14,19.0,tenis,2013,28
2013-07-21,20.0,tenis,2013,29
2013-07-28,20.0,tenis,2013,30
2013-08-04,31.0,tenis,2013,31
2013-08-11,49.0,tenis,2013,32
2013-08-18,23.0,tenis,2013,33
2013-08-25,38.0,tenis,2013,34
2013-09-01,56.0,tenis,2013,35
2013-09-08,35.0,tenis,2013,36
2013-09-15,22.0,tenis,2013,37
2013-09-22,17.0,tenis,2013,38
2013-09-29,39.0,tenis,2013,39
2013-10-06,60.0,tenis,2013,40
2013-10-13,30.0,tenis,2013,41
2013-10-20,29.0,tenis,2013,42
2013-10-27,47.0,tenis,2013,43
2013-11-03,46.0,tenis,2013,44
2013-11-10,35.0,tenis,2013,45
2013-11-17,22.0,tenis,2013,46
2013-11-24,13.0,tenis,2013,47
2013-12-01,12.0,tenis,2013,48
2013-12-08,11.0,tenis,2013,49
2013-12-15,11.0,tenis,2013,50
2013-12-22,15.0,tenis,2013,51
2013-12-29,20.0,tenis,2013,52
2014-01-05,17.0,tenis,2014,1
2014-01-12,44.0,tenis,2014,2
2014-01-19,56.0,tenis,2014,3
2014-01-26,23.0,tenis,2014,4
2014-02-02,16.0,tenis,2014,5
2014-02-09,21.0,tenis,2014,6
2014-02-16,22.0,tenis,2014,7
2014-02-23,31.0,tenis,2014,8
2014-03-02,21.0,tenis,2014,9
2014-03-09,41.0,tenis,2014,10
2014-03-16,31.0,tenis,2014,11
2014-03-23,51.0,tenis,2014,12
2014-03-30,28.0,tenis,2014,13
2014-04-06,20.0,tenis,2014,14
2014-04-13,40.0,tenis,2014,15
2014-04-20,28.0,tenis,2014,16
2014-04-27,20.0,tenis,2014,17
2014-05-04,29.0,tenis,2014,18
2014-05-11,53.0,tenis,2014,19
2014-05-18,25.0,tenis,2014,20
2014-05-25,57.0,tenis,2014,21
2014-06-01,70.0,tenis,2014,22
2014-06-08,32.0,tenis,2014,23
2014-06-15,21.0,tenis,2014,24
2014-06-22,46.0,tenis,2014,25
2014-06-29,55.0,tenis,2014,26
2014-07-06,25.0,tenis,2014,27
2014-07-13,19.0,tenis,2014,28
2014-07-20,22.0,tenis,2014,29
2014-07-27,21.0,tenis,2014,30
2014-08-03,33.0,tenis,2014,31
2014-08-10,38.0,tenis,2014,32
2014-08-17,24.0,tenis,2014,33
2014-08-24,37.0,tenis,2014,34
2014-08-31,55.0,tenis,2014,35
2014-09-07,26.0,tenis,2014,36
2014-09-14,22.0,tenis,2014,37
2014-09-21,21.0,tenis,2014,38
2014-09-28,41.0,tenis,2014,39
2014-10-05,47.0,tenis,2014,40
2014-10-12,20.0,tenis,2014,41
2014-10-19,29.0,tenis,2014,42
2014-10-26,38.0,tenis,2014,43
2014-11-02,18.0,tenis,2014,44
2014-11-09,40.0,tenis,2014,45
2014-11-16,24.0,tenis,2014,46
2014-11-23,11.0,tenis,2014,47
2014-11-30,11.0,tenis,2014,48
2014-12-07,12.0,tenis,2014,49
2014-12-14,10.0,tenis,2014,50
2014-12-21,8.0,tenis,2014,51
2014-12-28,14.0,tenis,2014,52
2015-01-04,27.0,tenis,2015,1
2015-01-11,19.0,tenis,2015,2
2015-01-18,39.0,tenis,2015,3
2015-01-25,68.0,tenis,2015,4
2015-02-01,29.0,tenis,2015,5
2015-02-08,18.0,tenis,2015,6
2015-02-15,22.0,tenis,2015,7
2015-02-22,47.0,tenis,2015,8
2015-03-01,23.0,tenis,2015,9
2015-03-08,25.0,tenis,2015,10
2015-03-15,41.0,tenis,2015,11
2015-03-22,46.0,tenis,2015,12
2015-03-29,44.0,tenis,2015,13
2015-04-05,29.0,tenis,2015,14
2015-04-12,49.0,tenis,2015,15
2015-04-19,31.0,tenis,2015,16
2015-04-26,23.0,tenis,2015,17
2015-05-03,32.0,tenis,2015,18
2015-05-10,56.0,tenis,2015,19
2015-05-17,30.0,tenis,2015,20
2015-05-24,61.0,tenis,2015,21
2015-05-31,100.0,tenis,2015,22
2015-06-07,36.0,tenis,2015,23
2015-06-14,28.0,tenis,2015,24
2015-06-21,20.0,tenis,2015,25
2015-06-28,53.0,tenis,2015,26
2015-07-05,73.0,tenis,2015,27
2015-07-12,33.0,tenis,2015,28
2015-07-19,17.0,tenis,2015,29
2015-07-26,17.0,tenis,2015,30
2015-08-02,17.0,tenis,2015,31
2015-08-09,44.0,tenis,2015,32
2015-08-16,59.0,tenis,2015,33
2015-08-23,25.0,tenis,2015,34
2015-08-30,47.0,tenis,2015,35
2015-09-06,52.0,tenis,2015,36
2015-09-13,30.0,tenis,2015,37
2015-09-20,16.0,tenis,2015,38
2015-09-27,16.0,tenis,2015,39
2015-10-04,38.0,tenis,2015,40
2015-10-11,56.0,tenis,2015,41
2015-10-18,28.0,tenis,2015,42
2015-10-25,20.0,tenis,2015,43
2015-11-01,49.0,tenis,2015,44
2015-11-08,21.0,tenis,2015,45
2015-11-15,48.0,tenis,2015,46
2015-11-22,21.0,tenis,2015,47
2015-11-29,10.0,tenis,2015,48
2015-12-06,9.0,tenis,2015,49
2015-12-13,10.0,tenis,2015,50
2015-12-20,10.0,tenis,2015,51
2015-12-27,11.0,tenis,2015,52
2016-01-03,35.603217158176946,tenis,2015,53
2016-01-10,20.026809651474533,tenis,2016,1
2016-01-17,52.29222520107239,tenis,2016,2
2016-01-24,85.67024128686327,tenis,2016,3
2016-01-31,30.0402144772118,tenis,2016,4
2016-02-07,21.13941018766756,tenis,2016,5
2016-02-14,24.47721179624665,tenis,2016,6
2016-02-21,37.828418230563,tenis,2016,7
2016-02-28,20.026809651474533,tenis,2016,8
2016-03-06,30.0402144772118,tenis,2016,9
2016-03-13,52.29222520107239,tenis,2016,10
2016-03-20,43.39142091152815,tenis,2016,11
2016-03-27,62.30563002680965,tenis,2016,12
2016-04-03,25.58981233243968,tenis,2016,13
2016-04-10,38.94101876675604,tenis,2016,14
2016-04-17,24.47721179624665,tenis,2016,15
2016-04-24,18.9142091152815,tenis,2016,16
2016-05-01,52.29222520107239,tenis,2016,17
2016-05-08,81.21983914209116,tenis,2016,18
2016-05-15,32.265415549597854,tenis,2016,19
2016-05-22,81.21983914209116,tenis,2016,20
2016-05-29,111.26005361930297,tenis,2016,21
2016-06-05,42.27882037533512,tenis,2016,22
2016-06-12,30.0402144772118,tenis,2016,23
2016-06-19,21.13941018766756,tenis,2016,24
2016-06-26,67.86863270777481,tenis,2016,25
2016-07-03,38.94101876675604,tenis,2016,26
2016-07-10,22.252010723860593,tenis,2016,27
2016-07-17,18.9142091152815,tenis,2016,28
2016-07-24,33.37801608579089,tenis,2016,29
2016-07-31,30.0402144772118,tenis,2016,30
2016-08-07,40.053619302949066,tenis,2016,31
2016-08-14,28.92761394101877,tenis,2016,32
2016-08-21,17.801608579088473,tenis,2016,33
2016-08-28,51.17962466487936,tenis,2016,34
2016-09-04,66.75603217158178,tenis,2016,35
2016-09-11,28.92761394101877,tenis,2016,36
2016-09-18,16.689008042895445,tenis,2016,37
2016-09-25,20.026809651474533,tenis,2016,38
2016-10-02,21.13941018766756,tenis,2016,39
2016-10-09,56.74262734584451,tenis,2016,40
2016-10-16,20.026809651474533,tenis,2016,41
2016-10-23,23.36461126005362,tenis,2016,42
2016-10-30,64.53083109919571,tenis,2016,43
2016-11-06,20.026809651474533,tenis,2016,44
2016-11-13,76.76943699731903,tenis,2016,45
2016-11-20,26.70241286863271,tenis,2016,46
2016-11-27,15.576407506702411,tenis,2016,47
2016-12-04,11.126005361930297,tenis,2016,48
2016-12-11,10.013404825737268,tenis,2016,49
2016-12-18,8.900804289544237,tenis,2016,50
2016-12-25,10.013404825737268,tenis,2016,51
2017-01-01,62.30563002680965,tenis,2016,52
2017-01-08,21.13941018766756,tenis,2017,1
2017-01-15,70.09383378016086,tenis,2017,2
2017-01-22,57.85522788203754,tenis,2017,3
2017-01-29,33.37801608579089,tenis,2017,4
2017-02-05,22.252010723860593,tenis,2017,5
2017-02-12,16.689008042895445,tenis,2017,6
2017-02-19,16.689008042895445,tenis,2017,7
2017-02-26,34.49061662198392,tenis,2017,8
2017-03-05,22.252010723860593,tenis,2017,9
2017-03-12,57.85522788203754,tenis,2017,10
2017-03-19,25.58981233243968,tenis,2017,11
2017-03-26,31.152815013404823,tenis,2017,12
2017-04-02,21.13941018766756,tenis,2017,13
2017-04-09,17.801608579088473,tenis,2017,14
2017-04-16,54.51742627345845,tenis,2017,15
2017-04-23,24.47721179624665,tenis,2017,16
2017-04-30,22.252010723860593,tenis,2017,17
2017-05-07,56.74262734584451,tenis,2017,18
2017-05-14,75.656836461126,tenis,2017,19
2017-05-21,30.0402144772118,tenis,2017,20
2017-05-28,78.9946380697051,tenis,2017,21
2017-06-04,89.00804289544237,tenis,2017,22
2017-06-11,22.252010723860593,tenis,2017,23
2017-06-18,21.13941018766756,tenis,2017,24
2017-06-25,45.616621983914214,tenis,2017,25
2017-07-02,67.86863270777481,tenis,2017,26
2017-07-09,83.44504021447722,tenis,2017,27
2017-07-16,20.026809651474533,tenis,2017,28
2017-07-23,14.463806970509385,tenis,2017,29
2017-07-30,15.576407506702411,tenis,2017,30
2017-08-06,20.026809651474533,tenis,2017,31
2017-08-13,23.36461126005362,tenis,2017,32
2017-08-20,17.801608579088473,tenis,2017,33
2017-08-27,33.37801608579089,tenis,2017,34
2017-09-03,31.152815013404823,tenis,2017,35
2017-09-10,18.9142091152815,tenis,2017,36
2017-09-17,16.689008042895445,tenis,2017,37
2017-09-24,13.351206434316357,tenis,2017,38
2017-10-01,15.576407506702411,tenis,2017,39
2017-10-08,22.252010723860593,tenis,2017,40
2017-10-15,15.576407506702411,tenis,2017,41
2017-10-22,15.576407506702411,tenis,2017,42
2017-10-29,24.47721179624665,tenis,2017,43
2017-11-05,18.9142091152815,tenis,2017,44
2017-11-12,22.252010723860593,tenis,2017,45
2017-11-19,12.238605898123325,tenis,2017,46
2017-11-26,8.900804289544237,tenis,2017,47
2017-12-03,7.7882037533512065,tenis,2017,48
2017-12-10,8.900804289544237,tenis,2017,49
2017-12-17,7.7882037533512065,tenis,2017,50
2017-12-24,12.238605898123325,tenis,2017,51
2017-12-31,14.463806970509385,tenis,2017,52
2018-01-07,16.689008042895445,tenis,2018,1
2018-01-14,61.193029490616624,tenis,2018,2
2018-01-21,66.75603217158178,tenis,2018,3
2018-01-28,21.13941018766756,tenis,2018,4
2018-02-04,15.576407506702411,tenis,2018,5
2018-02-11,17.801608579088473,tenis,2018,6
2018-02-18,16.689008042895445,tenis,2018,7
2018-02-25,17.801608579088473,tenis,2018,8
2018-03-04,20.026809651474533,tenis,2018,9
2018-03-11,28.92761394101877,tenis,2018,10
2018-03-18,32.265415549597854,tenis,2018,11
2018-03-25,32.265415549597854,tenis,2018,12
2018-04-01,16.689008042895445,tenis,2018,13
2018-04-08,15.576407506702411,tenis,2018,14
2018-04-15,48.9544235924933,tenis,2018,15
2018-04-22,32.265415549597854,tenis,2018,16
2018-04-29,20.026809651474533,tenis,2018,17
2018-05-06,55.63002680965147,tenis,2018,18
2018-05-13,92.34584450402146,tenis,2018,19
2018-05-20,26.70241286863271,tenis,2018,20
2018-05-27,81.21983914209116,tenis,2018,21
2018-06-03,78.9946380697051,tenis,2018,22
2018-06-10,20.026809651474533,tenis,2018,23
2018-06-17,46.72922252010724,tenis,2018,24
2018-06-24,35.603217158176946,tenis,2018,25
2018-07-01,56.74262734584451,tenis,2018,26
2018-07-08,103.06607790569308,tenis,2018,27
2018-07-15,43.22125847658098,tenis,2018,28
2018-07-22,24.93534142879672,tenis,2018,29
2018-07-29,26.59769752404983,tenis,2018,30
2018-08-05,61.50717552436524,tenis,2018,31
2018-08-12,103.06607790569308,tenis,2018,32
2018-08-19,51.533038952846546,tenis,2018,33
2018-08-26,84.78016085790884,tenis,2018,34
2018-09-02,106.39079009619932,tenis,2018,35
2018-09-09,38.23419019082163,tenis,2018,36
2018-09-16,21.61062923829049,tenis,2018,37
2018-09-23,21.61062923829049,tenis,2018,38
2018-09-30,21.61062923829049,tenis,2018,39
2018-10-07,64.83188771487147,tenis,2018,40
2018-10-14,31.584765809809173,tenis,2018,41
2018-10-21,24.93534142879672,tenis,2018,42
2018-10-28,76.46838038164327,tenis,2018,43
2018-11-04,28.260053619302944,tenis,2018,44
2018-11-11,68.15659990537769,tenis,2018,45
2018-11-18,21.61062923829049,tenis,2018,46
2018-11-25,9.974136571518686,tenis,2018,47
2018-12-02,8.311780476265572,tenis,2018,48
2018-12-09,8.311780476265572,tenis,2018,49
2018-12-16,8.311780476265572,tenis,2018,50
2018-12-23,19.948273143037373,tenis,2018,51
2018-12-30,63.16953161961835,tenis,2018,52
2019-01-06,18.28591704778426,tenis,2019,1
2019-01-13,81.4554486674026,tenis,2019,2
2019-01-20,101.40372181043998,tenis,2019,3
2019-01-27,41.55890238132786,tenis,2019,4
2019-02-03,19.948273143037373,tenis,2019,5
2019-02-10,18.28591704778426,tenis,2019,6
2019-02-17,19.948273143037373,tenis,2019,7
2019-02-24,34.9094780003154,tenis,2019,8
2019-03-03,29.92240971455606,tenis,2019,9
2019-03-10,71.48131209588392,tenis,2019,10
2019-03-17,59.84481942911212,tenis,2019,11
2019-03-24,93.0919413341744,tenis,2019,12
2019-03-31,19.948273143037373,tenis,2019,13
2019-04-07,18.28591704778426,tenis,2019,14
2019-04-14,66.49424381012457,tenis,2019,15
2019-04-21,44.88361457183409,tenis,2019,16
2019-04-28,31.584765809809173,tenis,2019,17
2019-05-05,83.11780476265572,tenis,2019,18
2019-05-12,121.35199495347736,tenis,2019,19
2019-05-19,46.5459706670872,tenis,2019,20
2019-05-26,116.364926667718,tenis,2019,21
2019-06-02,159.58618514429898,tenis,2019,22
2019-06-09,28.260053619302944,tenis,2019,23
2019-06-16,23.2729853335436,tenis,2019,24
2019-06-23,26.59769752404983,tenis,2019,25
2019-06-30,99.74136571518687,tenis,2019,26
2019-07-07,93.0919413341744,tenis,2019,27
2019-07-14,66.49424381012457,tenis,2019,28
2019-07-21,33.247121905062286,tenis,2019,29
2019-07-28,23.2729853335436,tenis,2019,30
2019-08-04,36.57183409556852,tenis,2019,31
2019-08-11,88.10487304841507,tenis,2019,32
2019-08-18,36.57183409556852,tenis,2019,33
2019-08-25,86.44251695316196,tenis,2019,34
2019-09-01,69.8189560006308,tenis,2019,35
2019-09-08,29.92240971455606,tenis,2019,36
2019-09-15,18.28591704778426,tenis,2019,37
2019-09-22,18.28591704778426,tenis,2019,38
2019-09-29,48.20832676234032,tenis,2019,39
2019-10-06,74.80602428639015,tenis,2019,40
2019-10-13,28.260053619302944,tenis,2019,41
2019-10-20,26.59769752404983,tenis,2019,42
2019-10-27,76.46838038164327,tenis,2019,43
2019-11-03,29.92240971455606,tenis,2019,44
2019-11-10,86.44251695316196,tenis,2019,45
2019-11-17,56.52010723860589,tenis,2019,46
2019-11-24,13.298848762024916,tenis,2019,47
2019-12-01,9.974136571518686,tenis,2019,48
2019-12-08,11.6364926667718,tenis,2019,49
2019-12-15,19.948273143037373,tenis,2019,50
2019-12-22,9.974136571518686,tenis,2019,51
2019-12-29,16.623560952531143,tenis,2019,52
2020-01-05,56.52010723860589,tenis,2020,1
2020-01-12,58.182463333859005,tenis,2020,2
2020-01-19,88.10487304841507,tenis,2020,3
2020-01-26,166.23560952531145,tenis,2020,4
2020-02-02,64.83188771487147,tenis,2020,5
2020-02-09,29.92240971455606,tenis,2020,6
2020-02-16,24.93534142879672,tenis,2020,7
2020-02-23,88.10487304841507,tenis,2020,8
2020-03-01,23.2729853335436,tenis,2020,9
2020-03-08,14.96120485727803,tenis,2020,10
2020-03-15,8.311780476265572,tenis,2020,11
2020-03-22,8.311780476265572,tenis,2020,12
2020-03-29,8.311780476265572,tenis,2020,13
2020-04-05,9.974136571518686,tenis,2020,14
2020-04-12,9.974136571518686,tenis,2020,15
2020-04-19,9.974136571518686,tenis,2020,16
2020-04-26,9.974136571518686,tenis,2020,17
2020-05-03,9.974136571518686,tenis,2020,18
2020-05-10,8.311780476265572,tenis,2020,19
2020-05-17,8.311780476265572,tenis,2020,20
2020-05-24,9.974136571518686,tenis,2020,21
2020-05-31,9.974136571518686,tenis,2020,22
2020-06-07,14.96120485727803,tenis,2020,23
2020-06-14,16.623560952531143,tenis,2020,24
2020-06-21,11.6364926667718,tenis,2020,25
2020-06-28,8.311780476265572,tenis,2020,26
2020-07-05,8.311780476265572,tenis,2020,27
2020-07-12,8.311780476265572,tenis,2020,28
2020-07-19,9.974136571518686,tenis,2020,29
2020-07-26,9.974136571518686,tenis,2020,30
2020-08-02,8.311780476265572,tenis,2020,31
2020-08-09,9.974136571518686,tenis,2020,32
2020-08-16,13.298848762024916,tenis,2020,33
2020-08-23,78.13073647689637,tenis,2020,34
2020-08-30,71.48131209588392,tenis,2020,35
2020-09-06,53.19539504809966,tenis,2020,36
2020-09-13,91.42958523892128,tenis,2020,37
2020-09-20,73.14366819113704,tenis,2020,38
2020-09-27,84.78016085790884,tenis,2020,39
2020-10-04,103.06607790569308,tenis,2020,40
2020-10-11,36.57183409556852,tenis,2020,41
2020-10-18,18.28591704778426,tenis,2020,42
2020-10-25,66.49424381012457,tenis,2020,43
2020-11-01,29.92240971455606,tenis,2020,44
2020-11-08,19.948273143037373,tenis,2020,45
2020-11-15,103.06607790569308,tenis,2020,46
2020-11-22,21.61062923829049,tenis,2020,47
2020-11-29,8.311780476265572,tenis,2020,48
2020-12-06,8.311780476265572,tenis,2020,49
2020-12-13,8.311780476265572,tenis,2020,50
2020-12-20,8.311780476265572,tenis,2020,51
2020-12-27,8.311780476265572,tenis,2020,52
2021-01-03,9.568512305681182,tenis,2020,53
2021-01-10,9.568512305681182,tenis,2021,1
2021-01-17,9.568512305681182,tenis,2021,2
2021-01-24,10.935442635064208,tenis,2021,3
2021-01-31,32.806327905192624,tenis,2021,4
2021-02-07,80.64888943359853,tenis,2021,5
2021-02-14,121.65679931508932,tenis,2021,6
2021-02-21,35.54018856395867,tenis,2021,7
2021-02-28,20.503954940745388,tenis,2021,8
2021-03-07,23.237815599511443,tenis,2021,9
2021-03-14,20.503954940745388,tenis,2021,10
2021-03-21,21.870885270128415,tenis,2021,11
2021-03-28,23.237815599511443,tenis,2021,12
2021-04-04,17.770094281979336,tenis,2021,13
2021-04-11,51.94335251655499,tenis,2021,14
2021-04-18,46.475631199022885,tenis,2021,15
2021-04-25,20.503954940745388,tenis,2021,16
2021-05-02,28.705536917043545,tenis,2021,17
2021-05-09,127.1245206326214,tenis,2021,18
2021-05-16,66.97958613976827,tenis,2021,19
2021-05-23,36.9071188933417,tenis,2021,20
2021-05-30,91.58433206866272,tenis,2021,21
2021-06-06,120.28986898570628,tenis,2021,22
2021-06-13,61.51186482223617,tenis,2021,23
2021-06-20,27.33860658766052,tenis,2021,24
2021-06-27,101.15284437434391,tenis,2021,25
2021-07-04,106.62056569187602,tenis,2021,26
2021-07-11,57.41107383408709,tenis,2021,27
2021-07-18,42.374840210873806,tenis,2021,28
2021-07-25,121.65679931508932,tenis,2021,29
2021-08-01,25.971676258277498,tenis,2021,30
2021-08-08,23.237815599511443,tenis,2021,31
2021-08-15,32.806327905192624,tenis,2021,32
2021-08-22,25.971676258277498,tenis,2021,33
2021-08-29,79.2819591042155,tenis,2021,34
2021-09-05,110.7213566800251,tenis,2021,35
2021-09-12,50.57642218717196,tenis,2021,36
2021-09-19,16.403163952596312,tenis,2021,37
2021-09-26,19.137024611362364,tenis,2021,38
2021-10-03,16.403163952596312,tenis,2021,39
2021-10-10,30.07246724642657,tenis,2021,40
2021-10-17,19.137024611362364,tenis,2021,41
2021-10-24,19.137024611362364,tenis,2021,42
2021-10-31,80.64888943359853,tenis,2021,43
2021-11-07,57.41107383408709,tenis,2021,44
2021-11-14,91.58433206866272,tenis,2021,45
2021-11-21,45.108700869639854,tenis,2021,46
2021-11-28,98.41898371557788,tenis,2021,47
2021-12-05,16.403163952596312,tenis,2021,48
2021-12-12,12.302372964447231,tenis,2021,49
2021-12-19,10.935442635064208,tenis,2021,50
2021-12-26,12.302372964447231,tenis,2021,51
2022-01-02,28.705536917043545,tenis,2021,52
2022-01-09,38.27404922272473,tenis,2022,1
2022-01-16,50.57642218717196,tenis,2022,2
2022-01-23,79.2819591042155,tenis,2022,3
2022-01-30,46.475631199022885,tenis,2022,4
2022-02-06,20.503954940745388,tenis,2022,5
2022-02-13,24.604745928894467,tenis,2022,6
2022-02-20,62.878795151619194,tenis,2022,7
2022-02-27,16.403163952596312,tenis,2022,8
2022-03-06,16.403163952596312,tenis,2022,9
2022-03-13,41.007909881490775,tenis,2022,10
2022-03-20,27.33860658766052,tenis,2022,11
2022-03-27,43.74177054025683,tenis,2022,12
2022-04-03,19.137024611362364,tenis,2022,13
2022-04-10,42.374840210873806,tenis,2022,14
2022-04-17,47.84256152840591,tenis,2022,15
2022-04-24,30.07246724642657,tenis,2022,16
2022-05-01,118.92293865632324,tenis,2022,17
2022-05-08,121.65679931508932,tenis,2022,18
2022-05-15,50.57642218717196,tenis,2022,19
2022-05-22,107.98749602125903,tenis,2022,20
2022-05-29,121.65679931508932,tenis,2022,21
2022-06-05,23.237815599511443,tenis,2022,22
2022-06-12,23.237815599511443,tenis,2022,23
2022-06-19,24.604745928894467,tenis,2022,24
2022-06-26,75.18116811606643,tenis,2022,25
2022-07-03,109.35442635064209,tenis,2022,26
2022-07-10,43.74177054025683,tenis,2022,27
2022-07-17,21.870885270128415,tenis,2022,28
2022-07-24,17.770094281979336,tenis,2022,29
2022-07-31,17.770094281979336,tenis,2022,30
2022-08-07,21.870885270128415,tenis,2022,31
2022-08-14,27.33860658766052,tenis,2022,32
2022-08-21,21.870885270128415,tenis,2022,33
2022-08-28,36.9071188933417,tenis,2022,34
2022-09-04,46.475631199022885,tenis,2022,35
2022-09-11,23.237815599511443,tenis,2022,36
2022-09-18,20.503954940745388,tenis,2022,37
2022-09-25,32.806327905192624,tenis,2022,38
2022-10-02,56.04414350470407,tenis,2022,39
2022-10-09,24.604745928894467,tenis,2022,40
2022-10-16,16.403163952596312,tenis,2022,41
2022-10-23,17.770094281979336,tenis,2022,42
2022-10-30,79.2819591042155,tenis,2022,43
2022-11-06,41.007909881490775,tenis,2022,44
2022-11-13,92.95126239804576,tenis,2022,45
2022-11-20,42.374840210873806,tenis,2022,46
2022-11-27,13.66930329383026,tenis,2022,47
2022-12-04,10.935442635064208,tenis,2022,48
2022-12-11,9.568512305681182,tenis,2022,49
2022-12-18,15.036233623213285,tenis,2022,50
2022-12-25,9.568512305681182,tenis,2022,51
2023-01-01,45.108700869639854,tenis,2022,52
2023-01-08,42.374840210873806,tenis,2023,1
2023-01-15,105.253635362493,tenis,2023,2
2023-01-22,106.62056569187602,tenis,2023,3
2023-01-29,50.57642218717196,tenis,2023,4
2023-02-05,15.036233623213285,tenis,2023,5
2023-02-12,25.971676258277498,tenis,2023,6
2023-02-19,31.439397575809597,tenis,2023,7
2023-02-26,75.18116811606643,tenis,2023,8
2023-03-05,21.870885270128415,tenis,2023,9
2023-03-12,36.9071188933417,tenis,2023,10
2023-03-19,32.806327905192624,tenis,2023,11
2023-03-26,42.374840210873806,tenis,2023,12
2023-04-02,23.237815599511443,tenis,2023,13
2023-04-09,65.61265581038525,tenis,2023,14
2023-04-16,53.31028284593801,tenis,2023,15
2023-04-23,28.705536917043545,tenis,2023,16
2023-04-30,41.007909881490775,tenis,2023,17
2023-05-07,46.475631199022885,tenis,2023,18
2023-05-14,77.91502877483248,tenis,2023,19
2023-05-21,28.705536917043545,tenis,2023,20
2023-05-28,95.68512305681182,tenis,2023,21
2023-06-04,136.6930329383026,tenis,2023,22
2023-06-11,57.41107383408709,tenis,2023,23
2023-06-18,30.07246724642657,tenis,2023,24
2023-06-25,25.971676258277498,tenis,2023,25
2023-07-02,109.35442635064209,tenis,2023,26
2023-07-09,160.12470411179928,tenis,2023,27
2023-07-16,59.82681252528764,tenis,2023,28
2023-07-23,22.87495773025704,tenis,2023,29
2023-07-30,28.153794129547126,tenis,2023,30
2023-08-06,28.153794129547126,tenis,2023,31
2023-08-13,79.1825459893513,tenis,2023,32
2023-08-20,75.6633217231579,tenis,2023,33
2023-08-27,86.22099452173808,tenis,2023,34
2023-09-03,121.41323718367198,tenis,2023,35
2023-09-10,73.90370959006121,tenis,2023,36
2023-09-17,21.115345597160346,tenis,2023,37
2023-09-24,19.35573346406365,tenis,2023,38
2023-10-01,33.432630528837215,tenis,2023,39
2023-10-08,38.7114669281273,tenis,2023,40
2023-10-15,29.91340626264382,tenis,2023,41
2023-10-22,26.39418199645043,tenis,2023,42
2023-10-29,121.41323718367198,tenis,2023,43
2023-11-05,51.02875185980417,tenis,2023,44
2023-11-12,175.96121330966955,tenis,2023,45
2023-11-19,154.8458677125092,tenis,2023,46
2023-11-26,22.87495773025704,tenis,2023,47
2023-12-03,12.317284931676868,tenis,2023,48
2023-12-10,10.557672798580173,tenis,2023,49
2023-12-17,10.557672798580173,tenis,2023,50
2023-12-24,15.836509197870258,tenis,2023,51
2023-12-31,40.471079061224,tenis,2023,52
2024-01-07,22.87495773025704,tenis,2024,1
2024-01-14,91.49983092102816,tenis,2024,2
2024-01-21,156.60547984560588,tenis,2024,3
2024-01-28,22.87495773025704,tenis,2024,4
2024-02-04,12.317284931676868,tenis,2024,5
2024-02-11,15.836509197870258,tenis,2024,6
2024-02-18,15.836509197870258,tenis,2024,7
2024-02-25,15.836509197870258,tenis,2024,8
2024-03-03,22.87495773025704,tenis,2024,9
2024-03-10,33.432630528837215,tenis,2024,10
2024-03-17,21.115345597160346,tenis,2024,11
2024-03-24,24.634569863353736,tenis,2024,12
2024-03-31,15.836509197870258,tenis,2024,13
2024-04-07,66.86526105767443,tenis,2024,14
2024-04-14,26.39418199645043,tenis,2024,15
2024-04-21,21.115345597160346,tenis,2024,16
2024-04-28,29.91340626264382,tenis,2024,17
2024-05-05,40.471079061224,tenis,2024,18
2024-05-12,33.432630528837215,tenis,2024,19
2024-05-19,36.951854795030606,tenis,2024,20
2024-05-26,72.14409745696452,tenis,2024,21
2024-06-02,65.10564892457774,tenis,2024,22
2024-06-09,19.35573346406365,tenis,2024,23
2024-06-16,14.076897064773563,tenis,2024,24
2024-06-23,14.076897064773563,tenis,2024,25
2024-06-30,51.02875185980417,tenis,2024,26
2024-07-07,79.1825459893513,tenis,2024,27
2024-07-14,26.39418199645043,tenis,2024,28
2024-07-21,26.39418199645043,tenis,2024,29
2024-07-28,100.29789158651164,tenis,2024,30
2024-08-04,54.54797612599756,tenis,2024,31
2024-08-11,19.35573346406365,tenis,2024,32
2024-08-18,21.115345597160346,tenis,2024,33
2024-08-25,43.99030332741739,tenis,2024,34
2024-09-01,51.02875185980417,tenis,2024,35
2024-09-08,21.115345597160346,tenis,2024,36
2024-09-15,14.076897064773563,tenis,2024,37
2024-09-22,12.317284931676868,tenis,2024,38
2024-09-29,22.87495773025704,tenis,2024,39
2024-10-06,47.50952759361078,tenis,2024,40
2024-10-13,49.26913972670747,tenis,2024,41
2024-10-20,15.836509197870258,tenis,2024,42
2024-10-27,17.596121330966955,tenis,2024,43
2024-11-03,17.596121330966955,tenis,2024,44
2024-11-10,17.596121330966955,tenis,2024,45
2024-11-17,12.317284931676868,tenis,2024,46
2024-11-24,8.798060665483478,tenis,2024,47
2024-12-01,8.798060665483478,tenis,2024,48
2024-12-08,7.038448532386782,tenis,2024,49
2024-12-15,8.798060665483478,tenis,2024,50
2024-12-22,7.038448532386782,tenis,2024,51
2024-12-29,21.115345597160346,tenis,2024,52
2013-01-06,16.0,vreme sutra,2013,1
2013-01-13,30.0,vreme sutra,2013,2
2013-01-20,25.0,vreme sutra,2013,3
2013-01-27,18.0,vreme sutra,2013,4
2013-02-03,25.0,vreme sutra,2013,5
2013-02-10,23.0,vreme sutra,2013,6
2013-02-17,18.0,vreme sutra,2013,7
2013-02-24,21.0,vreme sutra,2013,8
2013-03-03,23.0,vreme sutra,2013,9
2013-03-10,41.0,vreme sutra,2013,10
2013-03-17,49.0,vreme sutra,2013,11
2013-03-24,43.0,vreme sutra,2013,12
2013-03-31,43.0,vreme sutra,2013,13
2013-04-07,45.0,vreme sutra,2013,14
2013-04-14,20.0,vreme sutra,2013,15
2013-04-21,27.0,vreme sutra,2013,16
2013-04-28,25.0,vreme sutra,2013,17
2013-05-05,52.0,vreme sutra,2013,18
2013-05-12,53.0,vreme sutra,2013,19
2013-05-19,77.0,vreme sutra,2013,20
2013-05-26,74.0,vreme sutra,2013,21
2013-06-02,68.0,vreme sutra,2013,22
2013-06-09,71.0,vreme sutra,2013,23
2013-06-16,40.0,vreme sutra,2013,24
2013-06-23,78.0,vreme sutra,2013,25
2013-06-30,34.0,vreme sutra,2013,26
2013-07-07,35.0,vreme sutra,2013,27
2013-07-14,23.0,vreme sutra,2013,28
2013-07-21,18.0,vreme sutra,2013,29
2013-07-28,22.0,vreme sutra,2013,30
2013-08-04,32.0,vreme sutra,2013,31
2013-08-11,27.0,vreme sutra,2013,32
2013-08-18,37.0,vreme sutra,2013,33
2013-08-25,29.0,vreme sutra,2013,34
2013-09-01,43.0,vreme sutra,2013,35
2013-09-08,44.0,vreme sutra,2013,36
2013-09-15,42.0,vreme sutra,2013,37
2013-09-22,43.0,vreme sutra,2013,38
2013-09-29,40.0,vreme sutra,2013,39
2013-10-06,35.0,vreme sutra,2013,40
2013-10-13,51.0,vreme sutra,2013,41
2013-10-20,31.0,vreme sutra,2013,42
2013-10-27,19.0,vreme sutra,2013,43
2013-11-03,33.0,vreme sutra,2013,44
2013-11-10,36.0,vreme sutra,2013,45
2013-11-17,30.0,vreme sutra,2013,46
2013-11-24,32.0,vreme sutra,2013,47
2013-12-01,18.0,vreme sutra,2013,48
2013-12-08,13.0,vreme sutra,2013,49
2013-12-15,13.0,vreme sutra,2013,50
2013-12-22,15.0,vreme sutra,2013,51
2013-12-29,11.0,vreme sutra,2013,52
2014-01-05,15.0,vreme sutra,2014,1
2014-01-12,25.0,vreme sutra,2014,2
2014-01-19,26.0,vreme sutra,2014,3
2014-01-26,39.0,vreme sutra,2014,4
2014-02-02,21.0,vreme sutra,2014,5
2014-02-09,33.0,vreme sutra,2014,6
2014-02-16,32.0,vreme sutra,2014,7
2014-02-23,34.0,vreme sutra,2014,8
2014-03-02,36.0,vreme sutra,2014,9
2014-03-09,26.0,vreme sutra,2014,10
2014-03-16,31.0,vreme sutra,2014,11
2014-03-23,41.0,vreme sutra,2014,12
2014-03-30,39.0,vreme sutra,2014,13
2014-04-06,62.0,vreme sutra,2014,14
2014-04-13,58.0,vreme sutra,2014,15
2014-04-20,66.0,vreme sutra,2014,16
2014-04-27,65.0,vreme sutra,2014,17
2014-05-04,38.0,vreme sutra,2014,18
2014-05-11,87.0,vreme sutra,2014,19
2014-05-18,53.0,vreme sutra,2014,20
2014-05-25,64.0,vreme sutra,2014,21
2014-06-01,32.0,vreme sutra,2014,22
2014-06-08,41.0,vreme sutra,2014,23
2014-06-15,60.0,vreme sutra,2014,24
2014-06-22,64.0,vreme sutra,2014,25
2014-06-29,71.0,vreme sutra,2014,26
2014-07-06,70.0,vreme sutra,2014,27
2014-07-13,52.0,vreme sutra,2014,28
2014-07-20,57.0,vreme sutra,2014,29
2014-07-27,80.0,vreme sutra,2014,30
2014-08-03,58.0,vreme sutra,2014,31
2014-08-10,47.0,vreme sutra,2014,32
2014-08-17,56.0,vreme sutra,2014,33
2014-08-24,50.0,vreme sutra,2014,34
2014-08-31,77.0,vreme sutra,2014,35
2014-09-07,79.0,vreme sutra,2014,36
2014-09-14,56.0,vreme sutra,2014,37
2014-09-21,68.0,vreme sutra,2014,38
2014-09-28,42.0,vreme sutra,2014,39
2014-10-05,36.0,vreme sutra,2014,40
2014-10-12,48.0,vreme sutra,2014,41
2014-10-19,62.0,vreme sutra,2014,42
2014-10-26,30.0,vreme sutra,2014,43
2014-11-02,33.0,vreme sutra,2014,44
2014-11-09,35.0,vreme sutra,2014,45
2014-11-16,30.0,vreme sutra,2014,46
2014-11-23,34.0,vreme sutra,2014,47
2014-11-30,38.0,vreme sutra,2014,48
2014-12-07,28.0,vreme sutra,2014,49
2014-12-14,21.0,vreme sutra,2014,50
2014-12-21,37.0,vreme sutra,2014,51
2014-12-28,38.0,vreme sutra,2014,52
2015-01-04,36.0,vreme sutra,2015,1
2015-01-11,24.0,vreme sutra,2015,2
2015-01-18,34.0,vreme sutra,2015,3
2015-01-25,32.0,vreme sutra,2015,4
2015-02-01,34.0,vreme sutra,2015,5
2015-02-08,28.0,vreme sutra,2015,6
2015-02-15,25.0,vreme sutra,2015,7
2015-02-22,44.0,vreme sutra,2015,8
2015-03-01,55.0,vreme sutra,2015,9
2015-03-08,37.0,vreme sutra,2015,10
2015-03-15,39.0,vreme sutra,2015,11
2015-03-22,53.0,vreme sutra,2015,12
2015-03-29,83.0,vreme sutra,2015,13
2015-04-05,50.0,vreme sutra,2015,14
2015-04-12,59.0,vreme sutra,2015,15
2015-04-19,56.0,vreme sutra,2015,16
2015-04-26,85.0,vreme sutra,2015,17
2015-05-03,78.0,vreme sutra,2015,18
2015-05-10,72.0,vreme sutra,2015,19
2015-05-17,76.0,vreme sutra,2015,20
2015-05-24,74.0,vreme sutra,2015,21
2015-05-31,42.0,vreme sutra,2015,22
2015-06-07,49.0,vreme sutra,2015,23
2015-06-14,84.0,vreme sutra,2015,24
2015-06-21,100.0,vreme sutra,2015,25
2015-06-28,46.0,vreme sutra,2015,26
2015-07-05,68.0,vreme sutra,2015,27
2015-07-12,63.0,vreme sutra,2015,28
2015-07-19,63.0,vreme sutra,2015,29
2015-07-26,81.0,vreme sutra,2015,30
2015-08-02,56.0,vreme sutra,2015,31
2015-08-09,43.0,vreme sutra,2015,32
2015-08-16,89.0,vreme sutra,2015,33
2015-08-23,32.0,vreme sutra,2015,34
2015-08-30,64.0,vreme sutra,2015,35
2015-09-06,81.0,vreme sutra,2015,36
2015-09-13,56.0,vreme sutra,2015,37
2015-09-20,82.0,vreme sutra,2015,38
2015-09-27,68.0,vreme sutra,2015,39
2015-10-04,76.0,vreme sutra,2015,40
2015-10-11,67.0,vreme sutra,2015,41
2015-10-18,57.0,vreme sutra,2015,42
2015-10-25,30.0,vreme sutra,2015,43
2015-11-01,24.0,vreme sutra,2015,44
2015-11-08,26.0,vreme sutra,2015,45
2015-11-15,35.0,vreme sutra,2015,46
2015-11-22,43.0,vreme sutra,2015,47
2015-11-29,24.0,vreme sutra,2015,48
2015-12-06,22.0,vreme sutra,2015,49
2015-12-13,20.0,vreme sutra,2015,50
2015-12-20,13.0,vreme sutra,2015,51
2015-12-27,32.0,vreme sutra,2015,52
2016-01-03,49.70906801007556,vreme sutra,2015,53
2016-01-10,35.99622166246851,vreme sutra,2016,1
2016-01-17,44.56675062972292,vreme sutra,2016,2
2016-01-24,25.711586901763223,vreme sutra,2016,3
2016-01-31,34.28211586901763,vreme sutra,2016,4
2016-02-07,54.851385390428206,vreme sutra,2016,5
2016-02-14,51.423173803526446,vreme sutra,2016,6
2016-02-21,58.279596977329966,vreme sutra,2016,7
2016-02-28,58.279596977329966,vreme sutra,2016,8
2016-03-06,65.1360201511335,vreme sutra,2016,9
2016-03-13,39.424433249370274,vreme sutra,2016,10
2016-03-20,49.70906801007556,vreme sutra,2016,11
2016-03-27,44.56675062972292,vreme sutra,2016,12
2016-04-03,51.423173803526446,vreme sutra,2016,13
2016-04-10,65.1360201511335,vreme sutra,2016,14
2016-04-17,87.41939546599495,vreme sutra,2016,15
2016-04-24,92.5617128463476,vreme sutra,2016,16
2016-05-01,78.84886649874055,vreme sutra,2016,17
2016-05-08,92.5617128463476,vreme sutra,2016,18
2016-05-15,78.84886649874055,vreme sutra,2016,19
2016-05-22,77.13476070528966,vreme sutra,2016,20
2016-05-29,90.84760705289672,vreme sutra,2016,21
2016-06-05,75.42065491183878,vreme sutra,2016,22
2016-06-12,87.41939546599495,vreme sutra,2016,23
2016-06-19,90.84760705289672,vreme sutra,2016,24
2016-06-26,92.5617128463476,vreme sutra,2016,25
2016-07-03,65.1360201511335,vreme sutra,2016,26
2016-07-10,90.84760705289672,vreme sutra,2016,27
2016-07-17,65.1360201511335,vreme sutra,2016,28
2016-07-24,78.84886649874055,vreme sutra,2016,29
2016-07-31,97.70403022670024,vreme sutra,2016,30
2016-08-07,101.132241813602,vreme sutra,2016,31
2016-08-14,80.56297229219143,vreme sutra,2016,32
2016-08-21,77.13476070528966,vreme sutra,2016,33
2016-08-28,56.56549118387909,vreme sutra,2016,34
2016-09-04,90.84760705289672,vreme sutra,2016,35
2016-09-11,73.7065491183879,vreme sutra,2016,36
2016-09-18,82.2770780856423,vreme sutra,2016,37
2016-09-25,53.13727959697732,vreme sutra,2016,38
2016-10-02,89.13350125944584,vreme sutra,2016,39
2016-10-09,82.2770780856423,vreme sutra,2016,40
2016-10-16,87.41939546599495,vreme sutra,2016,41
2016-10-23,56.56549118387909,vreme sutra,2016,42
2016-10-30,63.42191435768261,vreme sutra,2016,43
2016-11-06,97.70403022670024,vreme sutra,2016,44
2016-11-13,41.13853904282115,vreme sutra,2016,45
2016-11-20,39.424433249370274,vreme sutra,2016,46
2016-11-27,53.13727959697732,vreme sutra,2016,47
2016-12-04,35.99622166246851,vreme sutra,2016,48
2016-12-11,51.423173803526446,vreme sutra,2016,49
2016-12-18,23.99748110831234,vreme sutra,2016,50
2016-12-25,37.71032745591939,vreme sutra,2016,51
2017-01-01,66.85012594458438,vreme sutra,2016,52
2017-01-08,80.56297229219143,vreme sutra,2017,1
2017-01-15,41.13853904282115,vreme sutra,2017,2
2017-01-22,41.13853904282115,vreme sutra,2017,3
2017-01-29,44.56675062972292,vreme sutra,2017,4
2017-02-05,42.852644836272034,vreme sutra,2017,5
2017-02-12,41.13853904282115,vreme sutra,2017,6
2017-02-19,56.56549118387909,vreme sutra,2017,7
2017-02-26,75.42065491183878,vreme sutra,2017,8
2017-03-05,109.7027707808564,vreme sutra,2017,9
2017-03-12,73.7065491183879,vreme sutra,2017,10
2017-03-19,77.13476070528966,vreme sutra,2017,11
2017-03-26,63.42191435768261,vreme sutra,2017,12
2017-04-02,102.84634760705288,vreme sutra,2017,13
2017-04-09,90.84760705289672,vreme sutra,2017,14
2017-04-16,107.98866498740551,vreme sutra,2017,15
2017-04-23,99.41813602015112,vreme sutra,2017,16
2017-04-30,145.69899244332493,vreme sutra,2017,17
2017-05-07,135.41435768261962,vreme sutra,2017,18
2017-05-14,99.41813602015112,vreme sutra,2017,19
2017-05-21,114.84508816120906,vreme sutra,2017,20
2017-05-28,83.99118387909319,vreme sutra,2017,21
2017-06-04,119.9874055415617,vreme sutra,2017,22
2017-06-11,85.70528967254407,vreme sutra,2017,23
2017-06-18,90.84760705289672,vreme sutra,2017,24
2017-06-25,118.27329974811082,vreme sutra,2017,25
2017-07-02,80.56297229219143,vreme sutra,2017,26
2017-07-09,113.13098236775818,vreme sutra,2017,27
2017-07-16,83.99118387909319,vreme sutra,2017,28
2017-07-23,104.56045340050376,vreme sutra,2017,29
2017-07-30,44.56675062972292,vreme sutra,2017,30
2017-08-06,111.4168765743073,vreme sutra,2017,31
2017-08-13,90.84760705289672,vreme sutra,2017,32
2017-08-20,80.56297229219143,vreme sutra,2017,33
2017-08-27,106.27455919395464,vreme sutra,2017,34
2017-09-03,113.13098236775818,vreme sutra,2017,35
2017-09-10,121.70151133501258,vreme sutra,2017,36
2017-09-17,171.41057934508814,vreme sutra,2017,37
2017-09-24,97.70403022670024,vreme sutra,2017,38
2017-10-01,118.27329974811082,vreme sutra,2017,39
2017-10-08,70.27833753148614,vreme sutra,2017,40
2017-10-15,42.852644836272034,vreme sutra,2017,41
2017-10-22,130.272040302267,vreme sutra,2017,42
2017-10-29,78.84886649874055,vreme sutra,2017,43
2017-11-05,78.84886649874055,vreme sutra,2017,44
2017-11-12,99.41813602015112,vreme sutra,2017,45
2017-11-19,56.56549118387909,vreme sutra,2017,46
2017-11-26,80.56297229219143,vreme sutra,2017,47
2017-12-03,78.84886649874055,vreme sutra,2017,48
2017-12-10,119.9874055415617,vreme sutra,2017,49
2017-12-17,71.99244332493701,vreme sutra,2017,50
2017-12-24,66.85012594458438,vreme sutra,2017,51
2017-12-31,59.99370277078085,vreme sutra,2017,52
2018-01-07,58.279596977329966,vreme sutra,2018,1
2018-01-14,99.41813602015112,vreme sutra,2018,2
2018-01-21,63.42191435768261,vreme sutra,2018,3
2018-01-28,73.7065491183879,vreme sutra,2018,4
2018-02-04,83.99118387909319,vreme sutra,2018,5
2018-02-11,90.84760705289672,vreme sutra,2018,6
2018-02-18,106.27455919395464,vreme sutra,2018,7
2018-02-25,157.6977329974811,vreme sutra,2018,8
2018-03-04,94.27581863979847,vreme sutra,2018,9
2018-03-11,145.69899244332493,vreme sutra,2018,10
2018-03-18,94.27581863979847,vreme sutra,2018,11
2018-03-25,126.84382871536522,vreme sutra,2018,12
2018-04-01,123.41561712846348,vreme sutra,2018,13
2018-04-08,85.70528967254407,vreme sutra,2018,14
2018-04-15,114.84508816120906,vreme sutra,2018,15
2018-04-22,97.70403022670024,vreme sutra,2018,16
2018-04-29,114.84508816120906,vreme sutra,2018,17
2018-05-06,109.7027707808564,vreme sutra,2018,18
2018-05-13,113.13098236775818,vreme sutra,2018,19
2018-05-20,87.41939546599495,vreme sutra,2018,20
2018-05-27,68.56423173803526,vreme sutra,2018,21
2018-06-03,111.4168765743073,vreme sutra,2018,22
2018-06-10,128.55793450881612,vreme sutra,2018,23
2018-06-17,128.55793450881612,vreme sutra,2018,24
2018-06-24,150.84130982367756,vreme sutra,2018,25
2018-07-01,152.55541561712846,vreme sutra,2018,26
2018-07-08,146.49419616193617,vreme sutra,2018,27
2018-07-15,180.67617526638793,vreme sutra,2018,28
2018-07-22,146.49419616193617,vreme sutra,2018,29
2018-07-29,126.961636673678,vreme sutra,2018,30
2018-08-05,73.24709808096809,vreme sutra,2018,31
2018-08-12,87.8965176971617,vreme sutra,2018,32
2018-08-19,87.8965176971617,vreme sutra,2018,33
2018-08-26,126.961636673678,vreme sutra,2018,34
2018-09-02,131.84477654574255,vreme sutra,2018,35
2018-09-09,53.71453859270993,vreme sutra,2018,36
2018-09-16,63.480818336839,vreme sutra,2018,37
2018-09-23,131.84477654574255,vreme sutra,2018,38
2018-09-30,78.13023795303262,vreme sutra,2018,39
2018-10-07,63.480818336839,vreme sutra,2018,40
2018-10-14,68.36395820890354,vreme sutra,2018,41
2018-10-21,87.8965176971617,vreme sutra,2018,42
2018-10-28,102.54593731335532,vreme sutra,2018,43
2018-11-04,63.480818336839,vreme sutra,2018,44
2018-11-11,63.480818336839,vreme sutra,2018,45
2018-11-18,102.54593731335532,vreme sutra,2018,46
2018-11-25,97.66279744129078,vreme sutra,2018,47
2018-12-02,83.01337782509715,vreme sutra,2018,48
2018-12-09,92.77965756922625,vreme sutra,2018,49
2018-12-16,73.24709808096809,vreme sutra,2018,50
2018-12-23,83.01337782509715,vreme sutra,2018,51
2018-12-30,83.01337782509715,vreme sutra,2018,52
2019-01-06,83.01337782509715,vreme sutra,2019,1
2019-01-13,58.59767846477446,vreme sutra,2019,2
2019-01-20,83.01337782509715,vreme sutra,2019,3
2019-01-27,53.71453859270993,vreme sutra,2019,4
2019-02-03,68.36395820890354,vreme sutra,2019,5
2019-02-10,78.13023795303262,vreme sutra,2019,6
2019-02-17,68.36395820890354,vreme sutra,2019,7
2019-02-24,68.36395820890354,vreme sutra,2019,8
2019-03-03,83.01337782509715,vreme sutra,2019,9
2019-03-10,87.8965176971617,vreme sutra,2019,10
2019-03-17,92.77965756922625,vreme sutra,2019,11
2019-03-24,87.8965176971617,vreme sutra,2019,12
2019-03-31,112.3122170574844,vreme sutra,2019,13
2019-04-07,136.72791641780708,vreme sutra,2019,14
2019-04-14,102.54593731335532,vreme sutra,2019,15
2019-04-21,170.90989552225886,vreme sutra,2019,16
2019-04-28,219.74129424290425,vreme sutra,2019,17
2019-05-05,200.2087347546461,vreme sutra,2019,18
2019-05-12,156.26047590606524,vreme sutra,2019,19
2019-05-19,166.0267556501943,vreme sutra,2019,20
2019-05-26,170.90989552225886,vreme sutra,2019,21
2019-06-02,131.84477654574255,vreme sutra,2019,22
2019-06-09,78.13023795303262,vreme sutra,2019,23
2019-06-16,126.961636673678,vreme sutra,2019,24
2019-06-23,122.07849680161348,vreme sutra,2019,25
2019-06-30,112.3122170574844,vreme sutra,2019,26
2019-07-07,180.67617526638793,vreme sutra,2019,27
2019-07-14,112.3122170574844,vreme sutra,2019,28
2019-07-21,107.42907718541986,vreme sutra,2019,29
2019-07-28,146.49419616193617,vreme sutra,2019,30
2019-08-04,68.36395820890354,vreme sutra,2019,31
2019-08-11,126.961636673678,vreme sutra,2019,32
2019-08-18,73.24709808096809,vreme sutra,2019,33
2019-08-25,73.24709808096809,vreme sutra,2019,34
2019-09-01,136.72791641780708,vreme sutra,2019,35
2019-09-08,92.77965756922625,vreme sutra,2019,36
2019-09-15,122.07849680161348,vreme sutra,2019,37
2019-09-22,141.6110562898716,vreme sutra,2019,38
2019-09-29,141.6110562898716,vreme sutra,2019,39
2019-10-06,107.42907718541986,vreme sutra,2019,40
2019-10-13,53.71453859270993,vreme sutra,2019,41
2019-10-20,43.94825884858085,vreme sutra,2019,42
2019-10-27,112.3122170574844,vreme sutra,2019,43
2019-11-03,151.3773360340007,vreme sutra,2019,44
2019-11-10,97.66279744129078,vreme sutra,2019,45
2019-11-17,107.42907718541986,vreme sutra,2019,46
2019-11-24,112.3122170574844,vreme sutra,2019,47
2019-12-01,122.07849680161348,vreme sutra,2019,48
2019-12-08,97.66279744129078,vreme sutra,2019,49
2019-12-15,87.8965176971617,vreme sutra,2019,50
2019-12-22,131.84477654574255,vreme sutra,2019,51
2019-12-29,92.77965756922625,vreme sutra,2019,52
2020-01-05,78.13023795303262,vreme sutra,2020,1
2020-01-12,53.71453859270993,vreme sutra,2020,2
2020-01-19,43.94825884858085,vreme sutra,2020,3
2020-01-26,83.01337782509715,vreme sutra,2020,4
2020-02-02,151.3773360340007,vreme sutra,2020,5
2020-02-09,126.961636673678,vreme sutra,2020,6
2020-02-16,107.42907718541986,vreme sutra,2020,7
2020-02-23,126.961636673678,vreme sutra,2020,8
2020-03-01,151.3773360340007,vreme sutra,2020,9
2020-03-08,122.07849680161348,vreme sutra,2020,10
2020-03-15,97.66279744129078,vreme sutra,2020,11
2020-03-22,102.54593731335532,vreme sutra,2020,12
2020-03-29,97.66279744129078,vreme sutra,2020,13
2020-04-05,58.59767846477446,vreme sutra,2020,14
2020-04-12,117.19535692954892,vreme sutra,2020,15
2020-04-19,131.84477654574255,vreme sutra,2020,16
2020-04-26,200.2087347546461,vreme sutra,2020,17
2020-05-03,151.3773360340007,vreme sutra,2020,18
2020-05-10,170.90989552225886,vreme sutra,2020,19
2020-05-17,205.09187462671065,vreme sutra,2020,20
2020-05-24,219.74129424290425,vreme sutra,2020,21
2020-05-31,219.74129424290425,vreme sutra,2020,22
2020-06-07,190.44245501051705,vreme sutra,2020,23
2020-06-14,200.2087347546461,vreme sutra,2020,24
2020-06-21,136.72791641780708,vreme sutra,2020,25
2020-06-28,131.84477654574255,vreme sutra,2020,26
2020-07-05,126.961636673678,vreme sutra,2020,27
2020-07-12,175.7930353943234,vreme sutra,2020,28
2020-07-19,200.2087347546461,vreme sutra,2020,29
2020-07-26,214.8581543708397,vreme sutra,2020,30
2020-08-02,488.3139872064539,vreme sutra,2020,31
2020-08-09,395.5343296372277,vreme sutra,2020,32
2020-08-16,332.0535113003886,vreme sutra,2020,33
2020-08-23,312.5209518121305,vreme sutra,2020,34
2020-08-30,317.404091684195,vreme sutra,2020,35
2020-09-06,214.8581543708397,vreme sutra,2020,36
2020-09-13,219.74129424290425,vreme sutra,2020,37
2020-09-20,283.2221125797432,vreme sutra,2020,38
2020-09-27,336.9366511724532,vreme sutra,2020,39
2020-10-04,380.8849100210341,vreme sutra,2020,40
2020-10-11,419.9500289975503,vreme sutra,2020,41
2020-10-18,297.8715321959369,vreme sutra,2020,42
2020-10-25,278.3389727076787,vreme sutra,2020,43
2020-11-01,244.15699360322697,vreme sutra,2020,44
2020-11-08,214.8581543708397,vreme sutra,2020,45
2020-11-15,244.15699360322697,vreme sutra,2020,46
2020-11-22,185.5593151384525,vreme sutra,2020,47
2020-11-29,166.0267556501943,vreme sutra,2020,48
2020-12-06,166.0267556501943,vreme sutra,2020,49
2020-12-13,117.19535692954892,vreme sutra,2020,50
2020-12-20,146.49419616193617,vreme sutra,2020,51
2020-12-27,175.7930353943234,vreme sutra,2020,52
2021-01-03,200.20873475464612,vreme sutra,2020,53
2021-01-10,209.9750144987752,vreme sutra,2021,1
2021-01-17,175.79303539432345,vreme sutra,2021,2
2021-01-24,122.07849680161348,vreme sutra,2021,3
2021-01-31,92.77965756922626,vreme sutra,2021,4
2021-02-07,117.19535692954896,vreme sutra,2021,5
2021-02-14,97.6627974412908,vreme sutra,2021,6
2021-02-21,87.89651769716171,vreme sutra,2021,7
2021-02-28,92.77965756922626,vreme sutra,2021,8
2021-03-07,102.54593731335532,vreme sutra,2021,9
2021-03-14,117.19535692954896,vreme sutra,2021,10
2021-03-21,97.6627974412908,vreme sutra,2021,11
2021-03-28,112.31221705748442,vreme sutra,2021,12
2021-04-04,126.96163667367804,vreme sutra,2021,13
2021-04-11,146.4941961619362,vreme sutra,2021,14
2021-04-18,141.61105628987164,vreme sutra,2021,15
2021-04-25,151.3773360340007,vreme sutra,2021,16
2021-05-02,161.1436157781298,vreme sutra,2021,17
2021-05-09,166.02675565019433,vreme sutra,2021,18
2021-05-16,166.02675565019433,vreme sutra,2021,19
2021-05-23,200.20873475464612,vreme sutra,2021,20
2021-05-30,161.1436157781298,vreme sutra,2021,21
2021-06-06,161.1436157781298,vreme sutra,2021,22
2021-06-13,117.19535692954896,vreme sutra,2021,23
2021-06-20,112.31221705748442,vreme sutra,2021,24
2021-06-27,136.7279164178071,vreme sutra,2021,25
2021-07-04,112.31221705748442,vreme sutra,2021,26
2021-07-11,156.26047590606527,vreme sutra,2021,27
2021-07-18,102.54593731335532,vreme sutra,2021,28
2021-07-25,87.89651769716171,vreme sutra,2021,29
2021-08-01,102.54593731335532,vreme sutra,2021,30
2021-08-08,48.83139872064539,vreme sutra,2021,31
2021-08-15,102.54593731335532,vreme sutra,2021,32
2021-08-22,170.9098955222589,vreme sutra,2021,33
2021-08-29,126.96163667367804,vreme sutra,2021,34
2021-09-05,48.83139872064539,vreme sutra,2021,35
2021-09-12,97.6627974412908,vreme sutra,2021,36
2021-09-19,117.19535692954896,vreme sutra,2021,37
2021-09-26,131.84477654574258,vreme sutra,2021,38
2021-10-03,122.07849680161348,vreme sutra,2021,39
2021-10-10,122.07849680161348,vreme sutra,2021,40
2021-10-17,92.77965756922626,vreme sutra,2021,41
2021-10-24,58.597678464774475,vreme sutra,2021,42
2021-10-31,122.07849680161348,vreme sutra,2021,43
2021-11-07,97.6627974412908,vreme sutra,2021,44
2021-11-14,68.36395820890355,vreme sutra,2021,45
2021-11-21,78.13023795303263,vreme sutra,2021,46
2021-11-28,117.19535692954896,vreme sutra,2021,47
2021-12-05,122.07849680161348,vreme sutra,2021,48
2021-12-12,87.89651769716171,vreme sutra,2021,49
2021-12-19,78.13023795303263,vreme sutra,2021,50
2021-12-26,73.2470980809681,vreme sutra,2021,51
2022-01-02,83.01337782509717,vreme sutra,2021,52
2022-01-09,87.89651769716171,vreme sutra,2022,1
2022-01-16,83.01337782509717,vreme sutra,2022,2
2022-01-23,68.36395820890355,vreme sutra,2022,3
2022-01-30,73.2470980809681,vreme sutra,2022,4
2022-02-06,83.01337782509717,vreme sutra,2022,5
2022-02-13,92.77965756922626,vreme sutra,2022,6
2022-02-20,92.77965756922626,vreme sutra,2022,7
2022-02-27,78.13023795303263,vreme sutra,2022,8
2022-03-06,78.13023795303263,vreme sutra,2022,9
2022-03-13,97.6627974412908,vreme sutra,2022,10
2022-03-20,58.597678464774475,vreme sutra,2022,11
2022-03-27,126.96163667367804,vreme sutra,2022,12
2022-04-03,126.96163667367804,vreme sutra,2022,13
2022-04-10,122.07849680161348,vreme sutra,2022,14
2022-04-17,146.4941961619362,vreme sutra,2022,15
2022-04-24,161.1436157781298,vreme sutra,2022,16
2022-05-01,107.42907718541989,vreme sutra,2022,17
2022-05-08,92.77965756922626,vreme sutra,2022,18
2022-05-15,117.19535692954896,vreme sutra,2022,19
2022-05-22,161.1436157781298,vreme sutra,2022,20
2022-05-29,156.26047590606527,vreme sutra,2022,21
2022-06-05,180.67617526638796,vreme sutra,2022,22
2022-06-12,97.6627974412908,vreme sutra,2022,23
2022-06-19,136.7279164178071,vreme sutra,2022,24
2022-06-26,87.89651769716171,vreme sutra,2022,25
2022-07-03,170.9098955222589,vreme sutra,2022,26
2022-07-10,107.42907718541989,vreme sutra,2022,27
2022-07-17,73.2470980809681,vreme sutra,2022,28
2022-07-24,151.3773360340007,vreme sutra,2022,29
2022-07-31,73.2470980809681,vreme sutra,2022,30
2022-08-07,151.3773360340007,vreme sutra,2022,31
2022-08-14,146.4941961619362,vreme sutra,2022,32
2022-08-21,151.3773360340007,vreme sutra,2022,33
2022-08-28,190.44245501051705,vreme sutra,2022,34
2022-09-04,141.61105628987164,vreme sutra,2022,35
2022-09-11,166.02675565019433,vreme sutra,2022,36
2022-09-18,146.4941961619362,vreme sutra,2022,37
2022-09-25,175.79303539432345,vreme sutra,2022,38
2022-10-02,107.42907718541989,vreme sutra,2022,39
2022-10-09,92.77965756922626,vreme sutra,2022,40
2022-10-16,78.13023795303263,vreme sutra,2022,41
2022-10-23,68.36395820890355,vreme sutra,2022,42
2022-10-30,97.6627974412908,vreme sutra,2022,43
2022-11-06,87.89651769716171,vreme sutra,2022,44
2022-11-13,107.42907718541989,vreme sutra,2022,45
2022-11-20,92.77965756922626,vreme sutra,2022,46
2022-11-27,58.597678464774475,vreme sutra,2022,47
2022-12-04,87.89651769716171,vreme sutra,2022,48
2022-12-11,102.54593731335532,vreme sutra,2022,49
2022-12-18,68.36395820890355,vreme sutra,2022,50
2022-12-25,63.480818336839015,vreme sutra,2022,51
2023-01-01,53.714538592709935,vreme sutra,2022,52
2023-01-08,87.89651769716171,vreme sutra,2023,1
2023-01-15,97.6627974412908,vreme sutra,2023,2
2023-01-22,73.2470980809681,vreme sutra,2023,3
2023-01-29,87.89651769716171,vreme sutra,2023,4
2023-02-05,63.480818336839015,vreme sutra,2023,5
2023-02-12,58.597678464774475,vreme sutra,2023,6
2023-02-19,107.42907718541989,vreme sutra,2023,7
2023-02-26,102.54593731335532,vreme sutra,2023,8
2023-03-05,107.42907718541989,vreme sutra,2023,9
2023-03-12,112.31221705748442,vreme sutra,2023,10
2023-03-19,136.7279164178071,vreme sutra,2023,11
2023-03-26,180.67617526638796,vreme sutra,2023,12
2023-04-02,156.26047590606527,vreme sutra,2023,13
2023-04-09,151.3773360340007,vreme sutra,2023,14
2023-04-16,122.07849680161348,vreme sutra,2023,15
2023-04-23,161.1436157781298,vreme sutra,2023,16
2023-04-30,136.7279164178071,vreme sutra,2023,17
2023-05-07,195.3255948825816,vreme sutra,2023,18
2023-05-14,166.02675565019433,vreme sutra,2023,19
2023-05-21,180.67617526638796,vreme sutra,2023,20
2023-05-28,151.3773360340007,vreme sutra,2023,21
2023-06-04,146.4941961619362,vreme sutra,2023,22
2023-06-11,156.26047590606527,vreme sutra,2023,23
2023-06-18,131.84477654574258,vreme sutra,2023,24
2023-06-25,185.55931513845252,vreme sutra,2023,25
2023-07-02,151.3773360340007,vreme sutra,2023,26
2023-07-09,60.0,vreme sutra,2023,27
2023-07-16,110.0,vreme sutra,2023,28
2023-07-23,130.0,vreme sutra,2023,29
2023-07-30,130.0,vreme sutra,2023,30
2023-08-06,100.0,vreme sutra,2023,31
2023-08-13,90.0,vreme sutra,2023,32
2023-08-20,60.0,vreme sutra,2023,33
2023-08-27,110.0,vreme sutra,2023,34
2023-09-03,80.0,vreme sutra,2023,35
2023-09-10,80.0,vreme sutra,2023,36
2023-09-17,100.0,vreme sutra,2023,37
2023-09-24,90.0,vreme sutra,2023,38
2023-10-01,70.0,vreme sutra,2023,39
2023-10-08,70.0,vreme sutra,2023,40
2023-10-15,100.0,vreme sutra,2023,41
2023-10-22,90.0,vreme sutra,2023,42
2023-10-29,110.0,vreme sutra,2023,43
2023-11-05,110.0,vreme sutra,2023,44
2023-11-12,100.0,vreme sutra,2023,45
2023-11-19,100.0,vreme sutra,2023,46
2023-11-26,100.0,vreme sutra,2023,47
2023-12-03,90.0,vreme sutra,2023,48
2023-12-10,90.0,vreme sutra,2023,49
2023-12-17,50.0,vreme sutra,2023,50
2023-12-24,40.0,vreme sutra,2023,51
2023-12-31,60.0,vreme sutra,2023,52
2024-01-07,70.0,vreme sutra,2024,1
2024-01-14,80.0,vreme sutra,2024,2
2024-01-21,70.0,vreme sutra,2024,3
2024-01-28,30.0,vreme sutra,2024,4
2024-02-04,30.0,vreme sutra,2024,5
2024-02-11,50.0,vreme sutra,2024,6
2024-02-18,40.0,vreme sutra,2024,7
2024-02-25,50.0,vreme sutra,2024,8
2024-03-03,60.0,vreme sutra,2024,9
2024-03-10,70.0,vreme sutra,2024,10
2024-03-17,60.0,vreme sutra,2024,11
2024-03-24,60.0,vreme sutra,2024,12
2024-03-31,60.0,vreme sutra,2024,13
2024-04-07,50.0,vreme sutra,2024,14
2024-04-14,100.0,vreme sutra,2024,15
2024-04-21,100.0,vreme sutra,2024,16
2024-04-28,100.0,vreme sutra,2024,17
2024-05-05,110.0,vreme sutra,2024,18
2024-05-12,100.0,vreme sutra,2024,19
2024-05-19,120.0,vreme sutra,2024,20
2024-05-26,80.0,vreme sutra,2024,21
2024-06-02,90.0,vreme sutra,2024,22
2024-06-09,160.0,vreme sutra,2024,23
2024-06-16,360.0,vreme sutra,2024,24
2024-06-23,750.0,vreme sutra,2024,25
2024-06-30,790.0,vreme sutra,2024,26
2024-07-07,690.0,vreme sutra,2024,27
2024-07-14,1000.0,vreme sutra,2024,28
2024-07-21,730.0,vreme sutra,2024,29
2024-07-28,770.0,vreme sutra,2024,30
2024-08-04,530.0,vreme sutra,2024,31
2024-08-11,790.0,vreme sutra,2024,32
2024-08-18,730.0,vreme sutra,2024,33
2024-08-25,650.0,vreme sutra,2024,34
2024-09-01,630.0,vreme sutra,2024,35
2024-09-08,970.0,vreme sutra,2024,36
2024-09-15,540.0,vreme sutra,2024,37
2024-09-22,70.0,vreme sutra,2024,38
2024-09-29,100.0,vreme sutra,2024,39
2024-10-06,90.0,vreme sutra,2024,40
2024-10-13,50.0,vreme sutra,2024,41
2024-10-20,40.0,vreme sutra,2024,42
2024-10-27,40.0,vreme sutra,2024,43
2024-11-03,30.0,vreme sutra,2024,44
2024-11-10,40.0,vreme sutra,2024,45
2024-11-17,70.0,vreme sutra,2024,46
2024-11-24,60.0,vreme sutra,2024,47
2024-12-01,50.0,vreme sutra,2024,48
2024-12-08,50.0,vreme sutra,2024,49
2024-12-15,40.0,vreme sutra,2024,50
2024-12-22,50.0,vreme sutra,2024,51
2024-12-29,50.0,vreme sutra,2024,52
2013-01-06,0.0,recept za kolač,2013,1
2013-01-13,0.0,recept za kolač,2013,2
2013-01-20,0.0,recept za kolač,2013,3
2013-01-27,74.0,recept za kolač,2013,4
2013-02-03,0.0,recept za kolač,2013,5
2013-02-10,0.0,recept za kolač,2013,6
2013-02-17,0.0,recept za kolač,2013,7
2013-02-24,0.0,recept za kolač,2013,8
2013-03-03,0.0,recept za kolač,2013,9
2013-03-10,0.0,recept za kolač,2013,10
2013-03-17,0.0,recept za kolač,2013,11
2013-03-24,0.0,recept za kolač,2013,12
2013-03-31,0.0,recept za kolač,2013,13
2013-04-07,0.0,recept za kolač,2013,14
2013-04-14,0.0,recept za kolač,2013,15
2013-04-21,0.0,recept za kolač,2013,16
2013-04-28,0.0,recept za kolač,2013,17
2013-05-05,0.0,recept za kolač,2013,18
2013-05-12,0.0,recept za kolač,2013,19
2013-05-19,0.0,recept za kolač,2013,20
2013-05-26,0.0,recept za kolač,2013,21
2013-06-02,0.0,recept za kolač,2013,22
2013-06-09,0.0,recept za kolač,2013,23
2013-06-16,0.0,recept za kolač,2013,24
2013-06-23,0.0,recept za kolač,2013,25
2013-06-30,0.0,recept za kolač,2013,26
2013-07-07,0.0,recept za kolač,2013,27
2013-07-14,0.0,recept za kolač,2013,28
2013-07-21,0.0,recept za kolač,2013,29
2013-07-28,0.0,recept za kolač,2013,30
2013-08-04,0.0,recept za kolač,2013,31
2013-08-11,0.0,recept za kolač,2013,32
2013-08-18,0.0,recept za kolač,2013,33
2013-08-25,0.0,recept za kolač,2013,34
2013-09-01,0.0,recept za kolač,2013,35
2013-09-08,0.0,recept za kolač,2013,36
2013-09-15,0.0,recept za kolač,2013,37
2013-09-22,0.0,recept za kolač,2013,38
2013-09-29,0.0,recept za kolač,2013,39
2013-10-06,0.0,recept za kolač,2013,40
2013-10-13,0.0,recept za kolač,2013,41
2013-10-20,0.0,recept za kolač,2013,42
2013-10-27,0.0,recept za kolač,2013,43
2013-11-03,66.0,recept za kolač,2013,44
2013-11-10,0.0,recept za kolač,2013,45
2013-11-17,0.0,recept za kolač,2013,46
2013-11-24,0.0,recept za kolač,2013,47
2013-12-01,0.0,recept za kolač,2013,48
2013-12-08,0.0,recept za kolač,2013,49
2013-12-15,0.0,recept za kolač,2013,50
2013-12-22,0.0,recept za kolač,2013,51
2013-12-29,0.0,recept za kolač,2013,52
2014-01-05,0.0,recept za kolač,2014,1
2014-01-12,0.0,recept za kolač,2014,2
2014-01-19,0.0,recept za kolač,2014,3
2014-01-26,0.0,recept za kolač,2014,4
2014-02-02,0.0,recept za kolač,2014,5
2014-02-09,0.0,recept za kolač,2014,6
2014-02-16,0.0,recept za kolač,2014,7
2014-02-23,0.0,recept za kolač,2014,8
2014-03-02,0.0,recept za kolač,2014,9
2014-03-09,0.0,recept za kolač,2014,10
2014-03-16,0.0,recept za kolač,2014,11
2014-03-23,0.0,recept za kolač,2014,12
2014-03-30,0.0,recept za kolač,2014,13
2014-04-06,0.0,recept za kolač,2014,14
2014-04-13,0.0,recept za kolač,2014,15
2014-04-20,0.0,recept za kolač,2014,16
2014-04-27,0.0,recept za kolač,2014,17
2014-05-04,0.0,recept za kolač,2014,18
2014-05-11,0.0,recept za kolač,2014,19
2014-05-18,0.0,recept za kolač,2014,20
2014-05-25,0.0,recept za kolač,2014,21
2014-06-01,0.0,recept za kolač,2014,22
2014-06-08,0.0,recept za kolač,2014,23
2014-06-15,0.0,recept za kolač,2014,24
2014-06-22,0.0,recept za kolač,2014,25
2014-06-29,0.0,recept za kolač,2014,26
2014-07-06,0.0,recept za kolač,2014,27
2014-07-13,0.0,recept za kolač,2014,28
2014-07-20,0.0,recept za kolač,2014,29
2014-07-27,0.0,recept za kolač,2014,30
2014-08-03,0.0,recept za kolač,2014,31
2014-08-10,0.0,recept za kolač,2014,32
2014-08-17,0.0,recept za kolač,2014,33
2014-08-24,0.0,recept za kolač,2014,34
2014-08-31,0.0,recept za kolač,2014,35
2014-09-07,0.0,recept za kolač,2014,36
2014-09-14,0.0,recept za kolač,2014,37
2014-09-21,0.0,recept za kolač,2014,38
2014-09-28,0.0,recept za kolač,2014,39
2014-10-05,0.0,recept za kolač,2014,40
2014-10-12,0.0,recept za kolač,2014,41
2014-10-19,0.0,recept za kolač,2014,42
2014-10-26,88.0,recept za kolač,2014,43
2014-11-02,0.0,recept za kolač,2014,44
2014-11-09,0.0,recept za kolač,2014,45
2014-11-16,0.0,recept za kolač,2014,46
2014-11-23,0.0,recept za kolač,2014,47
2014-11-30,0.0,recept za kolač,2014,48
2014-12-07,0.0,recept za kolač,2014,49
2014-12-14,0.0,recept za kolač,2014,50
2014-12-21,0.0,recept za kolač,2014,51
2014-12-28,0.0,recept za kolač,2014,52
2015-01-04,0.0,recept za kolač,2015,1
2015-01-11,0.0,recept za kolač,2015,2
2015-01-18,0.0,recept za kolač,2015,3
2015-01-25,0.0,recept za kolač,2015,4
2015-02-01,0.0,recept za kolač,2015,5
2015-02-08,0.0,recept za kolač,2015,6
2015-02-15,0.0,recept za kolač,2015,7
2015-02-22,0.0,recept za kolač,2015,8
2015-03-01,0.0,recept za kolač,2015,9
2015-03-08,0.0,recept za kolač,2015,10
2015-03-15,0.0,recept za kolač,2015,11
2015-03-22,0.0,recept za kolač,2015,12
2015-03-29,0.0,recept za kolač,2015,13
2015-04-05,0.0,recept za kolač,2015,14
2015-04-12,0.0,recept za kolač,2015,15
2015-04-19,0.0,recept za kolač,2015,16
2015-04-26,0.0,recept za kolač,2015,17
2015-05-03,0.0,recept za kolač,2015,18
2015-05-10,0.0,recept za kolač,2015,19
2015-05-17,0.0,recept za kolač,2015,20
2015-05-24,0.0,recept za kolač,2015,21
2015-05-31,0.0,recept za kolač,2015,22
2015-06-07,0.0,recept za kolač,2015,23
2015-06-14,67.0,recept za kolač,2015,24
2015-06-21,0.0,recept za kolač,2015,25
2015-06-28,0.0,recept za kolač,2015,26
2015-07-05,0.0,recept za kolač,2015,27
2015-07-12,0.0,recept za kolač,2015,28
2015-07-19,0.0,recept za kolač,2015,29
2015-07-26,0.0,recept za kolač,2015,30
2015-08-02,0.0,recept za kolač,2015,31
2015-08-09,0.0,recept za kolač,2015,32
2015-08-16,0.0,recept za kolač,2015,33
2015-08-23,0.0,recept za kolač,2015,34
2015-08-30,0.0,recept za kolač,2015,35
2015-09-06,0.0,recept za kolač,2015,36
2015-09-13,0.0,recept za kolač,2015,37
2015-09-20,0.0,recept za kolač,2015,38
2015-09-27,0.0,recept za kolač,2015,39
2015-10-04,0.0,recept za kolač,2015,40
2015-10-11,0.0,recept za kolač,2015,41
2015-10-18,0.0,recept za kolač,2015,42
2015-10-25,0.0,recept za kolač,2015,43
2015-11-01,62.0,recept za kolač,2015,44
2015-11-08,0.0,recept za kolač,2015,45
2015-11-15,100.0,recept za kolač,2015,46
2015-11-22,0.0,recept za kolač,2015,47
2015-11-29,0.0,recept za kolač,2015,48
2015-12-06,0.0,recept za kolač,2015,49
2015-12-13,0.0,recept za kolač,2015,50
2015-12-20,0.0,recept za kolač,2015,51
2015-12-27,0.0,recept za kolač,2015,52
2016-01-03,0.0,recept za kolač,2015,53
2016-01-10,0.0,recept za kolač,2016,1
2016-01-17,0.0,recept za kolač,2016,2
2016-01-24,0.0,recept za kolač,2016,3
2016-01-31,0.0,recept za kolač,2016,4
2016-02-07,0.0,recept za kolač,2016,5
2016-02-14,0.0,recept za kolač,2016,6
2016-02-21,0.0,recept za kolač,2016,7
2016-02-28,0.0,recept za kolač,2016,8
2016-03-06,0.0,recept za kolač,2016,9
2016-03-13,0.0,recept za kolač,2016,10
2016-03-20,0.0,recept za kolač,2016,11
2016-03-27,0.0,recept za kolač,2016,12
2016-04-03,65.0,recept za kolač,2016,13
2016-04-10,0.0,recept za kolač,2016,14
2016-04-17,0.0,recept za kolač,2016,15
2016-04-24,0.0,recept za kolač,2016,16
2016-05-01,0.0,recept za kolač,2016,17
2016-05-08,0.0,recept za kolač,2016,18
2016-05-15,0.0,recept za kolač,2016,19
2016-05-22,0.0,recept za kolač,2016,20
2016-05-29,0.0,recept za kolač,2016,21
2016-06-05,0.0,recept za kolač,2016,22
2016-06-12,0.0,recept za kolač,2016,23
2016-06-19,0.0,recept za kolač,2016,24
2016-06-26,0.0,recept za kolač,2016,25
2016-07-03,0.0,recept za kolač,2016,26
2016-07-10,0.0,recept za kolač,2016,27
2016-07-17,0.0,recept za kolač,2016,28
2016-07-24,0.0,recept za kolač,2016,29
2016-07-31,0.0,recept za kolač,2016,30
2016-08-07,0.0,recept za kolač,2016,31
2016-08-14,0.0,recept za kolač,2016,32
2016-08-21,0.0,recept za kolač,2016,33
2016-08-28,0.0,recept za kolač,2016,34
2016-09-04,75.0,recept za kolač,2016,35
2016-09-11,0.0,recept za kolač,2016,36
2016-09-18,0.0,recept za kolač,2016,37
2016-09-25,0.0,recept za kolač,2016,38
2016-10-02,0.0,recept za kolač,2016,39
2016-10-09,0.0,recept za kolač,2016,40
2016-10-16,0.0,recept za kolač,2016,41
2016-10-23,0.0,recept za kolač,2016,42
2016-10-30,0.0,recept za kolač,2016,43
2016-11-06,0.0,recept za kolač,2016,44
2016-11-13,0.0,recept za kolač,2016,45
2016-11-20,0.0,recept za kolač,2016,46
2016-11-27,0.0,recept za kolač,2016,47
2016-12-04,0.0,recept za kolač,2016,48
2016-12-11,0.0,recept za kolač,2016,49
2016-12-18,0.0,recept za kolač,2016,50
2016-12-25,0.0,recept za kolač,2016,51
2017-01-01,0.0,recept za kolač,2016,52
2017-01-08,0.0,recept za kolač,2017,1
2017-01-15,72.0,recept za kolač,2017,2
2017-01-22,0.0,recept za kolač,2017,3
2017-01-29,0.0,recept za kolač,2017,4
2017-02-05,0.0,recept za kolač,2017,5
2017-02-12,0.0,recept za kolač,2017,6
2017-02-19,0.0,recept za kolač,2017,7
2017-02-26,0.0,recept za kolač,2017,8
2017-03-05,0.0,recept za kolač,2017,9
2017-03-12,0.0,recept za kolač,2017,10
2017-03-19,0.0,recept za kolač,2017,11
2017-03-26,0.0,recept za kolač,2017,12
2017-04-02,0.0,recept za kolač,2017,13
2017-04-09,0.0,recept za kolač,2017,14
2017-04-16,0.0,recept za kolač,2017,15
2017-04-23,0.0,recept za kolač,2017,16
2017-04-30,0.0,recept za kolač,2017,17
2017-05-07,0.0,recept za kolač,2017,18
2017-05-14,0.0,recept za kolač,2017,19
2017-05-21,0.0,recept za kolač,2017,20
2017-05-28,0.0,recept za kolač,2017,21
2017-06-04,0.0,recept za kolač,2017,22
2017-06-11,0.0,recept za kolač,2017,23
2017-06-18,0.0,recept za kolač,2017,24
2017-06-25,0.0,recept za kolač,2017,25
2017-07-02,0.0,recept za kolač,2017,26
2017-07-09,0.0,recept za kolač,2017,27
2017-07-16,0.0,recept za kolač,2017,28
2017-07-23,0.0,recept za kolač,2017,29
2017-07-30,0.0,recept za kolač,2017,30
2017-08-06,0.0,recept za kolač,2017,31
2017-08-13,0.0,recept za kolač,2017,32
2017-08-20,0.0,recept za kolač,2017,33
2017-08-27,0.0,recept za kolač,2017,34
2017-09-03,0.0,recept za kolač,2017,35
2017-09-10,0.0,recept za kolač,2017,36
2017-09-17,0.0,recept za kolač,2017,37
2017-09-24,0.0,recept za kolač,2017,38
2017-10-01,0.0,recept za kolač,2017,39
2017-10-08,0.0,recept za kolač,2017,40
2017-10-15,0.0,recept za kolač,2017,41
2017-10-22,0.0,recept za kolač,2017,42
2017-10-29,0.0,recept za kolač,2017,43
2017-11-05,0.0,recept za kolač,2017,44
2017-11-12,0.0,recept za kolač,2017,45
2017-11-19,66.0,recept za kolač,2017,46
2017-11-26,0.0,recept za kolač,2017,47
2017-12-03,0.0,recept za kolač,2017,48
2017-12-10,0.0,recept za kolač,2017,49
2017-12-17,0.0,recept za kolač,2017,50
2017-12-24,0.0,recept za kolač,2017,51
2017-12-31,0.0,recept za kolač,2017,52
2018-01-07,0.0,recept za kolač,2018,1
2018-01-14,0.0,recept za kolač,2018,2
2018-01-21,0.0,recept za kolač,2018,3
2018-01-28,0.0,recept za kolač,2018,4
2018-02-04,0.0,recept za kolač,2018,5
2018-02-11,0.0,recept za kolač,2018,6
2018-02-18,0.0,recept za kolač,2018,7
2018-02-25,0.0,recept za kolač,2018,8
2018-03-04,0.0,recept za kolač,2018,9
2018-03-11,0.0,recept za kolač,2018,10
2018-03-18,0.0,recept za kolač,2018,11
2018-03-25,0.0,recept za kolač,2018,12
2018-04-01,0.0,recept za kolač,2018,13
2018-04-08,0.0,recept za kolač,2018,14
2018-04-15,0.0,recept za kolač,2018,15
2018-04-22,0.0,recept za kolač,2018,16
2018-04-29,0.0,recept za kolač,2018,17
2018-05-06,0.0,recept za kolač,2018,18
2018-05-13,0.0,recept za kolač,2018,19
2018-05-20,0.0,recept za kolač,2018,20
2018-05-27,0.0,recept za kolač,2018,21
2018-06-03,0.0,recept za kolač,2018,22
2018-06-10,0.0,recept za kolač,2018,23
2018-06-17,0.0,recept za kolač,2018,24
2018-06-24,0.0,recept za kolač,2018,25
2018-07-01,0.0,recept za kolač,2018,26
2018-07-08,0.0,recept za kolač,2018,27
2018-07-15,0.0,recept za kolač,2018,28
2018-07-22,0.0,recept za kolač,2018,29
2018-07-29,0.0,recept za kolač,2018,30
2018-08-05,0.0,recept za kolač,2018,31
2018-08-12,0.0,recept za kolač,2018,32
2018-08-19,0.0,recept za kolač,2018,33
2018-08-26,0.0,recept za kolač,2018,34
2018-09-02,0.0,recept za kolač,2018,35
2018-09-09,0.0,recept za kolač,2018,36
2018-09-16,0.0,recept za kolač,2018,37
2018-09-23,0.0,recept za kolač,2018,38
2018-09-30,0.0,recept za kolač,2018,39
2018-10-07,0.0,recept za kolač,2018,40
2018-10-14,0.0,recept za kolač,2018,41
2018-10-21,0.0,recept za kolač,2018,42
2018-10-28,0.0,recept za kolač,2018,43
2018-11-04,0.0,recept za kolač,2018,44
2018-11-11,0.0,recept za kolač,2018,45
2018-11-18,0.0,recept za kolač,2018,46
2018-11-25,0.0,recept za kolač,2018,47
2018-12-02,0.0,recept za kolač,2018,48
2018-12-09,0.0,recept za kolač,2018,49
2018-12-16,0.0,recept za kolač,2018,50
2018-12-23,0.0,recept za kolač,2018,51
2018-12-30,0.0,recept za kolač,2018,52
2019-01-06,0.0,recept za kolač,2019,1
2019-01-13,0.0,recept za kolač,2019,2
2019-01-20,0.0,recept za kolač,2019,3
2019-01-27,0.0,recept za kolač,2019,4
2019-02-03,0.0,recept za kolač,2019,5
2019-02-10,0.0,recept za kolač,2019,6
2019-02-17,0.0,recept za kolač,2019,7
2019-02-24,0.0,recept za kolač,2019,8
2019-03-03,0.0,recept za kolač,2019,9
2019-03-10,0.0,recept za kolač,2019,10
2019-03-17,0.0,recept za kolač,2019,11
2019-03-24,0.0,recept za kolač,2019,12
2019-03-31,0.0,recept za kolač,2019,13
2019-04-07,0.0,recept za kolač,2019,14
2019-04-14,0.0,recept za kolač,2019,15
2019-04-21,0.0,recept za kolač,2019,16
2019-04-28,0.0,recept za kolač,2019,17
2019-05-05,0.0,recept za kolač,2019,18
2019-05-12,0.0,recept za kolač,2019,19
2019-05-19,0.0,recept za kolač,2019,20
2019-05-26,0.0,recept za kolač,2019,21
2019-06-02,0.0,recept za kolač,2019,22
2019-06-09,0.0,recept za kolač,2019,23
2019-06-16,0.0,recept za kolač,2019,24
2019-06-23,0.0,recept za kolač,2019,25
2019-06-30,0.0,recept za kolač,2019,26
2019-07-07,0.0,recept za kolač,2019,27
2019-07-14,0.0,recept za kolač,2019,28
2019-07-21,0.0,recept za kolač,2019,29
2019-07-28,0.0,recept za kolač,2019,30
2019-08-04,0.0,recept za kolač,2019,31
2019-08-11,0.0,recept za kolač,2019,32
2019-08-18,0.0,recept za kolač,2019,33
2019-08-25,0.0,recept za kolač,2019,34
2019-09-01,0.0,recept za kolač,2019,35
2019-09-08,0.0,recept za kolač,2019,36
2019-09-15,0.0,recept za kolač,2019,37
2019-09-22,0.0,recept za kolač,2019,38
2019-09-29,0.0,recept za kolač,2019,39
2019-10-06,0.0,recept za kolač,2019,40
2019-10-13,0.0,recept za kolač,2019,41
2019-10-20,0.0,recept za kolač,2019,42
2019-10-27,72.0,recept za kolač,2019,43
2019-11-03,0.0,recept za kolač,2019,44
2019-11-10,0.0,recept za kolač,2019,45
2019-11-17,0.0,recept za kolač,2019,46
2019-11-24,0.0,recept za kolač,2019,47
2019-12-01,67.0,recept za kolač,2019,48
2019-12-08,0.0,recept za kolač,2019,49
2019-12-15,0.0,recept za kolač,2019,50
2019-12-22,0.0,recept za kolač,2019,51
2019-12-29,0.0,recept za kolač,2019,52
2020-01-05,0.0,recept za kolač,2020,1
2020-01-12,0.0,recept za kolač,2020,2
2020-01-19,0.0,recept za kolač,2020,3
2020-01-26,0.0,recept za kolač,2020,4
2020-02-02,0.0,recept za kolač,2020,5
2020-02-09,52.0,recept za kolač,2020,6
2020-02-16,0.0,recept za kolač,2020,7
2020-02-23,0.0,recept za kolač,2020,8
2020-03-01,0.0,recept za kolač,2020,9
2020-03-08,0.0,recept za kolač,2020,10
2020-03-15,0.0,recept za kolač,2020,11
2020-03-22,0.0,recept za kolač,2020,12
2020-03-29,47.0,recept za kolač,2020,13
2020-04-05,0.0,recept za kolač,2020,14
2020-04-12,78.0,recept za kolač,2020,15
2020-04-19,0.0,recept za kolač,2020,16
2020-04-26,0.0,recept za kolač,2020,17
2020-05-03,74.0,recept za kolač,2020,18
2020-05-10,0.0,recept za kolač,2020,19
2020-05-17,0.0,recept za kolač,2020,20
2020-05-24,0.0,recept za kolač,2020,21
2020-05-31,0.0,recept za kolač,2020,22
2020-06-07,0.0,recept za kolač,2020,23
2020-06-14,0.0,recept za kolač,2020,24
2020-06-21,0.0,recept za kolač,2020,25
2020-06-28,0.0,recept za kolač,2020,26
2020-07-05,0.0,recept za kolač,2020,27
2020-07-12,0.0,recept za kolač,2020,28
2020-07-19,69.0,recept za kolač,2020,29
2020-07-26,0.0,recept za kolač,2020,30
2020-08-02,0.0,recept za kolač,2020,31
2020-08-09,0.0,recept za kolač,2020,32
2020-08-16,0.0,recept za kolač,2020,33
2020-08-23,0.0,recept za kolač,2020,34
2020-08-30,0.0,recept za kolač,2020,35
2020-09-06,0.0,recept za kolač,2020,36
2020-09-13,0.0,recept za kolač,2020,37
2020-09-20,0.0,recept za kolač,2020,38
2020-09-27,0.0,recept za kolač,2020,39
2020-10-04,0.0,recept za kolač,2020,40
2020-10-11,0.0,recept za kolač,2020,41
2020-10-18,0.0,recept za kolač,2020,42
2020-10-25,0.0,recept za kolač,2020,43
2020-11-01,0.0,recept za kolač,2020,44
2020-11-08,0.0,recept za kolač,2020,45
2020-11-15,100.0,recept za kolač,2020,46
2020-11-22,0.0,recept za kolač,2020,47
2020-11-29,63.0,recept za kolač,2020,48
2020-12-06,0.0,recept za kolač,2020,49
2020-12-13,83.0,recept za kolač,2020,50
2020-12-20,0.0,recept za kolač,2020,51
2020-12-27,0.0,recept za kolač,2020,52
2021-01-03,0.0,recept za kolač,2020,53
2021-01-10,0.0,recept za kolač,2021,1
2021-01-17,0.0,recept za kolač,2021,2
2021-01-24,0.0,recept za kolač,2021,3
2021-01-31,0.0,recept za kolač,2021,4
2021-02-07,0.0,recept za kolač,2021,5
2021-02-14,0.0,recept za kolač,2021,6
2021-02-21,0.0,recept za kolač,2021,7
2021-02-28,0.0,recept za kolač,2021,8
2021-03-07,0.0,recept za kolač,2021,9
2021-03-14,0.0,recept za kolač,2021,10
2021-03-21,0.0,recept za kolač,2021,11
2021-03-28,0.0,recept za kolač,2021,12
2021-04-04,0.0,recept za kolač,2021,13
2021-04-11,0.0,recept za kolač,2021,14
2021-04-18,0.0,recept za kolač,2021,15
2021-04-25,0.0,recept za kolač,2021,16
2021-05-02,0.0,recept za kolač,2021,17
2021-05-09,0.0,recept za kolač,2021,18
2021-05-16,0.0,recept za kolač,2021,19
2021-05-23,0.0,recept za kolač,2021,20
2021-05-30,0.0,recept za kolač,2021,21
2021-06-06,0.0,recept za kolač,2021,22
2021-06-13,0.0,recept za kolač,2021,23
2021-06-20,0.0,recept za kolač,2021,24
2021-06-27,0.0,recept za kolač,2021,25
2021-07-04,0.0,recept za kolač,2021,26
2021-07-11,0.0,recept za kolač,2021,27
2021-07-18,62.43243243243243,recept za kolač,2021,28
2021-07-25,0.0,recept za kolač,2021,29
2021-08-01,0.0,recept za kolač,2021,30
2021-08-08,0.0,recept za kolač,2021,31
2021-08-15,0.0,recept za kolač,2021,32
2021-08-22,0.0,recept za kolač,2021,33
2021-08-29,0.0,recept za kolač,2021,34
2021-09-05,0.0,recept za kolač,2021,35
2021-09-12,0.0,recept za kolač,2021,36
2021-09-19,0.0,recept za kolač,2021,37
2021-09-26,0.0,recept za kolač,2021,38
2021-10-03,0.0,recept za kolač,2021,39
2021-10-10,0.0,recept za kolač,2021,40
2021-10-17,0.0,recept za kolač,2021,41
2021-10-24,63.85135135135135,recept za kolač,2021,42
2021-10-31,0.0,recept za kolač,2021,43
2021-11-07,63.85135135135135,recept za kolač,2021,44
2021-11-14,141.89189189189187,recept za kolač,2021,45
2021-11-21,0.0,recept za kolač,2021,46
2021-11-28,0.0,recept za kolač,2021,47
2021-12-05,0.0,recept za kolač,2021,48
2021-12-12,134.7972972972973,recept za kolač,2021,49
2021-12-19,0.0,recept za kolač,2021,50
2021-12-26,0.0,recept za kolač,2021,51
2022-01-02,63.85135135135135,recept za kolač,2021,52
2022-01-09,0.0,recept za kolač,2022,1
2022-01-16,55.33783783783784,recept za kolač,2022,2
2022-01-23,0.0,recept za kolač,2022,3
2022-01-30,0.0,recept za kolač,2022,4
2022-02-06,0.0,recept za kolač,2022,5
2022-02-13,0.0,recept za kolač,2022,6
2022-02-20,0.0,recept za kolač,2022,7
2022-02-27,0.0,recept za kolač,2022,8
2022-03-06,0.0,recept za kolač,2022,9
2022-03-13,0.0,recept za kolač,2022,10
2022-03-20,0.0,recept za kolač,2022,11
2022-03-27,39.729729729729726,recept za kolač,2022,12
2022-04-03,0.0,recept za kolač,2022,13
2022-04-10,0.0,recept za kolač,2022,14
2022-04-17,0.0,recept za kolač,2022,15
2022-04-24,0.0,recept za kolač,2022,16
2022-05-01,42.567567567567565,recept za kolač,2022,17
2022-05-08,0.0,recept za kolač,2022,18
2022-05-15,0.0,recept za kolač,2022,19
2022-05-22,0.0,recept za kolač,2022,20
2022-05-29,0.0,recept za kolač,2022,21
2022-06-05,0.0,recept za kolač,2022,22
2022-06-12,0.0,recept za kolač,2022,23
2022-06-19,0.0,recept za kolač,2022,24
2022-06-26,0.0,recept za kolač,2022,25
2022-07-03,0.0,recept za kolač,2022,26
2022-07-10,0.0,recept za kolač,2022,27
2022-07-17,0.0,recept za kolač,2022,28
2022-07-24,0.0,recept za kolač,2022,29
2022-07-31,0.0,recept za kolač,2022,30
2022-08-07,0.0,recept za kolač,2022,31
2022-08-14,0.0,recept za kolač,2022,32
2022-08-21,0.0,recept za kolač,2022,33
2022-08-28,0.0,recept za kolač,2022,34
2022-09-04,0.0,recept za kolač,2022,35
2022-09-11,0.0,recept za kolač,2022,36
2022-09-18,0.0,recept za kolač,2022,37
2022-09-25,0.0,recept za kolač,2022,38
2022-10-02,0.0,recept za kolač,2022,39
2022-10-09,0.0,recept za kolač,2022,40
2022-10-16,0.0,recept za kolač,2022,41
2022-10-23,63.85135135135135,recept za kolač,2022,42
2022-10-30,0.0,recept za kolač,2022,43
2022-11-06,0.0,recept za kolač,2022,44
2022-11-13,69.52702702702702,recept za kolač,2022,45
2022-11-20,0.0,recept za kolač,2022,46
2022-11-27,0.0,recept za kolač,2022,47
2022-12-04,0.0,recept za kolač,2022,48
2022-12-11,49.66216216216216,recept za kolač,2022,49
2022-12-18,66.6891891891892,recept za kolač,2022,50
2022-12-25,51.08108108108108,recept za kolač,2022,51
2023-01-01,58.17567567567567,recept za kolač,2022,52
2023-01-08,63.85135135135135,recept za kolač,2023,1
2023-01-15,52.5,recept za kolač,2023,2
2023-01-22,0.0,recept za kolač,2023,3
2023-01-29,0.0,recept za kolač,2023,4
2023-02-05,0.0,recept za kolač,2023,5
2023-02-12,51.08108108108108,recept za kolač,2023,6
2023-02-19,0.0,recept za kolač,2023,7
2023-02-26,0.0,recept za kolač,2023,8
2023-03-05,0.0,recept za kolač,2023,9
2023-03-12,0.0,recept za kolač,2023,10
2023-03-19,0.0,recept za kolač,2023,11
2023-03-26,43.98648648648648,recept za kolač,2023,12
2023-04-02,0.0,recept za kolač,2023,13
2023-04-09,0.0,recept za kolač,2023,14
2023-04-16,0.0,recept za kolač,2023,15
2023-04-23,0.0,recept za kolač,2023,16
2023-04-30,63.85135135135135,recept za kolač,2023,17
2023-05-07,0.0,recept za kolač,2023,18
2023-05-14,49.66216216216216,recept za kolač,2023,19
2023-05-21,0.0,recept za kolač,2023,20
2023-05-28,0.0,recept za kolač,2023,21
2023-06-04,0.0,recept za kolač,2023,22
2023-06-11,0.0,recept za kolač,2023,23
2023-06-18,0.0,recept za kolač,2023,24
2023-06-25,0.0,recept za kolač,2023,25
2023-07-02,0.0,recept za kolač,2023,26
2023-07-09,0.0,recept za kolač,2023,27
2023-07-16,68.02854256125285,recept za kolač,2023,28
2023-07-23,0.0,recept za kolač,2023,29
2023-07-30,51.02140692093963,recept za kolač,2023,30
2023-08-06,0.0,recept za kolač,2023,31
2023-08-13,0.0,recept za kolač,2023,32
2023-08-20,0.0,recept za kolač,2023,33
2023-08-27,0.0,recept za kolač,2023,34
2023-09-03,0.0,recept za kolač,2023,35
2023-09-10,0.0,recept za kolač,2023,36
2023-09-17,0.0,recept za kolač,2023,37
2023-09-24,0.0,recept za kolač,2023,38
2023-10-01,0.0,recept za kolač,2023,39
2023-10-08,0.0,recept za kolač,2023,40
2023-10-15,0.0,recept za kolač,2023,41
2023-10-22,50.126294518817886,recept za kolač,2023,42
2023-10-29,0.0,recept za kolač,2023,43
2023-11-05,0.0,recept za kolač,2023,44
2023-11-12,86.82590300580955,recept za kolač,2023,45
2023-11-19,78.76989138671382,recept za kolač,2023,46
2023-11-26,0.0,recept za kolač,2023,47
2023-12-03,0.0,recept za kolač,2023,48
2023-12-10,57.28719373579187,recept za kolač,2023,49
2023-12-17,71.60899216973984,recept za kolač,2023,50
2023-12-24,0.0,recept za kolač,2023,51
2023-12-31,57.28719373579187,recept za kolač,2023,52
2024-01-07,56.39208133367012,recept za kolač,2024,1
2024-01-14,89.5112402121748,recept za kolač,2024,2
2024-01-21,0.0,recept za kolač,2024,3
2024-01-28,0.0,recept za kolač,2024,4
2024-02-04,0.0,recept za kolač,2024,5
2024-02-11,58.18230613791361,recept za kolač,2024,6
2024-02-18,0.0,recept za kolač,2024,7
2024-02-25,0.0,recept za kolač,2024,8
2024-03-03,0.0,recept za kolač,2024,9
2024-03-10,0.0,recept za kolač,2024,10
2024-03-17,0.0,recept za kolač,2024,11
2024-03-24,0.0,recept za kolač,2024,12
2024-03-31,0.0,recept za kolač,2024,13
2024-04-07,0.0,recept za kolač,2024,14
2024-04-14,0.0,recept za kolač,2024,15
2024-04-21,0.0,recept za kolač,2024,16
2024-04-28,0.0,recept za kolač,2024,17
2024-05-05,0.0,recept za kolač,2024,18
2024-05-12,0.0,recept za kolač,2024,19
2024-05-19,0.0,recept za kolač,2024,20
2024-05-26,0.0,recept za kolač,2024,21
2024-06-02,0.0,recept za kolač,2024,22
2024-06-09,0.0,recept za kolač,2024,23
2024-06-16,0.0,recept za kolač,2024,24
2024-06-23,0.0,recept za kolač,2024,25
2024-06-30,0.0,recept za kolač,2024,26
2024-07-07,0.0,recept za kolač,2024,27
2024-07-14,0.0,recept za kolač,2024,28
2024-07-21,0.0,recept za kolač,2024,29
2024-07-28,0.0,recept za kolač,2024,30
2024-08-04,0.0,recept za kolač,2024,31
2024-08-11,0.0,recept za kolač,2024,32
2024-08-18,0.0,recept za kolač,2024,33
2024-08-25,0.0,recept za kolač,2024,34
2024-09-01,0.0,recept za kolač,2024,35
2024-09-08,0.0,recept za kolač,2024,36
2024-09-15,0.0,recept za kolač,2024,37
2024-09-22,0.0,recept za kolač,2024,38
2024-09-29,0.0,recept za kolač,2024,39
2024-10-06,0.0,recept za kolač,2024,40
2024-10-13,0.0,recept za kolač,2024,41
2024-10-20,0.0,recept za kolač,2024,42
2024-10-27,0.0,recept za kolač,2024,43
2024-11-03,0.0,recept za kolač,2024,44
2024-11-10,0.0,recept za kolač,2024,45
2024-11-17,63.5529805506441,recept za kolač,2024,46
2024-11-24,0.0,recept za kolač,2024,47
2024-12-01,0.0,recept za kolač,2024,48
2024-12-08,0.0,recept za kolač,2024,49
2024-12-15,0.0,recept za kolač,2024,50
2024-12-22,0.0,recept za kolač,2024,51
2024-12-29,84.1405657994443,recept za kolač,2024,52
